,px_open,px_high,px_low,px_close,px_volume,btc_open,btc_high,btc_low,btc_close,btc_volume,mara_open,mara_high,mara_low,mara_close,mara_volume,riot_open,riot_high,riot_low,riot_close,riot_volume,coin_open,coin_high,coin_low,coin_close,coin_volume,eth_open,eth_high,eth_low,eth_close,eth_volume,qqq_open,qqq_high,qqq_low,qqq_close,qqq_volume,vix_open,vix_high,vix_low,vix_close,vix_volume
2022-02-08,26.200000762939453,27.299999237060547,25.940000534057617,27.049999237060547,153500.0,43854.65234375,45293.8671875,42807.8359375,44118.4453125,33079398868.0,25.0,26.399999618530273,24.6200008392334,26.329999923706055,12740300.0,17.523000717163086,18.40999984741211,17.200000762939453,18.290000915527344,10474500.0,200.3699951171875,209.25,196.75,208.72999572753906,4639100.0,3143.008544921875,3219.47265625,3038.3779296875,3122.608642578125,17136080906.0,353.9599914550781,360.239990234375,352.79998779296875,359.1199951171875,64720900.0,23.09000015258789,23.479999542236328,21.31999969482422,21.440000534057617,0.0
2022-02-09,27.600000381469727,28.719999313354492,27.200000762939453,28.719999313354492,144800.0,44096.703125,44727.80078125,43232.96875,44338.796875,23245887300.0,26.799999237060547,29.040000915527344,26.350000381469727,28.989999771118164,14937600.0,18.6299991607666,19.670000076293945,18.190000534057617,19.649999618530273,10223500.0,210.17999267578125,215.25,207.61000061035156,214.5,3811700.0,3121.1826171875,3263.15576171875,3063.16015625,3239.45703125,13951308490.0,363.760009765625,366.80999755859375,362.1199951171875,366.7300109863281,55766400.0,21.270000457763672,21.299999237060547,19.93000030517578,19.959999084472656,0.0
2022-02-10,28.100000381469727,30.510000228881836,27.450000762939453,28.540000915527344,150100.0,44347.80078125,45661.171875,43402.80859375,43565.11328125,32142048537.0,27.8799991607666,31.440000534057617,27.65999984741211,28.81999969482422,20081600.0,18.93000030517578,20.829999923706055,18.889999389648438,19.270000457763672,14023000.0,210.57000732421875,217.49000549316406,202.86000061035156,204.77000427246094,4587400.0,3240.113037109375,3271.316162109375,3070.378173828125,3077.482177734375,18629485080.0,359.5199890136719,366.489990234375,356.5400085449219,358.42999267578125,112468500.0,20.3700008392334,24.770000457763672,20.18000030517578,23.90999984741211,0.0
2022-02-11,28.260000228881836,28.954999923706055,26.479999542236328,26.68000030517578,66700.0,43571.12890625,43810.83203125,42114.5390625,42407.9375,26954925781.0,28.780000686645508,29.739999771118164,26.459999084472656,26.93000030517578,15399100.0,19.299999237060547,20.079999923706055,18.09000015258789,18.3700008392334,10814800.0,205.8000030517578,205.97999572753906,191.02000427246094,194.52999877929688,5054200.0,3077.4130859375,3127.45068359375,2888.707763671875,2927.383544921875,16043881065.0,358.42999267578125,360.07000732421875,345.79998779296875,347.05999755859375,101569100.0,24.389999389648438,30.989999771118164,23.329999923706055,27.360000610351562,0.0
2022-02-14,26.93000030517578,27.459999084472656,25.85300064086914,26.190000534057617,43700.0,42157.3984375,42775.77734375,41681.95703125,42586.91796875,20827783012.0,26.850000381469727,27.899999618530273,25.270000457763672,25.549999237060547,12765700.0,18.360000610351562,19.09000015258789,17.670000076293945,17.920000076293945,7381600.0,193.47999572753906,203.55999755859375,193.4600067138672,195.25,4528100.0,2880.187744140625,2957.963623046875,2840.257568359375,2933.47900390625,12164552172.0,346.489990234375,350.9800109863281,343.8900146484375,347.489990234375,80254400.0,29.170000076293945,32.040000915527344,28.329999923706055,28.329999923706055,0.0
2022-02-15,27.739999771118164,28.5,27.399999618530273,28.469999313354492,52300.0,42586.46484375,44667.21875,42491.03515625,44575.203125,22721659051.0,27.549999237060547,28.93000030517578,27.440000534057617,28.6299991607666,15775800.0,19.059999465942383,19.850000381469727,18.850000381469727,19.729999542236328,10252300.0,202.30999755859375,209.30999755859375,201.17999267578125,208.9499969482422,3714300.0,2933.72900390625,3185.520751953125,2917.857177734375,3179.877197265625,13921257873.0,352.9100036621094,356.3699951171875,351.82000732421875,356.1300048828125,55128800.0,28.09000015258789,28.09000015258789,25.329999923706055,25.700000762939453,0.0
2022-02-16,28.18000030517578,28.358999252319336,27.459999084472656,28.082000732421875,31800.0,44578.27734375,44578.27734375,43456.69140625,43961.859375,19792547657.0,27.56999969482422,28.93000030517578,27.110000610351562,28.399999618530273,10612800.0,19.134000778198242,19.860000610351562,18.959999084472656,19.59000015258789,6371100.0,205.3800048828125,214.02000427246094,203.8300018310547,207.9600067138672,3593600.0,3180.44677734375,3181.616943359375,3055.168212890625,3127.830078125,12352406833.0,353.82000732421875,357.0899963378906,350.7099914550781,356.0400085449219,58947100.0,25.190000534057617,27.09000015258789,23.8799991607666,24.290000915527344,0.0
2022-02-17,27.5,27.5,25.940000534057617,26.079999923706055,39000.0,43937.0703125,44132.97265625,40249.37109375,40538.01171875,26246662813.0,27.139999389648438,27.8799991607666,25.5,25.719999313354492,10745900.0,19.0,19.34000015258789,17.600000381469727,17.760000228881836,7025300.0,202.10000610351562,206.30999755859375,188.92999267578125,191.9199981689453,4740600.0,3126.8583984375,3154.615234375,2861.85205078125,2881.48193359375,15860206214.0,352.739990234375,353.4599914550781,345.0199890136719,345.45001220703125,61801400.0,24.829999923706055,28.3700008392334,24.760000228881836,28.110000610351562,0.0
2022-02-18,26.0,26.0,24.229999542236328,24.5,49200.0,40552.1328125,40929.15234375,39637.6171875,40030.9765625,23310007704.0,25.6200008392334,25.760000228881836,23.829999923706055,23.889999389648438,10793200.0,17.68000030517578,17.84000015258789,16.729999542236328,16.969999313354492,6579100.0,191.0800018310547,192.72000122070312,180.5399932861328,189.16000366210938,4502200.0,2884.340576171875,2937.30859375,2761.643310546875,2785.7275390625,15748173433.0,346.4100036621094,346.80999755859375,339.1400146484375,341.510009765625,80001500.0,26.65999984741211,29.709999084472656,26.3799991607666,27.75,0.0
2022-02-22,24.0,24.360000610351562,23.389999389648438,23.999000549316406,21500.0,37068.76953125,38359.85546875,36488.93359375,38286.02734375,25493150450.0,22.899999618530273,24.100000381469727,22.010000228881836,22.530000686645508,12002300.0,16.11400032043457,16.996000289916992,15.710000038146973,15.949999809265137,7301500.0,180.8699951171875,185.75,173.16000366210938,176.75999450683594,4472800.0,2572.898681640625,2648.916748046875,2510.6787109375,2639.29931640625,16360200507.0,338.489990234375,344.0400085449219,334.3500061035156,338.0799865722656,85967100.0,31.799999237060547,32.040000915527344,28.399999618530273,28.809999465942383,0.0
2022-02-23,24.280000686645508,24.600000381469727,22.899999618530273,22.899999618530273,17800.0,38285.28125,39122.39453125,37201.81640625,37296.5703125,21849073843.0,23.40999984741211,23.899999618530273,20.940000534057617,21.040000915527344,11574400.0,16.579999923706055,16.790000915527344,15.020000457763672,15.069999694824219,7533100.0,180.69000244140625,183.33999633789062,171.77000427246094,172.74000549316406,3892500.0,2639.447021484375,2741.368408203125,2587.412841796875,2590.359619140625,13382637240.0,341.32000732421875,342.17999267578125,329.1000061035156,329.4200134277344,86215400.0,28.040000915527344,31.06999969482422,27.200000762939453,31.020000457763672,0.0
2022-02-24,20.959999084472656,24.520000457763672,20.68000030517578,24.43000030517578,42800.0,37278.56640625,38968.83984375,34459.21875,38332.609375,46383802093.0,19.559999465942383,23.020000457763672,19.510000228881836,22.959999084472656,16630200.0,13.6899995803833,16.389999389648438,13.630000114440918,16.25,12252600.0,159.0800018310547,183.0,155.9199981689453,179.55999755859375,8134000.0,2588.166259765625,2689.047607421875,2308.914794921875,2598.067138671875,29312342666.0,318.8399963378906,341.0400085449219,318.260009765625,340.489990234375,130614100.0,37.5,37.790000915527344,29.450000762939453,30.31999969482422,0.0
2022-02-25,25.110000610351562,25.110000610351562,24.059999465942383,24.459999084472656,28500.0,38333.74609375,39630.32421875,38111.34375,39214.21875,26545599159.0,23.389999389648438,23.729999542236328,22.010000228881836,23.06999969482422,12124700.0,16.40999984741211,16.700000762939453,15.585000038146973,16.219999313354492,7577600.0,180.24000549316406,182.08999633789062,170.39999389648438,176.8300018310547,6836800.0,2598.436279296875,2821.972412109375,2579.2080078125,2764.53564453125,17208902048.0,341.30999755859375,345.9800109863281,337.3900146484375,345.7699890136719,78842100.0,31.68000030517578,32.0,26.93000030517578,27.59000015258789,0.0
2022-02-28,23.989999771118164,26.700000762939453,23.989999771118164,26.260000228881836,52400.0,37706.0,43760.45703125,37518.21484375,43193.234375,35690014104.0,23.200000762939453,25.979999542236328,23.1299991607666,25.350000381469727,20632400.0,16.1299991607666,17.799999237060547,16.059999465942383,17.229999542236328,13831600.0,172.5,192.22999572753906,172.08999633789062,190.77000427246094,8036300.0,2621.172119140625,2929.180419921875,2586.38818359375,2919.201171875,19266124733.0,342.510009765625,348.5400085449219,341.32000732421875,346.79998779296875,77515500.0,32.439998626708984,33.5099983215332,28.43000030517578,30.149999618530273,0.0
2022-03-01,28.610000610351562,28.610000610351562,26.0,26.40999984741211,27200.0,43194.50390625,44793.6015625,42952.5859375,44354.63671875,32479047645.0,27.3700008392334,27.489999771118164,24.959999084472656,26.079999923706055,21748400.0,18.190000534057617,18.219999313354492,16.739999771118164,17.5,13192400.0,196.27999877929688,205.8800048828125,189.6300048828125,196.1699981689453,7779200.0,2919.77587890625,3029.651611328125,2868.93896484375,2972.485107421875,18757425786.0,345.75,348.0799865722656,338.8999938964844,341.489990234375,67407000.0,29.450000762939453,35.189998626708984,29.440000534057617,33.31999969482422,0.0
2022-03-02,27.0,27.179000854492188,26.18000030517578,26.700000762939453,36300.0,44357.6171875,45077.578125,43432.8515625,43924.1171875,29183112630.0,25.549999237060547,27.100000381469727,25.329999923706055,26.8799991607666,13294100.0,17.389999389648438,17.84000015258789,16.770000457763672,17.729999542236328,7997400.0,192.25999450683594,196.14999389648438,189.50999450683594,194.5,3414100.0,2972.471923828125,3026.8681640625,2919.943115234375,2950.118408203125,16636517503.0,343.0799865722656,348.5899963378906,340.239990234375,347.2200012207031,70609000.0,34.20000076293945,34.40999984741211,30.1200008392334,30.739999771118164,0.0
2022-03-03,26.829999923706055,26.829999923706055,24.469999313354492,24.65999984741211,22200.0,43925.1953125,44021.578125,41914.75,42451.7890625,24967782593.0,26.600000381469727,27.25,24.520000457763672,24.65999984741211,9503000.0,17.59000015258789,17.889999389648438,15.843000411987305,15.970000267028809,7159100.0,194.7100067138672,194.9199981689453,177.14999389648438,178.02999877929688,3734400.0,2950.15673828125,2964.67333984375,2797.3193359375,2834.468994140625,13091199728.0,349.92999267578125,350.0400085449219,340.3500061035156,342.260009765625,71089400.0,30.520000457763672,32.0099983215332,29.309999465942383,30.479999542236328,0.0
2022-03-04,24.5,24.510000228881836,22.83099937438965,22.83099937438965,16300.0,42458.140625,42479.61328125,38805.84765625,39137.60546875,28516271427.0,24.729999542236328,25.18000030517578,22.459999084472656,22.81999969482422,10856100.0,15.729999542236328,16.290000915527344,14.720000267028809,14.920000076293945,6567300.0,177.61000061035156,178.66000366210938,162.16000366210938,165.75,5848700.0,2834.9873046875,2835.17626953125,2587.748291015625,2617.156005859375,14496939024.0,339.8399963378906,341.30999755859375,334.9200134277344,337.29998779296875,76936300.0,31.899999618530273,34.650001525878906,31.469999313354492,31.979999542236328,0.0
2022-03-07,23.25,23.479999542236328,21.459999084472656,21.56999969482422,38800.0,38429.3046875,39430.2265625,37260.203125,38062.0390625,28546143503.0,23.1200008392334,23.8799991607666,21.450000762939453,21.479999542236328,10943700.0,15.050000190734863,15.725000381469727,14.65999984741211,14.949999809265137,8569000.0,168.25,172.97999572753906,160.22999572753906,161.13999938964844,4424000.0,2555.297607421875,2639.943115234375,2455.59375,2497.771240234375,14594098731.0,337.2900085449219,338.4800109863281,324.6499938964844,324.8599853515625,89933800.0,35.880001068115234,36.54999923706055,32.59000015258789,36.45000076293945,0.0
2022-03-08,21.549999237060547,23.27199935913086,21.3700008392334,22.65999984741211,37200.0,38059.90234375,39304.44140625,37957.38671875,38737.26953125,25776583476.0,21.75,23.489999771118164,21.280000686645508,22.350000381469727,10851600.0,14.800000190734863,15.73900032043457,14.420000076293945,15.100000381469727,6858000.0,160.10000610351562,168.35000610351562,156.52999877929688,161.99000549316406,3840800.0,2497.721435546875,2618.166015625,2489.755126953125,2576.74755859375,13922922903.0,324.04998779296875,333.2099914550781,319.94000244140625,323.3500061035156,116153900.0,36.189998626708984,37.52000045776367,32.779998779296875,35.130001068115234,0.0
2022-03-09,24.0,25.0,23.920000076293945,24.690000534057617,22300.0,38742.81640625,42465.671875,38706.09375,41982.92578125,32284121034.0,24.399999618530273,26.190000534057617,24.030000686645508,25.68000030517578,15228000.0,16.079999923706055,17.18000030517578,16.038000106811523,16.84000015258789,10942800.0,174.25999450683594,181.4499969482422,173.50999450683594,178.97000122070312,4945200.0,2577.165283203125,2761.79638671875,2573.6552734375,2729.783447265625,14173665398.0,331.75,336.3800048828125,329.0899963378906,334.989990234375,64723400.0,33.7400016784668,34.119998931884766,31.389999389648438,32.45000076293945,0.0
2022-03-10,23.729999542236328,24.135000228881836,23.540000915527344,24.049999237060547,15300.0,41974.0703125,42004.7265625,38832.94140625,39437.4609375,31078064711.0,24.010000228881836,24.850000381469727,23.290000915527344,24.75,9376100.0,16.1299991607666,16.739999771118164,15.829999923706055,16.510000228881836,6341100.0,173.13999938964844,174.49000549316406,168.10000610351562,172.97000122070312,2670600.0,2729.116455078125,2729.116455078125,2566.193115234375,2608.048583984375,13292477213.0,330.82000732421875,332.510009765625,326.7099914550781,331.2699890136719,69362700.0,33.029998779296875,34.029998779296875,30.229999542236328,30.229999542236328,0.0
2022-03-11,24.1200008392334,24.1299991607666,22.719999313354492,22.719999313354492,12800.0,39439.96875,40081.6796875,38347.43359375,38794.97265625,26364890465.0,25.139999389648438,25.209999084472656,22.440000534057617,22.489999771118164,8914600.0,16.600000381469727,16.719999313354492,15.09000015258789,15.140000343322754,5723900.0,175.35000610351562,175.75,160.0,160.07000732421875,3660500.0,2608.271240234375,2664.55859375,2534.688232421875,2559.56298828125,12382419582.0,334.32000732421875,334.6400146484375,323.8999938964844,324.3999938964844,66228400.0,30.43000030517578,31.040000915527344,28.84000015258789,30.75,0.0
2022-03-14,22.899999618530273,22.899999618530273,21.281999588012695,21.618999481201172,21100.0,37846.31640625,39742.5,37680.734375,39666.75390625,24322159070.0,22.299999237060547,22.43000030517578,20.950000762939453,21.40999984741211,8346700.0,15.0,15.239999771118164,14.020000457763672,14.15999984741211,6032800.0,159.99000549316406,161.6999969482422,150.4199981689453,153.19000244140625,4450000.0,2518.486328125,2604.034423828125,2505.29931640625,2590.696044921875,11244398839.0,323.1300048828125,326.5899963378906,317.45001220703125,318.1700134277344,79802600.0,31.030000686645508,33.18000030517578,30.059999465942383,31.770000457763672,0.0
2022-03-15,21.2450008392334,22.150999069213867,21.2450008392334,22.150999069213867,22200.0,39664.25,39794.62890625,38310.2109375,39338.78515625,23934000868.0,21.329999923706055,22.469999313354492,20.31999969482422,22.40999984741211,8796100.0,14.199999809265137,14.970000267028809,13.569999694824219,14.90999984741211,4296400.0,152.89999389648438,156.4199981689453,150.1199951171875,155.97999572753906,4245400.0,2590.6689453125,2662.32958984375,2515.765869140625,2620.149658203125,12861105614.0,320.8800048828125,328.95001220703125,319.2300109863281,328.1499938964844,76471000.0,33.130001068115234,33.83000183105469,29.56999969482422,29.829999923706055,0.0
2022-03-16,22.639999389648438,23.520000457763672,22.31999969482422,23.5,23800.0,39335.5703125,41465.453125,39022.34765625,41143.9296875,39616916192.0,23.309999465942383,24.270000457763672,22.190000534057617,24.229999542236328,11982600.0,15.199999809265137,16.420000076293945,15.109999656677246,16.389999389648438,8028700.0,160.47000122070312,173.07000732421875,160.0,172.52999877929688,5974300.0,2620.028564453125,2781.30712890625,2610.764404296875,2772.0556640625,17915109769.0,332.1700134277344,340.44000244140625,328.3999938964844,340.32000732421875,105243000.0,29.020000457763672,29.799999237060547,26.290000915527344,26.670000076293945,0.0
2022-03-17,23.450000762939453,24.899999618530273,23.399999618530273,24.829999923706055,24500.0,41140.84375,41287.53515625,40662.87109375,40951.37890625,22009601093.0,24.049999237060547,26.700000762939453,24.0,26.65999984741211,11090600.0,16.1200008392334,18.489999771118164,16.030000686645508,18.43000030517578,10398100.0,170.72999572753906,177.5,168.0,177.22000122070312,2975900.0,2771.964111328125,2826.16064453125,2751.560791015625,2814.8544921875,12685265194.0,338.3699951171875,344.5,337.0400085449219,344.44000244140625,67810000.0,26.510000228881836,27.469999313354492,25.25,25.670000076293945,0.0
2022-03-18,24.469999313354492,26.040000915527344,24.469999313354492,25.812000274658203,36200.0,40944.83984375,42195.74609375,40302.3984375,41801.15625,34421564942.0,26.100000381469727,28.030000686645508,26.040000915527344,27.920000076293945,10161500.0,18.09000015258789,19.799999237060547,17.8799991607666,19.530000686645508,13580200.0,175.02999877929688,186.69000244140625,175.0,185.94000244140625,4835700.0,2814.4345703125,2973.6162109375,2774.855712890625,2945.343017578125,15830879093.0,342.739990234375,351.7900085449219,341.54998779296875,351.489990234375,85446300.0,26.360000610351562,26.81999969482422,23.850000381469727,23.8700008392334,0.0
2022-03-21,25.700000762939453,26.0,24.860000610351562,25.344999313354492,24900.0,41246.1328125,41454.41015625,40668.04296875,41077.99609375,24615543271.0,27.940000534057617,28.790000915527344,26.559999465942383,27.6299991607666,8684300.0,19.575000762939453,20.40999984741211,19.020000457763672,19.6200008392334,8611900.0,181.8000030517578,183.58999633789062,171.6999969482422,176.80999755859375,4214000.0,2860.103271484375,2954.556640625,2838.25048828125,2897.9765625,15206116098.0,350.20001220703125,352.4800109863281,345.5799865722656,350.0799865722656,73799100.0,25.139999389648438,25.360000610351562,22.989999771118164,23.530000686645508,0.0
2022-03-22,26.0,27.0,26.0,26.110000610351562,38000.0,41074.10546875,43124.70703125,40948.28125,42358.80859375,32004652376.0,28.93000030517578,30.959999084472656,28.799999237060547,29.440000534057617,13227200.0,20.459999084472656,21.399999618530273,20.209999084472656,20.75,9264400.0,180.5,188.80999755859375,178.5,186.0800018310547,4086100.0,2897.774169921875,3040.3828125,2892.54443359375,2973.131103515625,16830539230.0,350.5899963378906,357.8500061035156,350.20001220703125,356.9599914550781,63345900.0,24.020000457763672,24.020000457763672,22.700000762939453,22.940000534057617,0.0
2022-03-23,26.09000015258789,26.670000076293945,25.5,25.84000015258789,31000.0,42364.37890625,42893.5078125,41877.5078125,42892.95703125,25242943069.0,29.149999618530273,30.299999237060547,28.510000228881836,29.25,8156700.0,20.520000457763672,21.459999084472656,19.94499969482422,20.84000015258789,7400900.0,184.72000122070312,189.5500030517578,181.8000030517578,183.11000061035156,2311900.0,2973.14501953125,3036.752197265625,2933.306640625,3031.067138671875,16008767658.0,354.010009765625,357.6600036621094,351.7699890136719,351.8299865722656,70615500.0,23.040000915527344,24.030000686645508,22.639999389648438,23.56999969482422,0.0
2022-03-24,26.309999465942383,27.260000228881836,25.829999923706055,27.209999084472656,23200.0,42886.65234375,44131.85546875,42726.1640625,43960.93359375,31042992291.0,30.040000915527344,30.469999313354492,28.31999969482422,30.329999923706055,11874000.0,21.18000030517578,21.600000381469727,20.229999542236328,21.540000915527344,7709300.0,185.25999450683594,192.0,179.5,190.19000244140625,3536500.0,3031.060791015625,3118.3876953125,3012.32666015625,3108.06201171875,18070503166.0,353.79998779296875,359.70001220703125,351.5899963378906,359.6499938964844,53555300.0,23.610000610351562,23.790000915527344,21.489999771118164,21.670000076293945,0.0
2022-03-25,27.549999237060547,27.690000534057617,26.274999618530273,26.450000762939453,18000.0,43964.546875,44999.4921875,43706.28515625,44348.73046875,30574413034.0,31.280000686645508,31.489999771118164,28.219999313354492,28.889999389648438,12140800.0,22.0,22.270000457763672,20.31999969482422,20.760000228881836,7261400.0,192.0,195.6999969482422,182.8000030517578,186.7100067138672,3598300.0,3108.448974609375,3183.9580078125,3087.49072265625,3106.67138671875,17030503831.0,359.5899963378906,360.6700134277344,354.94000244140625,359.3500061035156,57584200.0,21.8700008392334,22.860000610351562,20.799999237060547,20.809999465942383,0.0
2022-03-28,27.770000457763672,28.790000915527344,27.450000762939453,28.299999237060547,30500.0,46821.8515625,48086.8359375,46690.203125,47128.00390625,36362175703.0,31.059999465942383,32.7400016784668,30.100000381469727,31.270000457763672,19226400.0,22.145000457763672,23.65999984741211,21.899999618530273,22.860000610351562,14306700.0,193.30999755859375,203.27000427246094,193.00999450683594,201.41000366210938,6624000.0,3292.322509765625,3424.019287109375,3279.027099609375,3336.634521484375,20620450770.0,359.3399963378906,365.010009765625,358.07000732421875,364.9100036621094,56833900.0,22.139999389648438,23.329999923706055,19.540000915527344,19.6299991607666,0.0
2022-03-29,28.5,28.5,27.031999588012695,28.219999313354492,31200.0,47100.4375,48022.2890625,47100.4375,47465.73046875,31397059069.0,31.350000381469727,31.649999618530273,29.309999465942383,31.139999389648438,11228200.0,23.079999923706055,23.107999801635742,21.579999923706055,23.0,8443900.0,198.9499969482422,206.7899932861328,194.0500030517578,204.52999877929688,4811500.0,3335.021240234375,3470.186279296875,3335.021240234375,3401.98779296875,19533323636.0,368.8999938964844,371.8299865722656,366.05999755859375,371.19000244140625,68073000.0,19.700000762939453,19.729999542236328,18.670000076293945,18.899999618530273,0.0
2022-03-30,27.5,27.5,26.3799991607666,26.39299964904785,15800.0,47456.8984375,47655.1484375,46746.2109375,47062.6640625,29333883962.0,30.489999771118164,31.3799991607666,29.280000686645508,29.559999465942383,8076200.0,22.530000686645508,22.979999542236328,21.75,22.040000915527344,5626500.0,201.2899932861328,206.3300018310547,194.75999450683594,196.6999969482422,3775900.0,3401.526123046875,3435.2861328125,3349.237060546875,3385.157958984375,15302506131.0,369.2799987792969,370.9800109863281,365.57000732421875,367.0899963378906,68757700.0,19.3799991607666,20.510000228881836,18.719999313354492,19.329999923706055,0.0
2022-03-31,26.719999313354492,26.790000915527344,25.389999389648438,25.409000396728516,31700.0,47062.1484375,47512.02734375,45390.5390625,45538.67578125,33327427106.0,29.8700008392334,30.190000534057617,27.920000076293945,27.950000762939453,8306200.0,22.149999618530273,22.8700008392334,21.1200008392334,21.170000076293945,6034400.0,197.25,198.0800018310547,189.55999755859375,189.86000061035156,2999200.0,3385.289306640625,3435.12841796875,3272.9345703125,3281.642822265625,17685495686.0,367.239990234375,367.6000061035156,361.67999267578125,362.5400085449219,67011400.0,19.68000030517578,21.479999542236328,19.540000915527344,20.559999465942383,0.0
2022-04-01,25.56999969482422,26.0,25.295000076293945,25.65999984741211,11000.0,45554.1640625,46616.2421875,44403.140625,46281.64453125,38162644287.0,27.860000610351562,29.059999465942383,27.3700008392334,28.540000915527344,9201800.0,20.600000381469727,21.3799991607666,20.309999465942383,20.729999542236328,8035100.0,189.86000061035156,191.8699951171875,184.38999938964844,186.9600067138672,2975900.0,3282.576171875,3467.555908203125,3223.891357421875,3449.55224609375,20982988937.0,362.80999755859375,363.6099853515625,358.5899963378906,361.8500061035156,54527800.0,20.6200008392334,20.860000610351562,19.40999984741211,19.6299991607666,0.0
2022-04-04,25.709999084472656,26.15999984741211,25.56999969482422,26.10700035095215,17800.0,46445.2734375,46791.08984375,45235.81640625,46622.67578125,32499785455.0,28.540000915527344,28.950000762939453,27.600000381469727,28.920000076293945,8319500.0,20.729999542236328,21.042999267578125,20.3700008392334,20.690000534057617,6410300.0,187.33999633789062,193.07000732421875,186.16000366210938,191.64999389648438,2488800.0,3522.364990234375,3535.148193359375,3422.0009765625,3521.2412109375,18209969743.0,362.7099914550781,369.30999755859375,362.44000244140625,369.29998779296875,45950200.0,20.75,20.780000686645508,18.450000762939453,18.56999969482422,0.0
2022-04-05,26.239999771118164,26.239999771118164,24.809999465942383,24.90999984741211,12800.0,46624.5078125,47106.140625,45544.80859375,45555.9921875,29640604055.0,29.350000381469727,29.489999771118164,26.020000457763672,26.260000228881836,11188600.0,20.75,21.010000228881836,19.15999984741211,19.229999542236328,6467100.0,189.75999450683594,191.3300018310547,176.25999450683594,177.1699981689453,5012800.0,3521.23974609375,3546.706787109375,3410.547607421875,3411.79248046875,16681503199.0,367.80999755859375,368.5400085449219,359.92999267578125,361.1000061035156,62738700.0,18.790000915527344,21.56999969482422,18.549999237060547,21.030000686645508,0.0
2022-04-06,24.299999237060547,24.3700008392334,23.155000686645508,23.389999389648438,20500.0,45544.35546875,45544.35546875,43193.953125,43206.73828125,39393395788.0,25.200000762939453,25.6200008392334,23.84000015258789,24.190000534057617,10107300.0,18.540000915527344,18.674999237060547,17.3799991607666,17.65999984741211,9199600.0,172.8300018310547,174.3300018310547,165.00999450683594,166.83999633789062,4675300.0,3411.672119140625,3411.672119140625,3171.205078125,3171.69189453125,25632563639.0,355.6499938964844,356.7799987792969,350.55999755859375,353.260009765625,90077100.0,21.270000457763672,24.780000686645508,21.239999771118164,22.100000381469727,0.0
2022-04-07,23.518999099731445,23.518999099731445,22.5,23.31999969482422,11200.0,43207.5,43860.69921875,42899.90625,43503.84765625,26101973106.0,24.049999237060547,24.610000610351562,22.81999969482422,23.770000457763672,9526000.0,17.559999465942383,17.979999542236328,16.770000457763672,17.420000076293945,6392800.0,166.7100067138672,169.4199981689453,160.67999267578125,166.19000244140625,3093600.0,3172.197265625,3263.474609375,3155.5810546875,3233.274658203125,16745496605.0,352.239990234375,356.3500061035156,348.69000244140625,354.1000061035156,63777400.0,21.969999313354492,23.81999969482422,21.1200008392334,21.549999237060547,0.0
2022-04-08,23.18000030517578,23.18000030517578,22.5,22.530000686645508,16000.0,43505.13671875,43903.01953125,42183.2890625,42287.6640625,27215995394.0,23.559999465942383,23.809999465942383,22.610000610351562,22.68000030517578,9102800.0,17.1299991607666,17.510000228881836,16.6200008392334,16.68000030517578,6101400.0,165.2100067138672,166.0,160.1300048828125,160.94000244140625,2951000.0,3233.2724609375,3301.607421875,3179.142333984375,3192.073974609375,17557050669.0,352.32000732421875,353.0899963378906,348.5,349.1499938964844,61956100.0,21.25,22.34000015258789,20.280000686645508,21.15999984741211,0.0
2022-04-11,22.260000228881836,22.290000915527344,21.600000381469727,21.739999771118164,21200.0,42201.0390625,42424.58984375,39373.05859375,39521.90234375,33949912166.0,22.049999237060547,22.8700008392334,21.399999618530273,21.920000076293945,6768500.0,16.100000381469727,16.450000762939453,15.470000267028809,15.90999984741211,5646700.0,156.57000732421875,157.55999755859375,151.72999572753906,153.8699951171875,4305800.0,3209.576904296875,3214.4619140625,2962.756591796875,2981.05224609375,21891804831.0,344.80999755859375,345.75,340.5400085449219,340.8900146484375,66107400.0,23.09000015258789,24.420000076293945,22.09000015258789,24.3700008392334,0.0
2022-04-12,22.31999969482422,24.100000381469727,21.100000381469727,21.15999984741211,18800.0,39533.71484375,40617.5859375,39388.328125,40127.18359375,30991500854.0,22.549999237060547,23.350000381469727,20.850000381469727,21.15999984741211,10968500.0,16.299999237060547,16.940000534057617,15.369999885559082,15.470000267028809,6857800.0,158.07000732421875,162.44000244140625,149.41000366210938,149.85000610351562,4654400.0,2981.420654296875,3077.45263671875,2957.872314453125,3030.37646484375,20235707410.0,345.760009765625,347.69000244140625,338.0400085449219,339.45001220703125,72790200.0,24.940000534057617,25.3799991607666,22.270000457763672,24.260000228881836,0.0
2022-04-13,21.31999969482422,22.309999465942383,21.31999969482422,22.219999313354492,12100.0,40123.5703125,41430.0546875,39712.74609375,41166.73046875,27691105228.0,21.020000457763672,22.579999923706055,20.940000534057617,22.299999237060547,8389000.0,15.449999809265137,16.100000381469727,15.3100004196167,16.010000228881836,6376600.0,149.02999877929688,156.16000366210938,147.8000030517578,154.7899932861328,3740500.0,3029.8779296875,3123.575439453125,3006.481689453125,3118.34423828125,16088473629.0,339.79998779296875,347.42999267578125,339.05999755859375,346.3500061035156,61367800.0,23.520000457763672,24.450000762939453,21.3700008392334,21.81999969482422,0.0
2022-04-14,22.25,22.25,21.079999923706055,21.09000015258789,8300.0,41160.21875,41451.48046875,39695.74609375,39935.515625,24342001973.0,22.299999237060547,22.3700008392334,20.93000030517578,21.229999542236328,8928500.0,15.960000038146973,16.06999969482422,14.960000038146973,14.970000267028809,6280400.0,153.5399932861328,154.0,146.82000732421875,147.2899932861328,4082200.0,3117.82177734375,3139.9287109375,2988.435302734375,3019.909423828125,15821419931.0,346.44000244140625,346.9700012207031,338.2099914550781,338.42999267578125,73519400.0,21.719999313354492,22.700000762939453,20.850000381469727,22.700000762939453,0.0
2022-04-18,21.0,21.0,20.5,20.854999542236328,26000.0,39721.203125,40986.3203125,38696.19140625,40826.21484375,33705182072.0,20.90999984741211,21.260000228881836,19.790000915527344,20.899999618530273,9628200.0,14.75,15.0600004196167,14.265000343322754,14.789999961853027,6212900.0,145.4499969482422,149.5,140.52999877929688,145.16000366210938,4668700.0,2993.48388671875,3062.52099609375,2893.912841796875,3057.606689453125,18629381299.0,337.3500061035156,341.0400085449219,335.7900085449219,338.69000244140625,58560600.0,24.520000457763672,24.600000381469727,21.979999542236328,22.170000076293945,0.0
2022-04-19,20.90999984741211,21.687999725341797,20.90999984741211,21.459999084472656,14300.0,40828.17578125,41672.9609375,40618.6328125,41502.75,25303206547.0,21.100000381469727,21.93000030517578,20.40999984741211,21.5,8523000.0,14.819999694824219,15.210000038146973,14.229999542236328,14.880000114440918,7729800.0,146.02000427246094,152.10000610351562,144.4499969482422,151.27000427246094,2916000.0,3057.5703125,3125.084228515625,3035.53515625,3104.1064453125,14156035096.0,338.0299987792969,346.8500061035156,336.9800109863281,346.260009765625,56515700.0,22.549999237060547,22.920000076293945,20.360000610351562,21.3700008392334,0.0
2022-04-20,21.600000381469727,21.600000381469727,20.639999389648438,20.639999389648438,5700.0,41501.74609375,42126.30078125,40961.09765625,41374.37890625,27819532341.0,21.700000762939453,22.09000015258789,20.25,20.719999313354492,8875000.0,14.930000305175781,15.109999656677246,13.845000267028809,13.949999809265137,8423900.0,154.92999267578125,154.9600067138672,144.85000610351562,147.1300048828125,3486000.0,3103.93505859375,3157.8857421875,3045.288330078125,3077.745849609375,15547362265.0,347.0899963378906,347.55999755859375,339.9599914550781,341.2099914550781,65500000.0,21.1299991607666,21.31999969482422,19.75,20.31999969482422,0.0
2022-04-21,21.100000381469727,21.100000381469727,19.667999267578125,19.670000076293945,17900.0,41371.515625,42893.58203125,40063.828125,40527.36328125,35372786395.0,21.299999237060547,21.989999771118164,19.1200008392334,19.31999969482422,12743700.0,14.460000038146973,14.72599983215332,12.760000228881836,12.800000190734863,10523800.0,151.97000122070312,153.44000244140625,135.30999755859375,137.32000732421875,6252900.0,3077.829345703125,3173.451416015625,2962.410400390625,2987.480712890625,20783591093.0,345.19000244140625,347.8699951171875,333.20001220703125,334.1499938964844,75801000.0,20.239999771118164,23.280000686645508,19.809999465942383,22.68000030517578,0.0
2022-04-22,19.610000610351562,19.940000534057617,18.850000381469727,19.020000457763672,21300.0,40525.86328125,40777.7578125,39315.41796875,39740.3203125,28011716745.0,19.079999923706055,19.770000457763672,18.09000015258789,18.149999618530273,9866700.0,12.654999732971191,13.100000381469727,11.819999694824219,11.850000381469727,9682600.0,137.2899932861328,141.1999969482422,131.25,131.52000427246094,5162200.0,2986.938720703125,3024.8544921875,2942.358642578125,2964.835693359375,16782795477.0,334.30999755859375,335.55999755859375,324.9599914550781,325.3999938964844,82562100.0,22.709999084472656,28.270000457763672,22.6200008392334,28.209999084472656,0.0
2022-04-25,18.5,18.954999923706055,18.5,18.719999313354492,14700.0,39472.60546875,40491.75390625,38338.37890625,40458.30859375,35445730570.0,17.780000686645508,18.780000686645508,17.600000381469727,18.719999313354492,11327400.0,11.515000343322754,12.119999885559082,11.420000076293945,12.039999961853027,9640800.0,130.00999450683594,137.35000610351562,129.2899932861328,135.13999938964844,4066500.0,2922.990234375,3018.41552734375,2804.507080078125,3009.3935546875,22332690614.0,323.7300109863281,329.8999938964844,322.42999267578125,329.5799865722656,101755900.0,30.040000915527344,31.600000381469727,26.799999237060547,27.020000457763672,0.0
2022-04-26,18.709999084472656,18.709999084472656,17.6200008392334,17.6200008392334,9100.0,40448.421875,40713.890625,37884.984375,38117.4609375,34569088416.0,18.5,18.56999969482422,17.020000457763672,17.100000381469727,8916400.0,11.970000267028809,12.039999961853027,10.96500015258789,11.079999923706055,8596300.0,135.30999755859375,136.77000427246094,126.5199966430664,127.1500015258789,3717600.0,3008.9462890625,3026.4150390625,2786.253173828125,2808.29833984375,19052045399.0,327.4700012207031,327.6600036621094,316.8599853515625,317.1400146484375,105819600.0,27.3799991607666,33.810001373291016,27.059999465942383,33.52000045776367,0.0
2022-04-27,18.030000686645508,18.229999542236328,17.500999450683594,17.540000915527344,21300.0,38120.30078125,39397.91796875,37997.3125,39241.12109375,30981015184.0,17.0,18.149999618530273,16.639999389648438,16.719999313354492,11128700.0,10.824999809265137,11.699999809265137,10.779999732971191,10.979999542236328,8272900.0,125.27999877929688,130.7100067138672,121.9800033569336,122.55000305175781,4658500.0,2808.64599609375,2911.87744140625,2802.2734375,2888.9296875,17419284041.0,317.239990234375,322.8800048828125,315.0,316.760009765625,111204200.0,31.110000610351562,32.77000045776367,29.81999969482422,31.600000381469727,0.0
2022-04-28,18.100000381469727,18.389999389648438,17.170000076293945,18.17099952697754,15900.0,39241.4296875,40269.46484375,38941.421875,39773.828125,33903704907.0,16.8700008392334,17.260000228881836,15.59000015258789,16.860000610351562,13725900.0,11.100000381469727,11.369999885559082,10.350000381469727,10.9399995803833,10367400.0,123.69000244140625,126.38999938964844,113.31999969482422,122.69000244140625,8070900.0,2888.849853515625,2973.135009765625,2861.821533203125,2936.94091796875,18443524633.0,321.8500061035156,329.8900146484375,317.5199890136719,328.010009765625,99450000.0,29.90999984741211,32.0,28.0,29.989999771118164,0.0
2022-04-29,18.489999771118164,18.709999084472656,17.219999313354492,17.290000915527344,15300.0,39768.6171875,39887.26953125,38235.53515625,38609.82421875,30882994649.0,16.6299991607666,17.479999542236328,15.529999732971191,15.600000381469727,10525700.0,10.819999694824219,11.461000442504883,10.109999656677246,10.140000343322754,7931900.0,121.0999984741211,129.08999633789062,112.13999938964844,112.70999908447266,5760900.0,2936.776611328125,2943.44580078125,2782.435302734375,2815.601806640625,18771041399.0,323.70001220703125,327.2300109863281,312.6000061035156,313.25,91977900.0,28.969999313354492,34.34000015258789,28.540000915527344,33.400001525878906,0.0
2022-05-02,17.79400062561035,17.969999313354492,17.40999984741211,17.969999313354492,11600.0,38472.1875,39074.97265625,38156.5625,38529.328125,32922642426.0,15.5600004196167,16.920000076293945,15.050000190734863,16.65999984741211,13859700.0,10.09000015258789,10.979999542236328,9.75,10.970000267028809,10925500.0,113.06999969482422,122.29000091552734,111.80000305175781,121.33999633789062,6229400.0,2827.614013671875,2874.14599609375,2785.52294921875,2857.410400390625,18609741545.0,312.8299865722656,318.7200012207031,309.6499938964844,318.4800109863281,115511800.0,33.349998474121094,36.63999938964844,31.739999771118164,32.34000015258789,0.0
2022-05-03,17.969999313354492,18.118000030517578,17.719999313354492,17.899999618530273,4600.0,38528.109375,38629.99609375,37585.62109375,37750.453125,27326943244.0,16.350000381469727,17.31999969482422,16.229999542236328,16.780000686645508,7599000.0,10.859999656677246,11.387999534606934,10.720000267028809,10.84000015258789,6528400.0,120.2300033569336,129.39999389648438,119.97000122070312,123.55999755859375,5053200.0,2857.15234375,2859.193359375,2762.11865234375,2783.476318359375,13026093219.0,318.5,321.1700134277344,315.9800109863281,318.82000732421875,78185500.0,31.760000228881836,32.81999969482422,29.059999465942383,29.25,0.0
2022-05-04,17.34000015258789,18.670000076293945,17.149999618530273,18.65999984741211,17500.0,37748.01171875,39902.94921875,37732.05859375,39698.37109375,36754404490.0,16.8799991607666,17.829999923706055,15.609999656677246,17.760000228881836,11809900.0,10.899999618530273,11.640000343322754,10.241999626159668,11.569999694824219,11556800.0,124.0,132.80999755859375,116.19999694824219,130.14999389648438,6492800.0,2783.131103515625,2956.686767578125,2779.273681640625,2940.644775390625,18186749944.0,319.30999755859375,330.2900085449219,313.8900146484375,329.6000061035156,116083400.0,29.1200008392334,29.420000076293945,24.940000534057617,25.420000076293945,0.0
2022-05-05,17.850000381469727,17.895000457763672,16.950000762939453,17.350000381469727,19200.0,39695.74609375,39789.28125,35856.515625,36575.140625,43106256317.0,17.270000457763672,17.399999618530273,15.539999961853027,15.899999618530273,9300500.0,11.34000015258789,11.369999885559082,9.90999984741211,10.1899995803833,9394800.0,125.0,125.63999938964844,112.05000305175781,114.25,7324400.0,2940.2265625,2948.960693359375,2704.916259765625,2749.213134765625,22642925048.0,325.1700134277344,325.25,309.6199951171875,313.0,154607400.0,25.969999313354492,33.20000076293945,25.780000686645508,31.200000762939453,0.0
2022-05-06,16.690000534057617,16.959999084472656,16.299999237060547,16.538000106811523,13800.0,36573.18359375,36624.359375,35482.1328125,36040.921875,37795577489.0,15.470000267028809,15.8100004196167,14.449999809265137,14.949999809265137,8417600.0,9.989999771118164,10.09000015258789,9.300000190734863,9.489999771118164,8815400.0,112.5,112.5,100.25,103.73999786376953,9026500.0,2748.931640625,2754.837646484375,2645.335205078125,2694.979736328125,21027599270.0,310.95001220703125,315.0899963378906,305.1099853515625,309.25,139572800.0,32.22999954223633,35.34000015258789,29.829999923706055,30.190000534057617,0.0
2022-05-09,15.760000228881836,15.760000228881836,14.130000114440918,14.130000114440918,10600.0,34060.015625,34222.07421875,30296.953125,30296.953125,63355494961.0,13.9399995803833,14.029999732971191,11.770000457763672,12.079999923706055,15825000.0,8.869999885559082,9.0,7.53000020980835,7.670000076293945,14021200.0,96.0,96.43000030517578,81.77999877929688,83.51000213623047,16845400.0,2518.50830078125,2528.258056640625,2238.062744140625,2245.430419921875,36333567678.0,303.4800109863281,309.3500061035156,295.7200012207031,297.1499938964844,113387300.0,31.899999618530273,35.47999954223633,31.899999618530273,34.75,0.0
2022-05-10,15.0,15.0,13.744999885559082,13.836999893188477,9200.0,30273.654296875,32596.30859375,29944.802734375,31022.90625,59811038817.0,12.859999656677246,13.1899995803833,11.539999961853027,11.800000190734863,12884500.0,8.25,8.5,7.230000019073486,7.53000020980835,12194500.0,87.0,89.37999725341797,70.19000244140625,72.98999786376953,31780000.0,2242.650390625,2450.76025390625,2206.7568359375,2343.510986328125,38202099639.0,304.510009765625,305.760009765625,296.57000732421875,300.760009765625,124124600.0,33.65999984741211,34.84000015258789,32.2400016784668,32.9900016784668,0.0
2022-05-11,13.479999542236328,13.720999717712402,12.460000038146973,12.505999565124512,9400.0,31016.18359375,32013.40234375,28170.4140625,28936.35546875,70388855818.0,11.0,12.170000076293945,9.90999984741211,9.979999542236328,17834900.0,7.079999923706055,7.980000019073486,6.75,6.840000152587891,17503500.0,54.849998474121094,61.279998779296875,50.150001525878906,53.720001220703125,67080200.0,2342.754150390625,2441.079345703125,2018.8555908203125,2072.108642578125,45743399154.0,298.44000244140625,304.0899963378906,290.95001220703125,291.8399963378906,140326100.0,32.869998931884766,34.38999938964844,30.690000534057617,32.560001373291016,0.0
2022-05-12,12.09000015258789,12.836999893188477,11.819999694824219,12.319999694824219,28000.0,28936.734375,30032.439453125,26350.490234375,29047.751953125,66989173272.0,9.489999771118164,10.600000381469727,8.800000190734863,10.149999618530273,20886700.0,6.5,7.449999809265137,6.25,7.309999942779541,19021000.0,48.540000915527344,60.29999923706055,40.83000183105469,58.5,58789000.0,2072.504638671875,2170.4580078125,1748.3031005859375,1961.7015380859375,42463486402.0,287.45001220703125,295.75,284.94000244140625,291.1499938964844,120910900.0,33.7400016784668,34.7599983215332,31.700000762939453,31.770000457763672,0.0
2022-05-13,13.279999732971191,14.170000076293945,13.279999732971191,13.625,41200.0,29030.91015625,30924.802734375,28782.330078125,29283.103515625,42841124537.0,11.170000076293945,12.0,10.920000076293945,11.390000343322754,15326200.0,7.949999809265137,8.430000305175781,7.71999979019165,7.96999979019165,17060900.0,69.26000213623047,74.25,65.5,67.87000274658203,38264800.0,1960.12255859375,2139.71337890625,1941.9759521484375,2014.418212890625,24816096567.0,295.7200012207031,303.0,294.0799865722656,301.94000244140625,83684900.0,31.09000015258789,31.200000762939453,28.780000686645508,28.8700008392334,0.0
2022-05-16,13.640000343322754,13.640000343322754,12.850000381469727,12.899999618530273,6300.0,31304.375,31305.341796875,29251.884765625,29862.91796875,32613897286.0,11.180000305175781,11.199999809265137,10.130000114440918,10.319999694824219,11021300.0,7.829999923706055,7.929999828338623,7.170000076293945,7.190000057220459,9857300.0,68.05999755859375,68.08000183105469,60.5099983215332,61.70000076293945,18685900.0,2145.8369140625,2145.8369140625,1988.811767578125,2022.7259521484375,21459552191.0,300.1499938964844,302.260009765625,297.1300048828125,298.44000244140625,59190400.0,30.010000228881836,30.229999542236328,27.360000610351562,27.469999313354492,0.0
2022-05-17,13.079999923706055,13.880000114440918,13.079999923706055,13.824999809265137,10400.0,29862.408203125,30694.490234375,29570.302734375,30425.857421875,29101473475.0,10.779999732971191,11.260000228881836,10.510000228881836,11.09000015258789,10896800.0,7.559999942779541,7.829999923706055,7.329999923706055,7.619999885559082,9248300.0,66.19999694824219,70.5,63.11000061035156,70.0,15868000.0,2022.88232421875,2113.059814453125,2015.9715576171875,2090.4091796875,18509929297.0,304.45001220703125,306.55999755859375,300.54998779296875,306.1700134277344,62715300.0,27.06999969482422,27.170000076293945,25.510000228881836,26.100000381469727,0.0
2022-05-18,13.399999618530273,13.65999984741211,12.869999885559082,13.109000205993652,20200.0,30424.478515625,30618.716796875,28720.271484375,28720.271484375,31285268319.0,10.609999656677246,10.989999771118164,9.930000305175781,10.15999984741211,9931700.0,7.449999809265137,7.570000171661377,6.800000190734863,6.929999828338623,10537400.0,67.69000244140625,71.80999755859375,61.939998626708984,63.029998779296875,17422700.0,2090.4599609375,2102.32666015625,1916.6561279296875,1916.6561279296875,17740965589.0,301.5400085449219,302.25,289.8500061035156,291.1400146484375,79477100.0,26.739999771118164,31.489999771118164,26.209999084472656,30.959999084472656,0.0
2022-05-19,13.140000343322754,13.90999984741211,13.140000343322754,13.449999809265137,4200.0,28720.359375,30430.751953125,28708.955078125,30314.333984375,33773447707.0,10.1899995803833,10.930000305175781,10.119999885559082,10.350000381469727,10241700.0,6.989999771118164,7.53000020980835,6.949999809265137,7.130000114440918,12357500.0,65.0,70.98999786376953,63.61000061035156,67.41999816894531,15410100.0,1916.1495361328125,2028.38818359375,1907.0205078125,2018.336181640625,18734247914.0,289.2900085449219,294.3900146484375,287.5799865722656,289.5799865722656,79920700.0,31.239999771118164,33.11000061035156,29.059999465942383,29.350000381469727,0.0
2022-05-20,13.619999885559082,13.619999885559082,12.609999656677246,13.104000091552734,6500.0,30311.119140625,30664.9765625,28793.60546875,29200.740234375,30749382605.0,10.649999618530273,10.699999809265137,9.210000038146973,9.770000457763672,12378000.0,7.269999980926514,7.349999904632568,6.4710001945495605,6.840000152587891,13467600.0,69.37000274658203,70.73999786376953,62.04999923706055,66.1500015258789,15166300.0,2018.0001220703125,2054.7958984375,1926.6767578125,1961.315673828125,15892482289.0,293.1300048828125,293.79998779296875,280.2099914550781,288.67999267578125,91764200.0,28.780000686645508,32.90999984741211,28.059999465942383,29.43000030517578,0.0
2022-05-23,13.350000381469727,13.4399995803833,12.90999984741211,13.095000267028809,18800.0,30309.396484375,30590.5859375,28975.560546875,29098.91015625,31483454557.0,9.880000114440918,10.260000228881836,9.520000457763672,9.930000305175781,9389500.0,6.960000038146973,7.130000114440918,6.644999980926514,6.860000133514404,11586800.0,65.54000091552734,68.6500015258789,62.349998474121094,66.0999984741211,12055700.0,2042.3447265625,2080.33349609375,1964.3865966796875,1972.181884765625,16434529708.0,289.75,293.8699951171875,287.2900085449219,293.4800109863281,63648400.0,28.979999542236328,30.389999389648438,28.290000915527344,28.479999542236328,0.0
2022-05-24,13.039999961853027,13.039999961853027,12.190999984741211,12.324999809265137,12200.0,29101.125,29774.35546875,28786.58984375,29655.5859375,26616506245.0,9.609999656677246,9.800000190734863,8.739999771118164,9.0,11216500.0,6.690000057220459,6.829999923706055,6.070000171661377,6.269999980926514,9882400.0,64.55999755859375,64.55999755859375,59.119998931884766,61.36000061035156,10714900.0,1972.390869140625,1991.5355224609375,1920.6881103515625,1978.9827880859375,13057109007.0,288.1300048828125,288.8599853515625,282.25,287.239990234375,73491100.0,29.43000030517578,31.06999969482422,29.040000915527344,29.450000762939453,0.0
2022-05-25,12.4399995803833,12.680000305175781,12.350000381469727,12.586000442504883,9500.0,29653.134765625,30157.78515625,29384.94921875,29562.361328125,27525063551.0,8.890000343322754,9.4399995803833,8.84000015258789,9.270000457763672,6868700.0,6.21999979019165,6.559999942779541,6.184999942779541,6.429999828338623,7512000.0,61.06999969482422,68.5,60.9900016784668,67.16999816894531,11062000.0,1978.677001953125,2014.3695068359375,1943.9385986328125,1944.827880859375,13364545730.0,285.7099914550781,293.3900146484375,285.5,291.260009765625,67144500.0,29.329999923706055,30.229999542236328,28.15999984741211,28.3700008392334,0.0
2022-05-26,12.520000457763672,13.239999771118164,12.170000076293945,13.039999961853027,17200.0,29564.77734375,29834.16015625,28261.90625,29267.224609375,36774325352.0,8.8100004196167,9.960000038146973,8.529999732971191,9.850000381469727,15650000.0,6.139999866485596,6.920000076293945,5.96999979019165,6.730000019073486,14240800.0,63.970001220703125,71.16999816894531,62.29999923706055,69.87000274658203,12000200.0,1945.0333251953125,1962.171142578125,1759.1995849609375,1803.913330078125,23458681818.0,290.44000244140625,300.9200134277344,290.1499938964844,299.3299865722656,59462200.0,28.420000076293945,28.459999084472656,27.110000610351562,27.5,0.0
2022-05-27,13.34000015258789,13.729999542236328,13.289999961853027,13.600000381469727,9500.0,29251.140625,29346.943359375,28326.61328125,28627.57421875,36582005748.0,9.970000267028809,10.479999542236328,9.8100004196167,10.270000457763672,13974000.0,6.800000190734863,7.300000190734863,6.738999843597412,7.239999771118164,14393100.0,69.83999633789062,77.18000030517578,69.83999633789062,75.31999969482422,14112800.0,1802.5438232421875,1814.656494140625,1721.2647705078125,1724.9228515625,25470760032.0,302.5400085449219,309.25,302.4200134277344,309.1000061035156,66985600.0,27.5,27.540000915527344,25.56999969482422,25.719999313354492,0.0
2022-05-31,14.6899995803833,14.6899995803833,13.989999771118164,14.1899995803833,6900.0,31723.865234375,32249.86328125,31286.154296875,31792.310546875,33538210634.0,11.039999961853027,11.170000076293945,10.020000457763672,10.229999542236328,19496600.0,7.769999980926514,7.829999923706055,7.050000190734863,7.190000057220459,20431800.0,80.0,83.31999969482422,75.5999984741211,78.0999984741211,22623200.0,1996.4080810546875,2005.490966796875,1932.35205078125,1942.3280029296875,18363115560.0,309.07000732421875,311.3299865722656,304.3299865722656,308.2799987792969,60968300.0,27.469999313354492,28.350000381469727,25.940000534057617,26.190000534057617,0.0
2022-06-01,14.210000038146973,14.210000038146973,13.319999694824219,13.470000267028809,24200.0,31792.5546875,31957.28515625,29501.587890625,29799.080078125,41135817341.0,10.300000190734863,10.350000381469727,9.109999656677246,9.220000267028809,14993800.0,7.199999809265137,7.25,6.480000019073486,6.519999980926514,15500400.0,77.5,77.80000305175781,67.80000305175781,68.62999725341797,14608500.0,1942.0506591796875,1965.1666259765625,1776.05322265625,1823.5693359375,21037797760.0,310.4700012207031,312.6499938964844,303.7300109863281,306.0,65341700.0,26.049999237060547,27.729999542236328,25.3799991607666,25.690000534057617,0.0
2022-06-02,13.5600004196167,14.100000381469727,13.5600004196167,13.880000114440918,5900.0,29794.890625,30604.734375,29652.705078125,30467.48828125,29083562061.0,9.140000343322754,9.600000381469727,9.100000381469727,9.34000015258789,11644100.0,6.489999771118164,7.059999942779541,6.429999828338623,6.869999885559082,14267400.0,67.80000305175781,74.4800033569336,67.27999877929688,73.81999969482422,8607200.0,1822.412109375,1845.31396484375,1789.6641845703125,1834.1505126953125,17065041354.0,304.8500061035156,314.55999755859375,303.3999938964844,314.3800048828125,59291300.0,25.729999542236328,26.5,24.329999923706055,24.719999313354492,0.0
2022-06-03,13.42300033569336,13.569999694824219,13.42300033569336,13.506999969482422,1400.0,30467.806640625,30633.03515625,29375.689453125,29704.390625,26175547452.0,9.069999694824219,9.109999656677246,8.399999618530273,8.800000190734863,11020700.0,6.559999942779541,6.619999885559082,6.110000133514404,6.210000038146973,15232400.0,69.38999938964844,70.5,65.61000061035156,66.69000244140625,10213600.0,1834.135009765625,1840.058837890625,1746.509765625,1775.07861328125,14878001811.0,309.0299987792969,310.4700012207031,304.9200134277344,306.20001220703125,60914700.0,24.90999984741211,25.959999084472656,24.760000228881836,24.790000915527344,0.0
2022-06-06,13.585000038146973,13.729999542236328,13.279999732971191,13.324000358581543,5800.0,29910.283203125,31693.291015625,29894.1875,31370.671875,31947336829.0,9.229999542236328,9.260000228881836,8.699999809265137,8.930000305175781,10203500.0,6.5,6.599999904632568,6.25,6.369999885559082,12234100.0,70.76000213623047,74.11000061035156,68.43000030517578,70.66999816894531,9352400.0,1805.635986328125,1915.030517578125,1804.990234375,1859.2896728515625,16518471852.0,310.75,312.3500061035156,305.6199951171875,307.2200012207031,51785000.0,25.3700008392334,25.809999465942383,24.81999969482422,25.06999969482422,0.0
2022-06-07,12.930000305175781,13.116999626159668,12.850000381469727,13.116999626159668,3100.0,31371.7421875,31489.68359375,29311.68359375,31155.478515625,40770974039.0,8.649999618530273,8.880000114440918,8.319999694824219,8.6899995803833,10773200.0,6.150000095367432,6.230000019073486,5.820000171661377,6.170000076293945,17003700.0,67.30999755859375,69.97000122070312,64.36000061035156,69.56999969482422,8485100.0,1859.333740234375,1862.9149169921875,1729.41357421875,1814.04833984375,24020076750.0,303.80999755859375,310.6700134277344,302.69000244140625,309.8699951171875,44900300.0,25.540000915527344,26.239999771118164,23.8799991607666,24.020000457763672,0.0
2022-06-08,13.149999618530273,13.149999618530273,12.770000457763672,12.829999923706055,6400.0,31151.48046875,31253.69140625,29944.404296875,30214.35546875,30242059107.0,8.640000343322754,9.140000343322754,8.390000343322754,8.529999732971191,11217000.0,6.079999923706055,6.425000190734863,5.920000076293945,5.96999979019165,11169200.0,69.2300033569336,72.9800033569336,68.30000305175781,69.19999694824219,6276600.0,1814.1007080078125,1830.676025390625,1770.231201171875,1793.572265625,18041476023.0,309.04998779296875,311.7200012207031,306.7699890136719,307.6400146484375,38342100.0,24.3700008392334,24.780000686645508,23.739999771118164,23.959999084472656,0.0
2022-06-09,12.989999771118164,13.010000228881836,12.204999923706055,12.210000038146973,21900.0,30215.279296875,30609.310546875,30020.265625,30111.998046875,21692004719.0,8.399999618530273,8.4399995803833,7.650000095367432,7.659999847412109,13904900.0,5.889999866485596,5.900000095367432,5.440000057220459,5.46999979019165,13909300.0,69.08000183105469,69.37999725341797,63.119998931884766,63.7599983215332,9349300.0,1793.5128173828125,1827.2930908203125,1779.8675537109375,1789.8260498046875,12013083393.0,305.9100036621094,309.04998779296875,299.2300109863281,299.3999938964844,55900500.0,24.290000915527344,26.239999771118164,23.81999969482422,26.09000015258789,0.0
2022-06-10,12.0,12.0,11.579999923706055,11.602999687194824,5900.0,30110.330078125,30245.80859375,28978.146484375,29083.8046875,29867476527.0,7.349999904632568,7.690000057220459,7.25,7.539999961853027,10500400.0,5.25,5.480000019073486,5.130000114440918,5.170000076293945,13120600.0,60.0,61.630001068115234,57.77000045776367,58.709999084472656,10982600.0,1789.68994140625,1797.6077880859375,1663.4339599609375,1665.042236328125,18504740451.0,293.6499938964844,294.8699951171875,288.3800048828125,288.8399963378906,85963500.0,26.260000228881836,29.6299991607666,26.049999237060547,27.75,0.0
2022-06-13,10.6899995803833,10.6899995803833,10.0,10.15999984741211,31800.0,26737.578125,26795.58984375,22141.2578125,22487.388671875,68204556440.0,6.150000095367432,7.0,6.119999885559082,6.650000095367432,18789100.0,4.369999885559082,4.860000133514404,4.360000133514404,4.650000095367432,16599900.0,46.18000030517578,54.29999923706055,46.0,52.0099983215332,28961400.0,1443.83544921875,1448.738037109375,1181.9482421875,1204.582763671875,45162788786.0,279.75,282.3399963378906,274.5299987792969,275.4100036621094,94442000.0,31.3700008392334,35.04999923706055,31.290000915527344,34.02000045776367,0.0
2022-06-14,10.039999961853027,10.260000228881836,10.039999961853027,10.041000366210938,10400.0,22487.986328125,23018.951171875,20950.818359375,22206.79296875,50913575242.0,6.539999961853027,7.070000171661377,6.409999847412109,6.940000057220459,10702200.0,4.704999923706055,5.014999866485596,4.440000057220459,4.889999866485596,10692200.0,52.5,53.290000915527344,48.810001373291016,51.58000183105469,17430300.0,1204.5552978515625,1252.4718017578125,1094.701904296875,1211.662841796875,33327826525.0,277.6600036621094,278.6600036621094,273.3399963378906,275.9100036621094,64697500.0,33.0099983215332,34.0,32.060001373291016,32.689998626708984,0.0
2022-06-15,9.970000267028809,10.432000160217285,9.970000267028809,10.260000228881836,17600.0,22196.73046875,22642.671875,20178.376953125,22572.83984375,54912007015.0,6.710000038146973,7.170000076293945,6.550000190734863,6.869999885559082,18151300.0,4.820000171661377,5.0,4.590000152587891,4.860000133514404,20448200.0,50.939998626708984,56.65999984741211,50.45000076293945,55.0099983215332,16340100.0,1211.365966796875,1236.6275634765625,1025.6842041015625,1233.2064208984375,37539999450.0,279.4200134277344,286.8299865722656,276.6099853515625,282.79998779296875,86051400.0,32.38999938964844,32.77000045776367,27.760000228881836,29.6200008392334,0.0
2022-06-16,9.880000114440918,9.899999618530273,9.5,9.630000114440918,10400.0,22576.3046875,22868.921875,20265.2265625,20381.650390625,31183975654.0,6.730000019073486,6.820000171661377,6.269999980926514,6.570000171661377,12253800.0,4.690000057220459,4.730000019073486,4.369999885559082,4.53000020980835,9652700.0,52.58000183105469,54.43000030517578,50.08000183105469,51.04999923706055,13157700.0,1233.603515625,1246.140625,1058.7845458984375,1067.730712890625,18907671369.0,275.5899963378906,276.05999755859375,269.2799987792969,271.3900146484375,81910300.0,30.350000381469727,34.81999969482422,30.350000381469727,32.95000076293945,0.0
2022-06-17,9.890000343322754,9.920000076293945,9.760000228881836,9.760000228881836,19900.0,20385.71875,21243.3125,20326.51953125,20471.482421875,27132421514.0,6.460000038146973,6.840000152587891,6.440000057220459,6.610000133514404,10248600.0,4.5,4.769999980926514,4.46999979019165,4.650000095367432,9774800.0,50.119998931884766,52.79999923706055,49.279998779296875,51.220001220703125,11771000.0,1067.9876708984375,1112.4715576171875,1060.86767578125,1086.519287109375,14591486540.0,272.17999267578125,277.19000244140625,270.510009765625,274.69000244140625,82703400.0,32.84000015258789,33.310001373291016,30.469999313354492,31.1299991607666,0.0
2022-06-21,9.869999885559082,10.720000267028809,9.869999885559082,10.210000038146973,7300.0,20594.294921875,21620.62890625,20415.0625,20710.59765625,28970212744.0,6.940000057220459,7.789999961853027,6.889999866485596,7.21999979019165,16390900.0,4.860000133514404,5.539999961853027,4.800000190734863,5.090000152587891,18023500.0,54.20000076293945,60.75,54.099998474121094,57.4900016784668,16916200.0,1127.5118408203125,1185.4324951171875,1112.5726318359375,1124.8245849609375,15632089439.0,278.75,283.45001220703125,278.6400146484375,281.0799865722656,51633700.0,30.6299991607666,30.649999618530273,29.329999923706055,30.190000534057617,0.0
2022-06-22,9.890000343322754,10.329999923706055,9.819999694824219,9.859999656677246,11400.0,20719.4140625,20835.75,19848.078125,19987.029296875,28574793478.0,7.070000171661377,7.329999923706055,6.71999979019165,6.75,10511200.0,5.0,5.070000171661377,4.550000190734863,4.599999904632568,14212400.0,53.869998931884766,56.75,51.56999969482422,51.90999984741211,18947700.0,1125.3729248046875,1126.26171875,1049.7633056640625,1051.421875,15010593493.0,278.5199890136719,285.17999267578125,277.9100036621094,280.6700134277344,67472900.0,31.450000762939453,31.56999969482422,28.780000686645508,28.950000762939453,0.0
2022-06-23,9.829999923706055,10.069999694824219,9.720000267028809,10.069999694824219,9400.0,19986.607421875,21135.76171875,19950.1171875,21085.876953125,26188097173.0,6.769999980926514,7.099999904632568,6.510000228881836,7.050000190734863,13282100.0,4.75,4.96999979019165,4.550000190734863,4.940000057220459,13064900.0,53.599998474121094,59.619998931884766,51.83000183105469,58.880001068115234,15840700.0,1051.329345703125,1146.4942626953125,1050.2196044921875,1143.38671875,14657862919.0,283.2099914550781,285.7200012207031,280.30999755859375,284.8500061035156,57457800.0,29.290000915527344,29.770000457763672,28.739999771118164,29.049999237060547,0.0
2022-06-24,10.569999694824219,10.779999732971191,10.399999618530273,10.539999961853027,9300.0,21084.6484375,21472.91796875,20777.51171875,21231.65625,24957784918.0,7.170000076293945,7.760000228881836,7.119999885559082,7.420000076293945,13665900.0,5.010000228881836,5.40500020980835,4.989999771118164,5.190000057220459,16972500.0,60.0,64.08999633789062,59.33000183105469,62.709999084472656,24381400.0,1143.2047119140625,1238.616943359375,1134.5140380859375,1226.8447265625,16981552654.0,287.739990234375,295.0400085449219,287.5,294.6099853515625,58422300.0,29.06999969482422,29.719999313354492,26.829999923706055,27.229999542236328,0.0
2022-06-27,10.5,10.5,10.130000114440918,10.270000457763672,11900.0,21028.23828125,21478.08984375,20620.19921875,20735.478515625,20965695707.0,7.480000019073486,7.5,6.809999942779541,6.849999904632568,9098200.0,5.179999828338623,5.21999979019165,4.670000076293945,4.889999866485596,11651700.0,59.560001373291016,60.45000076293945,55.02000045776367,55.959999084472656,15201600.0,1199.713134765625,1234.1807861328125,1179.79248046875,1193.6806640625,12492225250.0,296.0,296.5799865722656,291.2900085449219,292.45001220703125,54151500.0,28.299999237060547,28.65999984741211,26.93000030517578,26.950000762939453,0.0
2022-06-28,10.390000343322754,10.430000305175781,9.670000076293945,9.699999809265137,12900.0,20731.544921875,21164.423828125,20228.8125,20280.634765625,21381535161.0,6.949999809265137,7.150000095367432,6.320000171661377,6.429999828338623,10430900.0,5.019999980926514,5.110000133514404,4.690000057220459,4.760000228881836,9706600.0,56.2599983215332,57.25,50.33000183105469,51.18000030517578,10253500.0,1193.2540283203125,1229.739013671875,1141.15966796875,1144.5792236328125,14023205651.0,293.0,295.6499938964844,283.3500061035156,283.5400085449219,61609800.0,26.899999618530273,28.68000030517578,26.469999313354492,28.360000610351562,0.0
2022-06-29,9.710000038146973,9.710000038146973,9.199000358581543,9.199999809265137,3200.0,20281.169921875,20364.15625,19937.791015625,20104.0234375,23552740328.0,6.25,6.269999980926514,5.650000095367432,5.800000190734863,12163900.0,4.670000076293945,4.690000057220459,4.340000152587891,4.5,11364700.0,50.5,51.459999084472656,48.59000015258789,49.75,9776200.0,1144.5244140625,1152.684814453125,1092.09912109375,1098.94384765625,15386286815.0,283.3999938964844,285.3399963378906,280.8399963378906,283.79998779296875,57302700.0,28.799999237060547,29.360000610351562,27.850000381469727,28.15999984741211,0.0
2022-06-30,9.0,9.09000015258789,8.739999771118164,8.864999771118164,14600.0,20108.3125,20141.16015625,18729.65625,19784.7265625,26267239923.0,5.53000020980835,5.769999980926514,5.269999980926514,5.340000152587891,10706100.0,4.340000152587891,4.400000095367432,4.119999885559082,4.190000057220459,10723300.0,48.20000076293945,48.400001525878906,44.150001525878906,47.02000045776367,12934400.0,1099.3531494140625,1103.6904296875,1009.0948486328125,1067.298828125,16350755497.0,280.75,283.94000244140625,275.7799987792969,280.2799987792969,79313600.0,29.420000076293945,30.219999313354492,28.280000686645508,28.709999084472656,0.0
2022-07-01,9.050000190734863,9.050000190734863,8.904999732971191,9.026000022888184,6700.0,19820.470703125,20632.671875,19073.708984375,19269.3671875,30767551159.0,5.409999847412109,5.699999809265137,5.28000020980835,5.539999961853027,11547900.0,4.239999771118164,4.380000114440918,4.130000114440918,4.239999771118164,8415200.0,47.9900016784668,50.15999984741211,47.52000045776367,49.040000915527344,8556500.0,1068.3167724609375,1100.223876953125,1040.1507568359375,1059.767333984375,17499453625.0,278.95001220703125,282.5299987792969,277.0299987792969,282.1300048828125,56675100.0,29.530000686645508,29.59000015258789,26.690000534057617,26.700000762939453,0.0
2022-07-05,8.800000190734863,9.659000396728516,8.800000190734863,9.659000396728516,700.0,20225.353515625,20635.466796875,19341.232421875,20190.115234375,26715546990.0,5.400000095367432,6.079999923706055,5.199999809265137,6.070000171661377,12317300.0,4.130000114440918,4.75,4.019999980926514,4.730000019073486,13145700.0,48.130001068115234,55.81999969482422,45.95000076293945,55.40999984741211,13087900.0,1150.509765625,1165.6827392578125,1086.8299560546875,1134.541015625,16195518291.0,278.30999755859375,287.0799865722656,276.75,286.9599914550781,61829300.0,27.3700008392334,29.81999969482422,27.299999237060547,27.540000915527344,0.0
2022-07-06,9.520000457763672,9.600000381469727,9.270000457763672,9.270000457763672,7300.0,20194.619140625,20595.529296875,19823.51171875,20548.24609375,24598943708.0,5.940000057220459,6.070000171661377,5.610000133514404,5.650000095367432,11174600.0,4.664999961853027,4.760000228881836,4.465000152587891,4.53000020980835,8250700.0,54.16999816894531,56.27000045776367,51.400001525878906,51.709999084472656,11881900.0,1134.822265625,1193.63671875,1116.24755859375,1186.9739990234375,15373536703.0,287.3500061035156,290.95001220703125,285.5899963378906,288.79998779296875,63194700.0,27.84000015258789,28.06999969482422,26.43000030517578,26.729999542236328,0.0
2022-07-07,10.0,10.258000373840332,9.881999969482422,10.258000373840332,2200.0,20547.814453125,21771.81640625,20296.103515625,21637.587890625,25814972520.0,5.769999980926514,7.090000152587891,5.710000038146973,7.010000228881836,20439600.0,4.599999904632568,5.289999961853027,4.570000171661377,5.28000020980835,18884700.0,52.13999938964844,57.650001525878906,52.13999938964844,57.459999084472656,12318500.0,1186.9609375,1246.8948974609375,1165.6231689453125,1237.5933837890625,14230795894.0,289.6300048828125,295.70001220703125,289.6300048828125,294.9800109863281,56620100.0,26.729999542236328,26.790000915527344,25.65999984741211,26.079999923706055,0.0
2022-07-08,9.993000030517578,10.720000267028809,9.993000030517578,10.479999542236328,4100.0,21637.154296875,22314.94140625,21257.453125,21731.1171875,49899834488.0,6.650000095367432,8.899999618530273,6.599999904632568,8.510000228881836,49125100.0,5.119999885559082,5.809999942779541,4.949999809265137,5.460000038146973,28861700.0,55.61000061035156,63.70000076293945,54.5099983215332,60.290000915527344,17950500.0,1237.580322265625,1262.8857421875,1200.6322021484375,1222.5062255859375,16315929082.0,292.0799865722656,296.75,291.1199951171875,295.3500061035156,59895500.0,26.40999984741211,26.610000610351562,24.43000030517578,24.639999389648438,0.0
2022-07-11,10.220000267028809,10.220000267028809,9.8100004196167,9.8100004196167,900.0,20856.353515625,20856.353515625,19924.5390625,19970.556640625,24150249025.0,7.900000095367432,8.289999961853027,7.670000076293945,7.809999942779541,14270700.0,5.039999961853027,5.230000019073486,4.822000026702881,4.869999885559082,12524800.0,57.540000915527344,58.43000030517578,53.29999923706055,53.880001068115234,10705800.0,1168.1390380859375,1169.19384765625,1095.0028076171875,1097.236572265625,12064180410.0,292.8800048828125,293.1099853515625,288.1400146484375,289.0400085449219,55273900.0,26.420000076293945,26.739999771118164,25.790000915527344,26.170000076293945,0.0
2022-07-12,9.602999687194824,9.602999687194824,9.489999771118164,9.489999771118164,600.0,19970.474609375,20043.4453125,19308.53125,19323.9140625,25810220018.0,7.75,7.989999771118164,7.360000133514404,7.670000076293945,10812500.0,4.820000171661377,4.989999771118164,4.679999828338623,4.840000152587891,8420600.0,53.70000076293945,56.11000061035156,52.619998931884766,54.2400016784668,8466200.0,1097.2591552734375,1097.2591552734375,1038.1356201171875,1038.191650390625,12583282453.0,290.32000732421875,292.2799987792969,284.6099853515625,286.239990234375,55797100.0,27.139999389648438,27.75,25.81999969482422,27.290000915527344,0.0
2022-07-13,9.300000190734863,9.675999641418457,9.300000190734863,9.675999641418457,3400.0,19325.97265625,20223.052734375,18999.953125,20212.07421875,33042430345.0,7.5,7.900000095367432,7.050000190734863,7.760000228881836,12906700.0,4.679999828338623,5.03000020980835,4.519999980926514,4.929999828338623,10878600.0,51.68000030517578,54.72999954223633,50.400001525878906,53.099998474121094,9439900.0,1038.1866455078125,1113.587158203125,1019.2203369140625,1113.587158203125,18302588147.0,280.6000061035156,288.04998779296875,280.0199890136719,285.6499938964844,73939400.0,27.350000381469727,29.059999465942383,26.229999542236328,26.81999969482422,0.0
2022-07-14,9.359999656677246,9.737000465393066,9.359999656677246,9.680000305175781,4700.0,20211.466796875,20789.89453125,19689.2578125,20569.919921875,31158743333.0,7.590000152587891,8.100000381469727,7.260000228881836,8.0,15079800.0,4.860000133514404,5.329999923706055,4.710000038146973,5.320000171661377,13267900.0,52.34000015258789,54.709999084472656,50.34000015258789,53.41999816894531,9682100.0,1113.5157470703125,1202.953369140625,1077.40576171875,1191.5262451171875,16688640823.0,282.989990234375,287.55999755859375,279.79998779296875,286.6700134277344,63741800.0,27.469999313354492,28.450000762939453,26.200000762939453,26.399999618530273,0.0
2022-07-15,9.869999885559082,9.913000106811523,9.710000038146973,9.913000106811523,5500.0,20573.15625,21138.244140625,20397.0,20836.328125,25905575359.0,8.260000228881836,8.5600004196167,7.670000076293945,8.039999961853027,13282100.0,5.46999979019165,5.695000171661377,5.349999904632568,5.570000171661377,13391900.0,54.349998474121094,56.54999923706055,51.93000030517578,53.790000915527344,10714300.0,1191.6748046875,1275.7781982421875,1182.9031982421875,1233.129150390625,17411448225.0,289.7300109863281,291.9800109863281,288.0799865722656,291.8699951171875,63818100.0,26.719999313354492,26.719999313354492,24.1299991607666,24.229999542236328,0.0
2022-07-18,10.380000114440918,11.008000373840332,10.229999542236328,10.229999542236328,7500.0,20781.912109375,22633.033203125,20781.912109375,22485.689453125,39974475562.0,8.829999923706055,10.970000267028809,8.699999809265137,9.760000228881836,43749500.0,5.940000057220459,6.880000114440918,5.920000076293945,6.230000019073486,39477400.0,56.709999084472656,63.380001068115234,56.689998626708984,58.66999816894531,21226200.0,1338.8060302734375,1578.7178955078125,1338.8060302734375,1578.7178955078125,27440420623.0,294.7200012207031,296.1600036621094,288.20001220703125,289.3999938964844,59519600.0,24.829999923706055,25.90999984741211,24.3799991607666,25.299999237060547,0.0
2022-07-19,10.720000267028809,11.371000289916992,10.65999984741211,11.371000289916992,4400.0,22467.849609375,23666.962890625,21683.40625,23389.43359375,48765202697.0,10.369999885559082,13.0,9.850000381469727,12.899999618530273,58076500.0,6.599999904632568,7.050000190734863,6.329999923706055,6.980000019073486,35761600.0,60.86000061035156,65.9800033569336,57.779998779296875,65.83000183105469,19210600.0,1578.3839111328125,1607.0330810546875,1501.7974853515625,1542.9752197265625,27753529276.0,293.1099853515625,298.6000061035156,291.4700012207031,298.29998779296875,55172600.0,25.1200008392334,25.40999984741211,24.229999542236328,24.5,0.0
2022-07-20,11.670000076293945,12.279000282287598,11.670000076293945,12.0600004196167,21500.0,23393.19140625,24196.818359375,23009.94921875,23231.732421875,42932549127.0,13.550000190734863,14.199999809265137,11.859999656677246,12.470000267028809,70804300.0,7.239999771118164,7.480000019073486,6.809999942779541,7.019999980926514,45561800.0,67.08000183105469,79.0,67.05000305175781,75.2699966430664,34032000.0,1542.954345703125,1612.645751953125,1500.80322265625,1520.20068359375,22942708340.0,298.7300109863281,304.239990234375,297.92999267578125,303.0299987792969,67769400.0,24.229999542236328,24.729999542236328,23.399999618530273,23.8799991607666,0.0
2022-07-21,11.819999694824219,12.140000343322754,11.819999694824219,12.140000343322754,2300.0,23233.201171875,23388.322265625,22431.1484375,23164.62890625,33631012204.0,11.760000228881836,13.510000228881836,11.670000076293945,13.489999771118164,31470900.0,6.78000020980835,7.638999938964844,6.699999809265137,7.619999885559082,27389100.0,71.0,76.62000274658203,70.27999877929688,73.9800033569336,17301200.0,1520.37451171875,1595.761962890625,1472.1854248046875,1576.74951171875,20009556587.0,303.5,307.44000244140625,300.7799987792969,307.3800048828125,55049400.0,24.06999969482422,24.670000076293945,22.920000076293945,23.110000610351562,0.0
2022-07-22,12.420000076293945,12.420000076293945,11.302000045776367,11.302000045776367,1600.0,23163.751953125,23671.927734375,22603.416015625,22714.978515625,31421555646.0,13.890000343322754,13.920000076293945,12.0600004196167,12.420000076293945,29213400.0,7.869999885559082,7.929999828338623,7.059999942779541,7.119999885559082,18291900.0,76.19999694824219,76.56999969482422,69.08999633789062,70.81999969482422,12013300.0,1576.745361328125,1641.209228515625,1523.6417236328125,1537.4051513671875,18926100582.0,306.42999267578125,308.54998779296875,300.1199951171875,301.989990234375,57127700.0,23.299999237060547,23.809999465942383,22.40999984741211,23.030000686645508,0.0
2022-07-25,10.779999732971191,10.829999923706055,10.670000076293945,10.670000076293945,3000.0,22607.15625,22649.12109375,21361.642578125,21361.701171875,35574561406.0,11.699999809265137,12.479999542236328,11.510000228881836,11.569999694824219,16546800.0,6.840000152587891,7.059999942779541,6.570000171661377,6.650000095367432,13600600.0,68.93000030517578,69.9800033569336,66.30000305175781,67.06999969482422,8797600.0,1599.1572265625,1605.3369140625,1445.3834228515625,1445.3834228515625,20585056021.0,302.0199890136719,302.5,298.2200012207031,300.2699890136719,40582400.0,24.329999923706055,24.56999969482422,23.190000534057617,23.360000610351562,0.0
2022-07-26,10.0,10.074999809265137,9.970000267028809,10.038000106811523,5300.0,21361.12109375,21361.12109375,20776.81640625,21239.75390625,28624673855.0,11.1899995803833,11.289999961853027,10.079999923706055,10.109999656677246,13455500.0,6.349999904632568,6.510000228881836,6.019999980926514,6.210000038146973,11404100.0,61.689998626708984,62.88999938964844,52.630001068115234,52.93000030517578,26875800.0,1445.151123046875,1445.151123046875,1362.95166015625,1441.8067626953125,18238563509.0,298.5299987792969,298.7900085449219,293.5400085449219,294.3699951171875,50074100.0,23.950000762939453,25.309999465942383,23.81999969482422,24.690000534057617,0.0
2022-07-27,10.470000267028809,10.970000267028809,10.319999694824219,10.859999656677246,3200.0,21244.169921875,22986.529296875,21070.806640625,22930.548828125,31758955233.0,10.869999885559082,12.649999618530273,10.579999923706055,12.319999694824219,31321000.0,6.539999961853027,7.329999923706055,6.261000156402588,7.150000095367432,18717900.0,54.869998931884766,60.61000061035156,53.119998931884766,58.83000183105469,18230200.0,1443.726806640625,1636.7994384765625,1423.618896484375,1636.232666015625,23007524016.0,299.0400085449219,308.5400085449219,298.4599914550781,306.80999755859375,69304400.0,24.270000457763672,24.40999984741211,23.020000457763672,23.239999771118164,0.0
2022-07-28,11.055000305175781,11.387999534606934,10.736000061035156,11.387999534606934,3600.0,22933.640625,24110.470703125,22722.265625,23843.88671875,40212386158.0,12.319999694824219,13.720000267028809,11.84000015258789,13.199999809265137,36781000.0,7.170000076293945,7.599999904632568,6.909999847412109,7.400000095367432,19581000.0,58.2400016784668,62.95000076293945,55.59000015258789,62.25,13674800.0,1636.23193359375,1774.576416015625,1604.8909912109375,1725.4681396484375,27231399966.0,306.5899963378906,310.3999938964844,302.75,309.80999755859375,55139900.0,23.329999923706055,23.540000915527344,22.219999313354492,22.329999923706055,0.0
2022-07-29,11.380000114440918,11.531000137329102,11.319999694824219,11.329999923706055,22400.0,23845.212890625,24294.787109375,23481.173828125,23804.6328125,35887249746.0,12.819999694824219,14.170000076293945,12.579999923706055,12.989999771118164,31918900.0,7.239999771118164,7.743000030517578,7.079999923706055,7.320000171661377,14528900.0,60.13999938964844,64.2300033569336,59.77000045776367,62.959999084472656,9113800.0,1725.6239013671875,1759.884033203125,1662.7911376953125,1727.406982421875,23249531113.0,311.3900146484375,316.3900146484375,309.92999267578125,315.4599914550781,57501000.0,22.1299991607666,22.15999984741211,21.209999084472656,21.329999923706055,0.0
2022-08-01,11.539999961853027,11.539999961853027,11.309000015258789,11.380999565124512,1700.0,23336.71875,23464.787109375,22890.796875,23314.19921875,25849159141.0,12.5,13.1899995803833,11.829999923706055,12.270000457763672,20688000.0,7.130000114440918,7.550000190734863,6.974999904632568,7.329999923706055,13572100.0,61.189998626708984,63.619998931884766,59.41999816894531,62.70000076293945,7361300.0,1681.445556640625,1700.1708984375,1613.416015625,1635.19580078125,16191371176.0,313.6499938964844,318.80999755859375,312.5299987792969,315.2699890136719,46358800.0,22.40999984741211,23.270000457763672,22.260000228881836,22.84000015258789,0.0
2022-08-02,11.270000457763672,12.02400016784668,11.270000457763672,11.850000381469727,3000.0,23308.43359375,23415.041015625,22710.083984375,22978.1171875,28389250717.0,11.899999618530273,13.640000343322754,11.8100004196167,12.960000038146973,23868600.0,7.190000057220459,8.095999717712402,7.119999885559082,7.75,16035900.0,60.90999984741211,69.58999633789062,60.79999923706055,67.2300033569336,12142100.0,1634.6458740234375,1672.6297607421875,1567.85107421875,1632.9454345703125,20426082309.0,312.9200134277344,318.54998779296875,311.8399963378906,314.3299865722656,48676500.0,24.079999923706055,24.68000030517578,22.670000076293945,23.93000030517578,0.0
2022-08-03,12.220000267028809,12.376999855041504,12.220000267028809,12.350000381469727,3300.0,22981.302734375,23578.650390625,22747.8359375,22846.5078125,26288169966.0,13.170000076293945,13.770000457763672,12.930000305175781,13.279999732971191,24463900.0,7.96999979019165,8.399999618530273,7.849999904632568,8.119999885559082,19769600.0,69.05000305175781,82.25,67.61000061035156,80.80999755859375,24784200.0,1633.05126953125,1678.0982666015625,1595.634521484375,1618.87451171875,16786218830.0,316.04998779296875,323.7300109863281,315.989990234375,322.8900146484375,53735700.0,23.860000610351562,23.920000076293945,21.68000030517578,21.950000762939453,0.0
2022-08-04,12.350000381469727,12.529999732971191,12.125,12.140000343322754,11900.0,22848.21484375,23198.009765625,22485.701171875,22630.95703125,25120229769.0,13.5,15.029999732971191,13.300000190734863,13.420000076293945,27091800.0,8.220000267028809,8.829999923706055,8.0600004196167,8.180000305175781,20818500.0,106.0999984741211,116.30000305175781,86.79000091552734,88.9000015258789,54342800.0,1618.88671875,1658.5115966796875,1585.3265380859375,1608.205810546875,14467440626.0,322.9700012207031,324.7200012207031,320.7699890136719,324.3999938964844,38973700.0,22.059999465942383,22.65999984741211,21.440000534057617,21.440000534057617,0.0
2022-08-05,12.25,12.399999618530273,12.09000015258789,12.399999618530273,5300.0,22626.833984375,23422.828125,22612.177734375,23289.314453125,28881249043.0,13.229999542236328,14.390000343322754,13.130000114440918,14.170000076293945,17207100.0,8.154999732971191,8.670000076293945,8.050000190734863,8.270000457763672,14090300.0,86.58000183105469,98.87000274658203,86.5199966430664,93.05000305175781,24865700.0,1607.52392578125,1732.254638671875,1606.4970703125,1732.254638671875,18546491876.0,319.19000244140625,323.8299865722656,318.3900146484375,321.75,53894000.0,21.5,22.579999923706055,20.760000228881836,21.149999618530273,0.0
2022-08-08,13.199999809265137,13.199999809265137,12.850000381469727,13.0,1400.0,23179.52734375,24203.689453125,23176.546875,23809.486328125,28575544847.0,15.279999732971191,15.779999732971191,14.25,14.430000305175781,19936600.0,8.770000457763672,9.109999656677246,8.579999923706055,8.710000038146973,16462200.0,97.83999633789062,103.55000305175781,93.80999755859375,98.0199966430664,18878700.0,1699.6934814453125,1806.886474609375,1697.407958984375,1775.51611328125,16841424404.0,322.69000244140625,326.4700012207031,319.2099914550781,320.7099914550781,43878500.0,21.739999771118164,22.010000228881836,20.829999923706055,21.290000915527344,0.0
2022-08-09,12.649999618530273,12.649999618530273,12.272000312805176,12.479999542236328,2400.0,23811.484375,23898.615234375,22982.0,23164.318359375,23555719219.0,14.010000228881836,14.949999809265137,13.34000015258789,14.109999656677246,16261100.0,8.520000457763672,8.524999618530273,7.789999961853027,8.145000457763672,15041000.0,93.88999938964844,93.88999938964844,85.5999984741211,87.68000030517578,17411400.0,1776.0712890625,1786.12255859375,1675.849853515625,1703.0250244140625,16368619692.0,318.7699890136719,319.0299987792969,315.4200134277344,317.0799865722656,39764200.0,21.40999984741211,22.229999542236328,21.40999984741211,21.770000457763672,0.0
2022-08-10,13.069999694824219,13.899999618530273,13.050000190734863,13.899999618530273,3400.0,23162.8984375,24127.4140625,22771.51953125,23947.642578125,32837431722.0,15.359999656677246,16.989999771118164,14.65999984741211,16.360000610351562,32584700.0,8.75,9.15999984741211,8.149999618530273,9.109999656677246,23196000.0,89.9800033569336,95.0,88.0,94.13999938964844,23818200.0,1702.906494140625,1869.400634765625,1665.0904541015625,1851.74267578125,23512477984.0,324.5899963378906,326.2300109863281,322.05999755859375,325.92999267578125,51459600.0,22.280000686645508,22.34000015258789,19.540000915527344,19.739999771118164,0.0
2022-08-11,14.890000343322754,15.3100004196167,14.170000076293945,14.25,3000.0,23948.345703125,24822.62890625,23900.99609375,23957.529296875,37127036580.0,17.719999313354492,18.8799991607666,16.809999465942383,17.190000534057617,29953900.0,9.850000381469727,10.519000053405762,9.369999885559082,9.520000457763672,29449000.0,97.25,98.69999694824219,82.30999755859375,84.0,23247300.0,1851.828369140625,1927.939208984375,1851.828369140625,1881.22412109375,23826986482.0,328.30999755859375,330.3599853515625,323.3599853515625,324.0799865722656,45897700.0,19.84000015258789,20.850000381469727,19.709999084472656,20.200000762939453,0.0
2022-08-12,14.34000015258789,15.130000114440918,14.199999809265137,15.130000114440918,5300.0,23957.203125,24412.56640625,23657.265625,24402.818359375,27265804688.0,17.25,18.299999237060547,16.389999389648438,18.239999771118164,17649100.0,9.5600004196167,10.050000190734863,9.170000076293945,9.930000305175781,15406500.0,85.2300033569336,92.4800033569336,83.29000091552734,90.48999786376953,13755200.0,1880.899169921875,1957.552978515625,1860.08349609375,1957.2464599609375,17168141904.0,326.17999267578125,330.5899963378906,325.1000061035156,330.3900146484375,40928400.0,20.34000015258789,20.350000381469727,19.1200008392334,19.530000686645508,0.0
2022-08-15,14.899999618530273,15.868000030517578,14.895000457763672,15.539999961853027,10500.0,24318.31640625,25135.58984375,23839.775390625,24136.97265625,35123501685.0,17.979999542236328,18.469999313354492,17.3799991607666,17.649999618530273,14104800.0,9.875,10.229999542236328,9.569999694824219,9.760000228881836,17073700.0,89.11000061035156,93.68000030517578,88.58999633789062,91.97000122070312,11001900.0,1936.760498046875,2007.2103271484375,1881.8568115234375,1904.2281494140625,20349931313.0,329.4200134277344,333.57000732421875,329.3999938964844,333.05999755859375,38266600.0,20.739999771118164,21.15999984741211,19.809999465942383,19.950000762939453,0.0
2022-08-16,15.079999923706055,15.079999923706055,14.630000114440918,14.65999984741211,2100.0,24126.13671875,24228.416015625,23733.5,23883.291015625,27753685646.0,17.549999237060547,17.809999465942383,16.270000457763672,16.8799991607666,17057400.0,9.539999961853027,9.789999961853027,8.800000190734863,9.170000076293945,19974000.0,90.55000305175781,95.5,84.23999786376953,90.38999938964844,17034400.0,1902.8331298828125,1910.745361328125,1862.2734375,1878.139404296875,15637578930.0,332.05999755859375,334.4200134277344,329.1600036621094,332.2799987792969,41186900.0,20.229999542236328,20.389999389648438,19.5,19.690000534057617,0.0
2022-08-17,14.329999923706055,14.329999923706055,13.380000114440918,13.449999809265137,5200.0,23881.31640625,24407.05859375,23243.353515625,23335.998046875,30931623076.0,16.299999237060547,16.670000076293945,15.300000190734863,15.449999809265137,17188500.0,8.949000358581543,9.0,8.210000038146973,8.350000381469727,16838100.0,87.51000213623047,88.63999938964844,84.7699966430664,85.44000244140625,10697900.0,1877.934326171875,1951.6756591796875,1823.5322265625,1832.9996337890625,20308508124.0,329.07000732421875,331.42999267578125,326.3599853515625,328.489990234375,47842200.0,19.739999771118164,20.6299991607666,19.40999984741211,19.899999618530273,0.0
2022-08-18,13.3100004196167,13.4399995803833,13.130000114440918,13.130000114440918,2400.0,23341.0390625,23563.83203125,23177.6015625,23212.73828125,23747613147.0,15.75,15.819999694824219,15.050000190734863,15.59000015258789,10602400.0,8.649999618530273,8.649999618530273,8.210000038146973,8.279999732971191,8857400.0,86.33000183105469,86.36000061035156,81.41999816894531,83.47000122070312,7923300.0,1833.715576171875,1876.376953125,1826.957763671875,1847.0078125,14999352229.0,328.44000244140625,330.489990234375,326.7900085449219,329.2799987792969,41937200.0,20.510000228881836,20.610000610351562,19.43000030517578,19.559999465942383,0.0
2022-08-19,12.520000457763672,12.520000457763672,11.699999809265137,11.720000267028809,5600.0,23213.3125,23213.3125,20868.84765625,20877.552734375,40509610260.0,13.880000114440918,14.359999656677246,13.050000190734863,13.180000305175781,16042600.0,7.579999923706055,7.800000190734863,7.21999979019165,7.25,14486300.0,76.0,78.25,74.01000213623047,74.05999755859375,13727900.0,1847.0953369140625,1847.0953369140625,1611.3388671875,1612.9873046875,25906358731.0,326.1700134277344,326.8399963378906,322.0799865722656,322.8599853515625,51770600.0,20.15999984741211,21.270000457763672,20.079999923706055,20.600000381469727,0.0
2022-08-22,11.270000457763672,11.414999961853027,11.15999984741211,11.192999839782715,2200.0,21531.462890625,21531.462890625,20939.18359375,21398.908203125,31666498758.0,12.619999885559082,13.470000267028809,12.529999732971191,12.930000305175781,11300100.0,6.949999809265137,7.2170000076293945,6.815000057220459,7.0,12456400.0,70.91000366210938,74.94000244140625,70.29000091552734,71.47000122070312,9082400.0,1619.1668701171875,1622.77880859375,1535.0147705078125,1622.505859375,18557078599.0,318.5,318.739990234375,313.5299987792969,314.3599853515625,51098900.0,22.40999984741211,24.6200008392334,22.389999389648438,23.799999237060547,0.0
2022-08-23,11.454999923706055,11.539999961853027,11.420000076293945,11.5,1700.0,21401.044921875,21646.203125,20955.138671875,21528.087890625,31878280659.0,13.1899995803833,14.380000114440918,13.029999732971191,13.710000038146973,15897400.0,7.019999980926514,7.570000171661377,7.019999980926514,7.099999904632568,11776200.0,71.94999694824219,76.41000366210938,70.5999984741211,71.18000030517578,9598300.0,1622.9393310546875,1666.676513671875,1569.4285888671875,1662.7698974609375,18322041914.0,314.1199951171875,317.0,313.3299865722656,314.1000061035156,39497100.0,24.1299991607666,24.209999084472656,23.06999969482422,24.110000610351562,0.0
2022-08-24,11.539999961853027,11.734000205993652,11.539999961853027,11.600000381469727,5300.0,21526.455078125,21783.076171875,21195.005859375,21395.01953125,31962253368.0,13.579999923706055,14.350000381469727,13.40999984741211,13.779999732971191,12283100.0,7.210000038146973,7.590000152587891,7.130000114440918,7.289999961853027,9891700.0,71.87999725341797,74.31999969482422,70.70999908447266,71.4800033569336,6675500.0,1662.6954345703125,1686.5577392578125,1610.0992431640625,1657.0592041015625,16780932907.0,313.6099853515625,316.8699951171875,312.989990234375,315.010009765625,38057100.0,24.3700008392334,24.860000610351562,22.729999542236328,22.81999969482422,0.0
2022-08-25,11.630000114440918,11.77299976348877,11.489999771118164,11.567999839782715,5400.0,21395.458984375,21789.63671875,21362.44140625,21600.904296875,31028679593.0,13.829999923706055,14.239999771118164,12.59000015258789,12.880000114440918,17280700.0,7.349999904632568,7.539999961853027,7.119999885559082,7.429999828338623,8564800.0,71.83999633789062,72.44999694824219,68.5199966430664,71.37000274658203,8563500.0,1657.3365478515625,1718.1832275390625,1656.8560791015625,1696.45703125,14818795695.0,316.8299865722656,320.6000061035156,315.760009765625,320.5799865722656,38098300.0,22.40999984741211,23.1299991607666,21.770000457763672,21.780000686645508,0.0
2022-08-26,11.329999923706055,11.329999923706055,10.755000114440918,10.755000114440918,2400.0,21596.0859375,21804.908203125,20199.482421875,20260.01953125,42326789564.0,13.210000038146973,13.279999732971191,11.25,11.350000381469727,20712100.0,7.5,7.554999828338623,6.769999980926514,6.789999961853027,13330800.0,71.70999908447266,71.80000305175781,65.33999633789062,66.73999786376953,9797300.0,1696.3245849609375,1698.56103515625,1498.771240234375,1507.7828369140625,26713710143.0,320.2799987792969,321.510009765625,307.3500061035156,307.44000244140625,69047700.0,22.06999969482422,25.899999618530273,21.670000076293945,25.559999465942383,0.0
2022-08-29,10.71500015258789,10.770000457763672,10.680000305175781,10.760000228881836,5800.0,19615.154296875,20357.462890625,19600.78515625,20297.994140625,32637854078.0,11.130000114440918,12.380000114440918,11.09000015258789,11.8100004196167,14423400.0,6.619999885559082,7.184999942779541,6.590000152587891,6.96999979019165,10890700.0,65.51000213623047,69.4000015258789,65.45999908447266,66.33999633789062,7944100.0,1430.439453125,1556.3095703125,1427.7283935546875,1553.037353515625,17965837488.0,304.6199951171875,307.2200012207031,303.2799987792969,304.4100036621094,48321900.0,26.860000610351562,27.670000076293945,25.469999313354492,26.209999084472656,0.0
2022-08-30,10.472000122070312,10.607000350952148,10.472000122070312,10.607000350952148,1000.0,20298.611328125,20542.64453125,19617.640625,19796.80859375,34483360283.0,11.989999771118164,12.170000076293945,11.020000457763672,11.529999732971191,12817200.0,7.03000020980835,7.21999979019165,6.605000019073486,6.889999866485596,10393300.0,67.97000122070312,69.44999694824219,64.62999725341797,67.02999877929688,8293500.0,1553.18896484375,1600.461181640625,1480.831787109375,1523.8388671875,21835784470.0,306.1000061035156,306.7300109863281,298.44000244140625,301.0199890136719,51184500.0,25.75,27.690000534057617,25.1299991607666,26.209999084472656,0.0
2022-08-31,10.920000076293945,10.920000076293945,10.8100004196167,10.8100004196167,5600.0,19799.58203125,20420.990234375,19799.58203125,20049.763671875,33225232872.0,11.680000305175781,12.239999771118164,11.420000076293945,11.850000381469727,11566000.0,6.940000057220459,7.269999980926514,6.849999904632568,7.170000076293945,12051700.0,68.69999694824219,70.37999725341797,66.66000366210938,66.80000305175781,6707900.0,1524.2864990234375,1612.35888671875,1524.2864990234375,1553.6849365234375,20591680941.0,303.989990234375,304.9100036621094,299.1600036621094,299.2699890136719,50044000.0,25.860000610351562,26.6200008392334,25.309999465942383,25.8700008392334,0.0
2022-09-01,10.460000038146973,10.470000267028809,10.09000015258789,10.25,9400.0,20050.498046875,20198.390625,19653.96875,20127.140625,30182031010.0,11.479999542236328,11.6899995803833,10.720000267028809,11.510000228881836,10899800.0,6.960000038146973,7.059999942779541,6.510000228881836,6.849999904632568,10871900.0,65.55000305175781,65.98999786376953,61.90999984741211,65.52999877929688,8046600.0,1553.75634765625,1593.082763671875,1520.1883544921875,1586.1767578125,16434276817.0,296.7200012207031,299.7799987792969,292.95001220703125,299.3999938964844,57990700.0,26.8799991607666,27.450000762939453,25.25,25.559999465942383,0.0
2022-09-02,10.270000457763672,10.380000114440918,10.130000114440918,10.130000114440918,2900.0,20126.072265625,20401.568359375,19814.765625,19969.771484375,29123998928.0,11.8100004196167,11.899999618530273,10.989999771118164,11.380000114440918,13466200.0,7.0,7.059999942779541,6.550000190734863,6.630000114440918,11208600.0,67.70999908447266,68.13999938964844,63.81999969482422,65.26000213623047,6392800.0,1586.0179443359375,1643.1832275390625,1551.8779296875,1577.220458984375,17708478709.0,302.3399963378906,303.75,293.5199890136719,295.1700134277344,64666800.0,25.510000228881836,26.280000686645508,23.190000534057617,25.469999313354492,0.0
2022-09-06,9.84000015258789,10.020000457763672,9.619999885559082,9.630000114440918,8800.0,19817.724609375,20155.26953125,18800.171875,18837.66796875,43403978910.0,11.399999618530273,12.100000381469727,10.729999542236328,11.119999885559082,18766000.0,6.659999847412109,6.869999885559082,6.28000020980835,6.400000095367432,16663700.0,65.55999755859375,66.87999725341797,62.599998474121094,62.779998779296875,7478100.0,1617.240234375,1680.5953369140625,1561.74853515625,1561.74853515625,22946059125.0,295.6600036621094,296.6000061035156,290.8699951171875,293.04998779296875,57005400.0,25.459999084472656,27.799999237060547,25.329999923706055,26.90999984741211,0.0
2022-09-07,9.489999771118164,9.819999694824219,9.460000038146973,9.819999694824219,4600.0,18837.68359375,19427.171875,18644.466796875,19290.32421875,35239757134.0,10.949999809265137,11.699999809265137,10.819999694824219,11.680000305175781,12185500.0,6.309999942779541,6.579999923706055,6.150000095367432,6.550000190734863,11032900.0,62.0,68.7699966430664,61.83000183105469,68.25,8408400.0,1560.90673828125,1651.0511474609375,1500.013671875,1629.9063720703125,19560363854.0,293.5400085449219,299.989990234375,293.2699890136719,298.9700012207031,49260400.0,26.93000030517578,27.149999618530273,24.540000915527344,24.639999389648438,0.0
2022-09-08,9.789999961853027,10.38599967956543,9.789999961853027,10.38599967956543,2300.0,19289.94140625,19417.3515625,19076.71484375,19329.833984375,32194477850.0,11.4399995803833,13.279999732971191,11.300000190734863,13.260000228881836,19147800.0,6.46999979019165,7.489999771118164,6.349999904632568,7.460000038146973,19282900.0,66.36000061035156,73.33000183105469,65.5,73.08000183105469,9241500.0,1629.80517578125,1655.0640869140625,1603.0638427734375,1635.34765625,17621046717.0,296.8500061035156,301.8699951171875,295.45001220703125,300.5199890136719,55649800.0,24.700000762939453,25.899999618530273,23.559999465942383,23.610000610351562,0.0
2022-09-09,10.829999923706055,11.260000228881836,10.829999923706055,11.25,4400.0,19328.140625,21439.41015625,19310.962890625,21381.15234375,48469528171.0,14.079999923706055,14.550000190734863,13.670000076293945,14.15999984741211,22814400.0,8.0,8.329999923706055,7.85099983215332,8.260000228881836,16446700.0,78.19999694824219,81.04000091552734,75.1500015258789,80.87000274658203,15357100.0,1635.187744140625,1735.809814453125,1632.8365478515625,1719.08544921875,20242323690.0,302.8299865722656,307.6000061035156,300.5199890136719,307.0899963378906,56125200.0,23.489999771118164,23.56999969482422,22.639999389648438,22.790000915527344,0.0
2022-09-12,11.710000038146973,11.8100004196167,11.244999885559082,11.420000076293945,5700.0,21770.1484375,22439.181640625,21603.896484375,22370.44921875,50212088965.0,14.670000076293945,15.149999618530273,13.880000114440918,14.430000305175781,19467800.0,8.510000228881836,8.670000076293945,8.149999618530273,8.470000267028809,14061400.0,82.5999984741211,84.58000183105469,80.5999984741211,82.55000305175781,12554900.0,1762.0848388671875,1778.1634521484375,1698.29345703125,1713.7652587890625,17688391310.0,308.5,311.0799865722656,308.17999267578125,310.739990234375,45905700.0,23.579999923706055,24.229999542236328,23.15999984741211,23.8700008392334,0.0
2022-09-13,10.663000106811523,10.6899995803833,10.420000076293945,10.420000076293945,3100.0,22371.48046875,22673.8203125,20062.669921875,20296.70703125,51091116622.0,13.050000190734863,13.649999618530273,12.800000190734863,12.819999694824219,14978700.0,7.699999809265137,8.159000396728516,7.599999904632568,7.630000114440918,12389800.0,75.33999633789062,78.08999633789062,74.3499984741211,75.25,11235300.0,1713.9625244140625,1745.779052734375,1564.0318603515625,1580.7879638671875,23066821734.0,301.79998779296875,303.0199890136719,292.7900085449219,293.70001220703125,79562200.0,23.670000076293945,28.149999618530273,23.530000686645508,27.270000457763672,0.0
2022-09-14,10.359000205993652,10.489999771118164,10.279999732971191,10.416999816894531,9700.0,20184.5546875,20467.201171875,19793.396484375,20241.08984375,37872380889.0,12.880000114440918,13.050000190734863,12.40999984741211,12.600000381469727,9742100.0,7.619999885559082,7.664999961853027,7.400000095367432,7.559999942779541,9128100.0,75.30000305175781,79.19999694824219,74.11000061035156,78.69999694824219,10840700.0,1574.858154296875,1642.1572265625,1564.0318603515625,1634.7550048828125,17897150206.0,294.8699951171875,296.92999267578125,293.05999755859375,296.0299987792969,54907200.0,26.729999542236328,27.559999465942383,26.15999984741211,26.15999984741211,0.0
2022-09-15,10.399999618530273,10.420000076293945,10.166999816894531,10.170000076293945,2600.0,20242.2890625,20318.166015625,19636.734375,19701.2109375,36389011503.0,12.399999618530273,13.170000076293945,12.050000190734863,12.069999694824219,13775000.0,7.449999809265137,7.96999979019165,7.310999870300293,7.380000114440918,10339800.0,77.62999725341797,82.0,76.62999725341797,77.2300033569336,10950100.0,1635.0830078125,1648.9456787109375,1466.139404296875,1471.6934814453125,26946275878.0,294.07000732421875,296.5299987792969,289.4599914550781,291.1000061035156,65299400.0,26.100000381469727,26.93000030517578,25.420000076293945,26.270000457763672,0.0
2022-09-16,9.838000297546387,9.949999809265137,9.760000228881836,9.949999809265137,4100.0,19704.005859375,19870.62890625,19400.076171875,19772.583984375,30123362273.0,11.699999809265137,11.720000267028809,10.90999984741211,10.920000076293945,14387900.0,7.199999809265137,7.199999809265137,6.630000114440918,6.644999980926514,15063900.0,75.1500015258789,76.37000274658203,73.5999984741211,74.0,17089000.0,1471.9283447265625,1480.564208984375,1415.581298828125,1432.44775390625,16764804299.0,287.7200012207031,289.7200012207031,285.6199951171875,289.32000732421875,79920400.0,27.469999313354492,28.450000762939453,26.139999389648438,26.299999237060547,0.0
2022-09-19,9.75,9.75,9.420000076293945,9.59000015258789,1400.0,19418.572265625,19639.48046875,18390.318359375,19544.12890625,40177002624.0,10.4399995803833,11.050000190734863,10.390000343322754,10.869999885559082,13102600.0,6.449999809265137,6.699999809265137,6.360000133514404,6.519999980926514,10978900.0,71.87999725341797,72.54000091552734,67.0,69.93000030517578,13135300.0,1335.270751953125,1388.272216796875,1287.4208984375,1377.5413818359375,18712714223.0,286.1000061035156,291.2099914550781,286.0400085449219,291.04998779296875,52613800.0,27.690000534057617,27.950000762939453,25.559999465942383,25.760000228881836,0.0
2022-09-20,9.270000457763672,9.270000457763672,9.180000305175781,9.1899995803833,900.0,19545.591796875,19602.45703125,18813.455078125,18890.7890625,36791346508.0,10.59000015258789,10.850000381469727,10.229999542236328,10.260000228881836,10026000.0,6.460000038146973,6.5,6.179999828338623,6.21999979019165,8247800.0,68.08999633789062,69.80000305175781,66.16999816894531,67.94000244140625,7974500.0,1377.6190185546875,1381.9656982421875,1319.201416015625,1324.38818359375,14722317220.0,288.489990234375,291.07000732421875,286.3800048828125,288.7300109863281,51271100.0,25.649999618530273,27.809999465942383,25.610000610351562,27.15999984741211,0.0
2022-09-21,9.449999809265137,9.550000190734863,9.210000038146973,9.21399974822998,15600.0,18891.283203125,19674.630859375,18290.314453125,18547.400390625,46363793975.0,10.399999618530273,11.569999694824219,10.220000267028809,10.850000381469727,21457100.0,6.230000019073486,6.809999942779541,6.150000095367432,6.369999885559082,13734200.0,68.9000015258789,72.23999786376953,67.43000030517578,67.63999938964844,12344600.0,1324.215576171875,1384.4769287109375,1229.4267578125,1252.6077880859375,20643507800.0,289.5899963378906,293.95001220703125,283.4200134277344,283.55999755859375,82931000.0,28.030000686645508,30.18000030517578,25.549999237060547,27.989999771118164,0.0
2022-09-22,9.199999809265137,9.199999809265137,8.800000190734863,8.944000244140625,30700.0,18534.650390625,19456.91015625,18415.591796875,19413.55078125,41135767926.0,10.630000114440918,10.960000038146973,10.079999923706055,10.520000457763672,10893900.0,6.369999885559082,6.440000057220459,6.085000038146973,6.340000152587891,8953300.0,67.4000015258789,68.9800033569336,62.310001373291016,62.939998626708984,11156900.0,1251.5673828125,1336.1578369140625,1240.96826171875,1327.68017578125,18461527259.0,282.0,283.0299987792969,278.82000732421875,280.07000732421875,62757100.0,28.15999984741211,28.3799991607666,26.709999084472656,27.350000381469727,0.0
2022-09-23,8.699999809265137,8.760000228881836,8.470000267028809,8.510000228881836,5500.0,19412.400390625,19464.671875,18617.552734375,19297.638671875,38896078052.0,9.989999771118164,10.140000343322754,9.359999656677246,9.470000267028809,16445100.0,6.010000228881836,6.34499979019165,5.921999931335449,6.329999923706055,8991800.0,61.560001373291016,63.150001525878906,59.43000030517578,61.880001068115234,10932900.0,1327.481201171875,1353.288330078125,1270.1983642578125,1328.259521484375,18771106339.0,277.54998779296875,277.8500061035156,272.0199890136719,275.510009765625,74815200.0,27.68000030517578,32.310001373291016,27.579999923706055,29.920000076293945,0.0
2022-09-26,8.470000267028809,8.779999732971191,8.399999618530273,8.399999618530273,4500.0,18803.900390625,19274.873046875,18721.28515625,19222.671875,44148798321.0,9.619999885559082,10.220000267028809,9.520000457763672,9.609999656677246,13707100.0,6.420000076293945,6.985000133514404,6.400000095367432,6.699999809265137,10034200.0,62.97999954223633,66.33000183105469,62.18000030517578,62.279998779296875,9562600.0,1294.3861083984375,1335.5263671875,1282.04931640625,1335.3201904296875,16034549271.0,275.0299987792969,279.489990234375,273.55999755859375,274.3699951171875,71176700.0,31.739999771118164,32.880001068115234,29.829999923706055,32.2599983215332,0.0
2022-09-27,8.84000015258789,8.84000015258789,8.449999809265137,8.539999961853027,17700.0,19221.83984375,20338.455078125,18915.66796875,19110.546875,58571439619.0,10.369999885559082,10.640000343322754,9.600000381469727,9.869999885559082,19299400.0,7.019999980926514,7.150000095367432,6.551000118255615,6.829999923706055,12296100.0,65.29000091552734,67.55000305175781,61.880001068115234,63.04999923706055,11860500.0,1335.3370361328125,1396.8914794921875,1308.991455078125,1330.127685546875,17870598937.0,277.80999755859375,280.2099914550781,272.1099853515625,274.4800109863281,69780100.0,31.200000762939453,34.13999938964844,30.299999237060547,32.599998474121094,0.0
2022-09-28,8.802000045776367,8.99899959564209,8.800000190734863,8.99899959564209,7000.0,19104.62109375,19688.34375,18553.296875,19426.720703125,53071298734.0,9.8100004196167,11.020000457763672,9.770000457763672,10.949999809265137,19269000.0,6.71999979019165,7.40500020980835,6.681000232696533,7.340000152587891,10178400.0,62.79999923706055,67.73999786376953,62.7599983215332,67.30999755859375,8482700.0,1329.5413818359375,1351.9644775390625,1267.8692626953125,1337.410888671875,18994979566.0,274.4599914550781,281.25,272.95001220703125,279.94000244140625,79652100.0,34.5,34.880001068115234,30.030000686645508,30.18000030517578,0.0
2022-09-29,8.505000114440918,8.630000114440918,8.505000114440918,8.630000114440918,3600.0,19427.779296875,19589.265625,18924.353515625,19573.05078125,41037843771.0,10.510000228881836,10.800000190734863,10.050000190734863,10.770000457763672,12878300.0,7.03000020980835,7.130000114440918,6.699999809265137,7.090000152587891,8883300.0,64.62000274658203,65.02999877929688,60.2599983215332,61.939998626708984,11492100.0,1337.554443359375,1348.107666015625,1293.193359375,1335.65234375,13796915736.0,275.8599853515625,276.25,268.8399963378906,271.8699951171875,81216000.0,31.670000076293945,33.459999084472656,31.15999984741211,31.84000015258789,0.0
2022-09-30,8.494999885559082,9.074999809265137,8.475000381469727,8.569999694824219,3600.0,19573.431640625,20109.849609375,19265.662109375,19431.7890625,43975248085.0,10.770000457763672,11.829999923706055,10.470000267028809,10.710000038146973,20135100.0,6.960000038146973,7.639999866485596,6.880000114440918,7.010000228881836,12754100.0,61.25,67.58999633789062,61.06999969482422,64.48999786376953,10210300.0,1335.646484375,1368.743408203125,1320.3831787109375,1327.9786376953125,14250100093.0,271.0299987792969,275.19000244140625,267.1000061035156,267.260009765625,78482400.0,31.610000610351562,33.25,29.389999389648438,31.6200008392334,0.0
2022-10-03,8.640000343322754,8.829999923706055,8.579999923706055,8.75,2000.0,19044.068359375,19653.54296875,19025.2265625,19623.580078125,30484729489.0,10.949999809265137,11.329999923706055,10.390000343322754,11.079999923706055,16559000.0,7.070000171661377,7.26800012588501,6.860000133514404,7.190000057220459,9449400.0,64.94999694824219,67.86000061035156,61.91999816894531,65.94999694824219,10949200.0,1276.1634521484375,1326.554443359375,1271.15087890625,1323.439208984375,10153070907.0,269.07000732421875,275.1600036621094,267.5299987792969,273.5299987792969,61267400.0,33.0,33.060001373291016,29.6299991607666,30.100000381469727,0.0
2022-10-04,9.25,9.449999809265137,9.194999694824219,9.40999984741211,4700.0,19623.583984375,20380.34375,19523.83984375,20336.84375,35887278685.0,11.789999961853027,12.989999771118164,11.779999732971191,12.880000114440918,22364700.0,7.539999961853027,7.775000095367432,7.315000057220459,7.590000152587891,12475400.0,69.08999633789062,74.62999725341797,69.08000183105469,74.5,11881400.0,1323.2783203125,1364.970947265625,1320.07666015625,1362.1265869140625,10139774963.0,278.989990234375,282.8500061035156,278.989990234375,282.1300048828125,66696900.0,29.520000457763672,29.6200008392334,28.559999465942383,29.06999969482422,0.0
2022-10-05,9.149999618530273,9.3149995803833,9.0600004196167,9.3149995803833,7900.0,20335.900390625,20343.748046875,19801.80078125,20160.716796875,33223790572.0,12.289999961853027,12.920000076293945,11.960000038146973,12.84000015258789,16236100.0,7.389999866485596,7.409999847412109,6.980000019073486,7.25,9076000.0,71.80000305175781,73.4800033569336,69.27999877929688,72.97000122070312,9222700.0,1361.972900390625,1362.4517822265625,1320.8551025390625,1352.837158203125,9774451820.0,278.2799987792969,283.80999755859375,275.4200134277344,281.9800109863281,55766300.0,29.360000610351562,30.110000610351562,28.5,28.549999237060547,0.0
2022-10-06,9.489999771118164,9.489999771118164,9.189000129699707,9.189000129699707,5500.0,20161.0390625,20408.392578125,19900.087890625,19955.443359375,34711412966.0,12.869999885559082,13.789999961853027,12.789999961853027,13.100000381469727,16076200.0,7.230000019073486,7.5,7.059999942779541,7.159999847412109,9599100.0,73.06999969482422,76.27999877929688,71.33999633789062,73.91000366210938,11103700.0,1352.806640625,1380.4049072265625,1349.449951171875,1351.70947265625,12033514861.0,280.9599914550781,284.17999267578125,279.42999267578125,279.760009765625,53489400.0,28.600000381469727,30.739999771118164,28.559999465942383,30.520000457763672,0.0
2022-10-07,8.850000381469727,8.850000381469727,8.220000267028809,8.220000267028809,500.0,19957.55859375,20041.0859375,19395.79296875,19546.849609375,29227315390.0,12.5,12.800000190734863,11.010000228881836,11.210000038146973,14869400.0,6.980000019073486,6.980000019073486,6.440000057220459,6.565000057220459,7812400.0,70.8499984741211,71.0999984741211,65.5,67.0,11427900.0,1351.83642578125,1359.328125,1321.74609375,1332.5169677734375,10061619355.0,275.0199890136719,275.1499938964844,267.739990234375,269.1000061035156,71354700.0,30.3700008392334,32.02000045776367,29.8799991607666,31.360000610351562,0.0
2022-10-10,8.329999923706055,8.329999923706055,7.619999885559082,7.76800012588501,3500.0,19446.416015625,19515.466796875,19102.978515625,19141.484375,27425022774.0,11.050000190734863,11.3100004196167,10.329999923706055,10.760000228881836,9728000.0,6.570000171661377,6.610000133514404,6.199999809265137,6.389999866485596,5396300.0,67.58000183105469,69.26000213623047,65.43000030517578,67.04000091552734,7714000.0,1322.61865234375,1335.6627197265625,1291.337646484375,1291.337646484375,8794491050.0,269.29998779296875,269.70001220703125,263.6400146484375,266.4100036621094,60393000.0,32.93000030517578,33.9900016784668,32.04999923706055,32.45000076293945,0.0
2022-10-11,7.75,7.75,7.489999771118164,7.489999771118164,1000.0,19139.0,19241.9609375,18925.603515625,19051.41796875,28711532910.0,10.739999771118164,10.949999809265137,10.039999961853027,10.460000038146973,12125900.0,6.300000190734863,6.449999809265137,5.960000038146973,6.190000057220459,7776100.0,67.61000061035156,72.69000244140625,65.02999877929688,70.16000366210938,17705600.0,1291.109619140625,1296.27392578125,1272.7376708984375,1279.57568359375,9274845260.0,264.70001220703125,267.6300048828125,261.0299987792969,262.75,66522500.0,33.560001373291016,34.43000030517578,32.45000076293945,33.630001068115234,0.0
2022-10-12,7.579999923706055,7.579999923706055,7.289999961853027,7.420000076293945,3300.0,19052.646484375,19203.19921875,19029.7578125,19157.4453125,24950173846.0,10.329999923706055,10.619999885559082,9.90999984741211,10.420000076293945,10334500.0,6.170000076293945,6.284999847412109,5.9720001220703125,6.139999866485596,8161800.0,69.73999786376953,71.8499984741211,67.81999969482422,69.94999694824219,8998900.0,1279.7322998046875,1303.0751953125,1277.5274658203125,1294.9063720703125,8355638578.0,263.3999938964844,265.3599853515625,261.95001220703125,262.6600036621094,50580200.0,33.540000915527344,34.529998779296875,33.11000061035156,33.56999969482422,0.0
2022-10-13,7.110000133514404,7.619999885559082,7.070000171661377,7.619999885559082,3200.0,19156.966796875,19453.328125,18319.822265625,19382.904296875,44219840004.0,9.59000015258789,11.289999961853027,9.460000038146973,11.220000267028809,19672200.0,5.71999979019165,6.429999828338623,5.539999961853027,6.389999866485596,12928100.0,63.65999984741211,69.62999725341797,61.060001373291016,69.26000213623047,18342000.0,1294.9173583984375,1297.564208984375,1209.2781982421875,1288.1239013671875,17499038202.0,255.16000366210938,270.1700134277344,254.25999450683594,268.82000732421875,112894100.0,33.599998474121094,33.869998931884766,31.6299991607666,31.940000534057617,0.0
2022-10-14,7.179999828338623,7.179999828338623,7.130000114440918,7.130000114440918,2400.0,19382.533203125,19889.146484375,19115.408203125,19185.65625,38452356727.0,11.479999542236328,11.75,10.260000228881836,10.300000190734863,15612000.0,6.489999771118164,6.610000133514404,5.730000019073486,5.760000228881836,9923400.0,71.8499984741211,73.79000091552734,63.380001068115234,63.59000015258789,13711600.0,1288.0487060546875,1339.7447509765625,1285.3782958984375,1297.422119140625,13113767755.0,271.20001220703125,271.80999755859375,260.1400146484375,260.739990234375,77244300.0,31.889999389648438,32.97999954223633,31.139999389648438,32.02000045776367,0.0
2022-10-17,7.554999828338623,7.5980000495910645,7.440000057220459,7.440000057220459,1400.0,19268.5625,19635.802734375,19173.333984375,19550.7578125,27472552998.0,10.850000381469727,11.9399995803833,10.84000015258789,11.6899995803833,19014800.0,6.010000228881836,6.249000072479248,6.010000228881836,6.039999961853027,7718500.0,66.4800033569336,70.94999694824219,66.33999633789062,69.16999816894531,11263300.0,1306.3095703125,1335.6478271484375,1297.447265625,1331.713623046875,9401189650.0,266.8399963378906,270.239990234375,266.739990234375,269.3500061035156,64576500.0,32.27000045776367,32.59000015258789,30.700000762939453,31.3700008392334,0.0
2022-10-18,7.409999847412109,7.409999847412109,7.230000019073486,7.230000019073486,700.0,19550.466796875,19666.994140625,19144.76953125,19334.416015625,30580012344.0,12.34000015258789,12.520000457763672,11.109999656677246,11.380000114440918,16526600.0,6.300000190734863,6.40500020980835,5.829999923706055,5.869999885559082,8974900.0,72.9000015258789,73.9000015258789,65.30000305175781,66.20999908447266,13874700.0,1331.669921875,1339.0859375,1291.66064453125,1310.447021484375,10416747806.0,276.5299987792969,277.2099914550781,268.739990234375,271.4800109863281,69781000.0,31.100000381469727,31.93000030517578,30.420000076293945,30.5,0.0
2022-10-19,7.060999870300293,7.066999912261963,7.03000020980835,7.03000020980835,3900.0,19335.02734375,19348.416015625,19127.6875,19139.53515625,22425387184.0,11.25,11.65999984741211,10.84000015258789,11.069999694824219,13156300.0,5.820000171661377,5.889999866485596,5.610000133514404,5.670000076293945,8018300.0,64.81999969482422,66.88999938964844,62.54999923706055,63.189998626708984,8601100.0,1310.5631103515625,1312.4423828125,1283.96533203125,1285.7442626953125,8350692785.0,269.92999267578125,273.67999267578125,268.07000732421875,270.489990234375,53115400.0,30.940000534057617,31.899999618530273,30.760000228881836,30.760000228881836,0.0
2022-10-20,7.204999923706055,7.204999923706055,6.920000076293945,6.920000076293945,700.0,19138.0859375,19315.19921875,18971.458984375,19053.740234375,24493974420.0,10.699999809265137,11.65999984741211,10.600000381469727,10.920000076293945,11439800.0,5.614999771118164,5.929999828338623,5.570000171661377,5.579999923706055,6953300.0,63.13999938964844,67.43000030517578,62.70000076293945,63.59000015258789,8938700.0,1285.6602783203125,1307.8551025390625,1275.323974609375,1283.200927734375,9009111996.0,269.5799865722656,274.8399963378906,267.9200134277344,269.1099853515625,60605500.0,31.299999237060547,31.31999969482422,29.760000228881836,29.979999542236328,0.0
2022-10-21,6.789999961853027,7.070000171661377,6.670000076293945,7.070000171661377,9700.0,19053.203125,19237.384765625,18770.970703125,19172.46875,32459287866.0,10.789999961853027,11.739999771118164,10.5600004196167,11.699999809265137,14830700.0,5.519999980926514,5.849999904632568,5.380000114440918,5.829999923706055,7585200.0,63.400001525878906,66.62999725341797,61.70000076293945,66.37999725341797,9156400.0,1283.1881103515625,1305.081298828125,1260.666748046875,1299.9464111328125,10412565245.0,267.9800109863281,275.9700012207031,266.82000732421875,275.4200134277344,77897700.0,30.209999084472656,30.440000534057617,29.239999771118164,29.690000534057617,0.0
2022-10-24,7.090000152587891,7.099999904632568,6.920000076293945,7.099999904632568,5500.0,19567.76953125,19589.125,19206.32421875,19345.572265625,30202235805.0,11.720000267028809,12.989999771118164,11.449999809265137,12.899999618530273,17318000.0,5.829999923706055,6.139999866485596,5.579999923706055,6.050000190734863,9463600.0,67.4000015258789,68.1500015258789,63.68000030517578,66.38999938964844,8111700.0,1363.4918212890625,1368.425537109375,1327.85400390625,1344.99853515625,13092820173.0,275.69000244140625,279.3999938964844,271.9700012207031,278.45001220703125,63963600.0,30.649999618530273,30.950000762939453,29.780000686645508,29.850000381469727,0.0
2022-10-25,7.099999904632568,8.079999923706055,7.099999904632568,8.079999923706055,13100.0,19344.96484375,20348.412109375,19261.447265625,20095.857421875,47761524910.0,12.949999809265137,14.9399995803833,12.779999732971191,14.760000228881836,24644600.0,6.019999980926514,7.050000190734863,6.019999980926514,7.010000228881836,14727300.0,67.01000213623047,75.4000015258789,66.95999908447266,75.05000305175781,14446900.0,1344.7113037109375,1509.9854736328125,1336.9788818359375,1461.6654052734375,25367291294.0,279.4100036621094,284.6000061035156,277.8999938964844,284.2099914550781,59014500.0,29.799999237060547,30.0,28.219999313354492,28.459999084472656,0.0
2022-10-26,8.329999923706055,8.732000350952148,8.229999542236328,8.229999542236328,14300.0,20092.236328125,20938.134765625,20076.1171875,20770.44140625,58895950537.0,14.489999771118164,15.619999885559082,13.75,13.789999961853027,28316200.0,6.849999904632568,7.675000190734863,6.820000171661377,7.059999942779541,19476300.0,75.27999877929688,78.29000091552734,73.0999984741211,73.80999755859375,14102500.0,1461.1331787109375,1584.63671875,1460.4287109375,1566.566650390625,32705548427.0,278.4599914550781,283.9800109863281,277.42999267578125,277.92999267578125,63492400.0,28.440000534057617,28.520000457763672,27.270000457763672,27.280000686645508,0.0
2022-10-27,8.149999618530273,8.15999984741211,7.699999809265137,7.699999809265137,20100.0,20772.802734375,20854.044921875,20255.373046875,20285.8359375,49625110402.0,14.220000267028809,14.550000190734863,13.5,13.649999618530273,17465400.0,7.230000019073486,7.349999904632568,6.824999809265137,6.840000152587891,11737600.0,74.51000213623047,75.6500015258789,71.51000213623047,72.47000122070312,5967600.0,1566.8414306640625,1574.4034423828125,1510.8167724609375,1514.3748779296875,22813499245.0,276.7900085449219,278.2799987792969,272.3399963378906,272.8699951171875,57760300.0,27.510000228881836,27.670000076293945,26.940000534057617,27.389999389648438,0.0
2022-10-28,7.710000038146973,7.869999885559082,7.710000038146973,7.860000133514404,12400.0,20287.95703125,20724.98046875,20086.068359375,20595.3515625,43994715910.0,13.770000457763672,14.239999771118164,13.109999656677246,13.850000381469727,17732600.0,6.849999904632568,7.070000171661377,6.630000114440918,7.050000190734863,10109500.0,72.0,73.72000122070312,69.3499984741211,72.06999969482422,7372100.0,1514.3231201171875,1568.6339111328125,1493.87109375,1555.4779052734375,19974623205.0,272.2300109863281,281.70001220703125,272.05999755859375,281.2200012207031,62651300.0,27.43000030517578,27.59000015258789,25.75,25.75,0.0
2022-10-31,7.670000076293945,7.670000076293945,7.590000152587891,7.590000152587891,500.0,20633.6953125,20795.3203125,20287.458984375,20495.7734375,45668466815.0,13.869999885559082,14.119999885559082,13.020000457763672,13.109999656677246,14695100.0,7.050000190734863,7.130000114440918,6.769999980926514,6.889999866485596,7764000.0,72.37000274658203,74.6500015258789,66.1500015258789,66.25,10648400.0,1590.4813232421875,1630.452880859375,1555.9189453125,1572.7144775390625,19306919714.0,278.9200134277344,279.760009765625,275.989990234375,277.95001220703125,47742000.0,26.90999984741211,27.06999969482422,25.84000015258789,25.8799991607666,0.0
2022-11-01,7.650000095367432,7.650000095367432,7.329999923706055,7.329999923706055,2800.0,20494.8984375,20647.2890625,20359.845703125,20485.2734375,39819303159.0,13.449999809265137,13.579999923706055,12.1899995803833,12.220000267028809,14802500.0,7.110000133514404,7.150000095367432,6.449999809265137,6.449999809265137,8151200.0,69.0,69.70999908447266,63.130001068115234,63.290000915527344,8238200.0,1572.6453857421875,1606.605712890625,1568.0985107421875,1579.70458984375,14507311208.0,281.5,282.07000732421875,274.739990234375,275.1099853515625,45895900.0,25.959999084472656,26.350000381469727,25.65999984741211,25.809999465942383,0.0
2022-11-02,7.449999809265137,7.449999809265137,6.929999828338623,6.940000057220459,18400.0,20482.958984375,20742.810546875,20087.134765625,20159.50390625,55552169483.0,12.149999618530273,12.279999732971191,10.850000381469727,10.920000076293945,22105700.0,6.46999979019165,6.519999980926514,5.849999904632568,5.869999885559082,13266200.0,63.400001525878906,66.20999908447266,60.54999923706055,60.709999084472656,12700900.0,1579.4979248046875,1613.41064453125,1507.2447509765625,1519.7117919921875,23254218281.0,275.0799865722656,278.2099914550781,265.6099853515625,265.67999267578125,79803100.0,26.040000915527344,26.6200008392334,25.389999389648438,25.860000610351562,0.0
2022-11-03,6.980000019073486,6.980000019073486,6.800000190734863,6.800000190734863,3200.0,20162.689453125,20382.095703125,20086.240234375,20209.98828125,43228750179.0,10.899999618530273,11.529999732971191,10.5,10.510000228881836,16103400.0,5.78000020980835,5.985000133514404,5.5,5.510000228881836,11348000.0,59.400001525878906,61.880001068115234,55.75,55.79999923706055,14238800.0,1519.724853515625,1556.7596435546875,1517.1016845703125,1531.541748046875,14248351007.0,263.010009765625,264.5,260.1000061035156,260.489990234375,70038900.0,25.979999542236328,26.8700008392334,25.100000381469727,25.299999237060547,0.0
2022-11-04,7.210000038146973,7.210000038146973,6.925000190734863,6.980000019073486,3800.0,20208.76953125,21209.560546875,20188.01953125,21147.23046875,64072727950.0,11.279999732971191,11.449999809265137,10.300000190734863,10.84000015258789,25150800.0,5.84499979019165,5.940999984741211,5.489999771118164,5.789999961853027,16705800.0,60.400001525878906,63.43000030517578,56.400001525878906,58.81999969482422,18901400.0,1531.3975830078125,1661.334716796875,1529.2684326171875,1645.0933837890625,20806964347.0,265.5299987792969,266.6099853515625,259.0799865722656,264.67999267578125,78313200.0,25.6299991607666,25.709999084472656,24.0,24.549999237060547,0.0
2022-11-07,7.0,7.0,6.880000114440918,6.980000019073486,1800.0,20924.62109375,21053.24609375,20489.97265625,20602.81640625,53510852236.0,10.930000305175781,10.970000267028809,10.050000190734863,10.5,14330300.0,5.835000038146973,5.869999885559082,5.571000099182129,5.75,8103700.0,60.0,60.9900016784668,54.220001220703125,56.970001220703125,13659100.0,1572.0169677734375,1604.475341796875,1550.41552734375,1568.59130859375,15279963349.0,265.75,268.1400146484375,263.57000732421875,267.5899963378906,47333800.0,25.670000076293945,25.670000076293945,24.34000015258789,24.350000381469727,0.0
2022-11-08,6.800000190734863,6.860000133514404,6.5,6.590000152587891,13400.0,20600.671875,20664.607421875,17603.544921875,18541.271484375,118992465607.0,9.979999542236328,10.649999618530273,9.199999809265137,9.960000038146973,32449600.0,5.340000152587891,5.809999942779541,4.960000038146973,5.329999923706055,27140200.0,54.5,58.45000076293945,47.689998626708984,50.83000183105469,61868200.0,1568.32958984375,1574.7998046875,1259.443115234375,1332.8355712890625,42048003440.0,269.1400146484375,272.8500061035156,265.5199890136719,269.5400085449219,63213800.0,24.709999084472656,26.15999984741211,24.239999771118164,25.540000915527344,0.0
2022-11-09,6.53000020980835,6.53000020980835,5.96999979019165,6.0,12100.0,18543.76171875,18590.458984375,15682.6923828125,15880.7802734375,102905151606.0,9.390000343322754,10.630000114440918,9.300000190734863,9.609999656677246,25489200.0,4.974999904632568,5.190000057220459,4.824999809265137,4.900000095367432,22550900.0,47.09000015258789,49.689998626708984,44.619998931884766,45.97999954223633,42274200.0,1333.1224365234375,1335.7435302734375,1083.28564453125,1100.1697998046875,38864492427.0,267.760009765625,268.55999755859375,263.0299987792969,263.32000732421875,64862100.0,25.34000015258789,26.350000381469727,25.020000457763672,26.09000015258789,0.0
2022-11-10,6.460000038146973,6.460000038146973,6.315000057220459,6.420000076293945,5600.0,15883.158203125,18054.3125,15834.0185546875,17586.771484375,83202283721.0,10.029999732971191,10.229999542236328,9.420000076293945,9.979999542236328,28321000.0,5.239999771118164,5.559999942779541,5.059999942779541,5.420000076293945,16682100.0,51.040000915527344,53.93000030517578,49.02000045776367,50.91999816894531,30695400.0,1100.107177734375,1341.7911376953125,1093.12255859375,1299.464599609375,28581002122.0,276.010009765625,283.04998779296875,273.8500061035156,282.75,99256700.0,26.510000228881836,26.59000015258789,22.84000015258789,23.530000686645508,0.0
2022-11-11,6.429999828338623,6.710000038146973,6.340000152587891,6.710000038146973,6200.0,17583.251953125,17650.943359375,16543.482421875,17034.29296875,55871616488.0,9.449999809265137,9.949999809265137,8.890000343322754,9.770000457763672,21901900.0,5.09499979019165,5.400000095367432,4.940000057220459,5.340000152587891,18159100.0,47.5,58.290000915527344,46.25,57.459999084472656,30584500.0,1298.8824462890625,1302.2952880859375,1211.32958984375,1287.2210693359375,20920539099.0,282.55999755859375,288.6400146484375,281.19000244140625,287.9599914550781,66961800.0,23.889999389648438,23.90999984741211,22.3700008392334,22.520000457763672,0.0
2022-11-14,6.730000019073486,6.730000019073486,6.559999942779541,6.559999942779541,11500.0,16352.0283203125,17109.32421875,15872.94140625,16618.19921875,49630243054.0,9.579999923706055,10.029999732971191,9.510000228881836,9.520000457763672,12472600.0,5.295000076293945,5.420000076293945,5.110000133514404,5.139999866485596,10754400.0,55.70000076293945,55.7400016784668,52.599998474121094,53.220001220703125,16150900.0,1221.8955078125,1284.2176513671875,1178.4290771484375,1241.604248046875,15028035663.0,285.8599853515625,289.2099914550781,284.44000244140625,285.44000244140625,55290700.0,23.989999771118164,24.329999923706055,22.860000610351562,23.729999542236328,0.0
2022-11-15,6.78000020980835,6.849999904632568,6.6579999923706055,6.6579999923706055,5800.0,16617.484375,17051.962890625,16542.55078125,16884.61328125,36599436183.0,9.920000076293945,10.140000343322754,9.40999984741211,9.5,14864500.0,5.329999923706055,5.46999979019165,5.139999866485596,5.21999979019165,10610600.0,55.0,58.0,54.599998474121094,55.529998779296875,14805300.0,1241.677734375,1283.19873046875,1238.688232421875,1251.7362060546875,11798011594.0,292.2099914550781,293.260009765625,285.9700012207031,289.3900146484375,73985400.0,23.770000457763672,26.219999313354492,23.18000030517578,24.540000915527344,0.0
2022-11-16,6.420000076293945,6.420000076293945,6.210000038146973,6.230000019073486,5300.0,16884.341796875,16960.294921875,16430.111328125,16669.439453125,33925512989.0,9.350000381469727,9.5,8.199999809265137,8.3100004196167,18481400.0,5.059999942779541,5.150000095367432,4.639999866485596,4.659999847412109,13186100.0,52.83000183105469,54.029998779296875,48.0,48.83000183105469,24054700.0,1251.808837890625,1264.486328125,1192.98779296875,1215.6025390625,11939561598.0,287.3900146484375,289.4800109863281,284.6000061035156,285.44000244140625,48859800.0,24.290000915527344,24.719999313354492,23.989999771118164,24.110000610351562,0.0
2022-11-17,6.045000076293945,6.164999961853027,6.031000137329102,6.130000114440918,2600.0,16670.42578125,16726.439453125,16460.68359375,16687.517578125,27868914022.0,8.270000457763672,8.300000190734863,7.909999847412109,8.029999732971191,16515600.0,4.690000057220459,4.75,4.519999980926514,4.630000114440918,9252100.0,46.66999816894531,49.970001220703125,45.18000030517578,48.790000915527344,17974700.0,1215.8486328125,1224.9656982421875,1189.1527099609375,1200.80859375,9723646871.0,280.8800048828125,286.32000732421875,280.7200012207031,284.80999755859375,55462100.0,24.049999237060547,25.18000030517578,23.809999465942383,23.93000030517578,0.0
2022-11-18,6.050000190734863,6.050000190734863,5.869999885559082,5.869999885559082,5800.0,16687.912109375,16947.05859375,16564.611328125,16697.77734375,26862218609.0,8.380000114440918,8.399999618530273,7.449999809265137,7.46999979019165,23126700.0,4.71999979019165,4.71999979019165,4.409999847412109,4.460000038146973,9665900.0,48.79999923706055,49.0,44.310001373291016,45.2599983215332,20287300.0,1200.8021240234375,1226.7374267578125,1200.8021240234375,1212.30029296875,7979913378.0,287.8900146484375,287.989990234375,282.32000732421875,284.82000732421875,53588600.0,24.030000686645508,24.1200008392334,22.979999542236328,23.1200008392334,0.0
2022-11-21,5.699999809265137,5.769999980926514,5.329999923706055,5.329999923706055,6600.0,16291.2236328125,16291.2236328125,15599.046875,15787.2841796875,37429485518.0,7.099999904632568,7.289999961853027,6.159999847412109,6.190000057220459,25771800.0,4.340000152587891,4.429999828338623,3.9700000286102295,3.9800000190734863,18020100.0,43.599998474121094,44.63999938964844,40.61000061035156,41.22999954223633,22382000.0,1142.395751953125,1142.395751953125,1084.8572998046875,1108.35302734375,14080099208.0,283.3999938964844,284.5799865722656,281.0400085449219,281.8900146484375,40083500.0,24.049999237060547,24.1200008392334,22.299999237060547,22.360000610351562,0.0
2022-11-22,5.429999828338623,5.502999782562256,5.429999828338623,5.502999782562256,800.0,15782.30078125,16253.0478515625,15656.6064453125,16189.76953125,30726828760.0,6.46999979019165,6.550000190734863,6.110000133514404,6.420000076293945,23179200.0,4.15500020980835,4.159999847412109,3.9100000858306885,3.990000009536743,13866500.0,42.349998474121094,44.400001525878906,41.61000061035156,43.38999938964844,20783100.0,1107.89599609375,1136.442626953125,1081.13818359375,1135.1734619140625,12040670755.0,282.6400146484375,286.1099853515625,280.4599914550781,285.95001220703125,41873400.0,22.59000015258789,22.709999084472656,21.280000686645508,21.290000915527344,0.0
2022-11-23,5.579999923706055,5.769999980926514,5.579999923706055,5.75,4000.0,16195.5888671875,16638.193359375,16170.5029296875,16610.70703125,32958875628.0,6.460000038146973,6.75,6.309999942779541,6.480000019073486,18227800.0,4.054999828338623,4.434999942779541,4.010000228881836,4.420000076293945,17725300.0,43.849998474121094,46.16999816894531,42.209999084472656,45.56999969482422,14665800.0,1135.4215087890625,1184.997314453125,1130.0228271484375,1183.1995849609375,11242676044.0,285.9700012207031,289.4599914550781,285.7900085449219,288.82000732421875,46390000.0,21.489999771118164,21.780000686645508,20.31999969482422,20.350000381469727,0.0
2022-11-25,5.679999828338623,5.679999828338623,5.679999828338623,5.679999828338623,200.0,16602.26953125,16603.31640625,16388.404296875,16521.841796875,18678255976.0,6.349999904632568,6.409999847412109,6.130000114440918,6.21999979019165,7127000.0,4.380000114440918,4.46999979019165,4.25,4.429999828338623,7243800.0,44.7599983215332,45.2400016784668,43.70000076293945,44.279998779296875,6451500.0,1203.7994384765625,1203.7994384765625,1174.8233642578125,1198.9259033203125,5483308196.0,287.19000244140625,287.9100036621094,286.4200134277344,286.9200134277344,15498800.0,20.610000610351562,21.110000610351562,20.459999084472656,20.5,0.0
2022-11-28,5.710000038146973,5.710000038146973,5.460000038146973,5.460000038146973,1800.0,16440.22265625,16482.93359375,16054.5302734375,16217.322265625,27743025156.0,6.019999980926514,6.179999828338623,5.829999923706055,5.980000019073486,14251400.0,4.242000102996826,4.460000038146973,4.190000057220459,4.25,10621000.0,43.29999923706055,44.900001525878906,42.02000045776367,42.5099983215332,10497900.0,1194.9603271484375,1198.7376708984375,1156.0625,1170.086181640625,7275411870.0,284.8999938964844,286.9599914550781,281.760009765625,282.7099914550781,38714200.0,22.09000015258789,22.5,21.649999618530273,22.209999084472656,0.0
2022-11-29,5.400000095367432,5.400000095367432,5.400000095367432,5.400000095367432,100.0,16217.6396484375,16522.2578125,16139.396484375,16444.982421875,23581685468.0,5.900000095367432,6.110000133514404,5.75,5.889999866485596,12013000.0,4.269999980926514,4.380000114440918,4.199999809265137,4.239999771118164,5427700.0,42.90999984741211,44.650001525878906,42.70000076293945,43.11000061035156,9090600.0,1169.8743896484375,1222.1641845703125,1163.4775390625,1216.9012451171875,7639405818.0,282.94000244140625,283.3500061035156,279.1700134277344,280.57000732421875,35618900.0,22.09000015258789,22.56999969482422,21.829999923706055,21.889999389648438,0.0
2022-11-30,5.449999809265137,5.681000232696533,5.449999809265137,5.670000076293945,1300.0,16445.4765625,17190.9375,16445.4765625,17168.56640625,29523576583.0,6.050000190734863,6.349999904632568,5.78000020980835,6.320000171661377,23052500.0,4.369999885559082,4.670000076293945,4.190000057220459,4.650000095367432,10902500.0,43.709999084472656,45.880001068115234,41.5099983215332,45.72999954223633,15562700.0,1216.9287109375,1302.0386962890625,1215.4979248046875,1295.6885986328125,9836925304.0,280.8399963378906,293.4700012207031,279.9700012207031,293.3599853515625,74718100.0,21.700000762939453,22.6299991607666,20.309999465942383,20.579999923706055,0.0
2022-12-01,5.619999885559082,5.849999904632568,5.619999885559082,5.690000057220459,2500.0,17168.001953125,17197.498046875,16888.388671875,16967.1328125,22895392882.0,6.349999904632568,6.639999866485596,6.119999885559082,6.210000038146973,16155000.0,4.679999828338623,4.760000228881836,4.460000038146973,4.579999923706055,7730600.0,45.81999969482422,47.189998626708984,44.439998626708984,45.27000045776367,11579400.0,1295.76953125,1295.9998779296875,1267.70849609375,1276.27392578125,6857935276.0,293.69000244140625,295.75,290.8800048828125,293.7200012207031,51547300.0,20.829999923706055,21.059999465942383,19.799999237060547,19.84000015258789,0.0
2022-12-02,5.619999885559082,5.789999961853027,5.619999885559082,5.789999961853027,800.0,16968.68359375,17088.66015625,16877.880859375,17088.66015625,19539705127.0,6.230000019073486,6.940000057220459,6.059999942779541,6.909999847412109,21987600.0,4.510000228881836,4.974999904632568,4.449999809265137,4.960000038146973,8315300.0,43.970001220703125,47.70000076293945,43.72999954223633,47.66999816894531,10372100.0,1276.32861328125,1294.3033447265625,1269.2431640625,1294.3033447265625,6213645709.0,288.5400085449219,293.45001220703125,288.3599853515625,292.54998779296875,53583200.0,20.420000076293945,20.959999084472656,18.950000762939453,19.059999465942383,0.0
2022-12-05,6.429999828338623,6.429999828338623,5.5,5.5,6200.0,17128.89453125,17378.15234375,16922.431640625,16974.826171875,22209086834.0,6.989999771118164,7.150000095367432,6.010000228881836,6.139999866485596,24158600.0,5.010000228881836,5.130000114440918,4.579999923706055,4.659999847412109,12616500.0,47.97999954223633,49.849998474121094,45.630001068115234,46.0,11228300.0,1279.9989013671875,1302.237548828125,1252.472412109375,1259.6767578125,6120359523.0,290.3800048828125,291.67999267578125,286.1499938964844,287.6400146484375,41482100.0,20.299999237060547,21.290000915527344,19.780000686645508,20.75,0.0
2022-12-06,5.460000038146973,5.460000038146973,5.269999980926514,5.28000020980835,1100.0,16975.23828125,17091.86328125,16939.921875,17089.50390625,19889922369.0,6.119999885559082,6.159999847412109,5.570000171661377,5.789999961853027,15676100.0,4.670000076293945,4.690000057220459,4.269999980926514,4.380000114440918,8357900.0,45.599998474121094,46.650001525878906,41.72999954223633,42.40999984741211,12156100.0,1259.854248046875,1271.9232177734375,1247.6298828125,1271.65380859375,5089212680.0,287.4800109863281,287.6199951171875,280.260009765625,281.67999267578125,53937600.0,20.690000534057617,22.600000381469727,20.3799991607666,22.170000076293945,0.0
2022-12-07,5.150000095367432,5.150000095367432,5.114999771118164,5.119999885559082,2300.0,17089.505859375,17109.376953125,16750.55859375,16848.126953125,19675404389.0,5.690000057220459,5.710000038146973,5.210000038146973,5.369999885559082,16775100.0,4.34499979019165,4.389999866485596,4.119999885559082,4.21999979019165,7975600.0,41.880001068115234,43.20000076293945,40.54999923706055,41.2599983215332,10824500.0,1271.5531005859375,1272.694091796875,1224.447998046875,1232.4375,5752205180.0,280.4700012207031,282.57000732421875,278.7799987792969,280.5299987792969,45614300.0,22.31999969482422,23.010000228881836,22.18000030517578,22.68000030517578,0.0
2022-12-08,5.2789998054504395,5.2789998054504395,5.210000038146973,5.275000095367432,2300.0,16847.349609375,17267.916015625,16788.783203125,17233.474609375,20496603770.0,5.409999847412109,5.519999980926514,5.21999979019165,5.389999866485596,16147900.0,4.28000020980835,4.454999923706055,4.150000095367432,4.369999885559082,8121300.0,41.560001373291016,43.900001525878906,40.29999923706055,42.810001373291016,9361800.0,1232.4517822265625,1286.229736328125,1226.3585205078125,1281.1163330078125,6227269815.0,281.9100036621094,284.8399963378906,279.7900085449219,283.8500061035156,42594900.0,22.809999465942383,23.280000686645508,22.059999465942383,22.290000915527344,0.0
2022-12-09,5.239999771118164,5.340000152587891,5.232999801635742,5.260000228881836,600.0,17232.1484375,17280.546875,17100.8359375,17133.15234375,20328426366.0,5.369999885559082,5.400000095367432,4.989999771118164,5.0,21330300.0,4.329999923706055,4.380000114440918,4.130000114440918,4.190000057220459,6525100.0,41.599998474121094,42.31999969482422,40.150001525878906,40.2400016784668,10030200.0,1281.0772705078125,1290.055419921875,1260.8187255859375,1264.2847900390625,5706183865.0,282.80999755859375,285.6400146484375,281.5899963378906,282.0400085449219,47860500.0,22.549999237060547,23.209999084472656,22.18000030517578,22.829999923706055,0.0
2022-12-12,5.090000152587891,5.190000057220459,5.070000171661377,5.119999885559082,2900.0,17102.5,17212.564453125,16899.39453125,17206.4375,19617581341.0,4.920000076293945,5.130000114440918,4.789999961853027,5.070000171661377,14076600.0,4.170000076293945,4.26200008392334,4.070000171661377,4.170000076293945,6457800.0,39.97999954223633,42.650001525878906,39.650001525878906,42.599998474121094,9962600.0,1263.573486328125,1275.6103515625,1243.477783203125,1274.6190185546875,5151109364.0,282.2200012207031,285.6400146484375,281.1600036621094,285.5799865722656,35732500.0,24.399999618530273,25.049999237060547,24.18000030517578,25.0,0.0
2022-12-13,5.5,5.5,5.099999904632568,5.099999904632568,13800.0,17206.44140625,17930.0859375,17111.763671875,17781.318359375,26634741631.0,5.550000190734863,5.619999885559082,4.650000095367432,4.659999847412109,32685400.0,4.510000228881836,4.639999866485596,4.039999961853027,4.070000171661377,12270500.0,46.0099983215332,46.33000183105469,38.5,38.689998626708984,20558300.0,1274.6624755859375,1341.4393310546875,1258.472412109375,1320.5491943359375,8812883119.0,296.6499938964844,296.8800048828125,285.9100036621094,288.6499938964844,80667700.0,25.239999771118164,25.84000015258789,21.459999084472656,22.549999237060547,0.0
2022-12-14,5.170000076293945,5.190000057220459,5.098999977111816,5.098999977111816,4100.0,17782.06640625,18318.53125,17739.513671875,17815.650390625,25534481470.0,4.739999771118164,4.840000152587891,4.570000171661377,4.71999979019165,24054100.0,4.170000076293945,4.28000020980835,4.034999847412109,4.150000095367432,10348400.0,39.40999984741211,41.900001525878906,38.81999969482422,40.189998626708984,16117600.0,1320.6885986328125,1346.1744384765625,1305.8333740234375,1309.3287353515625,7830915428.0,288.04998779296875,291.4100036621094,283.19000244140625,286.510009765625,64984400.0,22.829999923706055,23.469999313354492,21.06999969482422,21.139999389648438,0.0
2022-12-15,4.920000076293945,4.920000076293945,4.790999889373779,4.793000221252441,14700.0,17813.64453125,17846.744140625,17322.58984375,17364.865234375,20964448341.0,4.599999904632568,4.630000114440918,4.309999942779541,4.340000152587891,16927400.0,4.050000190734863,4.090000152587891,3.875,4.019999980926514,9195600.0,38.95000076293945,39.599998474121094,37.439998626708984,37.97999954223633,12013400.0,1309.1907958984375,1311.067138671875,1262.6893310546875,1266.3538818359375,6032859783.0,282.3299865722656,283.010009765625,275.6700134277344,276.8900146484375,60554100.0,21.520000457763672,23.670000076293945,21.25,22.829999923706055,0.0
2022-12-16,4.670000076293945,4.769999980926514,4.639999866485596,4.699999809265137,3300.0,17364.546875,17505.525390625,16584.701171875,16647.484375,24031608960.0,4.130000114440918,4.239999771118164,3.75,3.880000114440918,21250200.0,3.9200000762939453,4.010000228881836,3.6700000762939453,3.799999952316284,16122100.0,37.400001525878906,38.0099983215332,34.709999084472656,36.599998474121094,18247400.0,1266.4605712890625,1278.156982421875,1162.1756591796875,1168.2593994140625,9297811507.0,276.20001220703125,277.7699890136719,272.6099853515625,274.25,68300400.0,23.260000228881836,23.829999923706055,22.09000015258789,22.6200008392334,0.0
2022-12-19,4.659999847412109,4.679999828338623,4.5,4.5,3500.0,16759.041015625,16807.52734375,16398.13671875,16439.6796875,17221074814.0,3.880000114440918,3.950000047683716,3.690000057220459,3.869999885559082,11155200.0,3.740000009536743,3.8499999046325684,3.5999999046325684,3.819999933242798,7043300.0,35.970001220703125,36.68000030517578,34.5099983215332,35.16999816894531,11168300.0,1184.75830078125,1192.923828125,1160.377197265625,1167.60986328125,4943628091.0,273.8699951171875,273.9599914550781,268.489990234375,269.75,44167900.0,22.6299991607666,22.860000610351562,21.610000610351562,22.420000076293945,0.0
2022-12-20,4.659999847412109,4.675000190734863,4.550000190734863,4.550000190734863,1500.0,16441.787109375,17012.984375,16427.8671875,16906.3046875,22722096615.0,3.869999885559082,4.070000171661377,3.7300000190734863,3.9100000858306885,12919700.0,3.805000066757202,4.03000020980835,3.7200000286102295,3.8299999237060547,7193500.0,34.75,36.86000061035156,34.349998474121094,34.970001220703125,9833200.0,1167.8826904296875,1224.0926513671875,1165.5994873046875,1217.70361328125,6684951715.0,268.55999755859375,271.32000732421875,266.95001220703125,269.5400085449219,51064200.0,23.170000076293945,23.389999389648438,21.350000381469727,21.479999542236328,0.0
2022-12-21,4.599999904632568,4.599999904632568,4.559999942779541,4.559999942779541,700.0,16904.52734375,16916.80078125,16755.912109375,16817.53515625,14882945045.0,3.9000000953674316,3.9600000381469727,3.640000104904175,3.6500000953674316,14757200.0,3.8399999141693115,3.9100000858306885,3.700000047683716,3.8299999237060547,6217800.0,35.310001373291016,36.099998474121094,34.79999923706055,35.150001525878906,6998600.0,1217.58642578125,1218.1922607421875,1206.4400634765625,1213.5999755859375,4217182733.0,270.6000061035156,274.7799987792969,269.739990234375,273.45001220703125,46394700.0,21.25,21.290000915527344,19.940000534057617,20.06999969482422,0.0
2022-12-22,4.480000019073486,4.480000019073486,4.369999885559082,4.453999996185303,800.0,16818.380859375,16866.673828125,16592.408203125,16830.341796875,16441573050.0,3.549999952316284,3.690000057220459,3.4800000190734863,3.6700000762939453,14615700.0,3.7699999809265137,3.819999933242798,3.6500000953674316,3.7799999713897705,6059600.0,34.93000030517578,35.349998474121094,32.95000076293945,34.59000015258789,10335700.0,1213.672607421875,1221.98681640625,1187.1278076171875,1218.18212890625,5297471739.0,270.3800048828125,270.510009765625,262.4599914550781,266.760009765625,60278400.0,20.079999923706055,24.299999237060547,20.010000228881836,21.969999313354492,0.0
2022-12-23,4.468999862670898,4.468999862670898,4.389999866485596,4.420000076293945,1900.0,16829.64453125,16905.21875,16794.458984375,16796.953125,15329265213.0,3.690000057220459,3.8299999237060547,3.549999952316284,3.619999885559082,8600300.0,3.7750000953674316,3.799999952316284,3.640000104904175,3.680000066757202,4805300.0,34.77000045776367,35.97999954223633,33.66999816894531,35.4900016784668,8222700.0,1218.079345703125,1226.998779296875,1215.994873046875,1220.159423828125,4835831923.0,265.4700012207031,268.0400085449219,263.5299987792969,267.3599853515625,39373600.0,22.170000076293945,22.639999389648438,20.780000686645508,20.8700008392334,0.0
2022-12-27,4.329999923706055,4.329999923706055,4.210000038146973,4.230000019073486,4500.0,16919.291015625,16959.845703125,16642.072265625,16717.173828125,15748580239.0,3.559999942779541,3.5899999141693115,3.2200000286102295,3.240000009536743,12099400.0,3.640000104904175,3.6600000858306885,3.4100000858306885,3.4200000762939453,6356100.0,34.5,34.560001373291016,32.439998626708984,32.650001525878906,10940800.0,1226.987060546875,1230.4180908203125,1205.8956298828125,1212.7916259765625,4091530737.0,266.739990234375,266.8500061035156,263.0299987792969,263.5799865722656,38009000.0,21.670000076293945,22.799999237060547,21.59000015258789,21.649999618530273,0.0
2022-12-28,4.238999843597412,4.249000072479248,4.070000171661377,4.090000152587891,3900.0,16716.400390625,16768.169921875,16497.556640625,16552.572265625,17005713920.0,3.200000047683716,3.359999895095825,3.109999895095825,3.1500000953674316,9560500.0,3.380000114440918,3.5,3.25,3.2899999618530273,6616600.0,32.58000183105469,33.47999954223633,31.829999923706055,32.529998779296875,7839700.0,1212.736572265625,1213.12890625,1185.7021484375,1189.986083984375,4991669631.0,263.1700134277344,265.4700012207031,259.7300109863281,260.1000061035156,47139000.0,21.469999313354492,22.260000228881836,20.959999084472656,22.139999389648438,0.0
2022-12-29,4.179999828338623,4.304999828338623,4.179999828338623,4.304999828338623,3300.0,16552.322265625,16651.755859375,16508.68359375,16642.341796875,14472237479.0,3.180000066757202,3.440000057220459,3.130000114440918,3.4100000858306885,11226200.0,3.359999895095825,3.509999990463257,3.2899999618530273,3.4200000762939453,6773800.0,33.459999084472656,35.33000183105469,33.369998931884766,34.779998779296875,7675500.0,1190.0101318359375,1204.1416015625,1188.3602294921875,1201.5953369140625,4132233940.0,262.9599914550781,267.3999938964844,262.25,266.44000244140625,45893600.0,22.25,22.309999465942383,21.360000610351562,21.440000534057617,0.0
2022-12-30,4.170000076293945,4.46999979019165,4.170000076293945,4.46999979019165,6200.0,16641.330078125,16643.427734375,16408.474609375,16602.5859375,15929162910.0,3.2899999618530273,3.4700000286102295,3.25,3.4200000762939453,9615000.0,3.3299999237060547,3.4200000762939453,3.2799999713897705,3.390000104904175,6592800.0,33.959999084472656,35.869998931884766,33.630001068115234,35.38999938964844,8397900.0,1201.569580078125,1202.03466796875,1187.4625244140625,1199.2327880859375,4055668253.0,263.6199951171875,266.4100036621094,262.2900085449219,266.2799987792969,37858300.0,21.829999923706055,22.399999618530273,21.59000015258789,21.670000076293945,0.0
2023-01-03,4.639999866485596,4.639999866485596,4.420000076293945,4.559000015258789,5100.0,16688.84765625,16760.447265625,16622.37109375,16679.857421875,13903079207.0,3.5799999237060547,3.7699999809265137,3.2799999713897705,3.4000000953674316,13014400.0,3.490000009536743,3.6700000762939453,3.299999952316284,3.369999885559082,7255600.0,36.4900016784668,36.93000030517578,33.369998931884766,33.599998474121094,8514300.0,1214.7440185546875,1219.0953369140625,1207.4915771484375,1214.77880859375,3392972131.0,268.6499938964844,270.1499938964844,262.1300048828125,264.4800109863281,42335300.0,23.09000015258789,23.760000228881836,22.729999542236328,22.899999618530273,0.0
2023-01-04,4.710000038146973,5.139999866485596,4.710000038146973,5.0970001220703125,12300.0,16680.205078125,16964.5859375,16667.763671875,16863.23828125,18421743322.0,3.5,4.329999923706055,3.4800000190734863,4.21999979019165,32367400.0,3.440000057220459,3.950000047683716,3.380000114440918,3.880000114440918,12325300.0,34.59000015258789,38.5,34.540000915527344,37.70000076293945,17737400.0,1214.7186279296875,1264.8074951171875,1213.1688232421875,1256.526611328125,6404416893.0,266.6400146484375,267.45001220703125,262.5299987792969,265.739990234375,47754900.0,22.93000030517578,23.270000457763672,21.940000534057617,22.010000228881836,0.0
2023-01-05,5.159999847412109,5.260000228881836,5.0,5.239999771118164,11100.0,16863.47265625,16884.021484375,16790.283203125,16836.736328125,13692758566.0,4.110000133514404,4.300000190734863,3.890000104904175,3.9100000858306885,24923800.0,3.859999895095825,4.2769999504089355,3.700000047683716,4.21999979019165,14097000.0,34.709999084472656,35.2599983215332,32.75,33.529998779296875,16934500.0,1256.484619140625,1258.571533203125,1245.173095703125,1250.4385986328125,4001786456.0,264.0400085449219,264.2099914550781,261.260009765625,261.5799865722656,45396700.0,22.200000762939453,22.920000076293945,21.969999313354492,22.459999084472656,0.0
2023-01-06,5.239999771118164,5.269999980926514,5.099999904632568,5.210000038146973,3500.0,16836.47265625,16991.994140625,16716.421875,16951.96875,14413662913.0,3.940000057220459,4.21999979019165,3.7100000381469727,4.090000152587891,19314200.0,4.119999885559082,4.349999904632568,3.9600000381469727,4.28000020980835,10412900.0,33.66999816894531,33.75,31.549999237060547,33.2599983215332,15527800.0,1250.458984375,1273.2203369140625,1240.947509765625,1269.3790283203125,4977252792.0,263.3500061035156,269.94000244140625,260.3399963378906,268.79998779296875,54659700.0,22.690000534057617,22.899999618530273,21.0,21.1299991607666,0.0
2023-01-09,5.5,6.099999904632568,5.5,5.849999904632568,28900.0,17093.9921875,17389.95703125,17093.9921875,17196.5546875,18624736866.0,4.260000228881836,5.300000190734863,4.199999809265137,4.900000095367432,44884600.0,4.480000019073486,5.230000019073486,4.453999996185303,4.889999866485596,20809400.0,35.189998626708984,39.380001068115234,34.720001220703125,38.27000045776367,18904100.0,1287.4508056640625,1342.1441650390625,1286.6807861328125,1321.5389404296875,7990438824.0,270.8299865722656,275.2900085449219,269.9200134277344,270.5400085449219,45568700.0,21.75,21.979999542236328,21.270000457763672,21.969999313354492,0.0
2023-01-10,5.900000095367432,6.320000171661377,5.820000171661377,6.28000020980835,36100.0,17192.94921875,17484.720703125,17162.990234375,17446.29296875,15808338949.0,4.909999847412109,5.820000171661377,4.760000228881836,5.75,42394300.0,4.880000114440918,5.670000076293945,4.699999809265137,5.639999866485596,22171700.0,37.7599983215332,43.290000915527344,37.7400016784668,43.22999954223633,24496700.0,1321.3955078125,1342.7572021484375,1318.5272216796875,1336.5860595703125,5830173253.0,269.489990234375,272.94000244140625,268.9700012207031,272.8299865722656,35247800.0,22.219999313354492,22.459999084472656,20.579999923706055,20.579999923706055,0.0
2023-01-11,6.28000020980835,6.369999885559082,6.139999866485596,6.159999847412109,33500.0,17446.359375,17934.896484375,17337.994140625,17934.896484375,18372283782.0,5.699999809265137,6.150000095367432,5.199999809265137,5.369999885559082,43071900.0,5.519999980926514,5.885000228881836,5.210000038146973,5.369999885559082,19031800.0,41.959999084472656,43.84000015258789,40.630001068115234,43.790000915527344,16152700.0,1336.48681640625,1387.9327392578125,1323.5831298828125,1387.9327392578125,6314904311.0,273.9200134277344,277.6600036621094,273.1199951171875,277.54998779296875,44077000.0,20.799999237060547,21.25,20.6200008392334,21.09000015258789,0.0
2023-01-12,6.510000228881836,7.590000152587891,6.28000020980835,7.46999979019165,67300.0,18117.59375,19030.087890625,17995.203125,18869.587890625,34971338710.0,5.960000038146973,7.090000152587891,5.389999866485596,7.03000020980835,67400000.0,5.710000038146973,6.159999847412109,5.264999866485596,6.150000095367432,27692800.0,45.150001525878906,47.650001525878906,41.66999816894531,47.54999923706055,20514700.0,1405.3514404296875,1432.28125,1378.422119140625,1417.9384765625,12230193038.0,278.1199951171875,280.1000061035156,273.739990234375,279.04998779296875,60600000.0,21.559999465942383,21.799999237060547,18.829999923706055,18.829999923706055,0.0
2023-01-13,7.340000152587891,8.270000457763672,7.340000152587891,7.789999961853027,82600.0,18868.90625,19964.322265625,18753.1640625,19909.57421875,29225029694.0,6.650000095367432,8.119999885559082,6.559999942779541,7.679999828338623,78829700.0,5.940000057220459,6.494999885559082,5.860000133514404,6.019999980926514,29524800.0,46.2400016784668,50.630001068115234,45.380001068115234,49.97999954223633,22437800.0,1417.9461669921875,1461.6727294921875,1404.02392578125,1451.6148681640625,7684148212.0,276.5,281.2200012207031,276.1600036621094,280.9700012207031,44802900.0,19.0,19.40999984741211,18.010000228881836,18.350000381469727,0.0
2023-01-17,8.529999732971191,8.890000343322754,8.029999732971191,8.369999885559082,85600.0,21175.833984375,21438.66015625,20978.533203125,21161.51953125,24999983362.0,8.399999618530273,8.859999656677246,7.900000095367432,8.369999885559082,59317600.0,6.579999923706055,6.619999885559082,5.889999866485596,6.409999847412109,27444600.0,53.310001373291016,54.97999954223633,50.70000076293945,54.13999938964844,23521200.0,1577.107421875,1594.0009765625,1553.3359375,1567.8460693359375,7599462786.0,280.7699890136719,282.8500061035156,279.5799865722656,281.5400085449219,36269700.0,19.889999389648438,20.219999313354492,19.209999084472656,19.360000610351562,0.0
2023-01-18,8.619999885559082,8.6899995803833,7.5,7.619999885559082,35900.0,21161.05078125,21564.501953125,20541.544921875,20688.78125,30005625418.0,8.510000228881836,8.529999732971191,6.820000171661377,6.909999847412109,58413500.0,6.449999809265137,6.630000114440918,5.639999866485596,5.710000038146973,23793100.0,54.220001220703125,57.33000183105469,50.0,50.209999084472656,24905700.0,1567.698974609375,1602.106689453125,1509.4228515625,1515.5069580078125,10354880595.0,283.1099853515625,284.69000244140625,277.6700134277344,277.8800048828125,47754500.0,19.280000686645508,20.579999923706055,18.709999084472656,20.34000015258789,0.0
2023-01-19,7.429999828338623,7.860000133514404,7.309999942779541,7.760000228881836,29900.0,20686.74609375,21163.01171875,20685.380859375,21086.79296875,21152848261.0,6.71999979019165,7.449999809265137,6.519999980926514,7.340000152587891,35227300.0,5.619999885559082,5.885000228881836,5.519999980926514,5.78000020980835,13255800.0,49.209999084472656,51.0,47.91999816894531,49.41999816894531,14073300.0,1515.2496337890625,1557.9703369140625,1514.3800048828125,1552.5565185546875,6432638856.0,276.2200012207031,277.3800048828125,273.8900146484375,275.1499938964844,44150400.0,20.43000030517578,21.709999084472656,20.170000076293945,20.520000457763672,0.0
2023-01-20,7.920000076293945,8.298999786376953,7.699999809265137,8.289999961853027,47900.0,21085.373046875,22692.357421875,20919.126953125,22676.552734375,28799154319.0,7.519999980926514,8.09000015258789,7.03000020980835,8.069999694824219,48773100.0,5.849999904632568,6.21999979019165,5.619999885559082,6.199999809265137,19912300.0,50.380001068115234,55.189998626708984,48.79999923706055,55.15999984741211,15433900.0,1552.3736572265625,1659.8857421875,1544.9178466796875,1659.754150390625,8528894754.0,276.7900085449219,283.0199890136719,275.7099914550781,282.67999267578125,60613600.0,20.280000686645508,20.700000762939453,19.40999984741211,19.850000381469727,0.0
2023-01-23,8.369999885559082,9.069000244140625,8.369999885559082,8.850000381469727,53300.0,22721.087890625,23126.486328125,22654.3046875,22934.431640625,26518700512.0,8.050000190734863,9.119999885559082,7.809999942779541,9.0,47089200.0,6.230000019073486,6.630000114440918,6.03000020980835,6.480000019073486,23506100.0,55.0,56.689998626708984,53.209999084472656,55.959999084472656,17736400.0,1628.55078125,1641.2181396484375,1607.903076171875,1628.2510986328125,8264507375.0,283.5400085449219,290.2099914550781,282.7300109863281,288.9599914550781,52799900.0,20.209999084472656,20.329999923706055,19.549999237060547,19.809999465942383,0.0
2023-01-24,8.9399995803833,8.989999771118164,8.692999839782715,8.744999885559082,53500.0,22929.626953125,23134.01171875,22549.744140625,22636.46875,26405069715.0,8.739999771118164,9.569999694824219,8.579999923706055,8.800000190734863,39398800.0,6.320000171661377,6.619999885559082,6.110000133514404,6.139999866485596,21428800.0,54.20000076293945,56.470001220703125,53.34000015258789,53.560001373291016,12413900.0,1627.8482666015625,1639.723876953125,1551.3897705078125,1556.604248046875,8180274691.0,287.30999755859375,289.54998779296875,286.7799987792969,288.3699951171875,44875100.0,19.889999389648438,20.469999313354492,18.90999984741211,19.200000762939453,0.0
2023-01-25,8.510000228881836,8.720000267028809,8.050000190734863,8.690999984741211,80500.0,22639.267578125,23722.099609375,22406.076171875,23117.859375,30685366709.0,8.3100004196167,8.9399995803833,7.900000095367432,8.75,34985400.0,5.849999904632568,6.275000095367432,5.699999809265137,6.230000019073486,12213000.0,51.5,53.40999984741211,49.599998474121094,52.7599983215332,13343600.0,1556.8074951171875,1632.24169921875,1530.7978515625,1611.7110595703125,10598973448.0,283.7699890136719,288.3599853515625,281.17999267578125,287.7300109863281,50872000.0,19.559999465942383,20.899999618530273,18.989999771118164,19.079999923706055,0.0
2023-01-26,9.0,9.14799976348877,8.803999900817871,9.0,33200.0,23108.955078125,23237.078125,22911.373046875,23032.77734375,26357839322.0,9.170000076293945,9.359999656677246,8.5,8.75,30466600.0,6.460000038146973,6.579999923706055,6.059999942779541,6.130000114440918,11489500.0,56.060001373291016,56.099998474121094,51.970001220703125,53.02000045776367,12614900.0,1611.0809326171875,1626.1982421875,1586.59814453125,1603.10595703125,8395315241.0,291.2200012207031,293.5199890136719,288.5199890136719,293.3399963378906,51596300.0,19.049999237060547,19.479999542236328,18.670000076293945,18.729999542236328,0.0
2023-01-27,8.90999984741211,9.350000381469727,8.854999542236328,9.180000305175781,49600.0,23030.716796875,23417.720703125,22654.59375,23078.728515625,25383335641.0,8.550000190734863,8.859999656677246,7.980000019073486,8.020000457763672,48107300.0,6.03000020980835,6.389999866485596,5.949999809265137,6.329999923706055,11799300.0,52.939998626708984,62.290000915527344,52.40999984741211,61.369998931884766,24431000.0,1603.080078125,1617.0008544921875,1565.2449951171875,1598.156494140625,8124465373.0,292.0,298.260009765625,291.8800048828125,296.260009765625,56441900.0,18.899999618530273,19.0,17.969999313354492,18.510000228881836,0.0
2023-01-30,9.140000343322754,9.48900032043457,8.539999961853027,8.569999694824219,167600.0,23774.6484375,23789.34765625,22657.58203125,22840.138671875,27205595568.0,7.789999961853027,8.170000076293945,7.090000152587891,7.170000076293945,36748000.0,6.269999980926514,6.840000152587891,5.920000076293945,5.940000057220459,18810700.0,60.0099983215332,61.86000061035156,55.66999816894531,56.15999984741211,14553900.0,1646.147705078125,1646.651611328125,1546.6607666015625,1567.3265380859375,9180418120.0,292.92999267578125,294.3800048828125,289.8900146484375,290.2699890136719,49405800.0,19.760000228881836,20.25,19.540000915527344,19.940000534057617,0.0
2023-01-31,8.760000228881836,8.960000038146973,8.720000267028809,8.880000114440918,25100.0,22840.796875,23225.021484375,22765.568359375,23139.283203125,22837828665.0,7.409999847412109,7.5,7.099999904632568,7.210000038146973,24173200.0,6.059999942779541,6.320000171661377,5.949999809265137,6.269999980926514,14011200.0,57.70000076293945,60.439998626708984,55.90999984741211,58.47999954223633,14751600.0,1567.419921875,1598.517578125,1563.8043212890625,1586.535400390625,6585191019.0,290.30999755859375,294.7200012207031,290.20001220703125,294.6199951171875,46705100.0,20.1200008392334,20.700000762939453,19.1299991607666,19.399999618530273,0.0
2023-02-01,8.949999809265137,9.539999961853027,8.6899995803833,9.479999542236328,61100.0,23137.8359375,23764.5390625,22877.75,23723.76953125,26683255504.0,7.170000076293945,7.869999885559082,6.829999923706055,7.519999980926514,43280700.0,6.239999771118164,6.949999809265137,6.059999942779541,6.860000133514404,18687900.0,59.08000183105469,66.22000122070312,56.650001525878906,65.69999694824219,18840800.0,1586.4881591796875,1644.7275390625,1566.8572998046875,1641.792724609375,8116969489.0,294.4100036621094,303.42999267578125,292.29998779296875,300.9200134277344,67562200.0,19.6200008392334,20.040000915527344,17.700000762939453,17.8700008392334,0.0
2023-02-02,9.8100004196167,10.567999839782715,9.59000015258789,10.079999923706055,138200.0,23720.82421875,24167.2109375,23468.595703125,23471.87109375,32066936882.0,8.0,8.5600004196167,7.739999771118164,8.0,60716900.0,7.21999979019165,7.78000020980835,7.03000020980835,7.489999771118164,27398500.0,68.45999908447266,85.54000091552734,68.30999755859375,81.45999908447266,43911200.0,1641.365966796875,1704.4581298828125,1641.3226318359375,1643.2415771484375,10558081069.0,307.57000732421875,313.67999267578125,306.7300109863281,311.7200012207031,83070600.0,17.739999771118164,19.25,17.059999465942383,18.729999542236328,0.0
2023-02-03,9.829999923706055,10.069999694824219,9.28499984741211,9.369999885559082,196800.0,23469.412109375,23678.103515625,23279.955078125,23449.322265625,27083066007.0,7.510000228881836,7.920000076293945,6.980000019073486,7.070000171661377,34183100.0,7.099999904632568,7.769999980926514,6.800000190734863,6.840000152587891,18986600.0,73.72000122070312,87.62999725341797,73.0199966430664,74.62999725341797,37125500.0,1642.9046630859375,1670.6968994140625,1634.223388671875,1664.74560546875,8169519805.0,304.94000244140625,312.3900146484375,304.5400085449219,306.17999267578125,76170800.0,18.56999969482422,19.299999237060547,17.93000030517578,18.329999923706055,0.0
2023-02-06,9.220000267028809,9.460000038146973,9.039999961853027,9.34000015258789,53900.0,22954.021484375,23119.279296875,22692.025390625,22760.109375,23825006542.0,6.920000076293945,7.269999980926514,6.650000095367432,7.079999923706055,23094600.0,6.690000057220459,6.817999839782715,6.380000114440918,6.679999828338623,13765000.0,73.18000030517578,75.9800033569336,70.5199966430664,74.58999633789062,17998400.0,1631.645263671875,1653.7154541015625,1611.319091796875,1616.2470703125,6919871886.0,303.510009765625,305.9100036621094,302.2200012207031,303.5899963378906,40802300.0,19.229999542236328,19.809999465942383,19.209999084472656,19.43000030517578,0.0
2023-02-07,9.4399995803833,9.4399995803833,8.890000343322754,9.260000228881836,94600.0,22757.267578125,23310.974609375,22756.2578125,23264.291015625,27187964471.0,7.079999923706055,7.239999771118164,6.510000228881836,7.099999904632568,32060600.0,6.699999809265137,6.699999809265137,6.179999828338623,6.599999904632568,18661500.0,73.43000030517578,73.4800033569336,67.30000305175781,71.41999816894531,19819700.0,1616.0096435546875,1673.7978515625,1614.863037109375,1672.0035400390625,8030277434.0,303.4599914550781,311.0299987792969,302.32000732421875,309.8800048828125,67584000.0,19.540000915527344,19.989999771118164,18.43000030517578,18.65999984741211,0.0
2023-02-08,9.0,9.460000038146973,8.84000015258789,8.880000114440918,39100.0,23263.416015625,23367.958984375,22731.09765625,22939.3984375,25371367758.0,6.909999847412109,7.400000095367432,6.71999979019165,6.809999942779541,23079400.0,6.5,7.038000106811523,6.440000057220459,6.519999980926514,14973100.0,70.83000183105469,73.97000122070312,68.30000305175781,69.44000244140625,11626500.0,1671.9052734375,1688.5272216796875,1635.2650146484375,1650.716796875,7806089579.0,308.5400085449219,309.5,303.6700134277344,304.3699951171875,56720900.0,18.8799991607666,20.1200008392334,18.549999237060547,19.6299991607666,0.0
2023-02-09,8.989999771118164,8.989999771118164,8.0,8.050000190734863,78800.0,22946.56640625,22996.4375,21773.974609375,21819.0390625,32572572185.0,6.889999866485596,6.900000095367432,5.829999923706055,5.949999809265137,27776800.0,6.605000019073486,6.650000095367432,5.630000114440918,5.650000095367432,17176000.0,68.48999786376953,68.93000030517578,59.0,59.630001068115234,23920200.0,1651.082275390625,1655.23486328125,1537.1822509765625,1546.438232421875,10524969124.0,308.8399963378906,308.989990234375,300.20001220703125,301.67999267578125,49137800.0,19.239999771118164,21.079999923706055,19.020000457763672,20.709999084472656,0.0
2023-02-10,7.849999904632568,8.0600004196167,7.760000228881836,7.820000171661377,37000.0,21819.005859375,21941.185546875,21539.392578125,21651.18359375,27078406594.0,5.840000152587891,5.940000057220459,5.510000228881836,5.920000076293945,20107400.0,5.650000095367432,5.739999771118164,5.420000076293945,5.510000228881836,9880200.0,58.2599983215332,61.7400016784668,55.970001220703125,57.09000015258789,17359900.0,1546.5965576171875,1553.32568359375,1504.83447265625,1514.869140625,8397387897.0,299.4800109863281,301.57000732421875,297.25,299.70001220703125,50050100.0,20.739999771118164,21.940000534057617,20.440000534057617,20.530000686645508,0.0
2023-02-13,7.800000190734863,7.800000190734863,7.619999885559082,7.630000114440918,35800.0,21787.0,21898.4140625,21460.087890625,21808.1015625,23918742607.0,5.760000228881836,6.03000020980835,5.579999923706055,5.849999904632568,14942300.0,5.320000171661377,5.539999961853027,5.179999828338623,5.46999979019165,7623800.0,55.52000045776367,57.09000015258789,53.65999984741211,56.400001525878906,14435900.0,1514.9169921875,1524.7314453125,1470.02392578125,1507.1658935546875,9363855114.0,301.1300048828125,305.1000061035156,299.92999267578125,304.5,39636700.0,21.65999984741211,21.690000534057617,20.329999923706055,20.34000015258789,0.0
2023-02-14,7.610000133514404,8.260000228881836,7.53000020980835,8.15999984741211,54300.0,21801.822265625,22293.140625,21632.39453125,22220.8046875,26792596581.0,5.820000171661377,6.829999923706055,5.690000057220459,6.71999979019165,36350700.0,5.420000076293945,6.008999824523926,5.320000171661377,5.900000095367432,13904900.0,56.33000183105469,61.08000183105469,55.029998779296875,59.029998779296875,23945800.0,1506.9920654296875,1562.0343017578125,1497.1944580078125,1556.8751220703125,9249575045.0,302.8900146484375,307.7200012207031,300.9100036621094,306.75,64079100.0,20.719999313354492,20.75,18.479999542236328,18.90999984741211,0.0
2023-02-15,8.40999984741211,9.119999885559082,8.305000305175781,9.09000015258789,75600.0,22220.5859375,24307.841796875,22082.76953125,24307.841796875,32483312909.0,7.019999980926514,8.020000457763672,6.860000133514404,7.949999809265137,50585400.0,6.039999961853027,6.789999961853027,5.954999923706055,6.659999847412109,20023300.0,60.209999084472656,69.45999908447266,59.459999084472656,69.33999633789062,25552900.0,1556.76513671875,1674.289794921875,1545.689697265625,1673.7459716796875,10015035156.0,304.8999938964844,309.2699890136719,304.20001220703125,309.1000061035156,43100600.0,19.3700008392334,19.40999984741211,18.110000610351562,18.229999542236328,0.0
2023-02-16,9.100000381469727,9.649999618530273,8.859999656677246,8.90999984741211,109800.0,24307.349609375,25134.1171875,23602.5234375,23623.474609375,39316664596.0,7.679999828338623,8.65999984741211,7.150000095367432,7.210000038146973,66418700.0,6.570000171661377,7.25,6.349999904632568,6.360000133514404,22825300.0,65.9000015258789,73.30000305175781,63.90999984741211,65.58999633789062,31704800.0,1673.867431640625,1732.8011474609375,1638.1455078125,1640.067626953125,12704861676.0,304.3800048828125,308.42999267578125,303.1499938964844,303.29998779296875,59498600.0,18.260000228881836,20.270000457763672,18.229999542236328,20.170000076293945,0.0
2023-02-17,8.880000114440918,9.0600004196167,8.649999618530273,9.0600004196167,84700.0,23621.283203125,24924.041015625,23460.755859375,24565.6015625,41358451255.0,7.449999809265137,7.869999885559082,7.050000190734863,7.699999809265137,44076900.0,6.349999904632568,6.699999809265137,6.130000114440918,6.590000152587891,19224700.0,64.94000244140625,67.9000015258789,61.5099983215332,65.19999694824219,23252200.0,1640.2801513671875,1716.7818603515625,1636.173828125,1694.7833251953125,9802443159.0,301.07000732421875,301.92999267578125,298.1000061035156,301.1600036621094,58230700.0,20.940000534057617,21.299999237060547,19.81999969482422,20.020000457763672,0.0
2023-02-21,8.960000038146973,9.020000457763672,8.484999656677246,8.489999771118164,31000.0,24833.048828125,25126.8515625,24200.36328125,24436.353515625,31252098714.0,7.380000114440918,7.75,7.03000020980835,7.130000114440918,29693300.0,6.474999904632568,6.800000190734863,6.179999828338623,6.21999979019165,12728500.0,63.31999969482422,66.87000274658203,61.849998474121094,62.06999969482422,19845700.0,1702.7978515625,1714.28564453125,1642.396728515625,1658.036376953125,8721608198.0,297.260009765625,298.7300109863281,293.8900146484375,294.0299987792969,46526700.0,21.799999237060547,23.34000015258789,21.799999237060547,22.8700008392334,0.0
2023-02-22,8.369999885559082,8.510000228881836,8.020000457763672,8.199999809265137,42700.0,24437.41796875,24472.33984375,23644.318359375,24188.84375,30199996781.0,7.019999980926514,7.429999828338623,6.840000152587891,7.190000057220459,28798700.0,6.190000057220459,6.449999809265137,6.0,6.349999904632568,13407700.0,62.5,67.4800033569336,57.349998474121094,61.18000030517578,32937500.0,1658.1409912109375,1663.996826171875,1604.8033447265625,1643.231689453125,9189387004.0,294.6199951171875,296.3599853515625,292.55999755859375,294.25,51389200.0,23.030000686645508,23.6299991607666,22.020000457763672,22.290000915527344,0.0
2023-02-23,8.380000114440918,8.380000114440918,8.069999694824219,8.25,24800.0,24190.71875,24572.08984375,23693.919921875,23947.4921875,30476264066.0,7.269999980926514,7.420000076293945,7.010000228881836,7.28000020980835,18858900.0,6.449999809265137,6.539999961853027,6.139999866485596,6.369999885559082,11009300.0,63.959999084472656,64.6500015258789,59.88999938964844,62.36000061035156,16698500.0,1643.298583984375,1674.6015625,1632.566162109375,1651.0738525390625,9013236167.0,297.9700012207031,298.1300048828125,292.54998779296875,296.82000732421875,69294400.0,21.959999084472656,22.43000030517578,20.889999389648438,21.139999389648438,0.0
2023-02-24,8.020000457763672,8.020000457763672,7.684999942779541,7.75,33300.0,23946.0078125,24103.705078125,23007.072265625,23198.126953125,26811744928.0,6.980000019073486,7.170000076293945,6.510000228881836,6.670000076293945,25465500.0,6.170000076293945,6.21999979019165,5.730000019073486,5.869999885559082,12051500.0,60.880001068115234,61.59000015258789,56.79999923706055,58.439998626708984,14546200.0,1650.8951416015625,1661.09130859375,1583.1478271484375,1608.3731689453125,8909129423.0,291.760009765625,292.9700012207031,290.04998779296875,291.8500061035156,74332000.0,21.350000381469727,22.899999618530273,21.31999969482422,21.670000076293945,0.0
2023-02-27,7.880000114440918,8.069999694824219,7.730999946594238,7.75,12000.0,23561.451171875,23857.890625,23205.87890625,23522.87109375,22660763494.0,6.96999979019165,7.139999866485596,6.800000190734863,7.110000133514404,25241200.0,6.039999961853027,6.119999885559082,5.869999885559082,6.010000228881836,7351100.0,59.939998626708984,60.970001220703125,58.16999816894531,58.959999084472656,13043000.0,1640.763671875,1662.57568359375,1615.387939453125,1634.326416015625,7239824677.0,295.07000732421875,296.489990234375,293.3399963378906,293.94000244140625,48995000.0,21.989999771118164,22.020000457763672,20.68000030517578,20.950000762939453,0.0
2023-02-28,7.75,8.0,7.710000038146973,7.78000020980835,19600.0,23521.837890625,23585.384765625,23077.650390625,23147.353515625,20535363434.0,7.050000190734863,7.789999961853027,7.03000020980835,7.099999904632568,38171800.0,6.019999980926514,6.519999980926514,5.929999828338623,6.25,12476400.0,59.68000030517578,67.5,59.41999816894531,64.83000183105469,24843900.0,1634.50244140625,1644.435791015625,1602.4281005859375,1605.8951416015625,6323676957.0,293.29998779296875,296.1199951171875,292.9599914550781,293.55999755859375,48243100.0,21.299999237060547,21.3700008392334,20.100000381469727,20.700000762939453,0.0
2023-03-01,7.769999980926514,7.860000133514404,7.46999979019165,7.570000171661377,36200.0,23150.9296875,23880.6328125,23088.626953125,23646.55078125,24662841200.0,7.179999828338623,7.25,6.380000114440918,6.510000228881836,26686600.0,6.380000114440918,6.429999828338623,6.068999767303467,6.139999866485596,10997100.0,65.30000305175781,66.79000091552734,63.09000015258789,64.66999816894531,15827100.0,1606.0404052734375,1663.4337158203125,1601.548583984375,1663.4337158203125,7701847224.0,293.260009765625,293.92999267578125,290.20001220703125,291.20001220703125,58287000.0,20.389999389648438,21.31999969482422,20.219999313354492,20.579999923706055,0.0
2023-03-02,7.420000076293945,7.610000133514404,7.329999923706055,7.559999942779541,29300.0,23647.01953125,23739.138671875,23245.021484375,23475.466796875,20386398516.0,6.25,6.420000076293945,5.980000019073486,6.260000228881836,22430900.0,5.989999771118164,6.269999980926514,5.769999980926514,6.179999828338623,10167800.0,61.06999969482422,63.900001525878906,57.5,63.70000076293945,18091700.0,1663.549072265625,1672.0511474609375,1622.5999755859375,1647.3193359375,7080950926.0,288.6600036621094,294.42999267578125,288.3699951171875,293.6099853515625,53565900.0,21.40999984741211,21.420000076293945,19.549999237060547,19.59000015258789,0.0
2023-03-03,7.320000171661377,7.579999923706055,7.320000171661377,7.539999961853027,23200.0,23476.6328125,23479.34765625,22213.23828125,22362.6796875,26062404610.0,6.019999980926514,6.619999885559082,5.940000057220459,6.380000114440918,20930000.0,5.974999904632568,6.480000019073486,5.829999923706055,6.340000152587891,13744600.0,61.63999938964844,65.55999755859375,61.380001068115234,64.51000213623047,17579000.0,1647.5577392578125,1648.475341796875,1552.4515380859375,1569.1676025390625,9922240199.0,295.3900146484375,299.9200134277344,294.8699951171875,299.67999267578125,60511500.0,19.760000228881836,19.760000228881836,18.15999984741211,18.489999771118164,0.0
2023-03-06,7.5,7.75,7.409999847412109,7.439000129699707,45100.0,22436.81640625,22584.29296875,22331.314453125,22429.7578125,17353192895.0,6.400000095367432,6.849999904632568,6.179999828338623,6.320000171661377,19853800.0,6.369999885559082,6.880000114440918,6.170000076293945,6.369999885559082,13040500.0,64.5999984741211,69.81999969482422,62.63999938964844,62.77000045776367,19826100.0,1564.3831787109375,1579.456298828125,1557.363525390625,1567.398681640625,5245153345.0,300.94000244140625,304.0,299.82000732421875,300.0199890136719,56736300.0,19.049999237060547,19.190000534057617,18.489999771118164,18.610000610351562,0.0
2023-03-07,7.420000076293945,7.53000020980835,7.21999979019165,7.269999980926514,23500.0,22428.322265625,22527.41796875,22011.26171875,22219.76953125,22765452204.0,6.289999961853027,6.420000076293945,6.039999961853027,6.090000152587891,17933100.0,6.329999923706055,6.53000020980835,6.150000095367432,6.170000076293945,8767700.0,62.79999923706055,64.66000366210938,60.59000015258789,61.88999938964844,15821500.0,1567.4246826171875,1579.1622314453125,1543.1275634765625,1561.93310546875,6854058349.0,300.07000732421875,301.010009765625,295.7200012207031,296.3399963378906,65955800.0,18.639999389648438,19.739999771118164,18.510000228881836,19.59000015258789,0.0
2023-03-08,7.369999885559082,7.369999885559082,7.079999923706055,7.21999979019165,14700.0,22216.44140625,22268.896484375,21708.05078125,21718.080078125,22536575684.0,6.010000228881836,6.21999979019165,5.880000114440918,6.179999828338623,14775300.0,6.170000076293945,6.389999866485596,6.070000171661377,6.300000190734863,8662300.0,61.20000076293945,65.45999908447266,60.349998474121094,63.0099983215332,15427800.0,1561.9779052734375,1568.17529296875,1534.0882568359375,1534.0882568359375,7130327525.0,296.7699890136719,298.42999267578125,294.8800048828125,297.82000732421875,50876300.0,19.709999084472656,20.010000228881836,19.0,19.110000610351562,0.0
2023-03-09,7.199999809265137,7.199999809265137,6.519999980926514,6.539999961853027,38200.0,21720.080078125,21802.716796875,20210.306640625,20363.021484375,30364664171.0,6.03000020980835,6.230000019073486,5.5,5.510000228881836,19083200.0,6.190000057220459,6.300000190734863,5.510000228881836,5.53000020980835,12832900.0,62.38999938964844,64.12000274658203,57.209999084472656,58.09000015258789,20996600.0,1534.0316162109375,1544.1083984375,1423.2647705078125,1438.6607666015625,9457897583.0,298.3299865722656,300.9800109863281,291.8299865722656,292.6600036621094,71456700.0,19.329999923706055,23.139999389648438,18.8799991607666,22.610000610351562,0.0
2023-03-10,6.5,6.690000057220459,6.224999904632568,6.409999847412109,41700.0,20367.001953125,20370.595703125,19628.25390625,20187.244140625,39578257695.0,5.480000019073486,5.659999847412109,5.130000114440918,5.329999923706055,20766700.0,5.460000038146973,5.630000114440918,5.159999847412109,5.300000190734863,11780000.0,56.38999938964844,56.40999984741211,51.56999969482422,53.439998626708984,25743800.0,1438.7601318359375,1438.7601318359375,1378.525390625,1429.1580810546875,12665194936.0,292.8299865722656,294.3500061035156,287.3800048828125,288.54998779296875,98593600.0,23.34000015258789,28.969999313354492,21.790000915527344,24.799999237060547,0.0
2023-03-13,6.71999979019165,7.579999923706055,6.590000152587891,7.420000076293945,97900.0,22156.40625,24550.837890625,21918.19921875,24197.533203125,49466362688.0,5.699999809265137,6.960000038146973,5.349999904632568,6.699999809265137,66973000.0,5.510000228881836,6.349999904632568,5.329999923706055,6.25,23685800.0,54.709999084472656,61.099998474121094,50.77000045776367,59.16999816894531,31431900.0,1590.8311767578125,1699.9117431640625,1572.07470703125,1680.3089599609375,15711468959.0,286.7300109863281,294.4700012207031,285.19000244140625,290.69000244140625,97123600.0,24.049999237060547,30.809999465942383,23.850000381469727,26.520000457763672,0.0
2023-03-14,7.809999942779541,8.220000267028809,7.590000152587891,7.739999771118164,73100.0,24201.765625,26514.716796875,24081.18359375,24746.07421875,54622230164.0,7.449999809265137,7.829999923706055,6.739999771118164,7.130000114440918,64006900.0,6.789999961853027,7.269999980926514,6.570000171661377,6.889999866485596,30018800.0,65.44999694824219,66.20999908447266,61.099998474121094,62.650001525878906,25167800.0,1680.2952880859375,1779.9178466796875,1665.90234375,1703.507080078125,16159781303.0,294.30999755859375,297.92999267578125,293.45001220703125,297.3699951171875,73602500.0,26.850000381469727,27.239999771118164,22.270000457763672,23.729999542236328,0.0
2023-03-15,7.739999771118164,7.789999961853027,7.349999904632568,7.630000114440918,63900.0,24770.92578125,25240.615234375,23964.91015625,24375.9609375,43655701450.0,7.130000114440918,7.480000019073486,6.610000133514404,7.090000152587891,38441500.0,6.820000171661377,7.079999923706055,6.349999904632568,6.690000057220459,16291000.0,61.900001525878906,66.29000091552734,61.18000030517578,64.47000122070312,20825700.0,1705.18994140625,1721.0792236328125,1616.63037109375,1656.1805419921875,12715339905.0,294.7099914550781,299.2699890136719,293.239990234375,298.92999267578125,83631500.0,23.209999084472656,29.90999984741211,23.190000534057617,26.139999389648438,0.0
2023-03-16,7.539999961853027,7.949999809265137,7.539999961853027,7.909999847412109,15900.0,24373.45703125,25190.326171875,24225.111328125,25052.7890625,33866061747.0,7.059999942779541,7.739999771118164,7.0,7.630000114440918,35334500.0,6.75,7.130000114440918,6.61899995803833,7.050000190734863,12959400.0,64.4000015258789,68.62000274658203,63.119998931884766,67.77999877929688,15474500.0,1656.33203125,1693.1392822265625,1639.26171875,1677.2154541015625,9364980166.0,298.0,307.17999267578125,297.19000244140625,306.80999755859375,98198100.0,26.190000534057617,27.489999771118164,22.969999313354492,22.989999771118164,0.0
2023-03-17,8.229999542236328,8.614999771118164,8.119999885559082,8.489999771118164,88200.0,25055.123046875,27787.8125,24955.169921875,27423.9296875,50730261335.0,8.399999618530273,8.510000228881836,7.659999847412109,8.170000076293945,61120200.0,7.579999923706055,8.460000038146973,7.175000190734863,8.100000381469727,40834400.0,70.5199966430664,76.80000305175781,69.0999984741211,74.9800033569336,31006200.0,1677.2967529296875,1799.343994140625,1667.1318359375,1792.485107421875,12467445117.0,306.7200012207031,309.1499938964844,303.3699951171875,305.3599853515625,89923700.0,22.920000076293945,26.139999389648438,22.579999923706055,25.510000228881836,0.0
2023-03-20,8.609999656677246,8.890000343322754,8.369999885559082,8.489999771118164,104700.0,28041.6015625,28527.724609375,27242.880859375,27767.236328125,44774027664.0,8.479999542236328,8.5,7.610000133514404,7.849999904632568,39108100.0,8.630000114440918,8.760000228881836,8.029999732971191,8.550000190734863,29574900.0,76.76000213623047,77.05999755859375,72.87000274658203,75.13999938964844,19026400.0,1785.416259765625,1807.7252197265625,1728.103759765625,1735.3212890625,10978325507.0,304.260009765625,306.29998779296875,302.010009765625,305.9700012207031,56359500.0,27.770000457763672,28.90999984741211,24.0,24.149999618530273,0.0
2023-03-21,8.699999809265137,9.369999885559082,8.5600004196167,9.319999694824219,74400.0,27768.392578125,28439.5625,27439.646484375,28175.81640625,36102192830.0,7.880000114440918,8.920000076293945,7.730000019073486,8.869999885559082,46252300.0,8.470000267028809,9.170000076293945,8.369999885559082,9.069999694824219,25618600.0,76.23999786376953,85.05000305175781,75.7699966430664,83.98999786376953,22991900.0,1735.617919921875,1836.28857421875,1725.00732421875,1806.7607421875,10758627746.0,307.94000244140625,310.79998779296875,306.3999938964844,310.3399963378906,49757000.0,24.15999984741211,24.15999984741211,21.290000915527344,21.3799991607666,0.0
2023-03-22,9.399999618530273,9.600000381469727,8.40999984741211,8.430000305175781,103200.0,28158.720703125,28803.3359375,26759.99609375,27307.4375,33382021890.0,8.880000114440918,9.119999885559082,7.75,7.78000020980835,48722800.0,9.100000381469727,9.390000343322754,8.039999961853027,8.100000381469727,30841500.0,84.25,85.37999725341797,76.86000061035156,77.13999938964844,24463200.0,1804.95703125,1821.458251953125,1717.76513671875,1737.717041015625,12484103560.0,310.2699890136719,315.25,305.95001220703125,306.1199951171875,75791900.0,21.799999237060547,22.3799991607666,19.940000534057617,22.260000228881836,0.0
2023-03-23,8.550000190734863,9.350000381469727,8.550000190734863,9.15999984741211,90900.0,27301.95703125,28729.84375,27183.36328125,28333.97265625,24220433689.0,8.029999732971191,8.930000305175781,7.900000095367432,8.460000038146973,45826800.0,8.3149995803833,9.720000267028809,8.244999885559082,9.470000267028809,31925100.0,61.849998474121094,70.0,61.5099983215332,66.30000305175781,43152800.0,1737.140869140625,1853.8880615234375,1732.524658203125,1816.4051513671875,11012966854.0,309.9200134277344,314.1499938964844,307.010009765625,309.75,74576000.0,21.540000915527344,24.90999984741211,20.15999984741211,22.610000610351562,0.0
2023-03-24,9.069999694824219,9.069999694824219,8.539999961853027,8.670000076293945,54800.0,28324.111328125,28388.4375,27039.265625,27493.28515625,25980310960.0,8.229999542236328,8.300000190734863,7.570000171661377,7.809999942779541,28289400.0,9.210000038146973,9.25,8.350000381469727,8.630000114440918,26370500.0,64.18000030517578,68.7300033569336,63.529998779296875,67.83000183105469,21614100.0,1815.81982421875,1819.935302734375,1730.3494873046875,1752.0447998046875,10913669383.0,309.32000732421875,310.989990234375,306.95001220703125,310.8900146484375,57195200.0,22.110000610351562,25.209999084472656,21.600000381469727,21.739999771118164,0.0
2023-03-27,8.729999542236328,8.729999542236328,8.0600004196167,8.180000305175781,43300.0,27994.068359375,28037.92578125,26606.689453125,27139.888671875,18188895178.0,8.039999961853027,8.039999961853027,7.099999904632568,7.110000133514404,23372100.0,8.739999771118164,8.744999885559082,7.909999847412109,8.039999961853027,16539900.0,67.19999694824219,67.5999984741211,60.5099983215332,62.540000915527344,23531300.0,1775.4813232421875,1781.3792724609375,1690.5166015625,1715.4608154296875,8585750760.0,311.6000061035156,312.70001220703125,307.8900146484375,308.760009765625,50287400.0,22.049999237060547,22.93000030517578,20.56999969482422,20.600000381469727,0.0
2023-03-28,8.140000343322754,8.210000038146973,7.949999809265137,8.210000038146973,58700.0,27132.888671875,27460.71875,26677.818359375,27268.130859375,17783600385.0,7.010000228881836,7.210000038146973,6.869999885559082,7.199999809265137,18648200.0,7.920000076293945,8.305000305175781,7.659999847412109,8.109999656677246,15540800.0,62.31999969482422,64.05000305175781,61.11000061035156,63.040000915527344,11635900.0,1715.327392578125,1791.1109619140625,1702.564697265625,1772.78564453125,8346890042.0,308.1700134277344,308.20001220703125,304.7699890136719,307.1199951171875,48585900.0,20.530000686645508,21.399999618530273,19.90999984741211,19.969999313354492,0.0
2023-03-29,8.5600004196167,8.880000114440918,8.520999908447266,8.829999923706055,39700.0,27267.03125,28619.54296875,27259.662109375,28348.44140625,20684945906.0,7.570000171661377,8.140000343322754,7.489999771118164,7.949999809265137,36010000.0,8.539999961853027,9.239999771118164,8.460000038146973,9.229999542236328,23697500.0,65.41999816894531,68.62999725341797,63.77000045776367,65.30000305175781,17673800.0,1772.89990234375,1825.6009521484375,1772.89990234375,1793.0018310546875,9136176952.0,310.8800048828125,313.3500061035156,310.04998779296875,312.7200012207031,53274300.0,19.389999389648438,19.450000762939453,19.09000015258789,19.1200008392334,0.0
2023-03-30,9.0,9.010000228881836,8.739999771118164,8.859999656677246,55900.0,28350.140625,29159.90234375,27720.16015625,28033.5625,22435349951.0,8.100000381469727,8.149999618530273,7.599999904632568,7.829999923706055,25958500.0,9.40999984741211,9.539999961853027,9.050000190734863,9.140000343322754,18406900.0,66.52999877929688,67.16999816894531,63.68000030517578,64.16000366210938,11563100.0,1793.345947265625,1827.2802734375,1766.2489013671875,1792.7371826171875,9724496987.0,315.239990234375,316.32000732421875,312.80999755859375,315.67999267578125,58354800.0,19.1200008392334,20.079999923706055,18.850000381469727,19.020000457763672,0.0
2023-03-31,8.890000343322754,9.3100004196167,8.859999656677246,9.3100004196167,28100.0,28032.26171875,28639.896484375,27583.71484375,28478.484375,19001327598.0,7.920000076293945,8.739999771118164,7.829999923706055,8.720000267028809,36159700.0,9.25,10.100000381469727,9.142000198364258,9.989999771118164,26859600.0,64.69999694824219,68.56999969482422,63.93000030517578,67.56999969482422,15926600.0,1793.6201171875,1844.6773681640625,1783.1422119140625,1822.0220947265625,9149379763.0,315.9100036621094,321.1700134277344,315.6000061035156,320.92999267578125,62138100.0,19.209999084472656,19.43000030517578,18.520000457763672,18.700000762939453,0.0
2023-04-03,9.069999694824219,9.270000457763672,8.9399995803833,9.229999542236328,41200.0,28183.080078125,28475.623046875,27276.720703125,27790.220703125,19556501327.0,8.539999961853027,8.899999618530273,8.119999885559082,8.430000305175781,25824800.0,9.8100004196167,9.949999809265137,9.239999771118164,9.670000076293945,17409600.0,66.01000213623047,68.33000183105469,62.70000076293945,63.61000061035156,14040300.0,1794.9224853515625,1839.1578369140625,1765.5189208984375,1810.297119140625,9643826401.0,318.7699890136719,320.4200134277344,317.4200134277344,320.1499938964844,47126800.0,19.790000915527344,19.829999923706055,18.540000915527344,18.549999237060547,0.0
2023-04-04,9.210000038146973,9.229999542236328,8.869999885559082,9.079999923706055,27700.0,27795.2734375,28433.7421875,27681.3046875,28168.08984375,15284538859.0,8.600000381469727,8.649999618530273,8.010000228881836,8.510000228881836,23882300.0,9.819999694824219,9.930000305175781,9.229999542236328,9.5600004196167,14720300.0,64.66000366210938,65.4000015258789,60.95000076293945,62.540000915527344,11654400.0,1810.14208984375,1886.5946044921875,1802.9554443359375,1871.005126953125,10398322335.0,320.6000061035156,321.6300048828125,317.8299865722656,319.07000732421875,45875400.0,18.790000915527344,20.030000686645508,18.579999923706055,19.0,0.0
2023-04-05,9.010000228881836,9.010000228881836,8.59000015258789,8.710000038146973,55300.0,28169.7265625,28739.23828125,27843.763671875,28177.984375,17052315986.0,8.619999885559082,8.630000114440918,7.650000095367432,7.929999828338623,27754500.0,9.640000343322754,9.75,9.010000228881836,9.149999618530273,15953300.0,62.540000915527344,63.04999923706055,59.220001220703125,60.779998779296875,10788900.0,1870.965087890625,1937.49755859375,1865.94189453125,1909.114013671875,10319231689.0,318.1000061035156,319.05999755859375,314.07000732421875,315.9200134277344,62795700.0,19.420000076293945,20.079999923706055,19.0,19.079999923706055,0.0
2023-04-06,8.489999771118164,8.859999656677246,8.359999656677246,8.8100004196167,31600.0,28175.2265625,28178.384765625,27738.759765625,28044.140625,13837809380.0,7.820000171661377,8.289999961853027,7.650000095367432,7.980000019073486,15392500.0,8.970999717712402,9.390000343322754,8.760000228881836,9.15999984741211,12719100.0,59.56999969482422,62.7400016784668,58.20000076293945,61.439998626708984,11875200.0,1909.1435546875,1909.271728515625,1857.0850830078125,1872.922607421875,8263191830.0,314.239990234375,318.54998779296875,312.82000732421875,318.04998779296875,46916500.0,19.299999237060547,19.8799991607666,18.350000381469727,18.399999618530273,0.0
2023-04-10,8.829999923706055,9.649999618530273,8.600000381469727,9.649999618530273,86700.0,28336.02734375,29771.46484375,28189.271484375,29652.98046875,19282400094.0,7.96999979019165,9.140000343322754,7.659999847412109,9.100000381469727,42370900.0,9.170000076293945,10.619999885559082,8.9399995803833,10.579999923706055,30153900.0,61.369998931884766,66.19000244140625,59.65999984741211,66.12999725341797,14391800.0,1859.7412109375,1917.3001708984375,1848.1641845703125,1911.20751953125,8380134275.0,315.07000732421875,317.9200134277344,313.25,317.8699951171875,45134700.0,19.389999389648438,20.049999237060547,18.93000030517578,18.969999313354492,0.0
2023-04-11,9.960000038146973,10.819999694824219,9.885000228881836,10.609999656677246,182900.0,29653.6796875,30509.083984375,29609.30078125,30235.05859375,20121259843.0,9.460000038146973,10.640000343322754,9.270000457763672,10.229999542236328,63439500.0,10.989999771118164,12.550000190734863,10.800000190734863,12.380000114440918,55029300.0,68.08999633789062,72.61000061035156,67.23999786376953,70.19000244140625,25348800.0,1911.3758544921875,1936.728271484375,1886.5341796875,1892.189697265625,8877222956.0,317.8299865722656,317.8900146484375,315.30999755859375,315.8299865722656,40113600.0,19.079999923706055,19.280000686645508,18.559999465942383,19.100000381469727,0.0
2023-04-12,10.670000076293945,10.829999923706055,10.15999984741211,10.300000190734863,119700.0,30231.58203125,30462.48046875,29725.57421875,30139.052734375,18651929926.0,10.050000190734863,10.579999923706055,9.6899995803833,9.949999809265137,43348600.0,12.260000228881836,13.149999618530273,11.949999809265137,12.350000381469727,48039100.0,70.7699966430664,72.0199966430664,66.2300033569336,67.83999633789062,16773400.0,1891.94970703125,1929.8812255859375,1860.036865234375,1920.68212890625,11010714187.0,317.82000732421875,318.4200134277344,312.57000732421875,313.0400085449219,62813300.0,19.3799991607666,19.979999542236328,18.25,19.09000015258789,0.0
2023-04-13,10.630000114440918,11.777999877929688,10.595000267028809,11.583999633789062,150600.0,29892.740234375,30539.845703125,29878.623046875,30399.06640625,17487721001.0,10.420000076293945,11.6899995803833,10.369999885559082,11.520000457763672,57539100.0,12.6899995803833,13.859999656677246,12.680000305175781,13.5,44153800.0,69.88999938964844,72.52999877929688,68.05000305175781,68.94999694824219,19718500.0,1917.6983642578125,2022.150146484375,1901.8603515625,2012.6346435546875,12546950499.0,314.8299865722656,319.6499938964844,313.6300048828125,319.1700134277344,54613800.0,18.829999923706055,19.059999465942383,17.770000457763672,17.799999237060547,0.0
2023-04-14,12.15999984741211,12.210000038146973,11.109999656677246,11.75,215600.0,30409.5625,31005.607421875,30044.498046875,30485.69921875,22659995079.0,12.270000457763672,12.279999732971191,10.979999542236328,11.970000267028809,54369900.0,13.829999923706055,13.890000343322754,12.75,13.479999542236328,30831200.0,69.30000305175781,71.69999694824219,67.87000274658203,69.91000366210938,12887200.0,2013.9306640625,2126.316650390625,2011.5032958984375,2101.635498046875,16298099411.0,317.5899963378906,320.3599853515625,315.6099853515625,318.57000732421875,56278300.0,17.940000534057617,18.1200008392334,17.06999969482422,17.06999969482422,0.0
2023-04-17,11.020000457763672,11.392000198364258,10.743000030517578,11.350000381469727,122000.0,30317.146484375,30319.197265625,29275.37109375,29445.044921875,17872186762.0,11.050000190734863,11.649999618530273,10.930000305175781,11.449999809265137,29146900.0,12.520000457763672,12.979999542236328,12.119999885559082,12.930000305175781,19850200.0,67.12000274658203,68.05000305175781,64.9000015258789,67.72000122070312,13344200.0,2120.001220703125,2120.113525390625,2063.03857421875,2076.242919921875,9648882546.0,318.1499938964844,319.20001220703125,316.0400085449219,318.8399963378906,43007000.0,17.579999923706055,17.790000915527344,16.899999618530273,16.950000762939453,0.0
2023-04-18,11.640000343322754,12.289999961853027,11.640000343322754,11.930000305175781,136900.0,29449.091796875,30470.302734375,29154.849609375,30397.552734375,19480529496.0,12.020000457763672,12.829999923706055,11.449999809265137,11.680000305175781,41896300.0,13.670000076293945,14.428999900817871,13.25,13.449999809265137,26531200.0,70.38999938964844,71.79000091552734,66.55000305175781,67.26000213623047,14835500.0,2075.855224609375,2121.531494140625,2057.65380859375,2104.537353515625,9134015143.0,320.989990234375,321.4200134277344,317.6400146484375,318.8599853515625,46746900.0,16.940000534057617,17.34000015258789,16.579999923706055,16.829999923706055,0.0
2023-04-19,11.5,11.5,11.020000457763672,11.100000381469727,135900.0,30394.1875,30411.0546875,28669.8984375,28822.6796875,24571565421.0,10.920000076293945,11.329999923706055,10.649999618530273,10.65999984741211,28329900.0,12.5600004196167,12.904999732971191,12.09000015258789,12.109999656677246,20647200.0,64.36000061035156,65.94000244140625,63.400001525878906,64.44000244140625,10327000.0,2103.9462890625,2104.857177734375,1928.5828857421875,1936.4034423828125,13779745451.0,316.4100036621094,319.7900085449219,316.2799987792969,318.7099914550781,38960100.0,17.299999237060547,17.719999313354492,16.170000076293945,16.459999084472656,0.0
2023-04-20,10.819999694824219,11.0,10.140000343322754,10.149999618530273,99800.0,28823.68359375,29076.400390625,28037.2578125,28245.98828125,21340360360.0,10.399999618530273,10.649999618530273,9.449999809265137,9.520000457763672,27389800.0,11.729999542236328,12.09000015258789,10.850000381469727,10.899999618530273,20535700.0,63.22999954223633,65.33000183105469,60.16999816894531,60.5,11452900.0,1936.41796875,1979.5733642578125,1918.1328125,1943.09765625,11324135406.0,315.69000244140625,319.2699890136719,314.9700012207031,316.2799987792969,62462100.0,16.850000381469727,17.690000534057617,16.329999923706055,17.170000076293945,0.0
2023-04-21,10.369999885559082,10.380000114440918,9.970000267028809,10.013999938964844,155200.0,28249.23046875,28349.96875,27177.365234375,27276.91015625,20759504330.0,9.869999885559082,9.949999809265137,8.869999885559082,8.930000305175781,28395200.0,11.329999923706055,11.329999923706055,10.5,10.520000457763672,18768700.0,61.08000183105469,61.45000076293945,58.709999084472656,59.040000915527344,13235100.0,1943.409912109375,1955.649169921875,1827.7889404296875,1849.9998779296875,12044274581.0,315.9100036621094,317.3999938964844,314.1000061035156,316.6099853515625,59002300.0,17.510000228881836,17.709999084472656,16.579999923706055,16.770000457763672,0.0
2023-04-24,10.069999694824219,10.1899995803833,9.579999923706055,9.8100004196167,148800.0,27591.73046875,27979.982421875,27070.849609375,27525.33984375,17703288330.0,9.020000457763672,9.350000381469727,8.6899995803833,8.890000343322754,26335000.0,10.470000267028809,10.805000305175781,10.119999885559082,10.390000343322754,18193800.0,58.959999084472656,59.09000015258789,54.08000183105469,54.75,21135700.0,1862.0853271484375,1888.1937255859375,1811.7921142578125,1842.7574462890625,8438191338.0,316.3800048828125,317.739990234375,313.739990234375,315.95001220703125,44043100.0,18.219999313354492,18.239999771118164,16.739999771118164,16.889999389648438,0.0
2023-04-25,9.699999809265137,9.9399995803833,9.470000267028809,9.710000038146973,128200.0,27514.873046875,28371.078125,27207.931640625,28307.59765625,17733373139.0,8.770000457763672,9.4399995803833,8.5600004196167,8.989999771118164,35069100.0,10.329999923706055,11.140000343322754,10.0600004196167,10.710000038146973,27025100.0,55.709999084472656,56.09000015258789,53.619998931884766,55.54999923706055,14383300.0,1842.204345703125,1877.4849853515625,1805.3228759765625,1866.753662109375,8677255481.0,314.2900085449219,314.9700012207031,309.8900146484375,309.989990234375,57121600.0,17.6200008392334,19.860000610351562,17.329999923706055,18.760000228881836,0.0
2023-04-26,10.630000114440918,11.0,10.149999618530273,10.1899995803833,179300.0,28300.05859375,29995.837890625,27324.548828125,28422.701171875,31854242019.0,10.100000381469727,10.649999618530273,9.399999618530273,9.460000038146973,65526200.0,11.989999771118164,12.079999923706055,10.869999885559082,10.90999984741211,40387000.0,59.5099983215332,59.5099983215332,53.599998474121094,53.88999938964844,16761200.0,1866.14892578125,1962.567626953125,1792.4638671875,1866.564208984375,14356524696.0,313.44000244140625,314.94000244140625,311.3399963378906,311.8699951171875,55400500.0,18.65999984741211,19.610000610351562,17.8700008392334,18.84000015258789,0.0
2023-04-27,10.4399995803833,10.614999771118164,10.140000343322754,10.5600004196167,116800.0,28428.46484375,29871.546875,28402.88671875,29473.787109375,27153445027.0,9.869999885559082,10.079999923706055,9.270000457763672,10.0600004196167,46101800.0,11.220000267028809,11.920000076293945,10.755000114440918,11.84000015258789,28867000.0,54.66999816894531,55.720001220703125,53.58000183105469,54.16999816894531,12010900.0,1866.6932373046875,1936.9451904296875,1863.14794921875,1908.786376953125,14008145806.0,315.70001220703125,320.8599853515625,315.04998779296875,320.3500061035156,65430400.0,18.43000030517578,18.43000030517578,16.719999313354492,17.030000686645508,0.0
2023-04-28,10.5600004196167,10.630000114440918,10.25,10.5,67000.0,29481.013671875,29572.791015625,28929.609375,29340.26171875,17544464887.0,9.850000381469727,10.329999923706055,9.510000228881836,10.069999694824219,28853100.0,11.65999984741211,12.100000381469727,11.319999694824219,11.960000038146973,22159000.0,53.650001525878906,54.52000045776367,52.16999816894531,53.790000915527344,11629800.0,1909.2730712890625,1923.19921875,1876.2918701171875,1892.5128173828125,7691759733.0,320.1099853515625,322.6499938964844,318.9599914550781,322.55999755859375,59712600.0,17.209999084472656,17.649999618530273,15.720000267028809,15.779999732971191,0.0
2023-05-01,10.390000343322754,10.390000343322754,9.640000343322754,9.649999618530273,104000.0,29227.103515625,29329.935546875,27680.79296875,28091.568359375,18655599976.0,9.760000228881836,9.930000305175781,8.640000343322754,8.779999732971191,28506300.0,11.600000381469727,11.638999938964844,10.369999885559082,10.520000457763672,19192300.0,53.16999816894531,54.380001068115234,48.45000076293945,50.13999938964844,18437900.0,1868.89111328125,1886.2064208984375,1809.1932373046875,1831.954833984375,8625783201.0,322.0899963378906,323.6300048828125,321.0899963378906,322.19000244140625,41013400.0,16.40999984741211,16.6200008392334,15.529999732971191,16.079999923706055,0.0
2023-05-02,9.680000305175781,10.279999732971191,9.557999610900879,10.229999542236328,67900.0,28087.17578125,28881.298828125,27924.123046875,28680.537109375,16432924527.0,8.869999885559082,9.720000267028809,8.649999618530273,9.550000190734863,32177300.0,10.649999618530273,11.970000267028809,10.319999694824219,11.779999732971191,22935300.0,50.20000076293945,52.13999938964844,48.2599983215332,51.31999969482422,16778400.0,1831.7265625,1879.759521484375,1824.3270263671875,1870.789306640625,7536785767.0,322.1199951171875,322.45001220703125,317.6099853515625,319.3800048828125,56519400.0,16.270000457763672,19.809999465942383,16.260000228881836,17.780000686645508,0.0
2023-05-03,9.880000114440918,10.300000190734863,9.880000114440918,10.050000190734863,74700.0,28680.494140625,29259.533203125,28178.388671875,29006.30859375,19122972518.0,9.170000076293945,9.970000267028809,9.09000015258789,9.550000190734863,26882400.0,11.390000343322754,11.510000228881836,10.65999984741211,10.739999771118164,27764600.0,50.150001525878906,51.599998474121094,48.310001373291016,48.4900016784668,13325600.0,1870.6871337890625,1915.504150390625,1845.871826171875,1904.65185546875,8306390869.0,319.75,322.4700012207031,317.17999267578125,317.2900085449219,59882100.0,17.81999969482422,18.829999923706055,17.190000534057617,18.34000015258789,0.0
2023-05-04,10.050000190734863,10.430000305175781,10.050000190734863,10.210000038146973,95300.0,29031.3046875,29353.185546875,28694.0390625,28847.7109375,15548678514.0,9.739999771118164,10.539999961853027,9.59000015258789,10.270000457763672,35765100.0,10.800000190734863,11.14799976348877,10.539999961853027,10.84000015258789,23478600.0,48.720001220703125,50.470001220703125,47.650001525878906,49.220001220703125,13044400.0,1905.1689453125,1915.8717041015625,1868.6297607421875,1877.7041015625,6578438233.0,317.05999755859375,318.2300109863281,315.1199951171875,316.1700134277344,50224500.0,19.170000076293945,21.329999923706055,18.670000076293945,20.09000015258789,0.0
2023-05-05,10.380000114440918,10.699999809265137,10.149999618530273,10.689000129699707,113300.0,28851.48046875,29668.908203125,28845.509765625,29534.384765625,17936566518.0,10.380000114440918,10.649999618530273,10.0,10.489999771118164,37753400.0,10.829999923706055,11.6850004196167,10.710000038146973,11.539999961853027,28585500.0,54.04999923706055,58.58000183105469,53.75,58.2400016784668,25585600.0,1877.8331298828125,1998.41357421875,1876.9466552734375,1995.0609130859375,9498261360.0,318.4700012207031,323.760009765625,316.2099914550781,322.8900146484375,51806100.0,19.5,19.6299991607666,16.690000534057617,17.190000534057617,0.0
2023-05-08,10.479999542236328,10.479999542236328,9.960000038146973,10.086000442504883,49000.0,28450.45703125,28663.271484375,27310.134765625,27694.2734375,19122903752.0,9.979999542236328,10.0,9.25,9.329999923706055,30157200.0,10.84000015258789,10.859999656677246,10.199999809265137,10.489999771118164,23093900.0,55.900001525878906,58.79999923706055,54.61000061035156,58.099998474121094,15259400.0,1872.47509765625,1886.162109375,1818.4505615234375,1849.042724609375,9895102899.0,322.4200134277344,324.0400085449219,321.32000732421875,323.69000244140625,36465800.0,17.729999542236328,17.8799991607666,16.829999923706055,16.979999542236328,0.0
2023-05-09,10.199999809265137,10.329999923706055,10.029999732971191,10.302000045776367,78500.0,27695.068359375,27821.400390625,27375.6015625,27658.775390625,14128593256.0,9.470000267028809,9.800000190734863,9.3100004196167,9.380000114440918,23038000.0,10.670000076293945,11.569999694824219,10.619999885559082,11.4399995803833,18784400.0,57.900001525878906,60.2400016784668,56.59000015258789,60.209999084472656,9641200.0,1849.06103515625,1860.66748046875,1832.906982421875,1848.6031494140625,6129516088.0,322.0,322.8800048828125,321.32000732421875,321.6400146484375,31768800.0,17.290000915527344,17.860000610351562,17.219999313354492,17.709999084472656,0.0
2023-05-10,10.630000114440918,11.140000343322754,10.539999961853027,10.770000457763672,140100.0,27654.63671875,28322.6875,26883.669921875,27621.755859375,20656025026.0,9.789999961853027,10.720000267028809,9.65999984741211,10.220000267028809,51276900.0,11.84000015258789,12.899999618530273,11.680000305175781,12.279999732971191,31547700.0,61.45000076293945,63.75,59.88999938964844,62.63999938964844,15481300.0,1848.2135009765625,1886.80029296875,1795.6688232421875,1842.4014892578125,9945549603.0,324.1199951171875,326.010009765625,321.6000061035156,325.1400146484375,60446600.0,17.579999923706055,18.309999465942383,16.360000610351562,16.940000534057617,0.0
2023-05-11,10.4399995803833,10.489999771118164,9.75,9.800000190734863,136500.0,27621.0859375,27621.94140625,26781.826171875,27000.7890625,16724343943.0,9.84000015258789,9.930000305175781,8.649999618530273,8.729999542236328,39314900.0,11.944000244140625,12.100000381469727,10.414999961853027,10.710000038146973,25762300.0,62.40999984741211,63.11000061035156,59.77000045776367,60.349998474121094,8843500.0,1842.4920654296875,1842.4920654296875,1774.132568359375,1796.4906005859375,8353828312.0,325.70001220703125,326.75,324.1199951171875,326.20001220703125,44278500.0,16.799999237060547,18.190000534057617,16.6299991607666,16.93000030517578,0.0
2023-05-12,9.699999809265137,9.819000244140625,9.510000228881836,9.6899995803833,60800.0,26987.662109375,27055.646484375,25878.4296875,26804.990234375,19313599897.0,8.710000038146973,8.930000305175781,8.520000457763672,8.920000076293945,23041800.0,10.600000381469727,10.84000015258789,10.343999862670898,10.609999656677246,16400900.0,60.88999938964844,61.130001068115234,56.77000045776367,57.34000015258789,9111000.0,1795.1766357421875,1812.4249267578125,1742.40380859375,1808.019775390625,9047198660.0,326.739990234375,327.1700134277344,322.94000244140625,325.0299987792969,48432800.0,16.829999923706055,17.920000076293945,16.3799991607666,17.030000686645508,0.0
2023-05-15,10.109999656677246,10.210000038146973,9.84000015258789,10.210000038146973,68800.0,26931.384765625,27646.34765625,26766.09765625,27192.693359375,14413231792.0,9.1899995803833,9.609999656677246,8.899999618530273,9.539999961853027,26855000.0,10.930000305175781,11.319999694824219,10.649999618530273,11.079999923706055,17750400.0,58.400001525878906,61.29999923706055,57.20000076293945,60.77000045776367,9429300.0,1800.3712158203125,1845.6954345703125,1787.536376953125,1817.5499267578125,6748889346.0,325.510009765625,327.0299987792969,323.9599914550781,326.7900085449219,33375600.0,17.440000534057617,18.15999984741211,17.079999923706055,17.1200008392334,0.0
2023-05-16,10.079999923706055,10.25,10.010000228881836,10.149999618530273,66500.0,27171.513671875,27299.3046875,26878.947265625,27036.650390625,12732238816.0,9.199999809265137,9.539999961853027,9.0,9.25,18095000.0,10.779999732971191,11.03499984741211,10.550000190734863,10.850000381469727,12465800.0,58.68000030517578,60.11000061035156,57.13999938964844,57.880001068115234,7867900.0,1816.82421875,1830.3515625,1797.84375,1824.1214599609375,5595959668.0,326.05999755859375,328.8999938964844,326.0199890136719,327.1600036621094,40019200.0,17.540000915527344,18.299999237060547,17.260000228881836,17.989999771118164,0.0
2023-05-17,10.010000228881836,10.6899995803833,9.9399995803833,10.619999885559082,75900.0,27035.470703125,27465.927734375,26600.14453125,27398.802734375,15140006925.0,9.069999694824219,10.199999809265137,9.039999961853027,10.09000015258789,30436800.0,10.65999984741211,11.609999656677246,10.600000381469727,11.529999732971191,16416800.0,57.4900016784668,61.310001373291016,57.29999923706055,61.040000915527344,8998400.0,1824.068359375,1835.5545654296875,1786.6719970703125,1821.859619140625,6352161579.0,328.239990234375,331.7099914550781,327.0400085449219,331.1199951171875,47486100.0,17.959999084472656,18.260000228881836,16.68000030517578,16.8700008392334,0.0
2023-05-18,10.581999778747559,10.920000076293945,10.28499984741211,10.460000038146973,44000.0,27401.650390625,27466.52734375,26415.1015625,26832.208984375,15222938600.0,9.920000076293945,10.40999984741211,9.029999732971191,9.380000114440918,37908600.0,11.289999961853027,11.82699966430664,10.680000305175781,11.069999694824219,16231600.0,60.470001220703125,61.70000076293945,58.599998474121094,60.2599983215332,8330300.0,1822.0682373046875,1831.4503173828125,1774.195068359375,1801.728515625,5673124255.0,331.5199890136719,337.489990234375,331.5,337.2699890136719,64213500.0,16.920000076293945,17.149999618530273,16.049999237060547,16.049999237060547,0.0
2023-05-19,10.550000190734863,10.630000114440918,10.34000015258789,10.449999809265137,36300.0,26826.75390625,27128.619140625,26700.2109375,26890.12890625,11258983301.0,9.520000457763672,9.729999542236328,9.170000076293945,9.180000305175781,19235400.0,11.260000228881836,11.529999732971191,10.890000343322754,11.079999923706055,14671700.0,60.56999969482422,61.470001220703125,56.59000015258789,56.779998779296875,12520700.0,1800.994384765625,1826.1942138671875,1797.4344482421875,1812.5894775390625,4796110259.0,337.489990234375,338.2099914550781,335.42999267578125,336.510009765625,61554900.0,16.1299991607666,17.360000610351562,15.850000381469727,16.809999465942383,0.0
2023-05-22,10.449999809265137,10.829999923706055,10.369999885559082,10.829999923706055,38000.0,26749.892578125,27045.734375,26549.734375,26851.27734375,11056770492.0,9.170000076293945,9.720000267028809,8.949999809265137,9.670000076293945,25877200.0,11.005000114440918,12.199999809265137,10.829999923706055,12.199999809265137,21033000.0,56.88999938964844,61.099998474121094,55.900001525878906,61.06999969482422,12683400.0,1804.8419189453125,1826.696533203125,1793.2239990234375,1817.5347900390625,4534841049.0,336.25,338.6700134277344,336.239990234375,337.6400146484375,43015900.0,17.450000762939453,18.1299991607666,16.81999969482422,17.209999084472656,0.0
2023-05-23,10.989999771118164,11.25,10.510000228881836,10.579999923706055,58800.0,26855.9609375,27434.68359375,26816.1796875,27225.7265625,13697203143.0,9.75,10.359999656677246,9.260000228881836,9.319999694824219,30437700.0,12.390000343322754,12.611000061035156,11.25,11.279999732971191,23583000.0,61.0,63.25,58.66999816894531,59.099998474121094,12208200.0,1817.7811279296875,1869.343994140625,1816.2879638671875,1854.380615234375,6820047160.0,335.8900146484375,337.05999755859375,333.0,333.3599853515625,48216700.0,17.350000381469727,19.309999465942383,17.299999237060547,18.530000686645508,0.0
2023-05-24,10.420000076293945,10.5600004196167,10.069999694824219,10.449999809265137,33500.0,27224.603515625,27224.603515625,26106.576171875,26334.818359375,16299104428.0,9.149999618530273,9.609999656677246,8.859999656677246,9.430000305175781,28986400.0,11.0600004196167,11.470000267028809,10.5600004196167,11.270000457763672,18765600.0,57.779998779296875,58.970001220703125,56.599998474121094,58.36000061035156,8198300.0,1854.2996826171875,1854.2996826171875,1780.925537109375,1800.0999755859375,7101647419.0,331.3699951171875,332.9100036621094,329.55999755859375,331.6499938964844,62891200.0,18.799999237060547,20.809999465942383,18.799999237060547,20.030000686645508,0.0
2023-05-25,10.600000381469727,10.819999694824219,10.119999885559082,10.270000457763672,44700.0,26329.4609375,26591.51953125,25890.59375,26476.20703125,13851122697.0,9.489999771118164,9.569999694824219,8.779999732971191,9.109999656677246,28309500.0,11.350000381469727,11.529999732971191,10.65999984741211,11.069999694824219,13904600.0,58.560001373291016,59.13999938964844,55.880001068115234,56.869998931884766,7997400.0,1799.84521484375,1815.9947509765625,1763.3651123046875,1805.9537353515625,6321689859.0,339.1400146484375,341.010009765625,336.6700134277344,339.7200012207031,66862800.0,19.540000915527344,19.950000762939453,18.700000762939453,19.139999389648438,0.0
2023-05-26,10.399999618530273,10.75,10.34000015258789,10.420000076293945,46300.0,26474.181640625,26916.669921875,26343.94921875,26719.291015625,12711619225.0,9.15999984741211,9.6899995803833,8.850000381469727,8.930000305175781,31666500.0,11.109999656677246,11.845000267028809,10.729999542236328,10.920000076293945,18298000.0,56.86000061035156,58.90999984741211,56.630001068115234,56.91999816894531,7788100.0,1805.7254638671875,1837.8658447265625,1798.406005859375,1828.689697265625,5451414258.0,340.760009765625,349.25,340.6600036621094,348.3999938964844,63007000.0,19.06999969482422,19.559999465942383,17.270000457763672,17.950000762939453,0.0
2023-05-30,10.829999923706055,11.319999694824219,10.829999923706055,11.079999923706055,49700.0,27745.123046875,28044.759765625,27588.501953125,27702.349609375,13251081851.0,9.4399995803833,10.199999809265137,9.140000343322754,9.420000076293945,42716700.0,11.710000038146973,12.79699993133545,11.59000015258789,12.029999732971191,34100600.0,60.099998474121094,63.380001068115234,59.22999954223633,61.16999816894531,14814200.0,1893.0931396484375,1916.574951171875,1883.9346923828125,1901.026611328125,5363439784.0,352.7099914550781,353.92999267578125,348.5299987792969,349.9800109863281,72652200.0,17.559999465942383,18.34000015258789,16.979999542236328,17.459999084472656,0.0
2023-05-31,10.800000190734863,11.039999961853027,10.5600004196167,11.039999961853027,55200.0,27700.529296875,27831.677734375,26866.453125,27219.658203125,15656371534.0,9.180000305175781,9.84000015258789,9.010000228881836,9.789999961853027,28923900.0,11.579999923706055,12.039999961853027,11.369999885559082,12.0,19845600.0,59.29999923706055,62.59000015258789,59.209999084472656,62.20000076293945,10112600.0,1901.0982666015625,1907.035400390625,1852.0947265625,1874.1304931640625,5984512548.0,348.3699951171875,350.6000061035156,346.510009765625,347.989990234375,65105400.0,18.040000915527344,18.399999618530273,17.1200008392334,17.940000534057617,0.0
2023-06-01,11.0600004196167,11.350000381469727,10.869999885559082,11.15999984741211,35000.0,27218.412109375,27346.10546875,26671.720703125,26819.97265625,14678970415.0,9.65999984741211,10.380000114440918,9.529999732971191,9.989999771118164,30340000.0,11.789999961853027,12.706999778747559,11.59000015258789,12.40999984741211,21175500.0,61.79999923706055,66.36000061035156,60.66999816894531,63.56999969482422,11729000.0,1873.9146728515625,1887.705322265625,1846.2274169921875,1862.201416015625,5640027197.0,347.7300109863281,353.3599853515625,346.6600036621094,352.010009765625,50488600.0,17.239999771118164,17.59000015258789,15.579999923706055,15.649999618530273,0.0
2023-06-02,11.420000076293945,11.420000076293945,10.850000381469727,11.020000457763672,45500.0,26824.556640625,27303.861328125,26574.64453125,27249.58984375,14837415000.0,10.319999694824219,10.390000343322754,9.569999694824219,10.029999732971191,32655300.0,12.710000038146973,12.710000038146973,11.369999885559082,11.710000038146973,34328000.0,65.11000061035156,65.22000122070312,62.0,64.55000305175781,8630800.0,1862.4237060546875,1910.2784423828125,1851.9647216796875,1907.256591796875,6097746022.0,353.79998779296875,355.8299865722656,352.010009765625,354.6499938964844,53372100.0,15.649999618530273,15.649999618530273,14.420000076293945,14.600000381469727,0.0
2023-06-05,10.789999961853027,10.854999542236328,10.350000381469727,10.40999984741211,70400.0,27123.109375,27129.982421875,25445.16796875,25760.09765625,21513292646.0,9.729999542236328,9.979999542236328,9.0600004196167,9.1899995803833,35660400.0,11.289999961853027,11.609999656677246,10.449999809265137,10.680000305175781,28106100.0,63.380001068115234,64.44000244140625,55.810001373291016,58.709999084472656,26413200.0,1890.4176025390625,1890.6405029296875,1780.2115478515625,1811.828369140625,9246593033.0,354.42999267578125,357.5,353.8500061035156,354.8999938964844,47266200.0,15.279999732971191,15.289999961853027,14.65999984741211,14.729999542236328,0.0
2023-06-06,10.270000457763672,10.819999694824219,9.84000015258789,10.800000190734863,69300.0,25732.109375,27313.8203125,25434.8671875,27238.783203125,21929670693.0,8.949999809265137,10.130000114440918,8.470000267028809,10.079999923706055,53229200.0,10.140000343322754,10.979999542236328,9.699999809265137,10.899999618530273,26503000.0,47.099998474121094,52.380001068115234,46.43000030517578,51.61000061035156,56259900.0,1810.5814208984375,1896.22265625,1801.4052734375,1884.494873046875,8704411776.0,354.2799987792969,355.82000732421875,352.92999267578125,354.8399963378906,41390400.0,14.90999984741211,14.970000267028809,13.949999809265137,13.960000038146973,0.0
2023-06-07,10.800000190734863,10.899999618530273,10.300000190734863,10.329999923706055,39600.0,27235.650390625,27332.181640625,26146.98828125,26345.998046875,19530045082.0,10.0,10.579999923706055,9.430000305175781,9.550000190734863,39054100.0,10.779999732971191,11.199999809265137,10.289999961853027,10.430000305175781,19520700.0,53.290000915527344,54.0,51.70000076293945,53.2599983215332,18905500.0,1884.3729248046875,1893.80908203125,1822.3031005859375,1832.39599609375,7919894455.0,355.1300048828125,357.1199951171875,348.17999267578125,348.82000732421875,69225900.0,14.140000343322754,14.289999961853027,13.770000457763672,13.9399995803833,0.0
2023-06-08,10.420000076293945,10.630000114440918,10.329999923706055,10.460000038146973,17700.0,26347.654296875,26797.513671875,26246.6640625,26508.216796875,11904824295.0,9.609999656677246,9.890000343322754,9.529999732971191,9.569999694824219,19797200.0,10.4399995803833,10.850000381469727,10.369999885559082,10.550000190734863,11197900.0,52.209999084472656,55.04999923706055,51.959999084472656,54.900001525878906,12773600.0,1832.5135498046875,1861.1361083984375,1830.1650390625,1846.3018798828125,4536041931.0,349.1199951171875,353.6199951171875,348.8900146484375,353.1499938964844,47153900.0,14.140000343322754,14.210000038146973,13.529999732971191,13.649999618530273,0.0
2023-06-09,10.550000190734863,10.550000190734863,10.130000114440918,10.170000076293945,22700.0,26505.923828125,26770.2890625,26339.314453125,26480.375,11015551640.0,9.779999732971191,9.819999694824219,9.199999809265137,9.380000114440918,20588600.0,10.710000038146973,10.779999732971191,10.220999717712402,10.329999923706055,9154100.0,55.0,57.41999816894531,52.47999954223633,53.279998779296875,14394300.0,1846.077880859375,1854.824951171875,1828.5445556640625,1840.2252197265625,4610831509.0,354.6300048828125,357.6600036621094,353.0299987792969,354.5,53196900.0,13.779999732971191,14.140000343322754,13.5,13.829999923706055,0.0
2023-06-12,10.100000381469727,10.359999656677246,10.069999694824219,10.34000015258789,36500.0,25934.28515625,26087.919921875,25675.197265625,25902.5,11677889997.0,9.270000457763672,9.489999771118164,9.170000076293945,9.329999923706055,14514900.0,10.210000038146973,10.359999656677246,10.020000457763672,10.239999771118164,10136600.0,52.529998779296875,52.93000030517578,50.099998474121094,50.560001373291016,12447200.0,1753.075439453125,1757.6597900390625,1722.9063720703125,1742.5286865234375,6031384958.0,356.19000244140625,360.5899963378906,355.20001220703125,360.489990234375,44606500.0,14.4399995803833,15.020000457763672,14.319999694824219,15.010000228881836,0.0
2023-06-13,10.619999885559082,10.729999542236328,10.359999656677246,10.550000190734863,33800.0,25902.94140625,26376.3515625,25728.365234375,25918.728515625,14143474486.0,9.5,9.949999809265137,9.289999961853027,9.680000305175781,25412200.0,10.579999923706055,10.6899995803833,10.109999656677246,10.260000228881836,10967800.0,51.79999923706055,52.65999984741211,50.52000045776367,52.400001525878906,11560800.0,1742.39013671875,1761.9554443359375,1727.7498779296875,1739.03759765625,6214125203.0,363.2900085449219,364.1099853515625,360.0299987792969,363.260009765625,57097800.0,14.989999771118164,15.0600004196167,14.470000267028809,14.609999656677246,0.0
2023-06-14,10.539999961853027,10.800000190734863,10.470000267028809,10.630000114440918,28900.0,25920.2578125,26041.80078125,24902.15234375,25124.67578125,14265717766.0,9.729999542236328,10.029999732971191,9.510000228881836,9.6899995803833,30560400.0,10.300000190734863,10.520000457763672,10.020000457763672,10.149999618530273,12934300.0,52.810001373291016,54.790000915527344,51.560001373291016,53.900001525878906,11241200.0,1739.2501220703125,1749.1632080078125,1637.187744140625,1650.519287109375,7462905534.0,363.2699890136719,366.19000244140625,360.4200134277344,365.8999938964844,69525600.0,14.479999542236328,14.729999542236328,13.829999923706055,13.880000114440918,0.0
2023-06-15,10.220000267028809,10.479999542236328,10.074999809265137,10.399999618530273,37000.0,25121.673828125,25735.30859375,24797.16796875,25576.39453125,15837384409.0,9.329999923706055,9.539999961853027,9.109999656677246,9.359999656677246,30601500.0,9.800000190734863,10.130000114440918,9.416999816894531,9.970000267028809,15436200.0,52.709999084472656,54.58000183105469,50.93000030517578,54.25,11801700.0,1650.4981689453125,1676.4066162109375,1624.1383056640625,1665.519775390625,7328564880.0,364.6099853515625,371.7699890136719,363.9800109863281,370.260009765625,71138800.0,14.09000015258789,14.520000457763672,13.789999961853027,14.5,0.0
2023-06-16,10.550000190734863,11.100000381469727,10.329999923706055,10.979999542236328,46300.0,25575.283203125,26463.173828125,25245.357421875,26327.462890625,16324646965.0,9.479999542236328,10.0600004196167,9.15999984741211,9.979999542236328,50994800.0,10.069999694824219,10.479999542236328,9.829999923706055,10.399999618530273,18679700.0,55.40999984741211,56.279998779296875,53.900001525878906,55.59000015258789,13754200.0,1665.41064453125,1727.28955078125,1653.1708984375,1716.6688232421875,6281023479.0,372.7200012207031,372.8500061035156,367.4800109863281,367.92999267578125,80932000.0,14.489999771118164,14.539999961853027,13.479999542236328,13.539999961853027,0.0
2023-06-20,11.199999809265137,12.09000015258789,10.90999984741211,12.050000190734863,116600.0,26841.6640625,28388.96875,26668.791015625,28327.48828125,22211859147.0,10.210000038146973,11.729999542236328,9.8100004196167,11.720000267028809,81874000.0,10.640000343322754,11.289999961853027,10.119000434875488,11.25,27317200.0,55.900001525878906,57.939998626708984,53.630001068115234,57.09000015258789,14143500.0,1736.8797607421875,1793.31396484375,1715.342529296875,1792.1199951171875,7171072578.0,365.95001220703125,368.32000732421875,363.8900146484375,366.8999938964844,49204700.0,14.359999656677246,14.670000076293945,13.859999656677246,13.880000114440918,0.0
2023-06-21,12.5600004196167,12.979999542236328,12.359999656677246,12.550000190734863,145400.0,28311.310546875,30737.330078125,28283.41015625,30027.296875,33346760979.0,12.25,12.899999618530273,12.010000228881836,12.210000038146973,88558500.0,11.65999984741211,12.0600004196167,11.460000038146973,11.680000305175781,34973600.0,58.900001525878906,59.2400016784668,56.81999969482422,58.099998474121094,20569700.0,1791.9949951171875,1898.6689453125,1788.4892578125,1891.0072021484375,11731457711.0,365.739990234375,366.17999267578125,360.9599914550781,361.8999938964844,53378300.0,13.880000114440918,13.890000343322754,13.100000381469727,13.199999809265137,0.0
2023-06-22,12.600000381469727,12.770000457763672,12.0,12.520000457763672,119700.0,29995.935546875,30495.998046875,29679.158203125,29912.28125,20653160491.0,12.25,12.680000305175781,11.140000343322754,11.829999923706055,55820500.0,11.75,11.970000267028809,10.760000228881836,11.239999771118164,20888300.0,58.97999954223633,59.279998779296875,55.099998474121094,57.4900016784668,12837400.0,1889.79443359375,1932.0655517578125,1867.8765869140625,1872.9429931640625,8477657143.0,360.6300048828125,366.3299865722656,360.2200012207031,366.1700134277344,47603000.0,13.880000114440918,13.979999542236328,12.729999542236328,12.90999984741211,0.0
2023-06-23,12.369999885559082,13.5,12.279999732971191,12.979999542236328,196400.0,29896.3828125,31389.5390625,29845.21484375,30695.46875,24115570085.0,11.779999732971191,13.100000381469727,11.5,12.710000038146973,87494200.0,11.109999656677246,12.109999656677246,10.899999618530273,11.600000381469727,29671900.0,56.849998474121094,61.88999938964844,55.75,61.470001220703125,26088600.0,1872.540771484375,1932.5316162109375,1865.1920166015625,1892.862060546875,8290615074.0,362.2099914550781,364.8800048828125,360.82000732421875,362.5400085449219,48922900.0,13.239999771118164,13.800000190734863,12.880000114440918,13.4399995803833,0.0
2023-06-26,12.970000267028809,13.25,12.029999732971191,12.149999618530273,199400.0,30480.5234375,30636.029296875,29955.744140625,30271.130859375,16493186997.0,12.550000190734863,13.050000190734863,11.420000076293945,11.789999961853027,51715200.0,11.489999771118164,12.180000305175781,10.720000267028809,10.770000457763672,22037400.0,61.099998474121094,66.16000366210938,61.0,61.939998626708984,20724100.0,1900.05029296875,1905.3604736328125,1840.215087890625,1859.432861328125,8619702292.0,362.0,364.8399963378906,357.5899963378906,357.67999267578125,52685500.0,14.430000305175781,14.710000038146973,13.779999732971191,14.25,0.0
2023-06-27,12.539999961853027,13.0,12.329999923706055,12.90999984741211,133800.0,30274.3203125,31006.787109375,30236.650390625,30688.1640625,16428827944.0,12.180000305175781,13.5,12.050000190734863,13.380000114440918,64774800.0,11.069999694824219,11.710000038146973,10.880000114440918,11.649999618530273,25685600.0,63.79999923706055,70.37000274658203,62.84000015258789,69.88999938964844,25447400.0,1859.34619140625,1911.3111572265625,1856.83837890625,1889.703369140625,7686042202.0,359.25,364.57000732421875,358.510009765625,363.8299865722656,49428100.0,14.109999656677246,14.34000015258789,13.59000015258789,13.739999771118164,0.0
2023-06-28,12.5600004196167,13.069999694824219,12.399999618530273,12.75,129400.0,30696.560546875,30703.279296875,29921.822265625,30086.24609375,14571500779.0,13.020000457763672,13.699999809265137,12.579999923706055,13.15999984741211,52768500.0,11.420000076293945,11.979999542236328,11.239999771118164,11.539999961853027,16753300.0,69.0,74.30999755859375,69.0,70.75,23086200.0,1889.906494140625,1890.208984375,1822.102783203125,1827.97119140625,7135265016.0,361.9800109863281,366.5199890136719,361.8999938964844,364.5400085449219,46498000.0,13.899999618530273,13.960000038146973,13.359999656677246,13.430000305175781,0.0
2023-06-29,13.1899995803833,13.520000457763672,12.789999961853027,13.09000015258789,130200.0,30086.1875,30796.25,30057.203125,30445.3515625,13180860821.0,13.630000114440918,14.3100004196167,13.180000305175781,13.819999694824219,50628000.0,11.869999885559082,12.369999885559082,11.510000228881836,11.65999984741211,21510800.0,72.02999877929688,74.18000030517578,70.83000183105469,72.43000030517578,14730500.0,1828.059326171875,1876.5302734375,1828.059326171875,1852.227294921875,5677228612.0,364.239990234375,364.8900146484375,362.1400146484375,363.80999755859375,46151000.0,13.640000343322754,13.850000381469727,13.40999984741211,13.539999961853027,0.0
2023-06-30,13.619999885559082,13.619999885559082,12.5600004196167,13.010000228881836,177600.0,30441.353515625,31256.86328125,29600.275390625,30477.251953125,26387306197.0,14.4399995803833,14.619999885559082,13.149999618530273,13.859999656677246,63953200.0,12.079999923706055,12.40999984741211,11.199999809265137,11.819999694824219,30171100.0,73.80000305175781,74.97000122070312,68.1500015258789,71.55000305175781,24594000.0,1852.0084228515625,1945.2742919921875,1831.281005859375,1933.18896484375,12895131248.0,367.54998779296875,370.489990234375,367.2300109863281,369.4200134277344,58712500.0,13.510000228881836,13.59000015258789,12.960000038146973,13.59000015258789,0.0
2023-07-03,13.180000305175781,14.399999618530273,13.180000305175781,14.29699993133545,72100.0,30624.515625,31375.61328125,30586.513671875,31156.439453125,15271884873.0,14.050000190734863,15.640000343322754,13.949999809265137,15.319999694824219,43137000.0,11.920000076293945,13.454999923706055,11.861000061035156,13.350000381469727,29313400.0,73.19999694824219,80.8499984741211,73.01000213623047,79.93000030517578,19891700.0,1937.8837890625,1974.7750244140625,1934.6888427734375,1955.38916015625,7858509087.0,370.07000732421875,370.92999267578125,368.9700012207031,370.2900085449219,19432900.0,13.850000381469727,13.850000381469727,13.470000267028809,13.569999694824219,0.0
2023-07-05,13.979999542236328,14.8100004196167,13.760000228881836,14.569999694824219,83200.0,30778.724609375,30877.330078125,30225.61328125,30514.166015625,12481622280.0,14.680000305175781,15.84000015258789,14.569999694824219,15.5600004196167,47454800.0,12.819999694824219,13.859999656677246,12.649999618530273,13.59000015258789,28389700.0,76.9000015258789,79.93000030517578,76.16000366210938,78.3499984741211,14670000.0,1936.7967529296875,1942.4324951171875,1897.124755859375,1910.5880126953125,6034088075.0,368.70001220703125,372.010009765625,368.6600036621094,370.2799987792969,34460900.0,14.1899995803833,14.739999771118164,14.050000190734863,14.180000305175781,0.0
2023-07-06,14.569999694824219,14.6899995803833,13.680999755859375,14.4399995803833,129400.0,30507.150390625,31460.052734375,29892.2265625,29909.337890625,21129219509.0,15.75,15.970000267028809,14.510000228881836,15.319999694824219,47358800.0,13.779999732971191,13.880000114440918,12.789999961853027,13.539999961853027,23790800.0,78.05000305175781,78.45999908447266,74.5199966430664,78.0999984741211,11110400.0,1910.4171142578125,1956.0123291015625,1847.8507080078125,1848.636474609375,8905008384.0,366.510009765625,367.9100036621094,364.5199890136719,367.4599914550781,49374700.0,14.850000381469727,17.079999923706055,14.789999961853027,15.4399995803833,0.0
2023-07-07,14.489999771118164,15.888999938964844,14.460000038146973,15.413000106811523,154900.0,29907.998046875,30434.64453125,29777.28515625,30342.265625,13384770155.0,15.279999732971191,16.739999771118164,15.239999771118164,15.670000076293945,60526200.0,13.420000076293945,15.550000190734863,13.420000076293945,15.479999542236328,41207300.0,78.1500015258789,81.19000244140625,77.62000274658203,78.72000122070312,13275500.0,1847.5125732421875,1876.9632568359375,1832.025390625,1870.6025390625,6468885150.0,367.2300109863281,370.4800109863281,366.010009765625,366.239990234375,47133700.0,15.970000267028809,16.059999465942383,14.329999923706055,14.829999923706055,0.0
2023-07-10,15.460000038146973,16.65999984741211,15.029999732971191,16.625,115000.0,30172.423828125,31026.083984375,29985.39453125,30414.470703125,14828209155.0,15.800000190734863,16.979999542236328,15.239999771118164,16.920000076293945,51905200.0,15.75,16.90999984741211,15.119999885559082,16.860000610351562,34873100.0,79.08000183105469,81.37000274658203,76.55000305175781,81.20999908447266,10739700.0,1863.240234375,1905.4608154296875,1848.7772216796875,1880.556396484375,6336468234.0,365.9599914550781,367.04998779296875,363.4100036621094,366.3599853515625,48498800.0,16.079999923706055,16.209999084472656,15.039999961853027,15.069999694824219,0.0
2023-07-11,16.719999313354492,16.812999725341797,16.25,16.56999969482422,141400.0,30417.6328125,30788.314453125,30358.09765625,30620.951171875,12151839152.0,16.770000457763672,17.579999923706055,16.559999465942383,17.389999389648438,47291800.0,16.799999237060547,17.655000686645508,16.329999923706055,17.510000228881836,35291300.0,80.48999786376953,92.1500015258789,80.48999786376953,89.1500015258789,35672100.0,1880.6549072265625,1889.3817138671875,1863.2186279296875,1878.3360595703125,4905225892.0,366.7900085449219,368.6300048828125,364.6199951171875,368.1700134277344,38214100.0,15.020000457763672,15.25,14.630000114440918,14.84000015258789,0.0
2023-07-12,17.299999237060547,17.34000015258789,16.489999771118164,16.700000762939453,197700.0,30622.24609375,30959.96484375,30228.8359375,30391.646484375,14805659717.0,17.940000534057617,18.260000228881836,16.780000686645508,16.860000610351562,54020300.0,18.040000915527344,18.639999389648438,17.239999771118164,17.649999618530273,40610100.0,89.0,89.06999969482422,84.44999694824219,85.94999694824219,16752300.0,1878.322021484375,1901.1484375,1865.7100830078125,1872.11376953125,6379007000.0,372.3399963378906,374.19000244140625,370.29998779296875,372.82000732421875,61975400.0,14.819999694824219,14.819999694824219,13.510000228881836,13.539999961853027,0.0
2023-07-13,17.020000457763672,19.290000915527344,16.989999771118164,19.06999969482422,339200.0,30387.48828125,31814.515625,30268.3515625,31476.048828125,23686079548.0,17.190000534057617,19.479999542236328,17.030000686645508,19.299999237060547,71665800.0,17.8700008392334,20.530000686645508,17.81999969482422,20.290000915527344,53242000.0,85.3499984741211,109.20999908447266,83.41999816894531,107.0,65424400.0,1872.040283203125,2011.88525390625,1864.49609375,2006.511474609375,11114853969.0,376.04998779296875,379.989990234375,375.4599914550781,379.1499938964844,46960000.0,13.4399995803833,13.609999656677246,13.119999885559082,13.609999656677246,0.0
2023-07-14,18.940000534057617,19.3799991607666,17.410999298095703,17.799999237060547,292000.0,31474.720703125,31582.25390625,29966.38671875,30334.068359375,20917902660.0,19.1299991607666,19.8799991607666,17.8700008392334,18.06999969482422,53399300.0,20.25,20.649999618530273,18.770000457763672,19.1200008392334,39091200.0,106.68000030517578,114.43000030517578,101.22000122070312,105.30999755859375,42266300.0,2005.6861572265625,2026.2049560546875,1901.3612060546875,1939.3470458984375,10627449471.0,379.5899963378906,382.8599853515625,378.17999267578125,379.07000732421875,55148500.0,13.720000267028809,13.760000228881836,13.220000267028809,13.34000015258789,0.0
2023-07-17,17.889999389648438,18.59000015258789,17.07200050354004,17.31999969482422,182900.0,30249.626953125,30336.400390625,29685.783203125,30145.888671875,13240156074.0,18.18000030517578,18.690000534057617,16.950000762939453,17.260000228881836,42105700.0,19.170000076293945,20.270000457763672,18.209999084472656,18.479999542236328,31227800.0,104.56999969482422,109.4800033569336,103.5,105.55000305175781,19191400.0,1923.6943359375,1936.1776123046875,1875.120361328125,1911.6461181640625,6678090758.0,379.79998779296875,383.5,379.30999755859375,382.6099853515625,40868900.0,13.779999732971191,14.0,13.430000305175781,13.479999542236328,0.0
2023-07-18,17.010000228881836,17.1299991607666,16.56999969482422,16.760000228881836,175500.0,30147.0703125,30233.65625,29556.427734375,29856.5625,13138897269.0,17.010000228881836,17.790000915527344,16.549999237060547,16.809999465942383,33502000.0,18.09000015258789,18.854999542236328,17.829999923706055,18.280000686645508,20885900.0,104.5,109.8499984741211,101.9000015258789,104.58999633789062,17567200.0,1911.697021484375,1916.4683837890625,1878.718505859375,1897.5992431640625,5814708445.0,381.9599914550781,387.1300048828125,380.0,385.739990234375,55262000.0,13.609999656677246,13.670000076293945,13.289999961853027,13.300000190734863,0.0
2023-07-19,17.06999969482422,17.718000411987305,16.93000030517578,17.469999313354492,151200.0,29862.046875,30184.181640625,29794.26953125,29913.923828125,12128602812.0,17.149999618530273,18.030000686645508,17.1299991607666,17.59000015258789,37645700.0,18.639999389648438,19.424999237060547,18.280000686645508,18.93000030517578,25966700.0,107.30999755859375,111.05999755859375,105.08000183105469,110.1500015258789,15920800.0,1897.7972412109375,1919.264404296875,1883.067138671875,1889.0079345703125,6018487800.0,386.82000732421875,387.9800109863281,384.29998779296875,385.6499938964844,54093000.0,13.319999694824219,13.84000015258789,13.119999885559082,13.760000228881836,0.0
2023-07-20,17.540000915527344,17.850000381469727,16.34000015258789,16.40999984741211,123300.0,29915.25,30195.53125,29638.095703125,29792.015625,14655207121.0,17.8700008392334,18.100000381469727,16.81999969482422,17.059999465942383,31582400.0,19.149999618530273,19.5,18.239999771118164,18.469999313354492,23803300.0,109.26000213623047,111.87999725341797,100.37000274658203,101.26000213623047,15274600.0,1889.07373046875,1919.264404296875,1879.734375,1890.9691162109375,7366830684.0,382.6099853515625,384.1000061035156,375.7200012207031,376.760009765625,71941700.0,13.960000038146973,14.229999542236328,13.579999923706055,13.989999771118164,0.0
2023-07-21,16.6200008392334,16.649999618530273,15.619999885559082,16.274999618530273,109300.0,29805.111328125,30045.998046875,29733.8515625,29908.744140625,10972789818.0,17.299999237060547,17.399999618530273,16.239999771118164,16.8799991607666,26577300.0,18.75,18.849000930786133,17.40999984741211,18.3799991607666,22605500.0,102.56999969482422,104.33000183105469,98.70999908447266,100.81999969482422,10481800.0,1891.581298828125,1905.38623046875,1885.2962646484375,1892.080078125,4668158260.0,379.17999267578125,379.9200134277344,375.19000244140625,375.6300048828125,60499600.0,13.869999885559082,13.890000343322754,13.369999885559082,13.600000381469727,0.0
2023-07-24,15.600000381469727,16.010000228881836,15.380000114440918,15.65999984741211,97300.0,30081.662109375,30093.39453125,28934.294921875,29176.916015625,15395817395.0,16.149999618530273,16.6200008392334,15.760000228881836,16.420000076293945,26345500.0,17.6200008392334,18.020000457763672,16.829999923706055,17.43000030517578,19214700.0,99.2300033569336,100.38999938964844,95.69999694824219,98.8499984741211,9755700.0,1888.8095703125,1889.761962890625,1836.8524169921875,1850.0020751953125,6344373569.0,376.6199951171875,377.5799865722656,374.3399963378906,376.2300109863281,40380100.0,14.289999961853027,14.300000190734863,13.729999542236328,13.90999984741211,0.0
2023-07-25,15.680000305175781,16.5,15.680000305175781,15.789999961853027,92200.0,29178.970703125,29353.16015625,29062.43359375,29227.390625,10266772793.0,16.600000381469727,17.34000015258789,16.15999984741211,16.18000030517578,26409900.0,17.549999237060547,18.83799934387207,17.549999237060547,17.950000762939453,18941000.0,99.33999633789062,102.58999633789062,97.62999725341797,97.68000030517578,7726000.0,1850.0279541015625,1867.3232421875,1845.9815673828125,1857.741943359375,4163381707.0,376.95001220703125,380.4700012207031,376.92999267578125,378.7799987792969,38894400.0,14.020000457763672,14.09000015258789,13.819999694824219,13.859999656677246,0.0
2023-07-26,15.739999771118164,16.290000915527344,15.720000267028809,16.149999618530273,73700.0,29225.759765625,29675.552734375,29113.912109375,29354.97265625,13497554655.0,16.459999084472656,17.040000915527344,16.209999084472656,16.81999969482422,24164600.0,18.030000686645508,18.584999084472656,17.709999084472656,18.450000762939453,16412300.0,97.37000274658203,101.31999969482422,97.27999877929688,99.75,6575800.0,1857.696533203125,1886.97412109375,1849.4368896484375,1872.159912109375,5781548155.0,377.7200012207031,379.239990234375,375.17999267578125,377.5199890136719,47075700.0,13.859999656677246,14.15999984741211,13.149999618530273,13.1899995803833,0.0
2023-07-27,16.56999969482422,16.56999969482422,15.369999885559082,15.420000076293945,50900.0,29353.798828125,29560.966796875,29099.3515625,29210.689453125,10770779217.0,17.309999465942383,17.329999923706055,15.880000114440918,15.970000267028809,23067400.0,19.0,19.1299991607666,17.440000534057617,17.600000381469727,17258100.0,102.58999633789062,102.7300033569336,91.80000305175781,92.69000244140625,12232300.0,1872.0863037109375,1885.591552734375,1855.321533203125,1860.357177734375,4291339248.0,383.07000732421875,384.7099914550781,375.30999755859375,376.6199951171875,63940200.0,13.140000343322754,15.020000457763672,12.739999771118164,14.40999984741211,0.0
2023-07-28,15.640000343322754,16.020000457763672,15.600000381469727,15.850000381469727,55900.0,29212.1640625,29521.513671875,29125.845703125,29319.24609375,11218474952.0,16.299999237060547,16.790000915527344,16.1200008392334,16.700000762939453,21420600.0,18.06999969482422,18.690000534057617,17.8700008392334,18.3799991607666,16691700.0,94.80000305175781,96.91999816894531,93.55000305175781,94.76000213623047,7228000.0,1860.7025146484375,1881.457275390625,1857.0489501953125,1874.744873046875,3800973336.0,380.739990234375,384.5199890136719,380.2200012207031,383.4800109863281,56902900.0,14.029999732971191,14.180000305175781,13.270000457763672,13.329999923706055,0.0
2023-07-31,15.979999542236328,16.34000015258789,15.869999885559082,16.040000915527344,56400.0,29278.314453125,29489.873046875,29131.578125,29230.111328125,11656781982.0,17.0,17.790000915527344,16.579999923706055,17.3700008392334,27394300.0,18.6299991607666,19.190000534057617,18.170000076293945,18.520000457763672,18068200.0,94.75,100.19999694824219,94.58999633789062,98.61000061035156,8493000.0,1861.7552490234375,1875.62939453125,1851.9154052734375,1856.162353515625,4391613314.0,383.7900085449219,384.8800048828125,382.3399963378906,383.67999267578125,44019900.0,13.979999542236328,14.09000015258789,13.569999694824219,13.630000114440918,0.0
2023-08-01,15.739999771118164,15.739999771118164,14.859999656677246,15.390000343322754,130200.0,29230.873046875,29675.732421875,28657.0234375,29675.732421875,18272392391.0,16.860000610351562,16.920000076293945,15.859999656677246,16.829999923706055,31288400.0,18.1299991607666,18.40999984741211,17.06999969482422,18.229999542236328,19757500.0,95.87999725341797,95.94999694824219,89.2300033569336,94.1500015258789,11543600.0,1856.190185546875,1873.0299072265625,1817.9207763671875,1871.7921142578125,7634860636.0,382.30999755859375,383.55999755859375,380.69000244140625,382.7900085449219,41060600.0,13.75,14.300000190734863,13.75,13.930000305175781,0.0
2023-08-02,15.390000343322754,15.850000381469727,14.819999694824219,15.100000381469727,63100.0,29704.146484375,29987.998046875,28946.509765625,29151.958984375,19212655598.0,16.719999313354492,17.399999618530273,16.290000915527344,16.479999542236328,26715600.0,18.200000762939453,19.200000762939453,17.549999237060547,17.969999313354492,22880200.0,91.44999694824219,95.41000366210938,88.05000305175781,90.43000030517578,10666200.0,1873.4681396484375,1877.511474609375,1822.3482666015625,1839.0897216796875,6448512422.0,379.260009765625,379.260009765625,373.1300048828125,374.3900146484375,72687100.0,15.699999809265137,16.479999542236328,14.949999809265137,16.09000015258789,0.0
2023-08-03,14.9399995803833,15.15999984741211,14.670000076293945,14.760000228881836,56900.0,29161.8125,29375.70703125,28959.48828125,29178.6796875,12780357746.0,16.270000457763672,17.200000762939453,16.15999984741211,16.559999465942383,25002400.0,17.719999313354492,18.600000381469727,17.610000610351562,17.809999465942383,18980600.0,89.0,93.44000244140625,88.45999908447266,90.75,10297200.0,1838.89794921875,1856.4075927734375,1825.3477783203125,1835.136474609375,4710581074.0,371.94000244140625,375.95001220703125,371.7699890136719,373.7900085449219,47666400.0,16.770000457763672,17.420000076293945,15.720000267028809,15.920000076293945,0.0
2023-08-04,14.960000038146973,14.960000038146973,14.210000038146973,14.229999542236328,65900.0,29174.3828125,29302.078125,28885.3359375,29074.091796875,12036639988.0,16.739999771118164,16.84000015258789,15.8100004196167,15.829999923706055,21965100.0,17.989999771118164,18.1200008392334,17.079999923706055,17.110000610351562,15409100.0,89.0,94.29000091552734,86.69999694824219,87.30999755859375,13219600.0,1834.8905029296875,1847.9122314453125,1817.413818359375,1827.712890625,4861242484.0,375.75,378.1000061035156,371.5299987792969,372.0400085449219,61702800.0,16.010000228881836,17.389999389648438,14.569999694824219,17.100000381469727,0.0
2023-08-07,14.289999961853027,14.289999961853027,13.149999618530273,13.720000267028809,158000.0,29038.513671875,29244.28125,28724.140625,29180.578125,13618163710.0,15.850000381469727,15.859999656677246,14.149999618530273,15.069999694824219,29981200.0,16.989999771118164,17.040000915527344,15.3149995803833,16.31999969482422,17455500.0,87.19999694824219,87.30000305175781,82.08999633789062,85.95999908447266,10019500.0,1827.239501953125,1842.5225830078125,1804.7166748046875,1826.9388427734375,5837881974.0,373.8800048828125,375.2900085449219,371.510009765625,375.19000244140625,37230400.0,16.899999618530273,17.360000610351562,15.770000457763672,15.770000457763672,0.0
2023-08-08,14.149999618530273,14.720000267028809,13.869999885559082,14.649999618530273,121300.0,29180.01953125,30176.796875,29113.814453125,29765.4921875,17570561357.0,15.550000190734863,15.960000038146973,14.859999656677246,15.720000267028809,27403300.0,16.809999465942383,17.360000610351562,16.219999313354492,17.094999313354492,19345400.0,87.08999633789062,88.98999786376953,84.55000305175781,88.04000091552734,8986900.0,1826.9310302734375,1873.84716796875,1824.4300537109375,1855.807373046875,5812855406.0,372.6400146484375,372.6600036621094,368.82000732421875,372.0,44726500.0,16.280000686645508,18.139999389648438,15.960000038146973,15.989999771118164,0.0
2023-08-09,14.760000228881836,14.944000244140625,14.079999923706055,14.109999656677246,110800.0,29766.6953125,30093.435546875,29376.80078125,29561.494140625,18379521213.0,15.850000381469727,16.420000076293945,15.430000305175781,15.510000228881836,26381900.0,17.219999313354492,17.290000915527344,16.299999237060547,16.34000015258789,18385500.0,88.52999877929688,88.9000015258789,84.08000183105469,84.33999633789062,7987100.0,1855.7794189453125,1869.736572265625,1845.48974609375,1854.297607421875,5870081833.0,372.2900085449219,372.45001220703125,367.1400146484375,367.9100036621094,51150900.0,15.8100004196167,16.8700008392334,15.380000114440918,15.960000038146973,0.0
2023-08-10,14.170000076293945,14.720000267028809,13.779999732971191,13.779999732971191,93400.0,29563.97265625,29688.564453125,29354.447265625,29429.591796875,11865344789.0,15.65999984741211,16.030000686645508,14.40999984741211,14.550000190734863,25847100.0,16.399999618530273,16.639999389648438,14.819999694824219,15.0,19010300.0,85.0,88.48999786376953,82.51000213623047,83.38999938964844,7697600.0,1854.3482666015625,1863.3109130859375,1845.4422607421875,1850.75341796875,3760304518.0,370.9700012207031,374.3599853515625,367.0400085449219,368.5899963378906,72035300.0,15.579999923706055,16.860000610351562,14.600000381469727,15.850000381469727,0.0
2023-08-11,13.59000015258789,14.460000038146973,13.59000015258789,14.260000228881836,81200.0,29424.90234375,29517.7734375,29253.517578125,29397.71484375,10195168197.0,14.40999984741211,15.270000457763672,14.220000267028809,14.880000114440918,21862700.0,14.84000015258789,15.699999809265137,14.630000114440918,15.229999542236328,17890000.0,82.05999755859375,83.4800033569336,80.47000122070312,81.01000213623047,5791100.0,1850.74169921875,1855.0660400390625,1839.5692138671875,1847.1243896484375,3353025102.0,365.989990234375,368.0,364.69000244140625,366.239990234375,48707200.0,15.529999732971191,16.510000228881836,14.84000015258789,14.84000015258789,0.0
2023-08-14,14.239999771118164,14.258999824523926,13.470000267028809,14.029999732971191,90500.0,29283.263671875,29660.25390625,29124.10546875,29408.443359375,14013695304.0,14.649999618530273,15.220000267028809,14.109999656677246,14.989999771118164,20920200.0,15.020000457763672,15.0600004196167,14.359999656677246,14.65999984741211,17366800.0,80.04000091552734,81.98999786376953,78.91000366210938,80.80999755859375,5753500.0,1839.323486328125,1853.8363037109375,1834.8004150390625,1844.185791015625,4083364724.0,365.42999267578125,370.4700012207031,364.70001220703125,370.3500061035156,42130800.0,15.880000114440918,16.059999465942383,14.770000457763672,14.819999694824219,0.0
2023-08-15,13.979999542236328,14.079999923706055,13.229999542236328,13.260000228881836,74300.0,29408.048828125,29439.12109375,29088.853515625,29170.34765625,12640195779.0,14.739999771118164,15.100000381469727,13.899999618530273,13.930000305175781,24409000.0,14.569999694824219,14.850000381469727,13.654999732971191,13.699999809265137,16152200.0,81.1500015258789,83.0999984741211,79.11000061035156,79.18000030517578,7397300.0,1844.1641845703125,1845.547607421875,1816.3250732421875,1826.9327392578125,4483923893.0,369.3599853515625,370.1700134277344,365.739990234375,366.4200134277344,45539900.0,14.949999809265137,16.56999969482422,14.90999984741211,16.459999084472656,0.0
2023-08-16,13.109999656677246,13.210000038146973,12.699999809265137,12.819999694824219,69300.0,29169.07421875,29221.9765625,28701.779296875,28701.779296875,14949271904.0,13.670000076293945,13.880000114440918,13.1899995803833,13.5,23097200.0,13.420000076293945,13.529999732971191,12.930000305175781,13.100000381469727,18877700.0,82.51000213623047,82.8499984741211,77.80000305175781,79.0,10140200.0,1827.036376953125,1829.3612060546875,1798.9666748046875,1805.6590576171875,4976573383.0,365.8699951171875,367.42999267578125,362.44000244140625,362.5400085449219,53190500.0,16.540000915527344,16.93000030517578,15.800000190734863,16.780000686645508,0.0
2023-08-17,12.539999961853027,12.59000015258789,11.859999656677246,11.869999885559082,144700.0,28699.802734375,28745.947265625,25409.111328125,26664.55078125,31120851211.0,13.0600004196167,13.220000267028809,12.199999809265137,12.25,35069700.0,12.720000267028809,12.760000228881836,11.654999732971191,11.710000038146973,23752300.0,78.37999725341797,79.18000030517578,75.4000015258789,75.55999755859375,9261600.0,1805.5673828125,1807.71484375,1551.7132568359375,1684.9334716796875,14208462072.0,363.9599914550781,364.30999755859375,358.1600036621094,358.5799865722656,62604300.0,16.959999084472656,18.1299991607666,16.399999618530273,17.889999389648438,0.0
2023-08-18,11.229999542236328,11.744999885559082,11.199999809265137,11.5,230100.0,26636.078125,26808.1953125,25668.921875,26049.556640625,24026236529.0,11.470000267028809,11.979999542236328,11.149999618530273,11.279999732971191,33316200.0,11.119999885559082,11.65999984741211,10.961000442504883,11.069999694824219,20167800.0,72.33999633789062,75.25,72.25,73.19000244140625,10011800.0,1682.0384521484375,1698.124267578125,1644.930908203125,1660.945068359375,9645084584.0,355.260009765625,359.4100036621094,354.7099914550781,358.1300048828125,61191400.0,17.799999237060547,18.8799991607666,17.139999389648438,17.299999237060547,0.0
2023-08-21,11.579999923706055,11.75,11.149999618530273,11.210000038146973,114600.0,26188.69140625,26220.201171875,25846.087890625,26124.140625,13371557893.0,11.369999885559082,11.579999923706055,10.84000015258789,11.050000190734863,22828400.0,11.175000190734863,11.270000457763672,10.550000190734863,10.729999542236328,18294600.0,73.25,76.02999877929688,72.0999984741211,75.27999877929688,7514900.0,1685.0223388671875,1685.0826416015625,1651.9598388671875,1667.26904296875,5077248383.0,359.6199951171875,364.5899963378906,359.1499938964844,363.8999938964844,50696500.0,18.030000686645508,18.110000610351562,16.8799991607666,17.1299991607666,0.0
2023-08-22,11.329999923706055,11.520000457763672,10.930000305175781,10.970000267028809,124400.0,26130.748046875,26135.5078125,25520.728515625,26031.65625,14503820706.0,11.210000038146973,11.34000015258789,10.880000114440918,10.949999809265137,19704200.0,10.899999618530273,10.984999656677246,10.470000267028809,10.550000190734863,13037100.0,76.69000244140625,77.45999908447266,74.0199966430664,74.9000015258789,6322000.0,1667.279296875,1668.638671875,1596.384033203125,1633.892578125,7244623133.0,366.54998779296875,366.55999755859375,362.67999267578125,363.3800048828125,44530200.0,16.959999084472656,17.579999923706055,16.610000610351562,16.969999313354492,0.0
2023-08-23,11.109999656677246,11.890000343322754,10.949999809265137,11.8100004196167,148900.0,26040.474609375,26786.8984375,25804.998046875,26431.640625,16985265785.0,10.920000076293945,11.880000114440918,10.869999885559082,11.75,24746800.0,10.529999732971191,11.3100004196167,10.460000038146973,11.119999885559082,19862900.0,74.3499984741211,78.16999816894531,74.06999969482422,77.77999877929688,6460900.0,1634.4017333984375,1696.593994140625,1629.5810546875,1679.2744140625,7191868448.0,364.5799865722656,370.2200012207031,364.3599853515625,369.1099853515625,51770600.0,16.639999389648438,17.100000381469727,15.90999984741211,15.979999542236328,0.0
2023-08-24,12.0,12.0,10.850000381469727,10.880000114440918,121800.0,26431.51953125,26554.91015625,25914.92578125,26162.373046875,12871532023.0,11.789999961853027,11.800000190734863,10.369999885559082,10.550000190734863,25292500.0,11.0600004196167,11.069999694824219,10.199999809265137,10.359999656677246,12899000.0,77.76000213623047,78.04000091552734,73.37999725341797,73.66000366210938,5585700.0,1679.248291015625,1682.48974609375,1641.6270751953125,1659.944580078125,5104531920.0,372.6400146484375,372.739990234375,361.010009765625,361.2200012207031,66842500.0,15.569999694824219,17.31999969482422,15.479999542236328,17.200000762939453,0.0
2023-08-25,10.90999984741211,11.170000076293945,10.510000228881836,10.760000228881836,80200.0,26163.6796875,26248.103515625,25786.8125,26047.66796875,12406045118.0,10.680000305175781,10.9399995803833,10.260000228881836,10.550000190734863,19391200.0,10.460000038146973,10.760000228881836,10.0600004196167,10.369999885559082,12118600.0,74.31999969482422,75.58999633789062,72.41000366210938,74.26000213623047,5136800.0,1660.2698974609375,1671.970703125,1635.9674072265625,1652.93505859375,5396997823.0,362.07000732421875,365.739990234375,358.5799865722656,364.0199890136719,69960500.0,17.209999084472656,17.360000610351562,15.449999809265137,15.680000305175781,0.0
2023-08-28,11.020000457763672,11.109999656677246,10.779999732971191,10.835000038146973,96200.0,26089.615234375,26198.578125,25880.599609375,26106.150390625,11002805166.0,10.619999885559082,10.9399995803833,10.520000457763672,10.619999885559082,13672800.0,10.479999542236328,10.819999694824219,10.375,10.489999771118164,10020400.0,74.56999969482422,74.70999908447266,73.05000305175781,73.70999908447266,4043800.0,1657.4398193359375,1659.3287353515625,1627.44677734375,1652.4573974609375,4855588534.0,366.989990234375,367.7099914550781,364.25,366.760009765625,40910000.0,16.239999771118164,16.280000686645508,15.0,15.079999923706055,0.0
2023-08-29,10.869999885559082,12.800000190734863,10.800000190734863,12.5600004196167,503600.0,26102.486328125,28089.337890625,25912.62890625,27727.392578125,29368391712.0,10.600000381469727,13.869999885559082,10.539999961853027,13.680000305175781,74154500.0,10.390000343322754,12.550000190734863,10.350000381469727,12.300000190734863,42040200.0,73.5,86.26000213623047,73.16999816894531,84.69999694824219,24067300.0,1652.274169921875,1742.6373291015625,1639.576171875,1729.7257080078125,11304916729.0,366.55999755859375,375.1300048828125,366.2300109863281,374.7699890136719,58492400.0,15.079999923706055,15.300000190734863,14.34000015258789,14.449999809265137,0.0
2023-08-30,12.289999961853027,12.529999732971191,12.069999694824219,12.425000190734863,257000.0,27726.083984375,27760.16015625,27069.20703125,27297.265625,16343655235.0,13.369999885559082,13.539999961853027,12.470000267028809,13.470000267028809,38207000.0,12.020000457763672,12.180000305175781,11.5600004196167,12.050000190734863,22609100.0,83.55999755859375,86.5,82.56999969482422,83.83000183105469,9448000.0,1729.6766357421875,1730.564697265625,1697.147216796875,1705.1121826171875,5023904190.0,374.8800048828125,377.45001220703125,373.8599853515625,376.8599853515625,41731500.0,14.529999732971191,14.699999809265137,13.829999923706055,13.880000114440918,0.0
2023-08-31,12.529999732971191,12.569999694824219,11.649999618530273,11.729999542236328,151400.0,27301.9296875,27456.078125,25752.9296875,25931.47265625,20181001451.0,13.5600004196167,13.920000076293945,12.449999809265137,12.569999694824219,33448800.0,12.0600004196167,12.274999618530273,11.229999542236328,11.350000381469727,18926600.0,84.43000030517578,84.56999969482422,78.9000015258789,79.5999984741211,8466400.0,1705.364501953125,1720.011962890625,1634.8509521484375,1645.63916015625,6593153505.0,376.94000244140625,379.7200012207031,376.8699951171875,377.989990234375,35730700.0,13.979999542236328,14.0,13.4399995803833,13.569999694824219,0.0
2023-09-01,11.859999656677246,11.859999656677246,11.100000381469727,11.140000343322754,137900.0,25934.021484375,26125.869140625,25362.609375,25800.724609375,17202862221.0,12.529999732971191,12.739999771118164,11.739999771118164,12.0,25287900.0,11.390000343322754,11.5600004196167,10.755000114440918,11.039999961853027,15521100.0,80.0,80.3499984741211,77.1500015258789,77.98999786376953,6676500.0,1645.581298828125,1653.53173828125,1603.0341796875,1628.4912109375,6104510092.0,380.3999938964844,380.8299865722656,376.0799865722656,377.5899963378906,39801200.0,13.5600004196167,13.5600004196167,13.020000457763672,13.09000015258789,0.0
2023-09-05,11.220000267028809,11.220000267028809,10.899999618530273,11.050000190734863,90200.0,25814.95703125,25858.375,25589.98828125,25779.982421875,11094740040.0,11.850000381469727,12.199999809265137,11.640000343322754,12.0,14834100.0,10.979999542236328,11.229999542236328,10.720000267028809,10.979999542236328,9992700.0,78.0,79.29000091552734,76.27999877929688,77.5,4949000.0,1629.9110107421875,1645.9483642578125,1610.1412353515625,1633.62939453125,4417491902.0,376.7699890136719,379.30999755859375,375.8299865722656,378.07000732421875,32344200.0,14.149999618530273,14.470000267028809,13.699999809265137,14.010000228881836,0.0
2023-09-06,11.020000457763672,11.369999885559082,10.859999656677246,11.0,186200.0,25783.931640625,25953.015625,25404.359375,25753.236328125,12752705327.0,11.869999885559082,12.59000015258789,11.829999923706055,12.0600004196167,23218900.0,10.979999542236328,11.649999618530273,10.930000305175781,11.239999771118164,17992400.0,77.37999725341797,79.97000122070312,76.75,78.04000091552734,6636200.0,1633.912109375,1656.9327392578125,1611.147705078125,1632.2523193359375,4987397046.0,377.2799987792969,377.6300048828125,372.70001220703125,374.739990234375,42998700.0,14.270000457763672,15.300000190734863,14.130000114440918,14.449999809265137,0.0
2023-09-07,10.850000381469727,11.0600004196167,10.489999771118164,11.020000457763672,69400.0,25748.3125,26409.302734375,25608.201171875,26240.1953125,11088307100.0,11.899999618530273,12.449999809265137,11.319999694824219,12.359999656677246,20436200.0,11.09000015258789,11.529999732971191,10.550000190734863,11.380000114440918,12779500.0,76.2699966430664,82.06999969482422,75.45999908447266,81.79000091552734,6424000.0,1632.2628173828125,1657.3037109375,1623.220458984375,1647.5982666015625,4907290296.0,370.2099914550781,372.8500061035156,369.1499938964844,372.05999755859375,52060700.0,14.8100004196167,15.6899995803833,14.399999618530273,14.399999618530273,0.0
2023-09-08,11.010000228881836,11.010000228881836,10.569999694824219,10.739999771118164,83800.0,26245.208984375,26414.005859375,25677.48046875,25905.654296875,10817356400.0,11.850000381469727,11.899999618530273,10.430000305175781,10.90999984741211,43533200.0,11.300000190734863,11.34000015258789,10.760000228881836,10.949999809265137,17076400.0,81.63999938964844,82.69000244140625,80.3499984741211,82.08999633789062,5680600.0,1647.8076171875,1657.1363525390625,1617.7965087890625,1636.1378173828125,4598495496.0,372.010009765625,374.8500061035156,371.6000061035156,372.5799865722656,35800100.0,14.220000267028809,14.869999885559082,13.579999923706055,13.84000015258789,0.0
2023-09-11,10.75,10.75,10.050000190734863,10.069999694824219,132400.0,25831.71484375,25883.947265625,24930.296875,25162.654296875,14600006467.0,10.550000190734863,10.640000343322754,9.960000038146973,10.069999694824219,30366000.0,10.800000190734863,10.989999771118164,10.085000038146973,10.140000343322754,16638000.0,82.0,83.19999694824219,77.79000091552734,80.62000274658203,7220700.0,1616.769775390625,1618.3057861328125,1533.4267578125,1551.6376953125,7693700923.0,375.6600036621094,377.489990234375,373.6600036621094,376.9700012207031,39936600.0,14.170000076293945,14.329999923706055,13.739999771118164,13.800000190734863,0.0
2023-09-12,10.520000457763672,11.069999694824219,10.300000190734863,10.369999885559082,146000.0,25160.658203125,26451.939453125,25133.078125,25833.34375,18657279324.0,10.510000228881836,10.899999618530273,10.0600004196167,10.15999984741211,36784700.0,10.680000305175781,11.1899995803833,10.40999984741211,10.539999961853027,20067300.0,82.0199966430664,86.36000061035156,80.54000091552734,81.31999969482422,10519300.0,1551.497802734375,1619.114013671875,1549.4937744140625,1592.429443359375,6813819740.0,375.2699890136719,376.95001220703125,372.5,372.7900085449219,41391000.0,14.020000457763672,14.420000076293945,13.710000038146973,14.229999542236328,0.0
2023-09-13,10.329999923706055,10.5,10.109999656677246,10.220000267028809,64700.0,25837.5546875,26376.11328125,25781.123046875,26228.32421875,13072077070.0,10.100000381469727,10.180000305175781,9.699999809265137,9.890000343322754,29524400.0,10.59000015258789,10.710000038146973,10.220000267028809,10.279999732971191,13919300.0,81.88999938964844,83.1500015258789,79.62000274658203,79.86000061035156,5925700.0,1592.892333984375,1615.05029296875,1582.217529296875,1607.988525390625,4979469106.0,373.0299987792969,375.8399963378906,371.8800048828125,374.2099914550781,46300700.0,14.420000076293945,14.680000305175781,13.40999984741211,13.479999542236328,0.0
2023-09-14,10.5600004196167,10.949999809265137,10.369999885559082,10.720000267028809,198900.0,26228.27734375,26774.623046875,26171.451171875,26539.673828125,13811359124.0,10.149999618530273,10.460000038146973,9.899999618530273,10.0,35131000.0,10.600000381469727,11.244999885559082,10.59000015258789,10.970000267028809,20371900.0,81.66999816894531,84.0999984741211,81.26000213623047,83.44999694824219,7145100.0,1608.0316162109375,1640.522705078125,1607.7353515625,1626.974365234375,5538958553.0,375.989990234375,378.2699890136719,373.8900146484375,377.2699890136719,48039400.0,13.390000343322754,13.460000038146973,12.789999961853027,12.819999694824219,0.0
2023-09-15,10.65999984741211,10.65999984741211,10.34000015258789,10.449999809265137,49900.0,26533.818359375,26840.498046875,26240.701171875,26608.693359375,11479735788.0,9.949999809265137,9.949999809265137,9.529999732971191,9.800000190734863,26199700.0,10.979999542236328,10.979999542236328,10.59000015258789,10.770000457763672,12896300.0,82.73999786376953,83.31999969482422,79.94999694824219,82.1500015258789,6272300.0,1626.8701171875,1652.1131591796875,1613.2486572265625,1641.640380859375,4348584771.0,375.9100036621094,376.32000732421875,369.8599853515625,370.80999755859375,69811200.0,12.699999809265137,14.170000076293945,12.680000305175781,13.789999961853027,0.0
2023-09-18,10.899999618530273,11.0600004196167,10.529999732971191,10.569999694824219,71700.0,26532.994140625,27414.734375,26415.515625,26754.28125,15615339655.0,10.319999694824219,10.350000381469727,9.470000267028809,9.789999961853027,37718900.0,11.364999771118164,11.59000015258789,10.90999984741211,10.930000305175781,22987200.0,83.80000305175781,84.3499984741211,81.22000122070312,81.61000061035156,6246700.0,1623.0819091796875,1669.015380859375,1609.9573974609375,1637.3470458984375,5916674789.0,369.32000732421875,371.7900085449219,369.0299987792969,370.6600036621094,36903500.0,14.399999618530273,14.75,13.859999656677246,14.0,0.0
2023-09-19,10.6899995803833,10.779999732971191,10.199999809265137,10.362000465393066,69900.0,26760.8515625,27488.763671875,26681.60546875,27211.1171875,13807690550.0,9.710000038146973,9.979999542236328,9.3100004196167,9.5600004196167,23670200.0,11.029999732971191,11.168999671936035,10.40999984741211,10.4399995803833,19097400.0,82.1500015258789,82.4000015258789,77.7699966430664,78.12999725341797,7567400.0,1637.31201171875,1659.53173828125,1628.4132080078125,1643.544677734375,4405868861.0,369.32000732421875,370.67999267578125,366.79998779296875,369.8699951171875,37621700.0,14.109999656677246,14.880000114440918,13.859999656677246,14.109999656677246,0.0
2023-09-20,10.3100004196167,10.489999771118164,10.020000457763672,10.039999961853027,26700.0,27210.228515625,27379.505859375,26864.08203125,27132.0078125,13281116604.0,9.569999694824219,9.84000015258789,9.279999732971191,9.289999961853027,17914000.0,10.420000076293945,10.569999694824219,9.989999771118164,10.020000457763672,16446300.0,78.62000274658203,80.58999633789062,76.55999755859375,76.66999816894531,5459200.0,1643.495361328125,1649.619140625,1610.4207763671875,1622.890625,5156431986.0,370.95001220703125,371.30999755859375,364.4599914550781,364.5400085449219,45514200.0,14.180000305175781,15.149999618530273,13.569999694824219,15.140000343322754,0.0
2023-09-21,9.829999923706055,9.829999923706055,9.590999603271484,9.6899995803833,120400.0,27129.83984375,27152.939453125,26389.30078125,26567.6328125,13371443708.0,8.850000381469727,9.300000190734863,8.770000457763672,9.15999984741211,16611200.0,9.710000038146973,9.760000228881836,9.319999694824219,9.579999923706055,15842100.0,74.37999725341797,75.19000244140625,72.86000061035156,74.41999816894531,6534800.0,1622.591796875,1625.20458984375,1573.3057861328125,1584.3070068359375,5191732312.0,360.79998779296875,361.6000061035156,357.69000244140625,357.8599853515625,69734800.0,15.489999771118164,17.540000915527344,15.100000381469727,17.540000915527344,0.0
2023-09-22,9.819999694824219,9.850000381469727,9.329999923706055,9.350000381469727,51400.0,26564.056640625,26726.078125,26495.533203125,26579.568359375,10578746709.0,9.170000076293945,9.279999732971191,8.649999618530273,8.670000076293945,17195700.0,9.649999618530273,9.758999824523926,9.180000305175781,9.239999771118164,10148700.0,75.48999786376953,75.94999694824219,70.80999755859375,70.95999908447266,6321600.0,1584.0025634765625,1601.5377197265625,1579.101318359375,1593.268310546875,3460791634.0,359.6300048828125,361.79998779296875,357.5899963378906,357.9100036621094,51589700.0,17.309999465942383,17.40999984741211,15.930000305175781,17.200000762939453,0.0
2023-09-25,9.239999771118164,9.399999618530273,9.100000381469727,9.25,42100.0,26253.775390625,26421.5078125,26011.46875,26298.48046875,11997833257.0,8.479999542236328,8.890000343322754,8.420000076293945,8.5600004196167,19232000.0,9.0,9.380000114440918,8.91100025177002,9.260000228881836,15217300.0,69.91000366210938,72.36000061035156,69.62999725341797,71.75,5057500.0,1580.7474365234375,1595.8441162109375,1565.0255126953125,1588.3228759765625,4394930984.0,356.92999267578125,359.70001220703125,355.92999267578125,359.6099853515625,39168000.0,17.25,18.40999984741211,16.790000915527344,16.899999618530273,0.0
2023-09-26,9.109999656677246,9.40999984741211,8.9399995803833,8.970000267028809,51700.0,26294.7578125,26389.884765625,26090.712890625,26217.25,9985498161.0,8.460000038146973,8.680000305175781,8.220000267028809,8.25,16815800.0,9.119999885559082,9.369999885559082,9.0,9.0600004196167,9306300.0,71.73999786376953,73.08999633789062,69.70999908447266,70.5199966430664,5168200.0,1588.023193359375,1598.0977783203125,1580.16552734375,1593.417236328125,3544861160.0,356.989990234375,357.5400085449219,353.2099914550781,354.2099914550781,53657700.0,18.030000686645508,19.5,17.170000076293945,18.940000534057617,0.0
2023-09-27,9.289999961853027,9.380000114440918,8.890000343322754,9.0600004196167,82800.0,26209.498046875,26817.841796875,26111.46484375,26352.716796875,11718380997.0,8.390000343322754,8.550000190734863,7.909999847412109,8.010000228881836,22627000.0,9.300000190734863,9.529999732971191,8.819999694824219,9.020000457763672,15833100.0,72.72000122070312,73.4800033569336,69.94999694824219,71.5199966430664,5324600.0,1593.1082763671875,1631.9107666015625,1585.368896484375,1597.4912109375,5533036096.0,355.3800048828125,356.9800109863281,351.3599853515625,355.0400085449219,56066000.0,18.290000915527344,19.709999084472656,18.030000686645508,18.219999313354492,0.0
2023-09-28,9.109999656677246,9.729999542236328,8.989999771118164,9.460000038146973,130200.0,26355.8125,27259.5,26327.322265625,27021.546875,14079002707.0,8.0600004196167,8.890000343322754,7.929999828338623,8.569999694824219,24186700.0,9.079999923706055,9.90999984741211,8.954999923706055,9.430000305175781,22547900.0,72.58999633789062,77.12999725341797,71.51000213623047,75.16000366210938,8252400.0,1597.6719970703125,1666.024169921875,1597.294677734375,1652.8826904296875,6658092168.0,354.1099853515625,360.1700134277344,353.239990234375,358.010009765625,56453300.0,18.219999313354492,18.770000457763672,17.059999465942383,17.34000015258789,0.0
2023-09-29,9.640000343322754,9.699999809265137,9.300000190734863,9.3100004196167,94000.0,27024.841796875,27225.9375,26721.763671875,26911.720703125,10396435377.0,8.710000038146973,8.880000114440918,8.390000343322754,8.5,20212700.0,9.539999961853027,9.619999885559082,9.210000038146973,9.329999923706055,14715100.0,76.75,77.5,74.56999969482422,75.08000183105469,5747200.0,1652.9998779296875,1687.28125,1648.656494140625,1667.94384765625,5529687537.0,361.5400085449219,362.95001220703125,357.0199890136719,358.2699890136719,64829600.0,16.8700008392334,17.739999771118164,15.829999923706055,17.520000457763672,0.0
2023-10-02,10.020000457763672,10.369999885559082,9.489999771118164,9.550000190734863,234600.0,27976.798828125,28494.458984375,27347.787109375,27530.78515625,19793041322.0,9.199999809265137,9.6899995803833,8.510000228881836,8.529999732971191,42145500.0,10.100000381469727,10.949999809265137,9.800000190734863,9.880000114440918,32634600.0,78.55000305175781,79.94999694824219,74.4000015258789,75.30999755859375,9709300.0,1732.9840087890625,1743.5635986328125,1646.07763671875,1663.6275634765625,8420552922.0,358.5400085449219,362.67999267578125,357.9200134277344,361.260009765625,51625100.0,17.309999465942383,18.549999237060547,16.93000030517578,17.610000610351562,0.0
2023-10-03,9.449999809265137,9.449999809265137,8.600000381469727,8.680000305175781,106700.0,27508.251953125,27667.19140625,27216.001953125,27429.978515625,11407814187.0,8.300000190734863,8.40999984741211,7.21999979019165,7.300000190734863,33702900.0,9.649999618530273,9.890000343322754,8.670000076293945,8.779999732971191,19688400.0,74.33999633789062,75.6500015258789,71.75,72.4800033569336,5815500.0,1662.88720703125,1670.3563232421875,1644.4964599609375,1656.6856689453125,4742827302.0,358.7799987792969,361.010009765625,353.2799987792969,354.9200134277344,60478500.0,17.809999465942383,20.479999542236328,17.520000457763672,19.780000686645508,0.0
2023-10-04,8.880000114440918,8.98799991607666,8.5,8.949999809265137,86500.0,27429.07421875,27826.658203125,27248.10546875,27799.39453125,11143355314.0,7.46999979019165,7.579999923706055,7.179999828338623,7.539999961853027,25114400.0,9.010000228881836,9.140000343322754,8.604999542236328,9.0649995803833,16082200.0,73.19999694824219,74.11000061035156,70.41000366210938,73.47000122070312,7613700.0,1656.7359619140625,1657.2535400390625,1629.4266357421875,1647.838134765625,5127524863.0,355.7699890136719,360.6099853515625,355.29998779296875,359.75,54786700.0,20.719999313354492,20.8799991607666,18.299999237060547,18.579999923706055,0.0
2023-10-05,8.979999542236328,9.100000381469727,8.694999694824219,8.819999694824219,77000.0,27798.646484375,28091.861328125,27375.6015625,27415.912109375,11877253670.0,7.599999904632568,7.880000114440918,7.329999923706055,7.420000076293945,25669000.0,9.15999984741211,9.364999771118164,8.779999732971191,9.010000228881836,15207000.0,73.52999877929688,75.4800033569336,72.0999984741211,74.62000274658203,6229300.0,1647.7882080078125,1654.3790283203125,1609.8499755859375,1611.4764404296875,5403759057.0,359.739990234375,360.1499938964844,355.1400146484375,358.69000244140625,45897400.0,18.670000076293945,19.579999923706055,18.260000228881836,18.489999771118164,0.0
2023-10-06,8.619999885559082,9.369999885559082,8.550000190734863,9.329999923706055,90800.0,27412.123046875,28252.537109375,27215.552734375,27946.59765625,13492391599.0,7.199999809265137,8.180000305175781,7.159999847412109,8.079999923706055,30916900.0,8.779999732971191,9.977999687194824,8.779999732971191,9.920000076293945,19746400.0,72.47000122070312,78.94999694824219,72.31999969482422,78.45999908447266,7931300.0,1611.36572265625,1659.60986328125,1611.36572265625,1645.83154296875,4941208729.0,355.6499938964844,365.9100036621094,354.8500061035156,364.70001220703125,75049100.0,18.729999542236328,19.93000030517578,17.190000534057617,17.450000762939453,0.0
2023-10-09,9.010000228881836,9.329999923706055,8.970000267028809,9.140000343322754,84500.0,27934.47265625,27989.470703125,27302.5625,27583.677734375,12007668568.0,7.610000133514404,8.380000114440918,7.599999904632568,8.359999656677246,27156300.0,9.510000228881836,10.210000038146973,9.510000228881836,10.170000076293945,16244800.0,76.54000091552734,80.05999755859375,76.5,79.0999984741211,5631300.0,1633.454833984375,1635.4478759765625,1553.0069580078125,1579.806640625,7020801716.0,362.29998779296875,367.1099853515625,360.7799987792969,366.55999755859375,45304800.0,19.540000915527344,19.600000381469727,17.559999465942383,17.700000762939453,0.0
2023-10-10,9.039999961853027,9.59000015258789,9.039999961853027,9.260000228881836,91800.0,27589.201171875,27715.84765625,27301.654296875,27391.01953125,9973350678.0,8.260000228881836,8.850000381469727,8.229999542236328,8.460000038146973,25100600.0,10.130000114440918,10.59000015258789,9.960000038146973,10.15999984741211,16776900.0,79.0,82.06999969482422,77.97000122070312,79.62000274658203,5645100.0,1580.112060546875,1593.7413330078125,1553.03173828125,1567.7130126953125,5254966125.0,366.8999938964844,371.2799987792969,366.3900146484375,368.5899963378906,46968800.0,17.700000762939453,17.860000610351562,16.510000228881836,17.030000686645508,0.0
2023-10-11,9.369999885559082,9.390000343322754,8.791000366210938,8.9399995803833,52500.0,27392.076171875,27474.115234375,26561.099609375,26873.3203125,13648094333.0,8.180000305175781,8.300000190734863,7.730000019073486,7.900000095367432,28534800.0,9.960000038146973,10.079999923706055,9.140000343322754,9.404999732971191,16483300.0,79.2699966430664,80.48999786376953,75.5999984741211,77.3499984741211,6474100.0,1567.6807861328125,1578.2235107421875,1548.98046875,1566.2547607421875,5416504273.0,369.94000244140625,371.4100036621094,368.19000244140625,371.2200012207031,38215100.0,16.950000762939453,17.780000686645508,16.09000015258789,16.09000015258789,0.0
2023-10-12,8.9399995803833,8.9399995803833,8.65999984741211,8.710000038146973,88900.0,26873.29296875,26921.439453125,26558.3203125,26756.798828125,9392909295.0,7.849999904632568,8.130000114440918,7.670000076293945,7.78000020980835,17753900.0,9.319999694824219,9.479999542236328,9.112000465393066,9.199999809265137,8765900.0,77.04000091552734,77.18000030517578,74.44999694824219,75.19000244140625,5338600.0,1566.35595703125,1566.878173828125,1523.237548828125,1539.6124267578125,5003930677.0,371.7300109863281,373.739990234375,367.5,369.92999267578125,49587900.0,16.079999923706055,18.079999923706055,15.4399995803833,16.690000534057617,0.0
2023-10-13,8.722000122070312,8.800000190734863,8.510000228881836,8.520000457763672,66500.0,26752.87890625,27092.697265625,26686.322265625,26862.375,15165312851.0,8.039999961853027,8.069999694824219,7.550000190734863,7.710000038146973,18261800.0,9.25,9.279999732971191,8.960000038146973,9.149999618530273,10907600.0,75.0,75.19000244140625,72.0999984741211,73.43000030517578,6148400.0,1539.432861328125,1571.7506103515625,1537.921142578125,1552.0894775390625,4575141511.0,370.57000732421875,371.1600036621094,363.8599853515625,365.2799987792969,52469900.0,16.530000686645508,20.780000686645508,16.5,19.31999969482422,0.0
2023-10-16,9.079999923706055,9.479000091552734,8.6899995803833,9.100000381469727,327000.0,27162.62890625,29448.138671875,27130.47265625,28519.466796875,27833876539.0,8.539999961853027,8.9399995803833,7.869999885559082,8.100000381469727,52441600.0,10.020000457763672,10.470000267028809,9.100000381469727,9.420000076293945,36847900.0,77.61000061035156,79.30000305175781,73.36000061035156,75.20999908447266,12608600.0,1558.3134765625,1628.15625,1555.9896240234375,1600.5343017578125,8846928526.0,366.6199951171875,370.4800109863281,366.4700012207031,369.4100036621094,44201100.0,19.100000381469727,19.56999969482422,17.139999389648438,17.209999084472656,0.0
2023-10-17,8.869999885559082,9.460000038146973,8.8100004196167,9.380000114440918,110800.0,28522.09765625,28618.751953125,28110.185546875,28415.748046875,14872527508.0,7.980000019073486,8.739999771118164,7.909999847412109,8.449999809265137,30035000.0,9.25,9.9350004196167,9.119999885559082,9.670000076293945,18436800.0,74.80000305175781,79.12000274658203,74.5,77.45999908447266,7459500.0,1600.6356201171875,1601.294677734375,1554.4029541015625,1565.4395751953125,5032686973.0,365.80999755859375,369.9200134277344,363.6600036621094,368.20001220703125,50999100.0,17.40999984741211,18.540000915527344,16.969999313354492,17.8799991607666,0.0
2023-10-18,9.300000190734863,9.40999984741211,8.699999809265137,8.739999771118164,98600.0,28413.53125,28889.009765625,28174.251953125,28328.341796875,12724128586.0,8.380000114440918,8.649999618530273,7.650000095367432,7.739999771118164,28487000.0,9.569999694824219,9.675000190734863,8.699999809265137,8.84000015258789,20475400.0,76.87999725341797,78.37999725341797,73.77999877929688,73.93000030517578,5123400.0,1565.3828125,1584.7269287109375,1556.736328125,1563.7498779296875,4354138855.0,365.6700134277344,367.9100036621094,362.0199890136719,363.3699951171875,54280500.0,18.360000610351562,20.149999618530273,17.8799991607666,19.219999313354492,0.0
2023-10-19,8.9399995803833,8.949999809265137,8.619999885559082,8.649999618530273,112500.0,28332.416015625,28892.474609375,28177.98828125,28719.806640625,14448058195.0,8.0,8.079999923706055,7.630000114440918,7.710000038146973,31017200.0,8.960000038146973,9.1899995803833,8.680000305175781,8.819999694824219,16767600.0,74.27999877929688,76.16999816894531,72.72000122070312,73.0999984741211,5391200.0,1563.9581298828125,1573.7376708984375,1543.5850830078125,1567.45703125,5035110867.0,364.80999755859375,366.0199890136719,359.1600036621094,359.9700012207031,72274200.0,19.729999542236328,21.399999618530273,18.549999237060547,21.399999618530273,0.0
2023-10-20,8.920000076293945,9.208000183105469,8.630000114440918,8.710000038146973,95800.0,28732.8125,30104.0859375,28601.669921875,29682.94921875,21536125230.0,7.949999809265137,8.380000114440918,7.690000057220459,7.760000228881836,36236400.0,9.100000381469727,9.399999618530273,8.819999694824219,8.869999885559082,20312900.0,74.63999938964844,76.76000213623047,73.5,74.66000366210938,8423300.0,1567.5709228515625,1628.6090087890625,1562.3028564453125,1604.6668701171875,6747486127.0,359.4599914550781,360.0400085449219,354.3699951171875,354.6000061035156,72559700.0,21.59000015258789,21.829999923706055,20.420000076293945,21.709999084472656,0.0
2023-10-23,9.100000381469727,9.539999961853027,8.760000228881836,9.329999923706055,235700.0,30140.685546875,34370.4375,30097.828125,33086.234375,38363572311.0,8.0600004196167,9.020000457763672,7.739999771118164,8.75,63932600.0,9.119999885559082,10.038999557495117,8.975000381469727,9.670000076293945,38368300.0,75.5,80.7300033569336,72.41999816894531,77.20999908447266,13635700.0,1674.8492431640625,1794.0704345703125,1663.447998046875,1765.3826904296875,14362295879.0,353.260009765625,359.260009765625,351.1199951171875,355.6700134277344,60665200.0,21.829999923706055,23.079999923706055,19.479999542236328,20.3700008392334,0.0
2023-10-24,10.279999732971191,10.699999809265137,9.800000190734863,10.199999809265137,408900.0,33077.3046875,35150.43359375,32880.76171875,33901.52734375,44934999645.0,9.890000343322754,10.720000267028809,9.350000381469727,9.760000228881836,95449800.0,10.8100004196167,11.369999885559082,10.300000190734863,10.670000076293945,51057500.0,83.29000091552734,89.4000015258789,80.88999938964844,82.06999969482422,23689500.0,1766.0146484375,1852.6844482421875,1758.6900634765625,1784.4375,15888690475.0,357.510009765625,359.9100036621094,355.7900085449219,359.1300048828125,47082100.0,20.030000686645508,20.239999771118164,18.649999618530273,18.969999313354492,0.0
2023-10-25,10.279999732971191,10.654999732971191,10.0,10.1899995803833,320300.0,33916.04296875,35133.7578125,33709.109375,34502.8203125,25254318008.0,9.699999809265137,10.079999923706055,9.279999732971191,9.470000267028809,53992900.0,10.880000114440918,11.279999732971191,10.460000038146973,10.5600004196167,37323800.0,83.51000213623047,84.08999633789062,77.4000015258789,77.79000091552734,13773200.0,1784.905029296875,1814.4847412109375,1762.1470947265625,1787.3975830078125,9439066475.0,356.70001220703125,356.8800048828125,349.75,350.3399963378906,71190500.0,19.389999389648438,21.239999771118164,18.860000610351562,20.190000534057617,0.0
2023-10-26,9.970000267028809,10.069999694824219,9.420000076293945,9.619999885559082,245900.0,34504.2890625,34832.91015625,33762.32421875,34156.6484375,19427195376.0,9.199999809265137,9.520000457763672,8.779999732971191,8.989999771118164,32254600.0,10.25,10.461000442504883,9.460000038146973,9.789999961853027,24072400.0,77.19999694824219,79.16000366210938,73.1500015258789,74.61000061035156,8294500.0,1787.48193359375,1865.09521484375,1764.0130615234375,1804.039306640625,11196672635.0,349.1199951171875,350.07000732421875,342.3500061035156,343.6600036621094,78621400.0,21.780000686645508,21.959999084472656,20.219999313354492,20.68000030517578,0.0
2023-10-27,9.670000076293945,9.869999885559082,9.380000114440918,9.460000038146973,114100.0,34156.5,34238.2109375,33416.88671875,33909.80078125,16418032871.0,9.199999809265137,9.399999618530273,8.819999694824219,8.859999656677246,27482800.0,10.020000457763672,10.180000305175781,9.460000038146973,9.539999961853027,16637300.0,76.44999694824219,76.5,70.41999816894531,70.77999877929688,9010600.0,1803.794921875,1804.1358642578125,1751.4400634765625,1780.0452880859375,7493399771.0,346.42999267578125,348.8399963378906,344.0799865722656,345.30999755859375,63476700.0,20.389999389648438,22.06999969482422,19.719999313354492,21.270000457763672,0.0
2023-10-30,9.770000457763672,10.069999694824219,9.260000228881836,9.510000228881836,204500.0,34531.7421875,34843.93359375,34110.97265625,34502.36328125,17184860315.0,9.199999809265137,9.569999694824219,8.609999656677246,8.850000381469727,31761800.0,9.920000076293945,10.279999732971191,9.380000114440918,9.609999656677246,18914900.0,72.05000305175781,74.08000183105469,71.87999725341797,73.5999984741211,6454600.0,1795.589111328125,1829.24951171875,1779.364501953125,1810.088623046875,7534051038.0,347.8299865722656,350.5400085449219,346.45001220703125,349.20001220703125,55298500.0,21.1299991607666,21.15999984741211,19.549999237060547,19.75,0.0
2023-10-31,9.420000076293945,9.510000228881836,9.088000297546387,9.510000228881836,102100.0,34500.078125,34719.25390625,34083.30859375,34667.78125,15758270810.0,8.710000038146973,8.979999542236328,8.420000076293945,8.8100004196167,22365600.0,9.569999694824219,9.850000381469727,9.270000457763672,9.779999732971191,14947700.0,73.5999984741211,77.47000122070312,73.55999755859375,77.12000274658203,6334600.0,1810.131591796875,1819.97265625,1784.567626953125,1816.458984375,6477922747.0,349.2300109863281,351.25,346.6199951171875,350.8699951171875,47671900.0,19.860000610351562,19.860000610351562,17.969999313354492,18.139999389648438,0.0
2023-11-01,9.619999885559082,9.748000144958496,9.399999618530273,9.6899995803833,178600.0,34657.2734375,35527.9296875,34170.69140625,35437.25390625,22446272005.0,9.0,9.050000190734863,8.510000228881836,8.920000076293945,31215300.0,10.0,10.28499984741211,9.65999984741211,10.210000038146973,24654600.0,77.41999816894531,79.41000366210938,75.87000274658203,77.80999755859375,6878600.0,1815.8720703125,1858.3128662109375,1786.4095458984375,1847.0897216796875,10628825648.0,351.7200012207031,357.5299987792969,351.6199951171875,356.9599914550781,58992700.0,18.020000457763672,18.420000076293945,16.6299991607666,16.8700008392334,0.0
2023-11-02,10.149999618530273,10.609999656677246,10.0,10.59000015258789,232100.0,35441.578125,35919.84375,34401.57421875,34938.2421875,20998158544.0,9.350000381469727,9.869999885559082,9.09000015258789,9.859999656677246,41686700.0,10.550000190734863,11.3100004196167,10.380000114440918,11.300000190734863,28604100.0,81.70999908447266,84.80000305175781,80.80999755859375,84.5999984741211,12596200.0,1847.2598876953125,1873.885009765625,1790.11474609375,1800.6209716796875,9004197724.0,361.5400085449219,363.67999267578125,360.29998779296875,363.44000244140625,58162400.0,16.59000015258789,16.6200008392334,15.579999923706055,15.65999984741211,0.0
2023-11-03,10.520000457763672,10.84000015258789,10.420000076293945,10.579999923706055,219200.0,34942.47265625,34942.47265625,34133.44140625,34732.32421875,17158456701.0,9.619999885559082,9.960000038146973,9.289999961853027,9.40999984741211,43816500.0,11.020000457763672,11.59000015258789,10.880000114440918,11.390000343322754,27466900.0,83.79000091552734,88.33999633789062,82.05000305175781,85.80000305175781,12193500.0,1800.91650390625,1835.072509765625,1779.635498046875,1832.795166015625,7622864055.0,364.75,369.0199890136719,364.5199890136719,367.7099914550781,53280500.0,15.699999809265137,15.829999923706055,14.90999984741211,14.90999984741211,0.0
2023-11-06,10.859999656677246,10.859999656677246,10.14900016784668,10.3100004196167,124800.0,35044.7890625,35286.02734375,34765.36328125,35037.37109375,12693436420.0,9.649999618530273,10.0600004196167,9.020000457763672,9.239999771118164,30637700.0,11.630000114440918,11.949999809265137,10.71500015258789,11.010000228881836,21872300.0,86.81999969482422,89.2699966430664,84.08999633789062,86.37000274658203,9881900.0,1894.027099609375,1914.5826416015625,1871.9730224609375,1899.83740234375,8104122602.0,368.489990234375,369.7799987792969,366.9100036621094,369.2099914550781,38848700.0,15.390000343322754,15.579999923706055,14.84000015258789,14.890000343322754,0.0
2023-11-07,10.3100004196167,10.369999885559082,9.859999656677246,10.34000015258789,185000.0,35047.79296875,35892.41796875,34545.81640625,35443.5625,18834737789.0,9.149999618530273,9.25,8.65999984741211,9.180000305175781,32002200.0,10.90999984741211,11.170000076293945,10.430000305175781,11.069999694824219,20864900.0,86.19999694824219,89.48999786376953,84.30000305175781,89.06999969482422,6762300.0,1900.5997314453125,1907.5614013671875,1852.7908935546875,1888.124267578125,9203228152.0,370.2699890136719,373.5799865722656,369.04998779296875,372.70001220703125,50777400.0,15.100000381469727,15.170000076293945,14.710000038146973,14.8100004196167,0.0
2023-11-08,10.34000015258789,10.34000015258789,9.65999984741211,9.760000228881836,217900.0,35419.4765625,35994.41796875,35147.80078125,35655.27734375,17295394918.0,9.029999732971191,9.050000190734863,8.390000343322754,8.550000190734863,32485800.0,10.800000190734863,10.826000213623047,10.0600004196167,10.279999732971191,22190800.0,88.80000305175781,89.1500015258789,84.69000244140625,88.31999969482422,7286000.0,1887.1190185546875,1904.5462646484375,1874.545654296875,1889.3223876953125,6751627017.0,373.0799865722656,373.7900085449219,370.6199951171875,372.94000244140625,35663400.0,14.90999984741211,15.09000015258789,14.300000190734863,14.449999809265137,0.0
2023-11-09,10.5,10.687999725341797,9.4399995803833,9.550000190734863,367000.0,35633.6328125,37926.2578125,35592.1015625,36693.125,37762672382.0,9.670000076293945,10.479999542236328,9.15999984741211,9.229999542236328,90786600.0,11.100000381469727,12.079999923706055,10.125,10.210000038146973,53622500.0,92.9000015258789,99.81999969482422,91.37000274658203,92.86000061035156,20941400.0,1888.9403076171875,2130.88525390625,1884.204345703125,2120.56103515625,24709695029.0,373.6400146484375,374.79998779296875,369.57000732421875,370.07000732421875,53859400.0,14.609999656677246,15.569999694824219,14.130000114440918,15.289999961853027,0.0
2023-11-10,9.630000114440918,9.779999732971191,9.182999610900879,9.569999694824219,209000.0,36702.25,37493.80078125,36362.75390625,37313.96875,22711265155.0,9.40999984741211,9.65999984741211,8.880000114440918,9.609999656677246,42279700.0,10.319999694824219,10.489999771118164,9.699999809265137,10.359999656677246,25662200.0,94.4000015258789,96.22000122070312,91.80000305175781,92.91999816894531,9827900.0,2121.0673828125,2134.69140625,2068.13427734375,2078.289794921875,14740624457.0,371.82000732421875,378.5400085449219,371.2799987792969,378.3900146484375,58309800.0,15.09000015258789,15.449999809265137,14.15999984741211,14.170000076293945,0.0
2023-11-13,9.399999618530273,9.399999618530273,9.029999732971191,9.1899995803833,154700.0,37070.3046875,37405.1171875,36399.60546875,36502.35546875,19057712790.0,9.420000076293945,9.460000038146973,8.84000015258789,9.180000305175781,31332300.0,10.119999885559082,10.140000343322754,9.53499984741211,9.789999961853027,18073300.0,91.77999877929688,93.2699966430664,88.62000274658203,92.63999938964844,8860400.0,2045.3544921875,2116.0107421875,2031.9542236328125,2055.265380859375,14322027970.0,376.7900085449219,378.2799987792969,375.239990234375,377.2099914550781,40733500.0,15.15999984741211,15.1899995803833,14.579999923706055,14.760000228881836,0.0
2023-11-14,9.270000457763672,9.4399995803833,8.90999984741211,9.220000267028809,171100.0,36491.7890625,36753.3515625,34948.5,35537.640625,23857403554.0,9.380000114440918,9.600000381469727,8.880000114440918,9.170000076293945,37575400.0,10.0,10.220000267028809,9.329999923706055,9.729999542236328,22081300.0,94.91000366210938,95.31999969482422,89.79000091552734,92.08999633789062,10137700.0,2054.765380859375,2065.06689453125,1939.2803955078125,1979.0526123046875,13087862495.0,383.7099914550781,386.260009765625,383.17999267578125,385.3299865722656,67792600.0,14.829999923706055,14.859999656677246,13.90999984741211,14.15999984741211,0.0
2023-11-15,9.359999656677246,9.979999542236328,9.260000228881836,9.800000190734863,196700.0,35548.11328125,37964.89453125,35383.78125,37880.58203125,27365821679.0,9.34000015258789,10.430000305175781,9.15999984741211,10.239999771118164,64345300.0,9.890000343322754,10.835000038146973,9.6899995803833,10.680000305175781,31966600.0,93.91999816894531,100.1500015258789,93.06999969482422,98.1500015258789,11968900.0,1979.47265625,2061.99169921875,1968.774658203125,2060.408447265625,12626326991.0,387.25,387.75,384.239990234375,385.6199951171875,54141400.0,14.210000038146973,14.350000381469727,13.970000267028809,14.180000305175781,0.0
2023-11-16,9.609999656677246,9.609999656677246,9.072999954223633,9.199999809265137,109300.0,37879.98046875,37934.625,35545.47265625,36154.76953125,26007385366.0,9.819999694824219,9.9399995803833,9.210000038146973,9.760000228881836,39678400.0,10.199999809265137,10.279999732971191,9.729999542236328,10.15999984741211,20282700.0,97.68000030517578,97.88999938964844,94.44999694824219,96.91999816894531,7073800.0,2059.9658203125,2088.662353515625,1940.57421875,1960.881591796875,14651619483.0,384.8399963378906,386.19000244140625,383.55999755859375,385.95001220703125,45343500.0,14.119999885559082,14.420000076293945,13.680000305175781,14.319999694824219,0.0
2023-11-17,9.229999542236328,9.390000343322754,9.09000015258789,9.3100004196167,64700.0,36164.82421875,36704.484375,35901.234375,36596.68359375,22445028430.0,9.8100004196167,10.109999656677246,9.510000228881836,10.0,27601800.0,10.239999771118164,10.524999618530273,9.890000343322754,10.479999542236328,16492500.0,97.0,99.43000030517578,94.9000015258789,99.05000305175781,7361800.0,1961.8675537109375,1990.050537109375,1910.4454345703125,1961.28076171875,11881648738.0,385.2099914550781,387.07000732421875,384.2900085449219,386.0400085449219,46571900.0,14.180000305175781,14.1899995803833,13.670000076293945,13.800000190734863,0.0
2023-11-20,9.510000228881836,9.916999816894531,9.380000114440918,9.800000190734863,158200.0,37374.07421875,37756.8203125,36882.53125,37476.95703125,20888209068.0,10.199999809265137,10.829999923706055,10.130000114440918,10.640000343322754,55707400.0,10.59000015258789,11.539999961853027,10.59000015258789,11.319999694824219,25617600.0,100.70999908447266,106.45999908447266,100.01000213623047,106.0999984741211,10962900.0,2011.8533935546875,2066.409912109375,1996.0443115234375,2022.2391357421875,12866464824.0,386.04998779296875,391.4100036621094,386.04998779296875,390.739990234375,44429600.0,14.260000228881836,14.3100004196167,13.390000343322754,13.40999984741211,0.0
2023-11-21,9.600000381469727,9.720000267028809,9.34000015258789,9.529999732971191,153200.0,37469.16015625,37631.140625,35813.8125,35813.8125,25172163756.0,10.350000381469727,10.5600004196167,9.960000038146973,10.3100004196167,42923500.0,11.010000228881836,11.380000114440918,10.717000007629395,11.170000076293945,19169700.0,104.0,106.05999755859375,101.33999633789062,105.48999786376953,9348200.0,2022.21728515625,2035.035888671875,1937.0667724609375,1937.0667724609375,13653500841.0,389.010009765625,389.2300109863281,386.70001220703125,388.4700012207031,43337000.0,13.449999809265137,14.3100004196167,13.130000114440918,13.350000381469727,0.0
2023-11-22,9.460000038146973,9.90999984741211,9.244999885559082,9.890000343322754,82100.0,35756.5546875,37856.98046875,35670.97265625,37432.33984375,24397247860.0,10.319999694824219,10.979999542236328,9.880000114440918,10.920000076293945,49753100.0,11.277999877929688,11.645000457763672,10.670000076293945,11.600000381469727,20774500.0,106.16999816894531,109.98999786376953,103.36000061035156,109.25,10340100.0,1933.5831298828125,2089.51416015625,1933.1629638671875,2064.42529296875,13372200584.0,390.57000732421875,393.07000732421875,389.0400085449219,390.05999755859375,44121000.0,13.079999923706055,13.25,12.819999694824219,12.850000381469727,0.0
2023-11-24,9.970000267028809,10.420000076293945,9.720000267028809,10.369999885559082,128200.0,37296.31640625,38415.33984375,37261.60546875,37720.28125,22922957823.0,11.039999961853027,11.600000381469727,10.850000381469727,11.40999984741211,42385900.0,11.649999618530273,12.260000228881836,11.418000221252441,12.020000457763672,18308800.0,108.44999694824219,116.94000244140625,107.9800033569336,115.54000091552734,11654600.0,2062.411865234375,2132.481201171875,2060.9990234375,2081.152099609375,12141148820.0,389.6499938964844,390.25,388.5,389.510009765625,15718800.0,13.029999732971191,13.170000076293945,12.449999809265137,12.460000038146973,0.0
2023-11-27,10.0,10.539999961853027,9.960000038146973,10.289999961853027,136500.0,37454.19140625,37559.35546875,36750.12890625,37254.16796875,19002925720.0,10.9399995803833,11.649999618530273,10.760000228881836,11.279999732971191,38413400.0,11.5,12.149999618530273,11.369999885559082,11.819999694824219,18481200.0,112.58000183105469,121.45999908447266,112.18000030517578,119.7699966430664,14205900.0,2062.390869140625,2070.606201171875,1988.120361328125,2027.4173583984375,10574810069.0,389.010009765625,391.1499938964844,388.2799987792969,389.1700134277344,34139700.0,13.140000343322754,13.279999732971191,12.640000343322754,12.6899995803833,0.0
2023-11-28,10.460000038146973,11.199999809265137,10.460000038146973,11.1899995803833,315000.0,37247.9921875,38368.48046875,36891.08984375,37831.0859375,21696137014.0,11.65999984741211,12.399999618530273,11.550000190734863,12.380000114440918,62545100.0,12.140000343322754,12.90999984741211,11.800000190734863,12.859999656677246,33551000.0,122.05000305175781,129.25999450683594,119.69999694824219,128.27000427246094,17639100.0,2027.5172119140625,2074.9541015625,1996.814697265625,2049.338134765625,9910633038.0,388.4100036621094,390.7799987792969,388.04998779296875,390.19000244140625,35491100.0,12.779999732971191,14.300000190734863,12.5600004196167,12.6899995803833,0.0
2023-11-29,11.390000343322754,11.65999984741211,11.149999618530273,11.470000267028809,274200.0,37826.10546875,38366.11328125,37612.6328125,37858.4921875,20728546658.0,12.420000076293945,12.630000114440918,12.039999961853027,12.399999618530273,42596300.0,12.880000114440918,13.289999961853027,12.649999618530273,13.0,25277500.0,127.81999969482422,131.4199981689453,126.30000305175781,127.81999969482422,13908800.0,2049.186767578125,2071.994384765625,2020.756591796875,2029.92919921875,8945151861.0,392.69000244140625,394.1400146484375,389.4599914550781,389.80999755859375,38811700.0,12.710000038146973,13.100000381469727,12.479999542236328,12.979999542236328,0.0
2023-11-30,11.5,11.569999694824219,11.119999885559082,11.180000305175781,120100.0,37861.1171875,38141.75390625,37531.140625,37712.74609375,18115982627.0,12.3100004196167,12.430000305175781,11.90999984741211,11.970000267028809,29942500.0,13.029999732971191,13.140000343322754,12.510000228881836,12.550000190734863,16717000.0,126.05999755859375,127.13999938964844,118.4000015258789,124.72000122070312,14074000.0,2029.3583984375,2054.4443359375,2022.4617919921875,2052.55615234375,8107789163.0,390.0799865722656,390.54998779296875,385.82000732421875,388.8299865722656,52834400.0,13.069999694824219,13.390000343322754,12.819999694824219,12.920000076293945,0.0
2023-12-01,11.319999694824219,12.600000381469727,11.15999984741211,12.600000381469727,379900.0,37718.0078125,38954.109375,37629.359375,38688.75,23512784002.0,12.199999809265137,13.699999809265137,12.180000305175781,13.699999809265137,57061500.0,12.75,13.819999694824219,12.710000038146973,13.770000457763672,32026700.0,126.38999938964844,134.3300018310547,125.87999725341797,133.75999450683594,13693500.0,2052.0966796875,2109.319091796875,2046.5570068359375,2087.139892578125,10866891430.0,387.75,390.5400085449219,386.07000732421875,389.94000244140625,40490100.0,12.9399995803833,12.960000038146973,12.479999542236328,12.630000114440918,0.0
2023-12-04,13.960000038146973,14.029999732971191,12.869999885559082,13.430000305175781,512000.0,39978.62890625,42371.75,39978.62890625,41980.09765625,39856129827.0,15.329999923706055,15.529999732971191,14.069999694824219,14.859999656677246,81617900.0,15.149999618530273,15.6899995803833,14.364999771118164,15.0,45641100.0,143.52999877929688,146.3000030517578,137.60000610351562,141.08999633789062,21561900.0,2193.663330078125,2273.06982421875,2193.00732421875,2243.2158203125,16149367134.0,386.0899963378906,386.6000061035156,382.6600036621094,386.32000732421875,51186900.0,13.279999732971191,13.699999809265137,12.979999542236328,13.079999923706055,0.0
2023-12-05,13.390000343322754,14.380000114440918,13.324999809265137,13.65999984741211,760600.0,41986.265625,44408.6640625,41421.1484375,44080.6484375,36312154535.0,14.819999694824219,16.06999969482422,14.8100004196167,15.279999732971191,77635500.0,15.010000228881836,16.020000457763672,14.850000381469727,15.140000343322754,46782600.0,140.0,147.86000061035156,139.17999267578125,140.1999969482422,18303400.0,2243.092529296875,2306.5703125,2191.17626953125,2293.841796875,15383072559.0,384.3900146484375,388.5,384.2099914550781,387.2900085449219,42933000.0,13.260000228881836,13.760000228881836,12.8100004196167,12.850000381469727,0.0
2023-12-06,14.09000015258789,14.09000015258789,13.27299976348877,13.4399995803833,362500.0,44080.0234375,44265.76953125,43478.08203125,43746.4453125,29909761586.0,15.649999618530273,16.170000076293945,15.300000190734863,15.539999961853027,56390700.0,15.399999618530273,15.470000267028809,14.6899995803833,14.760000228881836,34912400.0,142.5,143.44000244140625,134.1199951171875,134.6300048828125,12584400.0,2293.628173828125,2310.713134765625,2225.0810546875,2231.661376953125,12790612571.0,390.2699890136719,390.3699951171875,384.70001220703125,385.04998779296875,41994100.0,12.779999732971191,13.029999732971191,12.640000343322754,12.970000267028809,0.0
2023-12-07,13.270000457763672,13.800000190734863,12.829999923706055,13.520000457763672,284100.0,43769.1328125,44042.58984375,42880.6484375,43292.6640625,27635760671.0,14.899999618530273,15.680000305175781,14.710000038146973,15.510000228881836,41151900.0,14.270000457763672,15.140000343322754,14.119999885559082,14.880000114440918,22045600.0,131.02000427246094,138.47999572753906,130.1699981689453,136.19000244140625,9795700.0,2233.2177734375,2380.729736328125,2225.050537109375,2357.57958984375,14766891042.0,388.07000732421875,391.2699890136719,386.9599914550781,390.42999267578125,49593500.0,13.170000076293945,13.279999732971191,12.949999809265137,13.0600004196167,0.0
2023-12-08,13.710000038146973,14.770000457763672,13.619999885559082,14.75,514700.0,43293.13671875,44705.515625,43125.296875,44166.6015625,24421116687.0,15.600000381469727,16.790000915527344,15.5600004196167,16.780000686645508,53071200.0,15.09000015258789,15.970000267028809,15.039999961853027,15.829999923706055,31412700.0,136.19000244140625,146.74000549316406,135.85000610351562,146.6199951171875,12023600.0,2357.169189453125,2387.514404296875,2340.92041015625,2358.73193359375,12543458699.0,388.6700134277344,392.6199951171875,388.4800109863281,392.1700134277344,46687500.0,13.140000343322754,13.239999771118164,12.350000381469727,12.350000381469727,0.0
2023-12-11,13.9399995803833,13.9399995803833,12.600000381469727,12.75,342200.0,43792.01953125,43808.375,40234.578125,41243.83203125,40632672038.0,15.670000076293945,15.680000305175781,14.229999542236328,14.649999618530273,59302900.0,14.84000015258789,14.859999656677246,13.529999732971191,14.020000457763672,31166900.0,141.5,142.8699951171875,135.99000549316406,138.02000427246094,12160400.0,2352.49658203125,2354.9140625,2160.358154296875,2224.578857421875,17989249470.0,391.739990234375,395.7900085449219,391.5299987792969,395.5199890136719,41198000.0,13.050000190734863,13.140000343322754,12.609999656677246,12.630000114440918,0.0
2023-12-12,13.079999923706055,13.260000228881836,12.770000457763672,13.0,218300.0,41238.734375,42048.3046875,40667.5625,41450.22265625,24779520132.0,14.75,15.109999656677246,14.449999809265137,14.890000343322754,35579500.0,14.1899995803833,14.279999732971191,13.800000190734863,14.0649995803833,16558600.0,139.88999938964844,141.75,135.99000549316406,139.6199951171875,8303500.0,2224.39111328125,2242.55126953125,2166.77001953125,2202.0380859375,11391132228.0,395.55999755859375,398.7900085449219,394.4100036621094,398.6700134277344,39221200.0,12.6899995803833,12.739999771118164,11.8100004196167,12.069999694824219,0.0
2023-12-13,13.069999694824219,14.359999656677246,12.713000297546387,14.359999656677246,433800.0,41468.46484375,43429.78125,40676.8671875,42890.7421875,26797884674.0,14.739999771118164,16.860000610351562,14.479999542236328,16.760000228881836,63715300.0,14.0,15.25,13.739999771118164,15.239999771118164,33196900.0,139.6199951171875,150.64999389648438,137.14999389648438,150.4600067138672,12514900.0,2202.600341796875,2283.09912109375,2150.75439453125,2260.648681640625,12576395493.0,399.6199951171875,404.3599853515625,398.8399963378906,403.739990234375,55408100.0,12.199999809265137,12.460000038146973,11.819999694824219,12.1899995803833,0.0
2023-12-14,14.520000457763672,15.079999923706055,14.34000015258789,14.829999923706055,418000.0,42884.26171875,43390.859375,41767.08984375,43023.97265625,25578530178.0,16.739999771118164,17.989999771118164,16.420000076293945,17.81999969482422,60551500.0,15.199999809265137,15.84000015258789,14.899999618530273,15.75,30588000.0,152.10000610351562,154.74000549316406,149.10000610351562,153.6300048828125,12095100.0,2260.736083984375,2331.6015625,2239.3662109375,2316.5791015625,12608711052.0,404.9800109863281,406.29998779296875,400.3399963378906,403.3900146484375,55447800.0,11.960000038146973,12.739999771118164,11.84000015258789,12.479999542236328,0.0
2023-12-15,14.430000305175781,15.029999732971191,14.170000076293945,15.0,291900.0,43028.25,43087.82421875,41692.96875,41929.7578125,19639442462.0,17.350000381469727,18.31999969482422,17.049999237060547,18.290000915527344,53947900.0,15.449999809265137,15.779000282287598,15.0600004196167,15.630000114440918,26005500.0,151.80999755859375,151.9199981689453,146.83999633789062,147.89999389648438,11802300.0,2316.1103515625,2316.892822265625,2214.26318359375,2219.33740234375,10259157898.0,404.17999267578125,406.5400085449219,403.57000732421875,405.3399963378906,62896600.0,12.119999885559082,12.539999961853027,12.010000228881836,12.279999732971191,0.0
2023-12-18,14.430000305175781,15.763999938964844,14.40999984741211,15.649999618530273,337000.0,41348.203125,42720.296875,40530.2578125,42623.5390625,25224642008.0,17.690000534057617,20.09000015258789,17.65999984741211,19.8799991607666,60344600.0,15.170000076293945,16.43000030517578,15.15999984741211,16.399999618530273,33815600.0,144.80999755859375,155.00999450683594,144.0,153.42999267578125,9959900.0,2195.341796875,2222.019287109375,2120.12744140625,2217.2734375,10366536490.0,404.92999267578125,407.989990234375,404.6000061035156,407.0799865722656,46610000.0,12.619999885559082,12.640000343322754,12.399999618530273,12.5600004196167,0.0
2023-12-19,16.290000915527344,16.790000915527344,15.329999923706055,15.970000267028809,619500.0,42641.51171875,43354.296875,41826.3359375,42270.52734375,23171001281.0,20.600000381469727,22.489999771118164,20.329999923706055,21.969999313354492,91857600.0,17.030000686645508,17.670000076293945,16.149999618530273,16.68000030517578,43752200.0,155.5,162.08999633789062,153.61000061035156,161.16000366210938,13906800.0,2218.240966796875,2253.348876953125,2139.723388671875,2177.87255859375,10619179629.0,407.5400085449219,409.2799987792969,407.3500061035156,409.1600036621094,35711900.0,12.600000381469727,12.600000381469727,12.329999923706055,12.529999732971191,0.0
2023-12-20,16.799999237060547,17.350000381469727,15.970000267028809,16.030000686645508,772500.0,42261.30078125,44275.5859375,42223.81640625,43652.25,27868908174.0,23.6200008392334,24.329999923706055,22.040000915527344,22.100000381469727,117235300.0,17.540000915527344,17.959999084472656,16.399999618530273,16.450000762939453,45023500.0,164.72999572753906,169.47999572753906,160.07000732421875,161.86000061035156,16021900.0,2177.239501953125,2263.3291015625,2161.21875,2201.911376953125,12652290807.0,408.3500061035156,410.4700012207031,402.8999938964844,403.0799865722656,54042400.0,12.630000114440918,13.930000305175781,12.289999961853027,13.670000076293945,0.0
2023-12-21,16.940000534057617,17.829999923706055,16.469999313354492,17.780000686645508,723300.0,43648.125,44240.66796875,43330.05078125,43869.15234375,22452766169.0,23.239999771118164,25.100000381469727,22.420000076293945,24.780000686645508,104432700.0,16.950000762939453,16.969999313354492,16.270000457763672,16.75,30398700.0,166.7100067138672,170.1699981689453,163.10000610351562,168.02999877929688,12081500.0,2201.7900390625,2278.12158203125,2184.856689453125,2239.54248046875,12616530536.0,407.05999755859375,408.1400146484375,404.4700012207031,407.7699890136719,45568900.0,13.399999618530273,14.489999771118164,13.34000015258789,13.649999618530273,0.0
2023-12-22,18.149999618530273,19.549999237060547,17.43000030517578,18.989999771118164,999300.0,43868.98828125,44367.95703125,43441.96875,43997.90234375,21028503216.0,25.520000457763672,27.729999542236328,24.65999984741211,26.709999084472656,118601900.0,16.75,18.389999389648438,16.520000457763672,17.780000686645508,45554800.0,169.77000427246094,178.6999969482422,167.89999389648438,175.47999572753906,15832900.0,2239.59814453125,2341.947509765625,2233.53271484375,2326.52490234375,16137246310.0,409.0,409.9700012207031,406.4800109863281,408.3800048828125,34314000.0,13.720000267028809,13.960000038146973,13.0,13.029999732971191,0.0
2023-12-26,18.920000076293945,19.8700008392334,18.549999237060547,19.809999465942383,818800.0,43599.84765625,43603.17578125,41676.48828125,42520.40234375,30026850982.0,26.149999618530273,27.049999237060547,25.219999313354492,26.959999084472656,79566200.0,17.43000030517578,17.540000915527344,16.860000610351562,17.350000381469727,30645300.0,174.8000030517578,178.1199951171875,169.0500030517578,172.0500030517578,12544800.0,2272.21875,2274.557373046875,2180.225341796875,2231.46533203125,10668581464.0,409.25,411.55999755859375,409.1499938964844,410.8800048828125,22722500.0,13.770000457763672,13.800000190734863,12.960000038146973,12.989999771118164,0.0
2023-12-27,20.68000030517578,22.479999542236328,20.68000030517578,22.270000457763672,924500.0,42518.46875,43683.16015625,42167.58203125,43442.85546875,25260941032.0,28.149999618530273,31.299999237060547,28.149999618530273,31.06999969482422,106789700.0,17.899999618530273,18.75,17.6299991607666,18.6200008392334,43092600.0,176.32000732421875,186.97000122070312,175.5,185.24000549316406,15569900.0,2231.39306640625,2392.608642578125,2215.140380859375,2378.739990234375,14161342927.0,410.95001220703125,411.7900085449219,410.0799865722656,411.5,31980500.0,13.020000457763672,13.039999961853027,12.369999885559082,12.430000305175781,0.0
2023-12-28,21.270000457763672,21.690000534057617,20.420000076293945,20.989999771118164,789100.0,43468.19921875,43804.78125,42318.55078125,42627.85546875,22992093014.0,28.989999771118164,30.229999542236328,27.559999465942383,28.110000610351562,119982200.0,18.209999084472656,18.3700008392334,17.34000015258789,17.600000381469727,45018800.0,179.30999755859375,187.38999938964844,177.75,186.36000061035156,17276300.0,2380.20068359375,2445.017578125,2338.703857421875,2347.566162109375,15660799060.0,412.6700134277344,412.9200134277344,410.94000244140625,411.29998779296875,27029200.0,12.4399995803833,12.649999618530273,12.380000114440918,12.470000267028809,0.0
2023-12-29,21.59000015258789,21.600000381469727,17.450000762939453,18.0,1585800.0,42614.64453125,43124.32421875,41424.0625,42099.40234375,26000021055.0,28.950000762939453,29.670000076293945,23.049999237060547,23.489999771118164,144949700.0,17.8700008392334,18.184999465942383,15.029999732971191,15.470000267028809,58700400.0,186.05999755859375,187.25,171.0,173.9199981689453,19724400.0,2346.84375,2386.004638671875,2262.975830078125,2300.690673828125,12536968996.0,411.2799987792969,411.6400146484375,407.5799865722656,409.5199890136719,42662100.0,12.550000190734863,13.1899995803833,12.359999656677246,12.449999809265137,0.0
2024-01-02,20.260000228881836,20.260000228881836,17.25,17.489999771118164,877800.0,44187.140625,45899.70703125,44176.94921875,44957.96875,39335274536.0,26.639999389648438,26.690000534057617,22.770000457763672,22.93000030517578,102571800.0,17.06999969482422,17.110000610351562,15.3100004196167,15.40999984741211,35508200.0,173.02000427246094,175.57000732421875,155.35000610351562,156.8800048828125,26549400.0,2352.593505859375,2431.21240234375,2348.892333984375,2355.83642578125,12910543630.0,405.8399963378906,406.0899963378906,400.239990234375,402.5899963378906,58026900.0,13.220000267028809,14.229999542236328,13.100000381469727,13.199999809265137,0.0
2024-01-03,15.899999618530273,17.4950008392334,15.550000190734863,17.049999237060547,803700.0,44961.6015625,45503.2421875,40813.53515625,42848.17578125,46342323118.0,20.700000762939453,23.75,20.389999389648438,23.440000534057617,96670300.0,13.989999771118164,15.229999542236328,13.75,15.039999961853027,29189700.0,146.0,156.25,144.11000061035156,152.24000549316406,18573800.0,2355.9814453125,2385.11767578125,2113.92529296875,2210.761962890625,19332933581.0,399.92999267578125,401.0,397.8900146484375,398.3299865722656,47002800.0,13.350000381469727,14.220000267028809,13.329999923706055,14.039999961853027,0.0
2024-01-04,17.5,18.349000930786133,17.025999069213867,17.90999984741211,461400.0,42855.81640625,44770.0234375,42675.17578125,44179.921875,30448091210.0,24.15999984741211,26.8799991607666,23.0,26.270000457763672,97753600.0,15.3100004196167,16.079999923706055,14.949999809265137,15.859999656677246,26736700.0,152.5,161.27999877929688,148.80999755859375,155.60000610351562,14874300.0,2210.529052734375,2294.608154296875,2204.86572265625,2269.0380859375,11044564896.0,396.44000244140625,399.5899963378906,396.05999755859375,396.2799987792969,39432800.0,13.930000305175781,14.199999809265137,13.640000343322754,14.130000114440918,0.0
2024-01-05,17.760000228881836,17.760000228881836,16.3700008392334,16.850000381469727,426200.0,44192.98046875,44353.28515625,42784.71875,44162.69140625,32336029347.0,25.479999542236328,25.600000381469727,23.31999969482422,24.1200008392334,92250600.0,15.539999961853027,15.5649995803833,14.366999626159668,14.829999923706055,26205200.0,152.6699981689453,157.69000244140625,151.08999633789062,153.97999572753906,10875500.0,2269.409423828125,2276.7646484375,2209.537109375,2268.647216796875,10860953290.0,396.45001220703125,399.55999755859375,395.3399963378906,396.75,44922800.0,14.239999771118164,14.579999923706055,13.289999961853027,13.350000381469727,0.0
2024-01-08,17.209999084472656,18.100000381469727,15.8100004196167,17.75,989200.0,43948.70703125,47218.0,43244.08203125,46970.50390625,42746192015.0,24.770000457763672,26.649999618530273,22.6200008392334,25.979999542236328,113019100.0,15.079999923706055,16.200000762939453,14.229999542236328,16.010000228881836,40667000.0,157.8000030517578,161.3800048828125,146.50999450683594,159.4199981689453,18125700.0,2222.857666015625,2358.815673828125,2171.99365234375,2333.03271484375,13830287095.0,397.989990234375,405.239990234375,397.8399963378906,404.95001220703125,42473800.0,14.0,14.180000305175781,13.020000457763672,13.079999923706055,0.0
2024-01-09,17.649999618530273,17.969999313354492,17.167999267578125,17.290000915527344,809000.0,46987.640625,47893.69921875,45244.71484375,46139.73046875,39821290992.0,25.479999542236328,26.670000076293945,24.75,25.729999542236328,84955900.0,15.899999618530273,16.170000076293945,15.520000457763672,15.739999771118164,22881600.0,159.60000610351562,159.99000549316406,151.32000732421875,151.99000549316406,12959700.0,2332.8681640625,2369.6416015625,2243.21923828125,2344.8271484375,14891130716.0,401.9100036621094,406.69000244140625,401.7099914550781,405.75,39132900.0,13.199999809265137,13.449999809265137,12.739999771118164,12.760000228881836,0.0
2024-01-10,16.790000915527344,18.260000228881836,16.334999084472656,17.290000915527344,795700.0,46121.5390625,47647.22265625,44483.15234375,46627.77734375,50114613298.0,24.790000915527344,27.68000030517578,23.780000686645508,25.6299991607666,140233400.0,15.199999809265137,16.309999465942383,14.770000457763672,15.550000190734863,40743800.0,149.2100067138672,153.47000122070312,143.14999389648438,151.2899932861328,18718200.0,2344.923583984375,2626.976806640625,2341.943115234375,2582.103515625,29042100476.0,406.07000732421875,409.5199890136719,405.1700134277344,408.5,33962800.0,12.859999656677246,12.949999809265137,12.670000076293945,12.6899995803833,0.0
2024-01-11,18.790000915527344,19.100000381469727,15.25,15.744999885559082,1603800.0,46656.07421875,48969.37109375,45678.64453125,46368.5859375,45833734549.0,27.290000915527344,29.18000030517578,20.75,22.399999618530273,213408200.0,16.639999389648438,17.020000457763672,12.829999923706055,13.09000015258789,71584500.0,159.19000244140625,161.0399932861328,140.00999450683594,141.16000366210938,31754200.0,2584.171630859375,2687.779052734375,2567.99365234375,2619.619140625,22575246883.0,409.7900085449219,411.20001220703125,404.239990234375,409.3500061035156,54536200.0,12.640000343322754,13.3100004196167,12.350000381469727,12.4399995803833,0.0
2024-01-12,15.380000114440918,15.479000091552734,13.9399995803833,13.979999542236328,766100.0,46354.79296875,46498.13671875,41903.76953125,42853.16796875,43332698900.0,21.5,22.06999969482422,18.760000228881836,18.979999542236328,138255700.0,12.755000114440918,12.755000114440918,11.720000267028809,11.729999542236328,44452800.0,137.19000244140625,141.07000732421875,130.3699951171875,130.77999877929688,20392800.0,2619.177001953125,2710.421875,2460.925537109375,2524.460205078125,23623839263.0,410.3999938964844,411.25,408.1499938964844,409.55999755859375,39595000.0,12.65999984741211,13.079999923706055,12.470000267028809,12.699999809265137,0.0
2024-01-16,13.569999694824219,13.819999694824219,12.800000190734863,13.210000038146973,420300.0,42499.3359375,43566.2734375,42085.99609375,43154.9453125,24062872740.0,18.649999618530273,19.040000915527344,17.18000030517578,17.780000686645508,106408800.0,11.505000114440918,11.850000381469727,10.920000076293945,11.289999961853027,27395500.0,129.44000244140625,136.39999389648438,126.87999725341797,133.8800048828125,14789700.0,2510.627197265625,2613.56689453125,2500.00390625,2587.691162109375,11063317095.0,408.30999755859375,411.1199951171875,406.8299865722656,409.5199890136719,43903000.0,14.119999885559082,14.350000381469727,13.520000457763672,13.84000015258789,0.0
2024-01-17,12.84000015258789,13.130000114440918,12.609999656677246,12.8100004196167,321600.0,43132.1015625,43189.890625,42189.30859375,42742.65234375,20851232595.0,17.5,17.979999542236328,16.6200008392334,17.260000228881836,76361100.0,11.0,11.130000114440918,10.649999618530273,10.869999885559082,22798500.0,130.50999450683594,134.25999450683594,129.41000366210938,133.86000061035156,8133100.0,2587.044677734375,2592.737060546875,2508.432861328125,2528.369384765625,10441017520.0,406.1700134277344,407.5899963378906,402.9200134277344,407.2099914550781,54386000.0,14.59000015258789,15.399999618530273,14.380000114440918,14.789999961853027,0.0
2024-01-18,12.949999809265137,13.270000457763672,11.859999656677246,11.880000114440918,704800.0,42742.3125,42876.34765625,40631.171875,41262.05859375,25218357242.0,17.219999313354492,18.149999618530273,15.960000038146973,16.06999969482422,91998300.0,10.90999984741211,11.170000076293945,10.229999542236328,10.329999923706055,27512200.0,133.25,137.30999755859375,123.93000030517578,124.33999633789062,14519500.0,2528.59326171875,2546.263916015625,2426.135498046875,2467.018798828125,11900028080.0,410.5199890136719,413.5799865722656,409.1600036621094,412.989990234375,59562500.0,14.850000381469727,14.890000343322754,13.890000343322754,14.130000114440918,0.0
2024-01-19,11.960000038146973,12.130000114440918,11.196000099182129,12.079999923706055,388900.0,41278.4609375,42134.16015625,40297.45703125,41618.40625,25752407154.0,15.979999542236328,16.479999542236328,14.619999885559082,16.1299991607666,110136400.0,10.329999923706055,10.390000343322754,9.635000228881836,10.289999961853027,31708400.0,124.33999633789062,124.81999969482422,118.0199966430664,124.75,16692600.0,2468.68896484375,2501.30517578125,2414.7109375,2489.49853515625,11405278376.0,415.2200012207031,421.3399963378906,414.6300048828125,421.17999267578125,70325100.0,13.800000190734863,14.579999923706055,13.279999732971191,13.300000190734863,0.0
2024-01-22,11.84000015258789,12.699999809265137,11.649999618530273,12.260000228881836,460700.0,41553.65234375,41651.20703125,39450.1171875,39507.3671875,31338708143.0,15.520000457763672,17.139999389648438,15.210000038146973,16.610000610351562,82482700.0,10.029999732971191,11.055000305175781,9.84000015258789,10.600000381469727,27717400.0,124.05000305175781,131.77999877929688,122.5,128.2100067138672,12042600.0,2454.9873046875,2463.447265625,2303.502685546875,2310.826416015625,13923771728.0,423.4100036621094,424.7300109863281,421.1199951171875,421.7300109863281,44880600.0,13.770000457763672,13.84000015258789,13.170000076293945,13.1899995803833,0.0
2024-01-23,11.960000038146973,12.25,11.699999809265137,11.90999984741211,283900.0,39518.71484375,40127.3515625,38521.89453125,39845.55078125,29244553045.0,15.789999961853027,16.649999618530273,15.449999809265137,16.110000610351562,56602600.0,10.239999771118164,10.59000015258789,9.930000305175781,10.380000114440918,19428300.0,122.41000366210938,126.1500015258789,120.33000183105469,124.19000244140625,9737100.0,2310.95166015625,2348.03125,2167.282470703125,2240.68603515625,16182147521.0,422.42999267578125,423.70001220703125,420.57000732421875,423.4800109863281,33003800.0,13.199999809265137,13.289999961853027,12.529999732971191,12.550000190734863,0.0
2024-01-24,12.420000076293945,12.65999984741211,11.65999984741211,11.720000267028809,336000.0,39877.59375,40483.78515625,39508.796875,40077.07421875,22359526178.0,16.600000381469727,17.190000534057617,15.539999961853027,15.649999618530273,68891600.0,10.630000114440918,10.920000076293945,10.0,10.069999694824219,21642500.0,127.27999877929688,127.97000122070312,120.79000091552734,121.33999633789062,9118900.0,2241.749755859375,2261.384521484375,2197.65673828125,2233.561767578125,10134722960.0,427.44000244140625,429.8500061035156,425.3299865722656,425.8299865722656,46948000.0,12.65999984741211,13.180000305175781,12.40999984741211,13.140000343322754,0.0
2024-01-25,11.9399995803833,12.270000457763672,11.699999809265137,12.220000267028809,230900.0,40075.55078125,40254.48046875,39545.6640625,39933.80859375,18491782013.0,15.760000228881836,16.56999969482422,15.569999694824219,16.270000457763672,56469200.0,10.154999732971191,10.649999618530273,9.989999771118164,10.630000114440918,19017500.0,122.37999725341797,124.26000213623047,118.91999816894531,121.01000213623047,8166400.0,2233.969970703125,2240.380859375,2173.6865234375,2217.710205078125,9302247037.0,428.3599853515625,429.0400085449219,423.9800109863281,426.3500061035156,44367200.0,13.180000305175781,13.579999923706055,13.0600004196167,13.449999809265137,0.0
2024-01-26,12.84000015258789,13.470000267028809,12.65999984741211,13.3100004196167,813300.0,39936.81640625,42209.38671875,39825.69140625,41816.87109375,25598119893.0,17.229999542236328,18.450000762939453,16.889999389648438,17.850000381469727,87559400.0,11.239999771118164,11.5600004196167,10.899999618530273,11.350000381469727,25001900.0,127.5199966430664,128.10000610351562,121.45999908447266,125.19999694824219,13956300.0,2217.44189453125,2280.3837890625,2196.14013671875,2267.19970703125,9975117607.0,424.44000244140625,426.2099914550781,423.1499938964844,423.80999755859375,37137000.0,13.729999542236328,14.100000381469727,13.199999809265137,13.260000228881836,0.0
2024-01-29,13.520000457763672,14.489999771118164,13.14900016784668,14.029999732971191,925400.0,42030.9140625,43305.8671875,41818.33203125,43288.24609375,20668476578.0,17.959999084472656,19.729999542236328,17.530000686645508,18.520000457763672,92576900.0,11.40999984741211,12.130000114440918,11.229999542236328,11.550000190734863,31102800.0,127.08999633789062,136.88999938964844,125.80000305175781,132.82000732421875,17813700.0,2256.995361328125,2320.02734375,2237.711669921875,2317.064208984375,8948195551.0,424.2699890136719,428.3500061035156,423.6099853515625,428.1499938964844,38694700.0,13.979999542236328,15.350000381469727,13.59000015258789,13.600000381469727,0.0
2024-01-30,14.100000381469727,14.239999771118164,13.449999809265137,13.6899995803833,364500.0,43300.2265625,43838.9453125,42711.37109375,42952.609375,23842814518.0,18.440000534057617,19.079999923706055,17.829999923706055,18.110000610351562,56458800.0,11.550000190734863,11.729999542236328,11.1899995803833,11.34000015258789,16150900.0,136.0500030517578,136.6999969482422,130.44000244140625,130.82000732421875,8745700.0,2317.435791015625,2388.87060546875,2298.281982421875,2344.49365234375,10173440062.0,427.1000061035156,427.67999267578125,424.3800048828125,425.29998779296875,36739000.0,13.6899995803833,13.739999771118164,13.229999542236328,13.3100004196167,0.0
2024-01-31,13.199999809265137,13.97599983215332,12.949999809265137,12.979999542236328,384400.0,42946.25,43717.40625,42298.9453125,42582.60546875,24673628793.0,17.459999084472656,19.18000030517578,17.270000457763672,17.729999542236328,75527900.0,11.0600004196167,11.595000267028809,10.869999885559082,10.899999618530273,17685000.0,129.08999633789062,135.5500030517578,127.56999969482422,128.1999969482422,9838800.0,2343.558837890625,2349.611328125,2264.443603515625,2282.54443359375,10807883277.0,420.8500061035156,422.8699951171875,416.7900085449219,416.9700012207031,64010600.0,13.420000076293945,14.609999656677246,13.180000305175781,14.350000381469727,0.0
2024-02-01,13.0,13.420000076293945,12.5600004196167,13.180000305175781,236400.0,42569.76171875,43243.16796875,41879.19140625,43075.7734375,21423953779.0,17.760000228881836,18.8700008392334,17.139999389648438,18.600000381469727,64373700.0,10.899999618530273,11.4399995803833,10.5600004196167,11.300000190734863,18566200.0,128.75,132.07000732421875,124.23999786376953,128.9499969482422,8464300.0,2282.17529296875,2309.842529296875,2243.57177734375,2303.82470703125,8895583113.0,418.7900085449219,422.3800048828125,417.80999755859375,421.8800048828125,51008600.0,14.210000038146973,14.630000114440918,13.869999885559082,13.880000114440918,0.0
2024-02-02,13.100000381469727,13.390000343322754,12.732999801635742,12.920000076293945,167500.0,43077.640625,43422.48828125,42584.3359375,43185.859375,18603843039.0,17.940000534057617,19.079999923706055,17.829999923706055,18.200000762939453,52991500.0,11.0,11.399999618530273,10.920000076293945,11.210000038146973,13330900.0,126.9000015258789,130.1300048828125,125.55000305175781,129.22000122070312,6110000.0,2303.7060546875,2323.053466796875,2282.230224609375,2308.0380859375,7186143091.0,423.79998779296875,430.239990234375,422.7900085449219,429.010009765625,59602400.0,13.949999809265137,14.229999542236328,13.390000343322754,13.850000381469727,0.0
2024-02-05,13.020000457763672,13.020000457763672,12.17300033569336,12.210000038146973,332700.0,42577.62109375,43494.25,42264.81640625,42658.66796875,18715487317.0,18.1200008392334,18.260000228881836,16.6200008392334,16.639999389648438,50371800.0,11.210000038146973,11.319999694824219,10.329999923706055,10.34000015258789,16253200.0,128.6999969482422,128.88999938964844,115.80000305175781,117.30000305175781,13067300.0,2289.20556640625,2334.6767578125,2270.06787109375,2298.888916015625,7277068110.0,429.07000732421875,429.6099853515625,425.0,428.45001220703125,39889200.0,14.369999885559082,14.529999732971191,13.579999923706055,13.670000076293945,0.0
2024-02-06,12.229999542236328,12.829999923706055,12.0600004196167,12.760000228881836,186000.0,42657.390625,43344.1484375,42529.01953125,43084.671875,16798476726.0,16.65999984741211,17.5,16.399999618530273,17.059999465942383,39214200.0,10.428000450134277,10.850000381469727,10.253999710083008,10.8100004196167,11288800.0,118.61000061035156,120.9000015258789,115.9000015258789,119.79000091552734,6740600.0,2298.955078125,2389.826171875,2296.78857421875,2372.201904296875,9520885493.0,429.6099853515625,430.2200012207031,425.2200012207031,427.5899963378906,35846100.0,13.569999694824219,13.779999732971191,12.979999542236328,13.0600004196167,0.0
2024-02-07,12.899999618530273,13.166000366210938,12.322999954223633,13.09000015258789,184400.0,43090.01953125,44341.94921875,42775.95703125,44318.22265625,21126587775.0,16.850000381469727,17.600000381469727,16.139999389648438,17.540000915527344,53166200.0,10.739999771118164,11.399999618530273,10.4350004196167,11.319999694824219,14750900.0,119.68000030517578,124.4000015258789,114.51000213623047,122.06999969482422,8985100.0,2372.2626953125,2442.63623046875,2353.7060546875,2423.7451171875,9660628536.0,430.4100036621094,432.8299865722656,429.0899963378906,431.989990234375,37712700.0,13.0600004196167,13.130000114440918,12.8100004196167,12.829999923706055,0.0
2024-02-08,13.869999885559082,15.119999885559082,13.649999618530273,15.100000381469727,859500.0,44332.125,45575.83984375,44332.125,45301.56640625,26154524080.0,18.65999984741211,21.6200008392334,18.260000228881836,21.579999923706055,106855900.0,11.819999694824219,13.0649995803833,11.729999542236328,13.050000190734863,31593200.0,127.22000122070312,133.0500030517578,125.80999755859375,132.5500030517578,11315900.0,2424.080078125,2459.556640625,2414.74951171875,2419.906494140625,9941841732.0,432.1099853515625,433.55999755859375,431.4200134277344,432.7900085449219,29889900.0,12.949999809265137,13.170000076293945,12.739999771118164,12.789999961853027,0.0
2024-02-09,16.489999771118164,17.31800079345703,15.960000038146973,16.975000381469727,1185000.0,45297.3828125,48152.49609375,45260.82421875,47147.19921875,39316770844.0,23.68000030517578,24.360000610351562,22.5,23.889999389648438,117143200.0,14.0,14.789999961853027,13.5600004196167,14.550000190734863,43578000.0,142.16000366210938,144.5500030517578,137.1699981689453,141.99000549316406,15985100.0,2419.773681640625,2522.724609375,2419.36279296875,2487.515625,13634203177.0,433.94000244140625,437.8500061035156,433.1400146484375,437.04998779296875,36943900.0,12.789999961853027,13.010000228881836,12.6899995803833,12.930000305175781,0.0
2024-02-12,17.139999389648438,19.149999618530273,17.139999389648438,18.799999237060547,1089400.0,48296.38671875,50280.4765625,47745.76171875,49958.22265625,34511985805.0,23.600000381469727,27.549999237060547,23.600000381469727,27.280000686645508,102363900.0,14.579999923706055,16.350000381469727,14.550000190734863,15.920000076293945,41246800.0,141.10000610351562,150.35000610351562,140.99000549316406,147.30999755859375,10977100.0,2507.578857421875,2663.8427734375,2473.81201171875,2658.115966796875,13022696866.0,436.94000244140625,439.1400146484375,434.6499938964844,435.3399963378906,33203300.0,13.479999542236328,13.9399995803833,13.34000015258789,13.930000305175781,0.0
2024-02-13,17.100000381469727,18.350000381469727,16.582000732421875,17.920000076293945,886400.0,49941.359375,50358.390625,48406.49609375,49742.44140625,35593051468.0,24.399999618530273,26.399999618530273,24.100000381469727,25.719999313354492,77122100.0,14.460000038146973,15.84000015258789,14.100000381469727,15.4399995803833,26101000.0,138.38999938964844,143.75,137.1300048828125,140.38999938964844,9568800.0,2659.586181640625,2686.455078125,2599.16943359375,2642.185302734375,18271237044.0,427.2799987792969,431.2699890136719,425.3299865722656,428.54998779296875,64491700.0,13.960000038146973,17.940000534057617,13.430000305175781,15.850000381469727,0.0
2024-02-14,20.110000610351562,20.5,19.290000915527344,20.200000762939453,860300.0,49733.4453125,52021.37109375,49296.83203125,51826.6953125,39105608050.0,29.030000686645508,29.729999542236328,28.110000610351562,29.40999984741211,79211200.0,16.989999771118164,17.6200008392334,16.549999237060547,17.6200008392334,34163800.0,151.8300018310547,161.1300048828125,150.39999389648438,160.3800048828125,18041800.0,2641.685302734375,2786.8935546875,2621.025390625,2777.90234375,21448973822.0,431.260009765625,433.6499938964844,428.8800048828125,433.2200012207031,45092700.0,15.380000114440918,15.470000267028809,14.220000267028809,14.380000114440918,0.0
2024-02-15,20.899999618530273,21.013999938964844,18.799999237060547,19.270000457763672,864100.0,51836.78515625,52820.06640625,51371.62890625,51938.5546875,38564360533.0,30.0,30.450000762939453,26.15999984741211,27.020000457763672,97860300.0,17.899999618530273,18.239999771118164,16.139999389648438,16.530000686645508,37285200.0,168.7899932861328,172.82000732421875,162.0800018310547,165.6699981689453,22992800.0,2777.601318359375,2865.845458984375,2764.010498046875,2824.37890625,23734481937.0,433.9200134277344,434.9800109863281,431.3299865722656,434.510009765625,38796100.0,14.270000457763672,14.640000343322754,13.9399995803833,14.010000228881836,0.0
2024-02-16,19.510000228881836,19.849000930786133,18.34000015258789,19.030000686645508,513800.0,51937.7265625,52537.96875,51641.3671875,52160.203125,28180567298.0,28.059999465942383,28.639999389648438,26.25,26.940000534057617,58428600.0,16.649999618530273,17.06999969482422,15.920000076293945,16.450000762939453,21607100.0,189.0500030517578,193.63999938964844,178.8000030517578,180.30999755859375,33233300.0,2825.480712890625,2858.450439453125,2760.3310546875,2803.69140625,17057114638.0,434.8900146484375,434.989990234375,429.8500061035156,430.57000732421875,53716500.0,13.9399995803833,14.710000038146973,13.75,14.239999771118164,0.0
2024-02-20,19.190000534057617,19.489999771118164,17.06999969482422,18.1200008392334,732700.0,51777.7265625,52945.05078125,50792.3125,52284.875,33353758256.0,26.950000762939453,27.399999618530273,22.889999389648438,24.510000228881836,72618000.0,16.540000915527344,16.690000534057617,15.1850004196167,16.040000915527344,21082600.0,179.8699951171875,181.30999755859375,163.38999938964844,173.3000030517578,16196500.0,2944.1064453125,3031.5244140625,2879.9033203125,3013.503662109375,20341598470.0,428.54998779296875,430.0799865722656,423.5,427.32000732421875,53999500.0,15.09000015258789,15.90999984741211,15.069999694824219,15.420000076293945,0.0
2024-02-21,17.139999389648438,17.729999542236328,16.93000030517578,17.030000686645508,302500.0,52273.53515625,52368.81640625,50671.7578125,51839.1796875,28624907020.0,22.90999984741211,23.940000534057617,22.760000228881836,22.899999618530273,44428800.0,15.15999984741211,15.848999977111816,15.069999694824219,15.100000381469727,13720900.0,164.25,168.08999633789062,161.19000244140625,162.41000366210938,10622100.0,3015.6533203125,3017.1904296875,2875.41845703125,2970.35546875,18897136867.0,424.54998779296875,425.70001220703125,421.6300048828125,425.6099853515625,49779000.0,15.539999961853027,16.1200008392334,15.220000267028809,15.34000015258789,0.0
2024-02-22,17.670000076293945,18.290000915527344,17.172000885009766,17.889999389648438,318000.0,51854.64453125,52009.61328125,50926.29296875,51304.97265625,25413900611.0,23.260000228881836,25.110000610351562,22.670000076293945,24.559999465942383,53000400.0,15.199999809265137,15.890000343322754,14.930000305175781,15.729999542236328,16953900.0,164.85000610351562,171.99000549316406,163.8000030517578,170.91000366210938,9027300.0,2969.599853515625,3030.666015625,2907.109375,2971.00732421875,18058908246.0,434.489990234375,439.1199951171875,433.7099914550781,438.07000732421875,53887800.0,14.279999732971191,14.640000343322754,14.119999885559082,14.539999961853027,0.0
2024-02-23,17.530000686645508,17.559999465942383,16.649999618530273,17.09000015258789,219300.0,51283.90625,51497.93359375,50561.77734375,50731.94921875,21427078270.0,23.6299991607666,24.6299991607666,23.049999237060547,23.989999771118164,42059100.0,15.140000343322754,15.3100004196167,14.329999923706055,14.850000381469727,18732400.0,167.3800048828125,170.0,160.66000366210938,165.97999572753906,7191200.0,2970.1396484375,2991.32958984375,2906.583740234375,2921.658203125,12822717059.0,439.6499938964844,440.5899963378906,435.7900085449219,436.7799987792969,39853900.0,14.3100004196167,14.3100004196167,13.640000343322754,13.75,0.0
2024-02-26,17.190000534057617,20.219999313354492,17.190000534057617,19.899999618530273,653800.0,51730.5390625,54938.17578125,50931.03125,54522.40234375,34074411896.0,24.40999984741211,29.81999969482422,24.40999984741211,29.190000534057617,106547600.0,14.899999618530273,17.450000762939453,14.890000343322754,17.3700008392334,39162500.0,168.66000366210938,196.9499969482422,168.39999389648438,193.94000244140625,22593700.0,3112.529052734375,3197.375,3037.95458984375,3178.99365234375,17504464351.0,437.6000061035156,438.6000061035156,436.3599853515625,436.54998779296875,33043200.0,14.170000076293945,14.199999809265137,13.65999984741211,13.739999771118164,0.0
2024-02-27,21.489999771118164,21.690000534057617,19.56999969482422,20.1299991607666,638400.0,54519.36328125,57537.83984375,54484.19921875,57085.37109375,49756832031.0,31.739999771118164,32.869998931884766,28.219999313354492,30.309999465942383,116889400.0,18.100000381469727,18.360000610351562,16.219999313354492,16.799999237060547,43619600.0,205.17999267578125,209.94000244140625,192.08999633789062,199.22000122070312,22679100.0,3178.405029296875,3287.9580078125,3167.83056640625,3244.519287109375,21090315368.0,437.6700134277344,437.989990234375,435.0299987792969,437.6000061035156,33713200.0,13.630000114440918,13.75,13.40999984741211,13.430000305175781,0.0
2024-02-28,20.81999969482422,21.0939998626709,18.299999237060547,18.600000381469727,1204800.0,57071.09765625,63913.1328125,56738.42578125,62504.7890625,83239156760.0,32.29999923706055,34.09000015258789,29.469999313354492,31.030000686645508,179649700.0,17.440000534057617,17.59000015258789,15.229999542236328,15.649999618530273,60473200.0,209.41000366210938,212.22000122070312,197.66000366210938,200.8000030517578,25397100.0,3243.893310546875,3485.450927734375,3201.575927734375,3385.703857421875,32885894265.0,435.42999267578125,436.6700134277344,434.29998779296875,435.2699890136719,32938800.0,13.520000457763672,13.899999618530273,13.4399995803833,13.84000015258789,0.0
2024-02-29,19.3700008392334,19.3700008392334,16.649999618530273,17.040000915527344,1441600.0,62499.18359375,63585.64453125,60498.73046875,61198.3828125,65496611844.0,29.770000457763672,30.709999084472656,25.059999465942383,25.899999618530273,133154400.0,15.680000305175781,15.824999809265137,13.710000038146973,14.119999885559082,39477700.0,206.4600067138672,211.30999755859375,193.8800048828125,203.55999755859375,16237800.0,3386.802734375,3518.96923828125,3303.9052734375,3341.919677734375,28469171094.0,438.2300109863281,440.0899963378906,435.0199890136719,439.0,42495200.0,14.140000343322754,14.149999618530273,13.300000190734863,13.399999618530273,0.0
2024-03-01,17.299999237060547,18.079999923706055,16.350000381469727,17.979999542236328,512200.0,61168.0625,63155.1015625,60802.52734375,62440.6328125,40186368423.0,26.530000686645508,27.0,24.520000457763672,27.0,78532500.0,14.289999961853027,14.470000267028809,13.479999542236328,14.4399995803833,22850900.0,202.6999969482422,206.38999938964844,196.00999450683594,205.77000427246094,9297400.0,3341.9658203125,3452.626220703125,3341.85107421875,3435.053955078125,16880101987.0,439.8999938964844,446.5799865722656,439.8399963378906,445.6099853515625,43853000.0,13.34000015258789,13.65999984741211,13.079999923706055,13.109999656677246,0.0
2024-03-04,18.6200008392334,18.799999237060547,16.549999237060547,17.0,810500.0,63137.00390625,68537.03125,62386.51953125,68330.4140625,70670471105.0,27.8700008392334,29.3799991607666,24.459999084472656,25.709999084472656,119395500.0,14.829999923706055,14.989999771118164,13.125,13.479999542236328,38864500.0,217.38999938964844,236.4600067138672,212.25,229.14999389648438,23294900.0,3489.340087890625,3641.459228515625,3446.017578125,3630.433837890625,26772963830.0,445.6099853515625,446.0400085449219,443.7699890136719,444.0199890136719,34325700.0,13.489999771118164,13.579999923706055,13.319999694824219,13.489999771118164,0.0
2024-03-05,16.5,17.28499984741211,15.395000457763672,15.579999923706055,846300.0,68341.0546875,69170.625,59323.91015625,63801.19921875,102802940877.0,24.709999084472656,26.65999984741211,22.010000228881836,22.260000228881836,100790300.0,12.970000267028809,13.529999732971191,11.9399995803833,12.25,33797600.0,230.0,239.97999572753906,215.39999389648438,216.77000427246094,23863300.0,3631.928955078125,3828.15966796875,3224.119384765625,3554.964599609375,47706899137.0,440.94000244140625,440.95001220703125,433.6499938964844,436.04998779296875,57917100.0,13.75,15.100000381469727,13.75,14.460000038146973,0.0
2024-03-06,16.40999984741211,16.950000762939453,15.435999870300293,16.450000762939453,452400.0,63776.05078125,67637.9296875,62848.671875,66106.8046875,68750229073.0,23.479999542236328,23.940000534057617,21.6299991607666,22.6200008392334,66880700.0,12.960000038146973,13.020000457763672,11.989999771118164,12.119999885559082,26071900.0,229.1999969482422,239.89999389648438,223.02999877929688,238.5500030517578,17936700.0,3554.06787109375,3901.434326171875,3502.802490234375,3819.226318359375,34938642613.0,440.32000732421875,441.989990234375,436.8900146484375,438.7900085449219,46234500.0,14.270000457763672,14.930000305175781,13.890000343322754,14.5,0.0
2024-03-07,16.299999237060547,16.729999542236328,15.829999923706055,16.579999923706055,383300.0,66099.7421875,68029.921875,65655.53125,66925.484375,46989543159.0,22.0,22.940000534057617,21.450000762939453,21.799999237060547,58499200.0,12.039999961853027,12.359999656677246,11.75,11.970000267028809,21504500.0,240.0,242.8699951171875,235.5,242.6199951171875,10553700.0,3818.31103515625,3939.593994140625,3738.685302734375,3874.34765625,22457177587.0,442.4200134277344,446.7200012207031,440.8599853515625,445.45001220703125,44526700.0,14.979999542236328,14.979999542236328,14.25,14.4399995803833,0.0
2024-03-08,16.700000762939453,18.5,16.700000762939453,17.56999969482422,461600.0,66938.09375,70083.0546875,66230.453125,68300.09375,59202881172.0,22.100000381469727,25.280000686645508,22.020000457763672,23.479999542236328,94269600.0,12.029999732971191,13.196999549865723,12.015000343322754,12.350000381469727,28611900.0,246.0,270.54998779296875,244.89999389648438,256.6199951171875,21884000.0,3874.830810546875,3998.826416015625,3828.36328125,3892.06103515625,26135487051.0,445.80999755859375,448.6400146484375,438.3399963378906,439.0199890136719,72096000.0,14.220000267028809,15.529999732971191,13.970000267028809,14.739999771118164,0.0
2024-03-11,18.299999237060547,18.299999237060547,15.729000091552734,15.789999961853027,710500.0,69020.546875,72850.7109375,67194.8828125,72123.90625,65716656765.0,24.670000076293945,24.889999389648438,20.600000381469727,20.639999389648438,82992200.0,12.829999923706055,12.899999618530273,11.729999542236328,11.779999732971191,26591100.0,270.0799865722656,271.6499938964844,253.9600067138672,254.1699981689453,20296400.0,3881.23779296875,4087.050048828125,3745.125244140625,4066.445068359375,28806262507.0,437.510009765625,438.6600036621094,435.44000244140625,437.3900146484375,45860000.0,15.510000228881836,16.040000915527344,15.130000114440918,15.220000267028809,0.0
2024-03-12,15.90999984741211,15.980999946594238,15.050000190734863,15.649999618530273,489900.0,72125.125,72825.65625,68728.8515625,71481.2890625,62554434520.0,20.889999389648438,20.950000762939453,19.25,20.190000534057617,65064400.0,11.850000381469727,11.90999984741211,11.295000076293945,11.619999885559082,20966500.0,257.8299865722656,260.7900085449219,242.08999633789062,256.1400146484375,14666200.0,4066.6904296875,4092.2841796875,3831.889892578125,3980.273193359375,26917010932.0,439.7300109863281,444.0199890136719,436.4599914550781,443.6600036621094,55300900.0,14.970000267028809,15.199999809265137,13.8100004196167,13.84000015258789,0.0
2024-03-13,15.649999618530273,16.3799991607666,15.508000373840332,15.899999618530273,650700.0,71482.1171875,73637.4765625,71334.09375,73083.5,48212536929.0,20.06999969482422,21.3799991607666,19.6299991607666,19.700000762939453,49994400.0,11.670000076293945,12.194999694824219,11.640000343322754,11.729999542236328,19500900.0,253.36000061035156,269.3900146484375,250.52999877929688,251.72999572753906,17329800.0,3980.26513671875,4083.00732421875,3936.627197265625,4006.45703125,22028114691.0,442.6499938964844,442.6700134277344,439.1199951171875,440.25,37928700.0,13.890000343322754,14.039999961853027,13.670000076293945,13.75,0.0
2024-03-14,15.600000381469727,15.600000381469727,14.430000305175781,14.8100004196167,444900.0,73079.375,73750.0703125,68563.0234375,71396.59375,59594605698.0,19.200000762939453,19.200000762939453,17.520000457763672,18.229999542236328,61409600.0,11.5,11.529999732971191,10.600000381469727,10.930000305175781,21896100.0,245.0,248.27000427246094,227.24000549316406,233.6699981689453,18789300.0,4005.7451171875,4011.102783203125,3721.78857421875,3883.140380859375,25434810823.0,441.5,442.0299987792969,436.3900146484375,439.1400146484375,52195200.0,13.619999885559082,15.329999923706055,13.420000076293945,14.399999618530273,0.0
2024-03-15,14.369999885559082,15.979999542236328,14.25,15.779999732971191,451500.0,71387.875,72357.1328125,65630.6953125,69403.7734375,78320453976.0,17.770000457763672,19.84000015258789,17.479999542236328,19.31999969482422,58173500.0,10.739999771118164,11.829999923706055,10.65999984741211,11.600000381469727,26319000.0,225.05999755859375,244.64999389648438,222.8300018310547,242.36000061035156,17256300.0,3882.85693359375,3928.775634765625,3571.774658203125,3735.22021484375,33505075433.0,436.07000732421875,438.8699951171875,432.739990234375,433.9200134277344,73069800.0,14.329999923706055,15.529999732971191,14.140000343322754,14.40999984741211,0.0
2024-03-18,15.760000228881836,16.229999542236328,15.09000015258789,15.760000228881836,249700.0,68371.3046875,68897.1328125,66594.2265625,67548.59375,49261579492.0,18.979999542236328,20.110000610351562,18.209999084472656,19.40999984741211,51913100.0,11.449999809265137,11.84000015258789,11.069999694824219,11.430000305175781,16502000.0,238.61000061035156,244.0500030517578,230.2100067138672,239.6199951171875,9734500.0,3642.298828125,3642.4970703125,3456.09130859375,3517.985107421875,21162220224.0,438.7300109863281,441.0400085449219,437.239990234375,437.4800109863281,47323800.0,14.75,14.850000381469727,14.260000228881836,14.329999923706055,0.0
2024-03-19,15.15999984741211,15.550000190734863,14.319999694824219,15.420000076293945,312100.0,67556.1328125,68106.9296875,61536.1796875,61912.7734375,74215844794.0,18.3799991607666,19.43000030517578,17.399999618530273,19.31999969482422,47831700.0,10.989999771118164,11.279999732971191,10.489999771118164,11.09000015258789,17173600.0,223.24000549316406,233.2899932861328,216.16000366210938,230.1199951171875,12928500.0,3518.34765625,3546.582275390625,3149.286865234375,3157.6181640625,34166976701.0,435.45001220703125,438.9800109863281,433.3299865722656,438.57000732421875,43004100.0,14.5,14.859999656677246,13.800000190734863,13.819999694824219,0.0
2024-03-20,15.449999809265137,17.860000610351562,15.25,17.860000610351562,540300.0,61930.15625,68115.2578125,60807.78515625,67913.671875,66792634382.0,19.559999465942383,22.43000030517578,19.020000457763672,22.43000030517578,74376900.0,11.75,12.430000305175781,11.199999809265137,12.399999618530273,28659500.0,231.3800048828125,256.9599914550781,228.8000030517578,256.8800048828125,13834300.0,3158.396728515625,3534.826416015625,3059.65478515625,3513.39306640625,36605316331.0,439.7799987792969,444.1099853515625,438.05999755859375,443.7699890136719,43653500.0,13.829999923706055,14.170000076293945,13.010000228881836,13.039999961853027,0.0
2024-03-21,18.06999969482422,18.350000381469727,17.434999465942383,17.829999923706055,341400.0,67911.5859375,68199.9921875,64580.91796875,65491.390625,44480350565.0,22.399999618530273,23.079999923706055,21.309999465942383,21.780000686645508,64872600.0,12.425000190734863,12.619999885559082,11.930000305175781,11.979999542236328,21698200.0,260.239990234375,276.3800048828125,256.2699890136719,262.0,16199900.0,3514.017578125,3586.905029296875,3412.22265625,3492.9912109375,22213647922.0,448.8800048828125,449.3399963378906,445.6700134277344,445.8699951171875,39345700.0,12.979999542236328,13.079999923706055,12.399999618530273,12.920000076293945,0.0
2024-03-22,17.350000381469727,17.350000381469727,16.639999389648438,17.100000381469727,348800.0,65489.9296875,66623.75,62355.37109375,63778.76171875,41401116964.0,21.170000076293945,21.559999465942383,20.600000381469727,20.8700008392334,37475300.0,11.744999885559082,11.8100004196167,11.329999923706055,11.399999618530273,15608800.0,254.24000549316406,260.7200012207031,249.5500030517578,255.50999450683594,9828200.0,3492.89794921875,3541.898193359375,3254.96923828125,3333.68798828125,20574952329.0,445.3500061035156,447.489990234375,444.489990234375,446.3800048828125,28253900.0,12.920000076293945,13.149999618530273,12.579999923706055,13.0600004196167,0.0
2024-03-25,17.5,18.959999084472656,17.5,18.530000686645508,416900.0,67234.09375,71162.59375,66414.8359375,69958.8125,42700139523.0,21.229999542236328,22.520000457763672,20.709999084472656,20.950000762939453,64877100.0,11.600000381469727,12.550000190734863,11.59000015258789,12.4399995803833,25910300.0,261.0,283.4800109863281,260.25,279.7099914550781,13941700.0,3454.8857421875,3657.118896484375,3421.79052734375,3590.8837890625,18603921705.0,443.54998779296875,446.260009765625,442.5400085449219,444.760009765625,27789200.0,13.670000076293945,13.670000076293945,13.109999656677246,13.1899995803833,0.0
2024-03-26,18.540000915527344,18.809999465942383,17.920000076293945,18.219999313354492,338000.0,69931.328125,71535.7421875,69335.609375,69987.8359375,36010437368.0,20.75,21.489999771118164,19.81999969482422,20.3799991607666,42142100.0,12.460000038146973,12.579999923706055,11.949999809265137,12.050000190734863,18325200.0,280.1199951171875,280.8299865722656,266.69000244140625,266.80999755859375,10316200.0,3591.085205078125,3678.789794921875,3545.4287109375,3587.5048828125,18505553577.0,446.29998779296875,447.2300109863281,443.0899963378906,443.32000732421875,34142000.0,13.119999885559082,13.430000305175781,12.84000015258789,13.239999771118164,0.0
2024-03-27,18.75,18.899999618530273,17.729999542236328,18.459999084472656,327600.0,69991.8984375,71727.6875,68381.9296875,69455.34375,40827113309.0,21.049999237060547,22.579999923706055,20.0,22.06999969482422,58349700.0,12.350000381469727,12.489999771118164,11.710000038146973,12.239999771118164,18676600.0,276.2200012207031,276.6099853515625,253.9499969482422,256.70001220703125,11092600.0,3587.313720703125,3664.383056640625,3460.3935546875,3500.115234375,18753082145.0,446.44000244140625,446.5400085449219,441.92999267578125,444.8299865722656,41359200.0,13.130000114440918,13.34000015258789,12.65999984741211,12.779999732971191,0.0
2024-03-28,18.56999969482422,19.670000076293945,18.1200008392334,18.299999237060547,435900.0,69452.7734375,71546.0234375,68895.5078125,70744.953125,34374900617.0,22.440000534057617,24.649999618530273,22.190000534057617,22.579999923706055,86137100.0,12.40999984741211,13.119999885559082,12.144000053405762,12.239999771118164,27988300.0,260.2099914550781,270.7900085449219,257.9100036621094,265.1199951171875,11201600.0,3500.216064453125,3609.705322265625,3465.332275390625,3561.2939453125,16419674157.0,444.7799987792969,445.6400146484375,443.6499938964844,444.010009765625,36839600.0,12.930000305175781,13.100000381469727,12.84000015258789,13.010000228881836,0.0
2024-04-01,17.940000534057617,18.440000534057617,17.290000915527344,17.799999237060547,313200.0,71333.484375,71342.09375,68110.6953125,69702.1484375,34873527352.0,22.020000457763672,22.5,21.06999969482422,21.6299991607666,37253800.0,12.050000190734863,12.279999732971191,11.350000381469727,11.470000267028809,18326800.0,261.8699951171875,268.80999755859375,249.22000122070312,252.11000061035156,10010700.0,3647.819580078125,3648.129150390625,3418.6953125,3505.030029296875,16002098681.0,444.9700012207031,447.5299987792969,443.0199890136719,444.95001220703125,38729000.0,13.609999656677246,14.149999618530273,13.550000190734863,13.649999618530273,0.0
2024-04-02,16.520000457763672,16.790000915527344,16.06999969482422,16.3799991607666,401200.0,69705.0234375,69708.3828125,64586.59375,65446.97265625,50705240709.0,20.420000076293945,20.56999969482422,19.459999084472656,19.729999542236328,35079600.0,10.899999618530273,10.920000076293945,10.479999542236328,10.609999656677246,19962400.0,238.10000610351562,248.1300048828125,235.99000549316406,245.83999633789062,8817600.0,3504.818359375,3506.962890625,3215.985107421875,3277.234619140625,22076539151.0,440.0799865722656,441.42999267578125,438.0299987792969,441.1099853515625,44259700.0,13.739999771118164,15.430000305175781,13.680000305175781,14.609999656677246,0.0
2024-04-03,16.360000610351562,16.722999572753906,16.06999969482422,16.1299991607666,303800.0,65446.671875,66914.3203125,64559.8984375,65980.8125,34488018367.0,19.649999618530273,20.31999969482422,19.420000076293945,19.43000030517578,31025500.0,10.619999885559082,10.744999885559082,10.260000228881836,10.289999961853027,19594900.0,244.0399932861328,256.0,243.0,251.5800018310547,6670200.0,3277.32421875,3368.111572265625,3205.649169921875,3311.44189453125,16010734587.0,438.9599914550781,444.0,438.95001220703125,442.1000061035156,39949800.0,15.0,15.180000305175781,14.25,14.329999923706055,0.0
2024-04-04,16.68000030517578,17.149999618530273,15.920000076293945,15.979999542236328,276500.0,65975.6953125,69291.2578125,65113.796875,68508.84375,34439527442.0,20.020000457763672,20.459999084472656,18.329999923706055,18.469999313354492,56690100.0,10.600000381469727,10.819999694824219,10.100000381469727,10.1899995803833,21857700.0,260.1499938964844,261.5,249.4600067138672,249.61000061035156,8098300.0,3311.495361328125,3443.20751953125,3253.3193359375,3330.04052734375,14476330517.0,446.3299865722656,446.95001220703125,435.1099853515625,435.3399963378906,57267700.0,14.289999961853027,16.920000076293945,13.739999771118164,16.350000381469727,0.0
2024-04-05,15.829999923706055,16.190000534057617,15.489999771118164,15.710000038146973,191100.0,68515.7578125,68725.7578125,66011.4765625,67837.640625,33748230056.0,18.100000381469727,19.260000228881836,18.06999969482422,18.43000030517578,31600100.0,10.0,10.460000038146973,9.890000343322754,10.199999809265137,17417400.0,244.91000366210938,253.9600067138672,240.1999969482422,240.89999389648438,8438600.0,3330.005859375,3345.66650390625,3214.244140625,3318.88525390625,15214447092.0,436.7799987792969,443.1700134277344,435.9599914550781,440.4700012207031,54744600.0,16.450000762939453,16.75,15.529999732971191,16.030000686645508,0.0
2024-04-08,16.6299991607666,16.920000076293945,15.350000381469727,15.640000343322754,266500.0,69362.5546875,72715.359375,69064.2421875,71631.359375,37261432669.0,19.43000030517578,19.729999542236328,17.610000610351562,17.950000762939453,44457600.0,10.630000114440918,10.760000228881836,9.859999656677246,10.050000190734863,20794200.0,252.86000061035156,261.6300048828125,249.67999267578125,256.989990234375,10042200.0,3453.498779296875,3727.616455078125,3409.51171875,3695.292724609375,19055143129.0,441.4100036621094,442.5,439.20001220703125,440.6000061035156,28144900.0,16.239999771118164,16.5,15.109999656677246,15.1899995803833,0.0
2024-04-09,15.600000381469727,15.63700008392334,15.020000457763672,15.170000076293945,200500.0,71632.5,71742.5078125,68212.921875,69139.015625,36426900409.0,17.829999923706055,18.549999237060547,17.6200008392334,17.979999542236328,34593300.0,9.949999809265137,10.234999656677246,9.8100004196167,10.0,14698300.0,253.22999572753906,254.5500030517578,241.10000610351562,242.9499969482422,7792700.0,3695.341796875,3724.92236328125,3455.107666015625,3505.163330078125,18279773833.0,442.9599914550781,443.239990234375,437.44000244140625,442.2300109863281,39443600.0,15.34000015258789,16.6299991607666,14.9399995803833,14.979999542236328,0.0
2024-04-10,14.800000190734863,15.37600040435791,14.649999618530273,14.960000038146973,172500.0,69140.2421875,71093.4296875,67503.5625,70587.8828125,38318601774.0,17.299999237060547,18.06999969482422,17.110000610351562,17.3799991607666,34618400.0,9.710000038146973,10.109999656677246,9.609999656677246,9.869999885559082,15495100.0,238.24000549316406,251.27000427246094,234.1199951171875,250.99000549316406,8416000.0,3505.156005859375,3561.516357421875,3415.180419921875,3543.737060546875,16872482726.0,437.0,439.239990234375,436.2799987792969,438.3699951171875,61502200.0,15.239999771118164,16.6200008392334,14.59000015258789,15.800000190734863,0.0
2024-04-11,14.979999542236328,15.039999961853027,14.40999984741211,15.029999732971191,214300.0,70575.734375,71256.234375,69571.8125,70060.609375,30153382941.0,17.280000686645508,17.829999923706055,17.049999237060547,17.600000381469727,30602000.0,9.800000190734863,9.914999961853027,9.645000457763672,9.75,16384200.0,250.99000549316406,264.29998779296875,247.30999755859375,263.010009765625,8655100.0,3543.4521484375,3616.1943359375,3477.171142578125,3505.247802734375,14076734489.0,440.260009765625,446.3299865722656,437.9599914550781,445.3699951171875,45474600.0,16.020000457763672,17.610000610351562,14.90999984741211,14.90999984741211,0.0
2024-04-12,14.770000457763672,14.90999984741211,13.90999984741211,14.050000190734863,370300.0,70061.3828125,71222.7421875,65254.8359375,67195.8671875,44129299406.0,17.450000762939453,17.469999313354492,15.800000190734863,16.110000610351562,39158500.0,9.680000305175781,9.6899995803833,8.970000267028809,9.100000381469727,17080700.0,259.4200134277344,259.9700012207031,244.30999755859375,245.75,9051600.0,3505.329833984375,3552.589111328125,3103.43017578125,3243.034912109375,22104869556.0,441.1000061035156,442.239990234375,436.8800048828125,438.2699890136719,53665000.0,14.90999984741211,19.200000762939453,14.90999984741211,17.309999465942383,0.0
2024-04-15,14.130000114440918,14.279999732971191,13.319999694824219,13.350000381469727,187300.0,65739.6484375,66878.6484375,62332.0703125,63426.2109375,43595917654.0,16.170000076293945,16.350000381469727,15.109999656677246,15.149999618530273,33790100.0,9.010000228881836,9.21500015258789,8.5,8.569999694824219,17777600.0,247.94000244140625,249.74000549316406,222.13999938964844,223.41000366210938,11239800.0,3156.830078125,3277.5615234375,3026.538818359375,3101.600341796875,21925843181.0,442.05999755859375,442.1499938964844,430.2099914550781,431.05999755859375,63453600.0,16.940000534057617,19.459999084472656,16.260000228881836,19.229999542236328,0.0
2024-04-16,13.25,13.350000381469727,12.760000228881836,13.140000343322754,223500.0,63419.296875,64355.66796875,61716.40234375,63811.86328125,42847528078.0,14.819999694824219,14.989999771118164,14.229999542236328,14.600000381469727,35943500.0,8.390000343322754,8.40999984741211,7.889999866485596,8.0600004196167,21282700.0,223.0,223.0,205.6699981689453,218.8300018310547,16472100.0,3101.140625,3127.160888671875,2997.754638671875,3084.920166015625,19441391169.0,430.8999938964844,433.760009765625,429.70001220703125,431.1000061035156,47619000.0,19.489999771118164,19.559999465942383,17.639999389648438,18.399999618530273,0.0
2024-04-17,13.319999694824219,13.65999984741211,12.930000305175781,13.279999732971191,233900.0,63831.84765625,64486.36328125,59768.5859375,61276.69140625,41915247049.0,14.579999923706055,15.130000114440918,14.180000305175781,14.630000114440918,37799800.0,8.119999885559082,8.380000114440918,7.940000057220459,7.96999979019165,17229400.0,222.0399932861328,224.8699951171875,205.89999389648438,213.77999877929688,9440200.0,3084.923583984375,3123.669677734375,2918.5537109375,2984.7275390625,17711869375.0,433.1000061035156,433.1199951171875,424.8999938964844,425.8399963378906,56880500.0,18.239999771118164,19.110000610351562,17.540000915527344,18.209999084472656,0.0
2024-04-18,13.619999885559082,14.449999809265137,13.086999893188477,13.989999771118164,171500.0,61275.31640625,64125.6875,60833.48046875,63512.75390625,36006307335.0,14.609999656677246,15.819999694824219,14.460000038146973,15.029999732971191,39146100.0,7.909999847412109,8.420000076293945,7.800000190734863,8.289999961853027,17397300.0,215.57000732421875,228.0500030517578,213.25,218.0800018310547,9403900.0,2984.705322265625,3094.842041015625,2956.12744140625,3066.027587890625,15183777035.0,426.489990234375,428.239990234375,422.8299865722656,423.4100036621094,46549400.0,17.90999984741211,18.3700008392334,17.209999084472656,18.0,0.0
2024-04-19,14.329999923706055,14.819999694824219,13.979999542236328,14.59000015258789,246900.0,63510.75,65481.59765625,59651.390625,63843.5703125,49920425401.0,15.15999984741211,16.850000381469727,15.100000381469727,16.5,50053000.0,8.550000190734863,9.149999618530273,8.479999542236328,9.130000114440918,25743400.0,223.8300018310547,227.75999450683594,210.17999267578125,211.00999450683594,9364000.0,3065.953125,3127.114990234375,2868.7958984375,3059.278564453125,20399982867.0,422.2200012207031,422.75,413.07000732421875,414.6499938964844,75231000.0,21.329999923706055,21.360000610351562,18.170000076293945,18.709999084472656,0.0
2024-04-22,15.0,16.209999084472656,14.625,16.200000762939453,559600.0,64935.6328125,67233.9609375,64548.1796875,66837.6796875,28282686673.0,17.149999618530273,17.579999923706055,15.539999961853027,17.549999237060547,66955500.0,9.75,11.270000457763672,9.581000328063965,11.239999771118164,57543000.0,216.7899932861328,227.13999938964844,215.02999877929688,225.86000061035156,8207000.0,3147.66357421875,3236.6591796875,3131.367431640625,3201.652099609375,12063858733.0,417.30999755859375,421.17999267578125,413.94000244140625,418.82000732421875,47807700.0,18.59000015258789,18.719999313354492,16.690000534057617,16.940000534057617,0.0
2024-04-23,16.149999618530273,17.110000610351562,15.881999969482422,16.920000076293945,446600.0,66839.890625,67199.2421875,65864.8671875,66407.2734375,24310975583.0,17.309999465942383,19.889999389648438,17.25,19.440000534057617,61140900.0,11.109999656677246,12.170000076293945,11.039999961853027,11.850000381469727,49371600.0,223.6199951171875,238.6699981689453,223.61000061035156,236.42999267578125,7338400.0,3201.588623046875,3264.41943359375,3154.58984375,3219.91162109375,11054442653.0,420.7699890136719,426.2799987792969,418.8699951171875,425.07000732421875,44384700.0,16.719999313354492,16.760000228881836,15.6899995803833,15.6899995803833,0.0
2024-04-24,16.8799991607666,17.354000091552734,16.170000076293945,16.3799991607666,383500.0,66408.71875,67075.3671875,63589.87109375,64276.8984375,30276655120.0,19.110000610351562,20.040000915527344,18.670000076293945,19.09000015258789,45467000.0,11.800000190734863,12.649999618530273,11.710000038146973,11.880000114440918,49637500.0,236.8300018310547,239.0,223.8699951171875,224.3699951171875,6737400.0,3219.95703125,3292.921630859375,3105.982177734375,3139.80517578125,14000234760.0,428.20001220703125,429.7300109863281,424.20001220703125,426.510009765625,48440300.0,15.760000228881836,16.3799991607666,15.579999923706055,15.970000267028809,0.0
2024-04-25,15.59000015258789,16.3799991607666,15.35200023651123,16.350000381469727,182600.0,64275.01953125,65275.20703125,62783.6328125,64481.70703125,32155786816.0,17.920000076293945,19.1200008392334,17.510000228881836,19.010000228881836,37047300.0,11.149999618530273,12.130000114440918,10.880000114440918,12.109999656677246,38061700.0,216.0500030517578,225.94000244140625,213.63999938964844,223.61000061035156,5143500.0,3139.624267578125,3190.976318359375,3074.8046875,3156.509521484375,13989030260.0,419.239990234375,425.32000732421875,418.1400146484375,424.45001220703125,57392200.0,16.25,17.549999237060547,15.270000457763672,15.369999885559082,0.0
2024-04-26,16.229999542236328,16.530000686645508,15.90999984741211,16.219999313354492,200900.0,64485.37109375,64789.65625,63322.3984375,63755.3203125,24139372950.0,19.049999237060547,19.809999465942383,18.6200008392334,19.43000030517578,39397300.0,11.949999809265137,12.4399995803833,11.8100004196167,11.930000305175781,23771800.0,220.77000427246094,237.02000427246094,218.66000366210938,236.32000732421875,6044900.0,3156.384033203125,3166.188720703125,3103.10400390625,3130.164794921875,10622333862.0,427.6199951171875,432.54998779296875,426.9200134277344,431.0,41874900.0,15.489999771118164,16.059999465942383,14.920000076293945,15.029999732971191,0.0
2024-04-29,15.59000015258789,15.960000038146973,15.010000228881836,15.199999809265137,321400.0,63106.36328125,64174.87890625,61795.45703125,63841.12109375,26635912073.0,18.43000030517578,18.889999389648438,17.700000762939453,18.030000686645508,40382700.0,11.321999549865723,11.630000114440918,10.970000267028809,11.079999923706055,23723800.0,229.94000244140625,230.32000732421875,216.5399932861328,218.16000366210938,9576100.0,3262.3408203125,3285.46875,3116.199951171875,3215.428955078125,15032246816.0,433.1300048828125,433.760009765625,429.9800109863281,432.75,30022200.0,15.369999885559082,15.420000076293945,14.630000114440918,14.670000076293945,0.0
2024-04-30,14.579999923706055,14.989999771118164,14.029999732971191,14.029999732971191,316400.0,63839.41796875,64703.33203125,59120.06640625,60636.85546875,37840840057.0,17.18000030517578,17.510000228881836,16.010000228881836,16.059999465942383,42087000.0,10.649999618530273,10.899999618530273,10.0,10.109999656677246,33121300.0,214.35000610351562,216.57000732421875,202.58999633789062,203.92999267578125,9127900.0,3215.381103515625,3249.37841796875,2918.228759765625,3012.286865234375,18266894653.0,431.1499938964844,432.55999755859375,424.510009765625,424.5899963378906,43665900.0,14.819999694824219,15.899999618530273,14.670000076293945,15.649999618530273,0.0
2024-05-01,13.899999618530273,14.800000190734863,13.460000038146973,13.859999656677246,373600.0,60609.49609375,60780.5,56555.29296875,58254.01171875,48439780271.0,15.739999771118164,17.209999084472656,15.630000114440918,16.06999969482422,38827800.0,9.850000381469727,10.619999885559082,9.649999618530273,9.819999694824219,28804500.0,199.0,218.52000427246094,198.1999969482422,210.08999633789062,10191500.0,3011.015625,3020.17333984375,2815.92333984375,2969.78466796875,20005057445.0,423.1499938964844,430.1400146484375,420.6600036621094,421.5199890136719,52251700.0,15.75,16.219999313354492,14.350000381469727,15.390000343322754,0.0
2024-05-02,14.5,14.510000228881836,13.869999885559082,14.359999656677246,161000.0,58253.703125,59602.296875,56937.203125,59123.43359375,32711813559.0,16.600000381469727,17.139999389648438,15.90999984741211,17.06999969482422,35299800.0,10.220000267028809,10.4399995803833,9.8100004196167,10.300000190734863,22138600.0,216.47999572753906,232.7100067138672,210.75999450683594,228.85000610351562,12454200.0,2969.79443359375,3015.05029296875,2894.329833984375,2988.16845703125,13163903903.0,425.29998779296875,427.80999755859375,420.6300048828125,426.8999938964844,36559000.0,15.140000343322754,16.09000015258789,14.600000381469727,14.680000305175781,0.0
2024-05-03,15.0,15.371000289916992,14.628999710083008,14.770000457763672,149600.0,59122.30078125,63320.50390625,58848.3125,62889.8359375,33172023048.0,17.920000076293945,18.209999084472656,17.1299991607666,17.520000457763672,38631100.0,10.649999618530273,11.09000015258789,10.279999732971191,10.420000076293945,22794900.0,230.89999389648438,232.25,216.5500030517578,223.25,13739100.0,2988.134521484375,3127.1552734375,2960.18212890625,3103.5419921875,12862183229.0,434.44000244140625,436.4800109863281,432.6199951171875,435.4800109863281,48515300.0,14.510000228881836,14.579999923706055,13.479999542236328,13.489999771118164,0.0
2024-05-06,15.25,16.100000381469727,15.210000038146973,15.75,500900.0,64038.3125,65494.90234375,62746.23828125,63161.94921875,28697928697.0,18.440000534057617,21.030000686645508,18.229999542236328,20.670000076293945,87046900.0,10.630000114440918,11.170000076293945,10.59000015258789,10.770000457763672,28400000.0,225.83999633789062,235.8000030517578,224.89999389648438,226.92999267578125,9690600.0,3137.51025390625,3220.15234375,3048.238525390625,3062.728759765625,13008587255.0,437.29998779296875,440.3399963378906,436.5199890136719,440.25,30227200.0,13.979999542236328,14.020000457763672,13.4399995803833,13.489999771118164,0.0
2024-05-07,15.789999961853027,15.789999961853027,14.770000457763672,14.949999809265137,125200.0,63162.76171875,64390.45703125,62285.98046875,62334.81640625,25930730982.0,20.09000015258789,20.68000030517578,19.700000762939453,20.209999084472656,88992700.0,10.619999885559082,10.640000343322754,10.010000228881836,10.170000076293945,17144400.0,226.94000244140625,230.82000732421875,214.1199951171875,214.33999633789062,8169600.0,3062.7509765625,3129.081298828125,3003.013671875,3006.5771484375,11743187337.0,440.70001220703125,441.9700012207031,439.5799865722656,440.32000732421875,30996100.0,13.520000457763672,13.640000343322754,13.15999984741211,13.229999542236328,0.0
2024-05-08,14.510000228881836,14.989999771118164,14.229999542236328,14.949999809265137,72600.0,62332.640625,62986.0859375,60877.12890625,61187.94140625,26088172222.0,19.59000015258789,20.280000686645508,18.770000457763672,20.09000015258789,39681100.0,9.942000389099121,10.359999656677246,9.774999618530273,10.350000381469727,15022900.0,209.5,214.89999389648438,206.52999877929688,211.1999969482422,4615400.0,3006.315673828125,3037.196044921875,2938.47265625,2973.6572265625,11791662158.0,437.6700134277344,441.4800109863281,437.54998779296875,440.05999755859375,24896700.0,13.239999771118164,13.510000228881836,12.9399995803833,13.0,0.0
2024-05-09,15.0,15.470000267028809,14.739999771118164,15.140000343322754,167700.0,61191.19921875,63404.9140625,60648.07421875,63049.9609375,25453338161.0,19.709999084472656,20.65999984741211,19.479999542236328,19.649999618530273,45293500.0,10.140000343322754,10.460000038146973,10.100000381469727,10.279999732971191,11683900.0,210.22000122070312,213.85000610351562,205.11000061035156,210.4499969482422,4649700.0,2973.9716796875,3057.958251953125,2951.223876953125,3036.0205078125,10861947179.0,440.3299865722656,441.6000061035156,438.4599914550781,441.0199890136719,24580100.0,13.079999923706055,13.289999961853027,12.680000305175781,12.6899995803833,0.0
2024-05-10,15.529999732971191,15.565999984741211,14.199999809265137,14.199999809265137,140000.0,63055.19140625,63446.7421875,60208.78125,60792.77734375,27804954694.0,19.780000686645508,19.81999969482422,17.09000015258789,17.15999984741211,56095700.0,10.300000190734863,10.359999656677246,9.1899995803833,9.199999809265137,22421300.0,214.5,214.8699951171875,200.5,200.9199981689453,7423500.0,3036.231201171875,3052.7294921875,2881.000732421875,2909.791259765625,12278653601.0,442.5400085449219,444.30999755859375,440.5,442.05999755859375,27116600.0,12.770000457763672,12.960000038146973,12.5,12.550000190734863,0.0
2024-05-13,14.859999656677246,14.989999771118164,14.260000228881836,14.3100004196167,204500.0,61451.21875,63422.66015625,60769.83984375,62901.44921875,27889181179.0,17.65999984741211,18.40999984741211,17.0,17.260000228881836,31441600.0,9.510000228881836,9.770000457763672,9.399999618530273,9.5,12079800.0,204.0,206.6699981689453,197.63999938964844,199.50999450683594,7542200.0,2928.81396484375,2994.869140625,2865.134521484375,2949.359619140625,13352264795.0,443.989990234375,444.0899963378906,441.6499938964844,443.0799865722656,22994200.0,13.260000228881836,13.65999984741211,13.25,13.600000381469727,0.0
2024-05-14,14.09000015258789,14.640000343322754,14.010000228881836,14.369999885559082,104200.0,62900.7734375,63092.125,61123.765625,61552.7890625,28186271527.0,16.899999618530273,18.229999542236328,16.799999237060547,18.06999969482422,30169200.0,9.3100004196167,9.866999626159668,9.239999771118164,9.779999732971191,13969800.0,195.9600067138672,206.97000122070312,194.92999267578125,203.0500030517578,5356000.0,2949.213134765625,2959.546630859375,2863.5458984375,2881.157958984375,12444516140.0,442.6499938964844,446.4700012207031,442.4599914550781,445.92999267578125,34478300.0,13.710000038146973,14.029999732971191,13.270000457763672,13.420000076293945,0.0
2024-05-15,14.979999542236328,15.619000434875488,14.430000305175781,15.550000190734863,262500.0,61553.98828125,66454.453125,61330.41015625,66267.4921875,39815167074.0,18.8700008392334,20.229999542236328,17.979999542236328,20.200000762939453,53512000.0,10.149999618530273,10.399999618530273,9.755000114440918,10.380000114440918,18179800.0,212.2100067138672,221.39999389648438,207.6999969482422,219.91000366210938,9339300.0,2881.224609375,3041.602294921875,2864.7353515625,3037.056640625,14666902956.0,448.42999267578125,453.1499938964844,446.8999938964844,452.8999938964844,41464700.0,13.729999542236328,13.9399995803833,12.380000114440918,12.449999809265137,0.0
2024-05-16,15.399999618530273,15.899999618530273,15.329999923706055,15.420000076293945,136300.0,66256.109375,66712.4296875,64613.0546875,65231.58203125,31573077994.0,19.850000381469727,20.440000534057617,19.329999923706055,19.649999618530273,32569100.0,10.180000305175781,10.40999984741211,9.930000305175781,10.0,12932700.0,215.0,216.4499969482422,198.63999938964844,199.1699981689453,12185500.0,3036.01416015625,3041.80712890625,2925.08740234375,2945.131103515625,13035465176.0,452.7099914550781,454.69000244140625,451.80999755859375,451.9800109863281,34780400.0,12.520000457763672,12.670000076293945,12.329999923706055,12.420000076293945,0.0
2024-05-17,15.619999885559082,16.149999618530273,15.270000457763672,15.319999694824219,227200.0,65231.296875,67459.4609375,65119.31640625,67051.875,28031279310.0,20.190000534057617,20.8799991607666,19.260000228881836,19.450000762939453,48373500.0,10.199999809265137,10.630000114440918,9.949999809265137,10.0600004196167,16089400.0,205.66000366210938,210.6699981689453,199.8300018310547,207.60000610351562,8688600.0,2945.136962890625,3120.3017578125,2934.112548828125,3094.11865234375,14449438097.0,452.1099853515625,452.7200012207031,449.5400085449219,451.760009765625,35803700.0,12.279999732971191,12.479999542236328,11.90999984741211,11.989999771118164,0.0
2024-05-20,15.449999809265137,16.829999923706055,15.138999938964844,16.709999084472656,390900.0,66278.7421875,71483.5625,66086.171875,71448.1953125,43850655717.0,19.68000030517578,22.81999969482422,18.8700008392334,22.31999969482422,66423200.0,10.170000076293945,11.029999732971191,9.885000228881836,10.960000038146973,24445900.0,207.9600067138672,226.25999450683594,203.72000122070312,225.19000244140625,11223300.0,3071.85888671875,3690.805908203125,3050.2978515625,3663.85546875,31228143948.0,451.9800109863281,455.5799865722656,451.7900085449219,454.9100036621094,24474200.0,12.270000457763672,12.59000015258789,12.069999694824219,12.149999618530273,0.0
2024-05-21,16.899999618530273,17.1200008392334,16.549999237060547,16.899999618530273,207400.0,71443.0625,71946.4609375,69191.125,70136.53125,46932005990.0,22.229999542236328,22.549999237060547,21.1200008392334,21.350000381469727,45259500.0,11.010000228881836,11.289999961853027,10.524999618530273,10.609999656677246,21370800.0,231.97000122070312,233.64999389648438,220.1199951171875,225.77999877929688,10704500.0,3663.01123046875,3837.372802734375,3628.096435546875,3789.312744140625,37643853967.0,453.0400085449219,455.989990234375,452.8399963378906,455.79998779296875,23167700.0,12.300000190734863,12.5600004196167,11.84000015258789,11.859999656677246,0.0
2024-05-22,16.84000015258789,18.100000381469727,16.84000015258789,17.1200008392334,288700.0,70135.3203125,70623.6953125,68977.6953125,69122.3359375,32802561717.0,21.5,22.860000610351562,20.899999618530273,21.239999771118164,47596700.0,10.600000381469727,11.34000015258789,10.550000190734863,10.789999961853027,20288100.0,225.00999450683594,238.77000427246094,221.2100067138672,231.50999450683594,8933700.0,3789.372802734375,3810.948486328125,3655.0751953125,3737.2177734375,25155809461.0,456.05999755859375,456.82000732421875,453.0799865722656,455.7099914550781,25120000.0,12.050000190734863,12.8100004196167,11.779999732971191,12.289999961853027,0.0
2024-05-23,17.440000534057617,17.440000534057617,16.110000610351562,16.170000076293945,519700.0,69121.3046875,70041.2734375,66356.953125,67929.5625,41895680979.0,21.459999084472656,21.59000015258789,19.84000015258789,20.079999923706055,43108400.0,10.9399995803833,10.979999542236328,9.930000305175781,9.970000267028809,18215900.0,233.80999755859375,234.32000732421875,217.66000366210938,218.86000061035156,9428300.0,3737.178466796875,3943.553955078125,3552.642578125,3776.92724609375,45623656317.0,460.54998779296875,460.5799865722656,451.8500061035156,453.6600036621094,40899200.0,11.529999732971191,13.369999885559082,11.520000457763672,12.770000457763672,0.0
2024-05-24,16.299999237060547,17.378000259399414,16.17099952697754,17.110000610351562,293200.0,67928.1328125,69220.296875,66622.671875,68526.1015625,29197308153.0,20.260000228881836,21.729999542236328,19.860000610351562,21.209999084472656,46639900.0,10.079999923706055,10.618000030517578,9.961999893188477,10.369999885559082,14857400.0,221.0,237.7899932861328,220.0500030517578,237.64999389648438,10249200.0,3776.992431640625,3825.12255859375,3631.990234375,3726.9345703125,22257061429.0,455.2900085449219,459.2300109863281,453.57000732421875,457.95001220703125,29669500.0,12.859999656677246,12.890000343322754,11.890000343322754,11.930000305175781,0.0
2024-05-28,17.209999084472656,17.850000381469727,16.844999313354492,17.25,377600.0,69392.1953125,69514.640625,67227.15625,68296.21875,32722265965.0,21.149999618530273,22.270000457763672,20.149999618530273,20.729999542236328,49579900.0,10.420000076293945,10.880000114440918,10.210000038146973,10.34000015258789,20147300.0,235.4499969482422,247.1300048828125,231.0500030517578,245.0,10843100.0,3892.096923828125,3924.895751953125,3771.2138671875,3840.25634765625,19846044324.0,459.17999267578125,459.739990234375,456.69000244140625,459.67999267578125,26216800.0,12.510000228881836,13.4399995803833,12.359999656677246,12.920000076293945,0.0
2024-05-29,16.920000076293945,17.229999542236328,16.739999771118164,16.90999984741211,136100.0,68296.3515625,68852.4609375,67101.4921875,67578.09375,26707072906.0,20.350000381469727,21.100000381469727,20.110000610351562,20.239999771118164,31746400.0,10.265000343322754,10.430000305175781,9.984000205993652,10.0,14135000.0,239.02000427246094,240.49000549316406,233.17999267578125,236.64999389648438,6802000.0,3840.235107421875,3880.6484375,3742.041259765625,3763.196533203125,17411416736.0,455.4800109863281,458.239990234375,455.3399963378906,456.44000244140625,29739200.0,13.75,14.319999694824219,13.6899995803833,14.279999732971191,0.0
2024-05-30,17.040000915527344,17.420000076293945,16.5,16.6200008392334,187300.0,67576.0859375,69500.5390625,67118.078125,68364.9921875,29509712534.0,20.540000915527344,21.18000030517578,19.760000228881836,20.040000915527344,47470000.0,10.100000381469727,10.670000076293945,9.970000267028809,10.050000190734863,23375000.0,241.10000610351562,248.86000061035156,233.3800048828125,234.75999450683594,9318800.0,3763.357666015625,3823.643310546875,3702.263671875,3746.849609375,15065849797.0,455.5,455.6400146484375,450.2099914550781,451.54998779296875,30536800.0,14.819999694824219,14.880000114440918,13.670000076293945,14.470000267028809,0.0
2024-05-31,16.889999389648438,17.049999237060547,16.0,16.450000762939453,194600.0,68362.515625,68999.5625,66633.421875,67491.4140625,27387283769.0,20.34000015258789,20.649999618530273,18.899999618530273,19.520000457763672,39494900.0,10.239999771118164,10.289999961853027,9.515000343322754,9.739999771118164,24296400.0,239.27999877929688,240.41000366210938,219.1699981689453,225.9199981689453,10123100.0,3746.861572265625,3843.857666015625,3723.835205078125,3760.026611328125,15290700646.0,451.7799987792969,452.4800109863281,443.05999755859375,450.7099914550781,55941300.0,14.5,14.869999885559082,12.84000015258789,12.920000076293945,0.0
2024-06-03,17.1200008392334,17.68000030517578,16.450000762939453,16.59000015258789,277400.0,67753.8984375,70230.8203125,67589.8359375,68804.78125,32401285324.0,20.209999084472656,21.389999389648438,19.1200008392334,19.579999923706055,47885300.0,10.029999732971191,10.229999542236328,9.5600004196167,9.649999618530273,19602300.0,232.5,239.1999969482422,224.69000244140625,231.38999938964844,7333100.0,3780.854248046875,3848.60302734375,3758.919921875,3766.38916015625,14082454300.0,454.57000732421875,455.5799865722656,447.8999938964844,453.1300048828125,32997500.0,13.079999923706055,14.3100004196167,13.0,13.109999656677246,0.0
2024-06-04,17.1299991607666,18.459999084472656,17.030000686645508,18.030000686645508,606600.0,68804.5703125,71047.40625,68564.640625,70567.765625,33149696545.0,19.600000381469727,21.309999465942383,19.56999969482422,20.520000457763672,62277800.0,9.670000076293945,10.170000076293945,9.520000457763672,9.670000076293945,26245200.0,230.22999572753906,247.1999969482422,230.16000366210938,244.1999969482422,10854300.0,3766.476318359375,3831.364990234375,3738.13427734375,3812.515869140625,13331489271.0,452.8699951171875,455.5799865722656,451.1300048828125,454.3699951171875,23767400.0,13.510000228881836,14.079999923706055,13.109999656677246,13.15999984741211,0.0
2024-06-05,18.43000030517578,18.6200008392334,17.6200008392334,18.6200008392334,348900.0,70568.3515625,71735.4140625,70390.7109375,71082.8203125,32810771409.0,20.93000030517578,21.149999618530273,19.40999984741211,21.06999969482422,62964700.0,9.8100004196167,9.859999656677246,8.8100004196167,9.649999618530273,41068500.0,246.86000061035156,251.88999938964844,240.6999969482422,251.39999389648438,9383500.0,3812.560791015625,3887.48583984375,3778.65576171875,3864.260986328125,15480034434.0,457.9800109863281,463.6099853515625,454.4100036621094,463.5299987792969,33817400.0,13.140000343322754,13.25,12.600000381469727,12.630000114440918,0.0
2024-06-06,18.6200008392334,19.764999389648438,18.489999771118164,19.469999313354492,711400.0,71082.84375,71625.734375,70119.125,70757.1640625,25223152007.0,20.93000030517578,22.049999237060547,20.579999923706055,20.799999237060547,57567500.0,9.449999809265137,10.390000343322754,9.4399995803833,10.15999984741211,34641900.0,250.0,263.79998779296875,248.75,257.0799865722656,9494600.0,3864.263427734375,3878.05224609375,3761.775390625,3811.60595703125,13606583873.0,464.2200012207031,464.5400085449219,462.19000244140625,463.3699951171875,21966800.0,12.75,12.979999542236328,12.539999961853027,12.579999923706055,0.0
2024-06-07,19.43000030517578,20.458999633789062,18.709999084472656,18.920000076293945,610400.0,70759.1875,71907.8515625,68507.2578125,69342.5859375,36188381096.0,20.770000457763672,21.440000534057617,19.059999465942383,19.270000457763672,59027900.0,10.170000076293945,10.510000228881836,9.710000038146973,9.720000267028809,21534300.0,256.19000244140625,263.17999267578125,243.86000061035156,244.16000366210938,9315300.0,3811.666015625,3838.4521484375,3615.2802734375,3678.629150390625,18220286186.0,463.0,465.739990234375,461.8399963378906,462.9599914550781,25829700.0,12.6899995803833,13.079999923706055,12.109999656677246,12.220000267028809,0.0
2024-06-10,18.649999618530273,19.3700008392334,18.549999237060547,19.049999237060547,213200.0,69644.3125,70146.0703125,69232.421875,69512.28125,20597699541.0,19.170000076293945,19.920000076293945,18.780000686645508,19.459999084472656,37604700.0,9.65999984741211,10.010000228881836,9.470000267028809,9.895000457763672,15832000.0,241.11000061035156,253.42999267578125,239.52999877929688,249.80999755859375,6335900.0,3705.877197265625,3711.4287109375,3648.16455078125,3666.717529296875,10377300126.0,461.82000732421875,465.19000244140625,461.5299987792969,464.8299865722656,20660800.0,13.09000015258789,13.279999732971191,12.619999885559082,12.739999771118164,0.0
2024-06-11,18.299999237060547,19.968000411987305,17.790000915527344,19.950000762939453,398900.0,69508.078125,69549.4140625,66123.6015625,67332.03125,37116136345.0,18.850000381469727,19.8799991607666,17.600000381469727,19.829999923706055,44635800.0,9.649999618530273,10.020000457763672,9.045000076293945,9.989999771118164,24437000.0,242.92999267578125,245.66000366210938,234.08999633789062,244.1999969482422,8991300.0,3666.35888671875,3669.890869140625,3434.7490234375,3498.33056640625,19184721538.0,463.5400085449219,468.1400146484375,462.0299987792969,468.0199890136719,22053300.0,12.850000381469727,13.470000267028809,12.779999732971191,12.850000381469727,0.0
2024-06-12,20.6200008392334,21.8799991607666,20.6200008392334,21.399999618530273,1011900.0,67321.375,69977.890625,66902.453125,68241.1875,34497940694.0,20.309999465942383,21.0,19.969999313354492,20.309999465942383,52223000.0,10.359999656677246,10.989999771118164,10.194999694824219,10.640000343322754,30289800.0,251.8000030517578,263.260009765625,250.5800018310547,254.9600067138672,11134700.0,3497.89697265625,3652.4921875,3463.784912109375,3559.61767578125,17142905351.0,471.989990234375,476.5,471.2900085449219,474.1499938964844,34532600.0,13.100000381469727,13.149999618530273,11.9399995803833,12.039999961853027,0.0
2024-06-13,21.670000076293945,22.989999771118164,21.263999938964844,22.43000030517578,765000.0,68243.1015625,68365.78125,66304.5625,66756.3984375,28955204146.0,20.34000015258789,21.079999923706055,19.360000610351562,20.0,40912400.0,10.609999656677246,11.210000038146973,10.470000267028809,10.979999542236328,20246700.0,253.77000427246094,257.1300048828125,243.25999450683594,247.63999938964844,8666200.0,3559.725341796875,3559.725341796875,3431.33349609375,3469.28125,14472382154.0,477.7200012207031,478.3900146484375,474.4200134277344,476.7200012207031,25859000.0,12.050000190734863,12.680000305175781,11.880000114440918,11.9399995803833,0.0
2024-06-14,22.450000762939453,22.75,21.3799991607666,22.170000076293945,667700.0,66747.5703125,67294.6484375,65056.89453125,66011.09375,27403884779.0,20.0,20.360000610351562,18.950000762939453,19.469999313354492,36095200.0,10.949999809265137,11.020000457763672,10.265000343322754,10.529999732971191,16812100.0,246.16000366210938,250.25,237.05999755859375,244.5,7146500.0,3467.969970703125,3528.602294921875,3366.223876953125,3480.27197265625,15793876596.0,476.5199890136719,479.260009765625,476.04998779296875,479.19000244140625,23372600.0,12.220000267028809,13.449999809265137,12.119999885559082,12.65999984741211,0.0
2024-06-17,22.0,23.610000610351562,21.3700008392334,23.309999465942383,1048600.0,66636.515625,67188.3203125,65094.96484375,66490.296875,30006354476.0,19.15999984741211,20.530000686645508,18.479999542236328,20.020000457763672,43085300.0,10.40999984741211,11.020000457763672,10.180000305175781,10.90999984741211,18687500.0,239.8699951171875,248.63999938964844,234.22999572753906,245.10000610351562,6662900.0,3622.383544921875,3634.285400390625,3468.14892578125,3511.37890625,17838856988.0,479.4599914550781,486.8599853515625,478.1400146484375,485.05999755859375,37054500.0,13.069999694824219,13.289999961853027,12.5,12.75,0.0
2024-06-18,22.729999542236328,23.027000427246094,22.139999389648438,22.84000015258789,322100.0,66490.9765625,66556.703125,64066.95703125,65140.74609375,39481285950.0,19.479999542236328,20.389999389648438,19.149999618530273,20.280000686645508,36053200.0,10.489999771118164,10.869999885559082,10.399999618530273,10.65999984741211,17176700.0,238.25,242.8000030517578,234.60000610351562,235.9499969482422,6198900.0,3510.565185546875,3514.17724609375,3371.59033203125,3483.681396484375,21022514455.0,485.010009765625,485.8999938964844,483.42999267578125,485.2099914550781,24438600.0,12.699999809265137,12.739999771118164,12.239999771118164,12.300000190734863,0.0
2024-06-20,23.260000228881836,24.170000076293945,22.799999237060547,23.309999465942383,444800.0,64960.296875,66438.9609375,64547.84765625,64828.65625,25641109124.0,20.670000076293945,21.3700008392334,20.079999923706055,20.65999984741211,50043000.0,10.989999771118164,11.15999984741211,10.329999923706055,10.420000076293945,26189900.0,237.36000061035156,240.49000549316406,228.44000244140625,235.02999877929688,6888900.0,3559.347412109375,3623.886474609375,3485.4599609375,3511.0869140625,16115123753.0,486.4200134277344,486.8399963378906,479.6199951171875,481.4700012207031,33918700.0,12.5,13.550000190734863,12.180000305175781,13.279999732971191,0.0
2024-06-21,22.34000015258789,22.409000396728516,21.170000076293945,21.6299991607666,443200.0,64837.98828125,65007.546875,63378.89453125,64096.19921875,26188171739.0,19.93000030517578,19.979999542236328,18.579999923706055,19.209999084472656,66858300.0,10.09000015258789,10.130000114440918,9.460000038146973,9.550000190734863,32273100.0,227.0,228.25,220.7100067138672,225.86000061035156,11335400.0,3511.268310546875,3542.957275390625,3447.935546875,3516.07568359375,15933353456.0,481.19000244140625,482.5400085449219,478.6700134277344,480.17999267578125,37456800.0,13.220000267028809,13.779999732971191,12.989999771118164,13.199999809265137,0.0
2024-06-24,20.739999771118164,21.625999450683594,20.459999084472656,20.860000610351562,509600.0,63173.3515625,63292.52734375,58601.69921875,60277.4140625,43152133651.0,18.469999313354492,19.149999618530273,18.3700008392334,18.690000534057617,33442800.0,9.199999809265137,9.59000015258789,8.960000038146973,9.210000038146973,21871500.0,217.22000122070312,221.44000244140625,207.7100067138672,212.30999755859375,10762000.0,3418.783203125,3430.698974609375,3244.241455078125,3350.25634765625,23137744903.0,478.17999267578125,479.92999267578125,473.82000732421875,473.9599914550781,37751000.0,13.850000381469727,13.880000114440918,13.149999618530273,13.329999923706055,0.0
2024-06-25,21.65999984741211,22.780000686645508,21.190000534057617,22.1299991607666,539400.0,60266.28125,62258.26171875,60239.75,61804.640625,29201215431.0,18.989999771118164,19.81999969482422,18.549999237060547,19.25,40442000.0,9.380000114440918,9.600000381469727,9.140000343322754,9.199999809265137,20106000.0,217.0,222.8800048828125,213.22000122070312,221.7100067138672,8014400.0,3350.5556640625,3422.21337890625,3335.556884765625,3395.029052734375,13235546063.0,476.07000732421875,479.67999267578125,475.1199951171875,479.3800048828125,29014700.0,13.479999542236328,13.520000457763672,12.84000015258789,12.84000015258789,0.0
2024-06-26,21.889999389648438,23.09000015258789,21.59000015258789,21.729999542236328,468000.0,61789.67578125,62434.13671875,60695.1875,60811.27734375,22506003064.0,19.09000015258789,20.270000457763672,19.030000686645508,19.3700008392334,38602800.0,9.130000114440918,9.510000228881836,9.010000228881836,9.029999732971191,20045600.0,220.0,223.72999572753906,212.4600067138672,214.5800018310547,6574900.0,3394.373291015625,3421.509521484375,3328.390625,3369.477294921875,11694054195.0,478.54998779296875,480.9200134277344,478.1300048828125,480.3699951171875,22737100.0,12.8100004196167,13.239999771118164,12.369999885559082,12.550000190734863,0.0
2024-06-27,22.104999542236328,22.6200008392334,21.270000457763672,21.56999969482422,321500.0,60811.2265625,62293.86328125,60585.33203125,61604.80078125,21231745045.0,19.700000762939453,20.229999542236328,19.280000686645508,19.65999984741211,34565000.0,9.229999542236328,9.380000114440918,9.029999732971191,9.119999885559082,14652600.0,217.60000610351562,225.75999450683594,216.32000732421875,224.0,5641200.0,3368.88623046875,3470.923095703125,3362.2646484375,3444.800537109375,11771834016.0,480.1199951171875,483.1000061035156,479.29998779296875,481.6099853515625,26222100.0,12.6899995803833,12.770000457763672,12.210000038146973,12.239999771118164,0.0
2024-06-28,21.809999465942383,21.815000534057617,20.950000762939453,21.170000076293945,228100.0,61612.8046875,62126.09765625,59985.40234375,60320.13671875,24952866877.0,19.850000381469727,20.809999465942383,19.469999313354492,19.850000381469727,49591000.0,9.170000076293945,9.199999809265137,8.960000038146973,9.140000343322754,31572000.0,223.9499969482422,225.52999877929688,218.8000030517578,222.22999572753906,10944900.0,3445.498779296875,3482.95751953125,3363.4375,3373.635986328125,12861158844.0,482.4100036621094,487.20001220703125,478.4599914550781,479.1099853515625,34881600.0,12.239999771118164,12.760000228881836,11.869999885559082,12.4399995803833,0.0
2024-07-01,21.6299991607666,23.239999771118164,21.610000610351562,23.09000015258789,435000.0,62673.60546875,63777.2265625,62495.51171875,62851.98046875,25468379421.0,20.329999923706055,22.84000015258789,20.31999969482422,22.559999465942383,74453700.0,9.359999656677246,10.039999961853027,9.359999656677246,9.949999809265137,29211300.0,226.0,236.0399932861328,224.0399932861328,233.3699951171875,7739800.0,3432.607421875,3513.310791015625,3425.3232421875,3440.341552734375,12281551839.0,480.0400085449219,482.489990234375,476.260009765625,481.9200134277344,24898300.0,12.979999542236328,13.260000228881836,12.100000381469727,12.220000267028809,0.0
2024-07-02,22.81999969482422,23.468000411987305,22.700000762939453,23.260000228881836,249300.0,62844.41015625,63203.359375,61752.74609375,62029.015625,20151616992.0,22.479999542236328,22.979999542236328,21.540000915527344,22.1200008392334,47465100.0,9.90999984741211,9.989999771118164,9.680000305175781,9.720000267028809,16261400.0,231.33999633789062,234.97000122070312,226.32000732421875,227.50999450683594,4407000.0,3439.38134765625,3459.761474609375,3399.026123046875,3416.354736328125,9421757718.0,480.4100036621094,487.0400085449219,480.2799987792969,486.9800109863281,26723600.0,12.670000076293945,12.880000114440918,11.850000381469727,12.029999732971191,0.0
2024-07-03,22.610000610351562,23.559999465942383,22.610000610351562,23.260000228881836,189900.0,62034.33203125,62187.703125,59419.38671875,60173.921875,29756701685.0,21.5,21.579999923706055,20.639999389648438,20.979999542236328,30989000.0,9.392000198364258,9.699999809265137,9.350000381469727,9.569999694824219,10714900.0,223.80999755859375,227.11000061035156,222.22000122070312,224.94000244140625,3241700.0,3416.2548828125,3426.332275390625,3254.521240234375,3292.916748046875,16121324440.0,486.2200012207031,491.1700134277344,486.2200012207031,491.0400085449219,18064900.0,12.130000114440918,12.229999542236328,11.949999809265137,12.09000015258789,0.0
2024-07-05,21.719999313354492,23.770000457763672,21.6299991607666,23.739999771118164,435100.0,57022.80859375,57497.15234375,53717.375,56662.375,55417544033.0,19.649999618530273,20.239999771118164,19.420000076293945,20.170000076293945,40044600.0,9.15999984741211,9.640000343322754,9.039999961853027,9.640000343322754,19688800.0,213.47999572753906,225.1300048828125,209.4499969482422,223.67999267578125,10148500.0,3057.833251953125,3106.152587890625,2826.014404296875,2981.5986328125,31131942647.0,491.8900146484375,496.6000061035156,491.5899963378906,496.1600036621094,28495900.0,12.369999885559082,12.609999656677246,11.84000015258789,12.479999542236328,0.0
2024-07-08,24.31999969482422,24.709999084472656,23.374000549316406,23.68000030517578,342700.0,55849.57421875,58131.3359375,54321.01953125,56705.09765625,39766159899.0,20.56999969482422,21.049999237060547,19.209999084472656,19.5,41156600.0,9.779999732971191,10.050000190734863,9.300000190734863,9.399999618530273,20760800.0,226.50999450683594,226.50999450683594,217.75,220.55999755859375,5615200.0,2929.861572265625,3090.66455078125,2826.481689453125,3018.73193359375,22627377457.0,496.5299987792969,497.8999938964844,495.5,497.3399963378906,22109400.0,12.90999984741211,12.90999984741211,12.3100004196167,12.369999885559082,0.0
2024-07-09,24.139999389648438,24.139999389648438,21.950000762939453,22.06999969482422,435300.0,56704.59765625,58239.1953125,56316.875,58009.2265625,27849512607.0,19.709999084472656,19.850000381469727,18.850000381469727,19.030000686645508,38784300.0,9.449999809265137,9.489999771118164,8.920000076293945,9.140000343322754,20229100.0,223.5500030517578,225.63999938964844,218.67999267578125,219.97000122070312,5344900.0,3018.80322265625,3105.800537109375,3005.522216796875,3064.032958984375,15269945822.0,498.8699951171875,500.0,496.239990234375,497.7699890136719,25614500.0,12.479999542236328,12.609999656677246,12.350000381469727,12.510000228881836,0.0
2024-07-10,22.700000762939453,22.700000762939453,21.83099937438965,21.979999542236328,209700.0,58033.8828125,59359.43359375,57178.4140625,57742.49609375,26175260526.0,19.209999084472656,19.309999465942383,18.780000686645508,18.889999389648438,27531600.0,9.210000038146973,9.329999923706055,9.029999732971191,9.15999984741211,15041300.0,221.63999938964844,223.3300018310547,215.13999938964844,219.55999755859375,4481900.0,3066.13720703125,3148.407470703125,3026.6083984375,3102.21875,14578679176.0,499.7099914550781,503.5199890136719,498.3900146484375,502.9599914550781,28046900.0,12.510000228881836,12.920000076293945,12.390000343322754,12.850000381469727,0.0
2024-07-11,22.610000610351562,23.25,20.934999465942383,21.270000457763672,369000.0,57729.890625,59299.43359375,57120.37890625,57344.9140625,28707803842.0,19.520000457763672,19.889999389648438,18.84000015258789,19.020000457763672,40818900.0,9.489999771118164,9.699999809265137,9.239999771118164,9.3100004196167,22285000.0,224.3699951171875,227.14999389648438,213.57000732421875,214.6300048828125,7037900.0,3101.335205078125,3208.9384765625,3057.21923828125,3100.330810546875,15230095766.0,503.07000732421875,503.2799987792969,490.7300109863281,491.92999267578125,49966600.0,12.880000114440918,13.329999923706055,12.229999542236328,12.920000076293945,0.0
2024-07-12,21.209999084472656,22.87700080871582,21.1200008392334,22.75,295500.0,57341.1953125,58532.5546875,56590.17578125,57899.46484375,25604805221.0,19.15999984741211,20.920000076293945,19.1200008392334,20.770000457763672,53885700.0,9.390000343322754,9.920000076293945,9.369999885559082,9.805000305175781,22468600.0,215.33999633789062,222.14999389648438,214.57000732421875,218.02000427246094,4949000.0,3099.989990234375,3154.6015625,3048.508056640625,3134.15869140625,12751638331.0,492.510009765625,499.6199951171875,492.0400085449219,494.82000732421875,37109400.0,12.869999885559082,12.890000343322754,12.109999656677246,12.460000038146973,0.0
2024-07-15,24.270000457763672,25.3700008392334,23.700000762939453,25.209999084472656,851700.0,60815.45703125,64870.15234375,60704.9296875,64870.15234375,38094526099.0,21.90999984741211,24.979999542236328,21.559999465942383,24.579999923706055,96172800.0,10.329999923706055,11.6899995803833,10.239999771118164,11.479999542236328,45399400.0,229.3800048828125,247.5,228.0,242.85000610351562,14439500.0,3246.131591796875,3494.098388671875,3235.776123046875,3489.552734375,18305490390.0,496.6099853515625,501.010009765625,494.0899963378906,496.1499938964844,31151400.0,12.779999732971191,13.260000228881836,12.75,13.119999885559082,0.0
2024-07-16,25.489999771118164,26.81999969482422,25.09000015258789,26.75,713500.0,64784.41796875,65354.33984375,62487.96875,65097.1484375,41617346768.0,24.25,26.790000915527344,24.18000030517578,26.719999313354492,67641700.0,11.430000305175781,12.875,11.25,12.699999809265137,45170600.0,243.19000244140625,252.1199951171875,234.1999969482422,251.49000549316406,10270700.0,3486.14404296875,3498.218994140625,3351.77978515625,3443.513427734375,20446664416.0,497.6199951171875,498.44000244140625,493.1499938964844,496.3399963378906,25950600.0,13.380000114440918,13.470000267028809,12.949999809265137,13.1899995803833,0.0
2024-07-17,26.110000610351562,27.777999877929688,24.89900016784668,25.56999969482422,407400.0,65091.83203125,66066.734375,63896.0859375,64118.79296875,32525071311.0,25.799999237060547,27.299999237060547,24.309999465942383,25.549999237060547,62374800.0,12.359999656677246,13.09000015258789,11.772000312805176,12.420000076293945,33442600.0,245.89999389648438,255.89999389648438,241.30999755859375,249.10000610351562,8883300.0,3446.73681640625,3516.104248046875,3379.099609375,3388.75244140625,16739123962.0,488.2799987792969,488.79998779296875,481.70001220703125,481.7699890136719,56268800.0,13.600000381469727,14.880000114440918,13.539999961853027,14.479999542236328,0.0
2024-07-18,26.18000030517578,26.18000030517578,22.969999313354492,23.219999313354492,594500.0,64104.73828125,65104.66015625,63246.1640625,63974.06640625,27239305337.0,25.989999771118164,26.170000076293945,23.360000610351562,23.649999618530273,44289800.0,12.720000267028809,12.824999809265137,10.859999656677246,10.949999809265137,35483200.0,251.2100067138672,253.8699951171875,230.57000732421875,233.24000549316406,8848500.0,3388.030029296875,3488.715576171875,3374.990478515625,3426.258544921875,15035622003.0,485.5299987792969,485.7099914550781,476.2699890136719,479.489990234375,49347400.0,14.270000457763672,16.43000030517578,14.079999923706055,15.930000305175781,0.0
2024-07-19,23.450000762939453,24.959999084472656,22.96500015258789,24.670000076293945,356000.0,63972.32421875,67442.640625,63329.34375,66710.15625,37003855410.0,23.709999084472656,25.5,23.3799991607666,24.729999542236328,61002900.0,11.121999740600586,12.109999656677246,10.880000114440918,12.029999732971191,26982700.0,235.10000610351562,259.79998779296875,233.5,257.7900085449219,12501900.0,3425.90869140625,3540.58837890625,3377.877685546875,3505.73486328125,17705629736.0,479.1499938964844,481.69000244140625,473.94000244140625,475.239990234375,42042900.0,16.440000534057617,17.190000534057617,10.619999885559082,16.520000457763672,0.0
2024-07-22,25.270000457763672,25.579999923706055,23.940000534057617,25.459999084472656,415600.0,68152.9765625,68480.0625,66611.296875,67585.25,42649109453.0,25.030000686645508,25.559999465942383,23.299999237060547,23.950000762939453,48793600.0,12.25,12.449999809265137,11.604999542236328,12.239999771118164,25489200.0,260.4700012207031,266.0,252.83999633789062,265.1499938964844,11282200.0,3536.627197265625,3560.075439453125,3425.795654296875,3440.419921875,18723199034.0,481.1600036621094,483.3500061035156,477.7099914550781,482.32000732421875,40300000.0,16.790000915527344,16.889999389648438,14.75,14.90999984741211,0.0
2024-07-23,24.75,25.74799919128418,24.209999084472656,24.270000457763672,266100.0,67584.8046875,67779.015625,65484.4609375,65927.671875,35605668666.0,23.5,23.56999969482422,21.5,21.649999618530273,54378400.0,12.020000457763672,12.4399995803833,11.46500015258789,11.59000015258789,20403300.0,263.6000061035156,272.54998779296875,257.2900085449219,257.6300048828125,9275600.0,3440.768310546875,3539.53173828125,3395.4208984375,3481.995849609375,24468405650.0,481.4100036621094,484.42999267578125,480.1400146484375,480.6199951171875,23282500.0,15.210000038146973,15.350000381469727,13.899999618530273,14.720000267028809,0.0
2024-07-24,24.34000015258789,24.8700008392334,22.850000381469727,22.93000030517578,377600.0,65927.859375,67113.984375,65146.99609375,65372.1328125,27470942309.0,22.030000686645508,22.59000015258789,20.610000610351562,20.670000076293945,36964200.0,11.789999961853027,12.079999923706055,11.1899995803833,11.319999694824219,26974700.0,261.0,265.0,243.75,245.05999755859375,8141100.0,3482.15185546875,3487.653076171875,3304.039306640625,3336.33935546875,16040945448.0,473.82000732421875,474.19000244140625,462.510009765625,463.3800048828125,58818600.0,15.350000381469727,18.459999084472656,15.180000305175781,18.040000915527344,0.0
2024-07-25,22.5,22.65999984741211,21.240999221801758,21.56999969482422,526200.0,65375.875,66112.421875,63473.47265625,65777.2265625,38315761670.0,20.25,21.270000457763672,19.90999984741211,20.280000686645508,37320600.0,10.970000267028809,11.270000457763672,10.640000343322754,10.729999542236328,19743000.0,239.25999450683594,241.63999938964844,226.3000030517578,231.52000427246094,8482500.0,3336.3623046875,3341.4384765625,3088.764404296875,3174.42724609375,25293745810.0,463.7200012207031,467.94000244140625,455.6300048828125,458.2699890136719,59256800.0,18.40999984741211,19.360000610351562,16.420000076293945,18.459999084472656,0.0
2024-07-26,22.799999237060547,23.219999313354492,22.09000015258789,22.43000030517578,214200.0,65771.8125,68207.6015625,65743.765625,67912.0625,30488630457.0,21.56999969482422,22.139999389648438,20.829999923706055,21.56999969482422,43781900.0,11.350000381469727,11.739999771118164,10.989999771118164,11.199999809265137,20906600.0,243.33999633789062,249.16000366210938,237.55999755859375,242.92999267578125,7917400.0,3174.051025390625,3285.760986328125,3172.777099609375,3275.951416015625,15993893521.0,462.6499938964844,465.92999267578125,459.7699890136719,462.9700012207031,39992100.0,17.969999313354492,18.049999237060547,16.3700008392334,16.389999389648438,0.0
2024-07-29,23.299999237060547,23.549999237060547,21.579999923706055,21.649999618530273,488600.0,68259.0546875,69987.5390625,66532.59375,66819.9140625,40780682628.0,22.530000686645508,22.899999618530273,20.420000076293945,20.450000762939453,45269200.0,11.619999885559082,11.930000305175781,10.579999923706055,10.630000114440918,23678800.0,251.5500030517578,255.4199981689453,234.0,234.1999969482422,9467700.0,3271.453369140625,3396.625732421875,3257.715576171875,3320.539306640625,18334852719.0,465.7099914550781,467.9100036621094,461.6199951171875,463.8999938964844,28218500.0,16.59000015258789,17.209999084472656,16.229999542236328,16.600000381469727,0.0
2024-07-30,21.700000762939453,21.84000015258789,20.610000610351562,20.780000686645508,592300.0,66819.0546875,66987.671875,65323.19140625,66201.015625,31380492109.0,20.59000015258789,20.959999084472656,19.6200008392334,19.729999542236328,27107900.0,10.6899995803833,10.75,10.279999732971191,10.369999885559082,12538800.0,235.6199951171875,239.0,223.02999877929688,224.4600067138672,6053900.0,3320.63525390625,3365.322509765625,3235.760009765625,3278.667724609375,14045773047.0,465.8500061035156,466.55999755859375,454.1499938964844,457.5299987792969,41317200.0,16.639999389648438,18.31999969482422,16.260000228881836,17.690000534057617,0.0
2024-07-31,21.479999542236328,22.5,21.450000762939453,21.579999923706055,238700.0,66201.2734375,66810.2109375,64532.046875,64619.25,31292785994.0,20.260000228881836,20.670000076293945,19.579999923706055,19.670000076293945,31839900.0,10.600000381469727,10.824999809265137,10.15999984741211,10.1899995803833,19332100.0,233.0,234.11000061035156,224.0399932861328,224.36000061035156,4771700.0,3278.6865234375,3347.636474609375,3216.07177734375,3231.295654296875,16135380637.0,467.8699951171875,472.7900085449219,466.4100036621094,471.07000732421875,44552100.0,16.65999984741211,16.770000457763672,15.710000038146973,16.360000610351562,0.0
2024-08-01,21.684999465942383,21.950000762939453,20.020000457763672,20.15999984741211,310100.0,64625.83984375,65593.2421875,62248.94140625,65357.5,40975554494.0,19.719999313354492,19.979999542236328,17.850000381469727,18.139999389648438,38813800.0,10.100000381469727,10.260000228881836,9.300000190734863,9.319999694824219,25911700.0,226.60000610351562,227.10000610351562,207.82000732421875,212.63999938964844,8920000.0,3231.248779296875,3241.77734375,3078.5439453125,3201.564453125,20217639556.0,471.760009765625,475.54998779296875,455.9800109863281,459.6600036621094,56653900.0,16.200000762939453,19.479999542236328,15.949999809265137,18.59000015258789,0.0
2024-08-02,19.65999984741211,20.007999420166016,18.280000686645508,18.5,556100.0,65353.5,65523.22265625,61184.89453125,61415.06640625,43060875727.0,17.709999084472656,18.469999313354492,17.09000015258789,17.190000534057617,38866900.0,9.270000457763672,9.458999633789062,8.4399995803833,8.569999694824219,25183200.0,213.1199951171875,219.3000030517578,199.3800048828125,204.44000244140625,10063900.0,3201.599365234375,3214.527099609375,2965.73388671875,2986.01318359375,21400241741.0,450.8900146484375,453.57000732421875,444.4700012207031,448.75,66323200.0,20.520000457763672,29.65999984741211,20.010000228881836,23.389999389648438,0.0
2024-08-05,14.930000305175781,17.51799964904785,14.680000305175781,17.31999969482422,754500.0,58110.296875,58268.828125,49121.23828125,53991.45703125,108991085584.0,13.930000305175781,16.950000762939453,13.65999984741211,16.950000762939453,45550600.0,7.389999866485596,8.510000228881836,7.25,8.3100004196167,27482600.0,162.00999450683594,197.8800048828125,161.1300048828125,189.47000122070312,18734600.0,2686.027587890625,2695.88671875,2122.546142578125,2417.206298828125,67668132244.0,424.7099914550781,442.2900085449219,423.45001220703125,435.3699951171875,87483500.0,23.389999389648438,65.7300033569336,23.389999389648438,38.56999969482422,0.0
2024-08-06,18.06999969482422,18.32200050354004,17.190000534057617,17.959999084472656,247500.0,53991.34765625,57059.91796875,53973.2734375,56034.31640625,49300484106.0,17.3799991607666,17.579999923706055,16.059999465942383,17.25,29049100.0,8.510000228881836,8.619999885559082,8.050000190734863,8.40999984741211,16261600.0,191.99000549316406,197.39999389648438,182.6999969482422,194.1699981689453,7050600.0,2417.269775390625,2553.5810546875,2416.527099609375,2458.723876953125,26041995921.0,437.2300109863281,447.07000732421875,434.55999755859375,439.5299987792969,63164400.0,33.709999084472656,34.77000045776367,24.020000457763672,27.709999084472656,0.0
2024-08-07,18.540000915527344,18.579999923706055,16.579999923706055,16.690000534057617,449600.0,56040.6328125,57726.8828125,54620.5078125,55027.4609375,41637562185.0,17.739999771118164,17.799999237060547,15.739999771118164,15.84000015258789,28804000.0,8.609999656677246,8.630000114440918,7.610000133514404,7.639999866485596,19183400.0,196.8000030517578,199.9499969482422,177.38999938964844,178.91000366210938,8324400.0,2458.989013671875,2551.560791015625,2312.168701171875,2336.58935546875,24264218606.0,446.489990234375,449.0,434.3699951171875,434.7699890136719,54929200.0,24.770000457763672,29.760000228881836,21.969999313354492,27.850000381469727,0.0
2024-08-08,17.290000915527344,18.649999618530273,16.860000610351562,18.469999313354492,388600.0,55030.02734375,62673.765625,54766.7265625,61710.13671875,45298472567.0,16.549999237060547,17.670000076293945,16.100000381469727,17.389999389648438,34023100.0,8.020000457763672,8.460000038146973,7.775000095367432,8.289999961853027,16550100.0,185.6699981689453,194.97999572753906,182.4600067138672,192.32000732421875,7421600.0,2336.9150390625,2721.95458984375,2322.529541015625,2683.352783203125,23468291180.0,441.05999755859375,448.989990234375,437.1499938964844,448.07000732421875,47890100.0,28.34000015258789,29.469999313354492,23.360000610351562,23.790000915527344,0.0
2024-08-09,18.469999313354492,18.469999313354492,17.65999984741211,17.8700008392334,181400.0,61728.20703125,61751.86328125,59587.859375,60880.11328125,33425553115.0,17.389999389648438,17.459999084472656,16.709999084472656,17.030000686645508,22114100.0,8.260000228881836,8.37399959564209,8.029999732971191,8.0600004196167,12830700.0,191.2899932861328,199.10000610351562,189.77999877929688,196.2899932861328,5255900.0,2683.719970703125,2706.451171875,2555.2294921875,2599.5986328125,17907141655.0,446.739990234375,452.05999755859375,445.6099853515625,450.4100036621094,33574000.0,23.780000686645508,24.520000457763672,20.260000228881836,20.3700008392334,0.0
2024-08-12,17.43000030517578,17.868999481201172,16.889999389648438,17.420000076293945,239100.0,58719.39453125,60680.33203125,57688.8984375,59354.515625,37078637820.0,16.030000686645508,16.200000762939453,15.0,15.109999656677246,52147500.0,7.849999904632568,7.985000133514404,7.519999980926514,7.610000133514404,16904900.0,194.3000030517578,197.69000244140625,188.2899932861328,191.74000549316406,5742800.0,2553.49658203125,2749.135009765625,2513.39404296875,2724.431884765625,21653090666.0,451.3900146484375,454.3699951171875,448.54998779296875,451.3800048828125,27795000.0,20.790000915527344,21.190000534057617,18.889999389648438,20.709999084472656,0.0
2024-08-13,17.309999465942383,17.739999771118164,17.020000457763672,17.260000228881836,249200.0,59356.20703125,61572.3984375,58506.25390625,60609.56640625,30327698167.0,15.010000228881836,15.979999542236328,14.75,15.489999771118164,41943400.0,7.650000095367432,8.0,7.53000020980835,7.840000152587891,14088300.0,193.1300048828125,201.10000610351562,191.8699951171875,197.94000244140625,4795500.0,2724.303466796875,2737.990478515625,2613.80126953125,2703.671875,16383053029.0,455.82000732421875,462.8500061035156,455.67999267578125,462.5799865722656,40084500.0,20.059999465942383,20.790000915527344,17.950000762939453,18.1200008392334,0.0
2024-08-14,17.389999389648438,17.739999771118164,16.860000610351562,16.940000534057617,213300.0,60611.05078125,61687.7578125,58472.875,58737.26953125,29961696180.0,15.779999732971191,15.800000190734863,14.90999984741211,15.140000343322754,29611400.0,7.949999809265137,7.989999771118164,7.570000171661377,7.650000095367432,13438300.0,200.89999389648438,201.97000122070312,192.39999389648438,195.9600067138672,5027000.0,2703.5869140625,2775.281005859375,2636.705322265625,2662.914794921875,15825365408.0,463.510009765625,465.1099853515625,458.3999938964844,462.7300109863281,34733700.0,18.40999984741211,18.489999771118164,16.1200008392334,16.190000534057617,0.0
2024-08-15,17.040000915527344,17.920000076293945,17.040000915527344,17.399999618530273,243000.0,58733.26171875,59838.6484375,56161.59375,57560.09765625,35682112440.0,15.199999809265137,16.280000686645508,15.1899995803833,15.460000038146973,34757600.0,7.71999979019165,8.050000190734863,7.650000095367432,7.679999828338623,17139900.0,198.52000427246094,205.07000732421875,196.1999969482422,197.1199951171875,6068300.0,2662.885498046875,2675.314453125,2518.670654296875,2570.087646484375,16345801912.0,468.760009765625,474.82000732421875,468.3800048828125,474.4200134277344,38280600.0,16.270000457763672,16.68000030517578,14.770000457763672,15.229999542236328,0.0
2024-08-16,17.489999771118164,18.34000015258789,17.389999389648438,18.09000015258789,268300.0,57560.2734375,59847.359375,57110.01953125,58894.10546875,29350938673.0,15.569999694824219,16.489999771118164,15.390000343322754,16.239999771118164,36335500.0,7.704999923706055,8.145999908447266,7.679999828338623,7.989999771118164,17141800.0,199.0,205.9499969482422,197.13999938964844,205.30999755859375,6240500.0,2570.085205078125,2629.383544921875,2553.071533203125,2593.1865234375,13275561555.0,472.6199951171875,476.4100036621094,471.6499938964844,475.0299987792969,38383600.0,15.289999961853027,15.760000228881836,14.649999618530273,14.800000190734863,0.0
2024-08-19,18.049999237060547,18.56999969482422,17.850000381469727,18.559999465942383,350900.0,58480.7109375,59612.66015625,57864.7109375,59493.453125,25911207712.0,16.389999389648438,16.799999237060547,15.960000038146973,16.440000534057617,25446300.0,8.010000228881836,8.170000076293945,7.800000190734863,8.050000190734863,15242800.0,203.33999633789062,207.49000549316406,200.35000610351562,204.4600067138672,6304200.0,2612.718505859375,2648.284423828125,2566.401123046875,2637.306396484375,11968963282.0,475.1700134277344,481.30999755859375,473.3699951171875,481.2699890136719,23737700.0,15.9399995803833,16.06999969482422,14.460000038146973,14.649999618530273,0.0
2024-08-20,19.030000686645508,19.329999923706055,18.239999771118164,18.65999984741211,555400.0,59493.453125,61396.328125,58610.8828125,59012.79296875,31613400008.0,16.84000015258789,17.1200008392334,16.030000686645508,16.420000076293945,34991500.0,8.199999809265137,8.3100004196167,7.860000133514404,8.039999961853027,14599200.0,209.10000610351562,209.8000030517578,191.2100067138672,197.25,12353700.0,2637.306396484375,2695.913818359375,2556.74755859375,2573.10693359375,13249483464.0,480.3500061035156,482.94000244140625,478.54998779296875,480.260009765625,29209300.0,14.890000343322754,15.930000305175781,14.779999732971191,15.880000114440918,0.0
2024-08-21,18.639999389648438,19.5,18.6200008392334,19.5,439600.0,59014.98828125,61834.3515625,58823.4453125,61175.19140625,32731154072.0,16.549999237060547,17.649999618530273,16.399999618530273,17.6299991607666,38065400.0,8.079999923706055,8.380000114440918,7.96999979019165,8.350000381469727,18416100.0,197.16000366210938,207.0,195.11000061035156,206.22999572753906,7502400.0,2573.10888671875,2662.953369140625,2538.65771484375,2631.3955078125,12766015263.0,481.04998779296875,484.3699951171875,479.32000732421875,482.5,25658800.0,16.25,17.170000076293945,15.920000076293945,16.270000457763672,0.0
2024-08-22,19.520000457763672,19.520000457763672,18.621000289916992,18.719999313354492,159000.0,61168.31640625,61408.109375,59815.25390625,60381.9140625,27625734377.0,17.610000610351562,17.729999542236328,16.75,16.860000610351562,30867700.0,8.34000015258789,8.385000228881836,8.020000457763672,8.050000190734863,13114000.0,204.77999877929688,207.10000610351562,197.42999267578125,198.42999267578125,5284900.0,2630.8642578125,2644.82373046875,2587.110595703125,2622.951416015625,10723280428.0,484.8399963378906,485.5400085449219,473.80999755859375,474.8500061035156,37739600.0,16.270000457763672,18.059999465942383,15.760000228881836,17.549999237060547,0.0
2024-08-23,19.06999969482422,20.049999237060547,18.760000228881836,20.049999237060547,482500.0,60380.953125,64947.0625,60372.05078125,64094.35546875,42530509233.0,17.15999984741211,18.729999542236328,16.81999969482422,18.690000534057617,46172400.0,8.079999923706055,8.520000457763672,7.980000019073486,8.5,20932600.0,200.97000122070312,211.9199981689453,200.0,211.39999389648438,8304200.0,2622.916015625,2799.329833984375,2622.5810546875,2764.447021484375,16857181970.0,479.239990234375,482.739990234375,475.2799987792969,480.0,36061500.0,17.1200008392334,17.209999084472656,15.609999656677246,15.859999656677246,0.0
2024-08-26,19.989999771118164,19.989999771118164,19.25,19.559999465942383,446200.0,64342.2265625,64489.70703125,62849.55859375,62880.66015625,27682040631.0,18.56999969482422,18.84000015258789,17.829999923706055,18.559999465942383,29703600.0,8.5,8.550000190734863,8.210000038146973,8.359999656677246,13839100.0,209.3000030517578,210.85000610351562,202.67999267578125,204.0,5437100.0,2749.24755859375,2763.004150390625,2668.88671875,2681.340576171875,12282035835.0,479.45001220703125,480.3800048828125,473.239990234375,475.3399963378906,27452600.0,16.270000457763672,16.670000076293945,15.8100004196167,16.149999618530273,0.0
2024-08-27,19.1200008392334,19.31999969482422,18.389999389648438,18.700000762939453,247800.0,62879.70703125,63210.796875,58116.75,59504.1328125,39103882198.0,18.079999923706055,18.170000076293945,17.1299991607666,17.75,33185200.0,8.199999809265137,8.279999732971191,7.800000190734863,7.900000095367432,16531300.0,201.83999633789062,202.5,194.10000610351562,198.3000030517578,5992900.0,2681.622802734375,2700.15283203125,2401.175048828125,2458.7265625,18028996056.0,473.69000244140625,477.8399963378906,471.7099914550781,476.760009765625,27510000.0,16.209999084472656,16.809999465942383,15.369999885559082,15.430000305175781,0.0
2024-08-28,18.260000228881836,18.540000915527344,17.552000045776367,17.790000915527344,284600.0,59507.92578125,60236.44921875,57890.67578125,59027.625,40289564698.0,17.209999084472656,17.549999237060547,16.700000762939453,17.1299991607666,24596600.0,7.820000171661377,7.875,7.53000020980835,7.639999866485596,11679900.0,195.02000427246094,197.49000549316406,187.72999572753906,190.1999969482422,4995700.0,2458.90478515625,2553.820068359375,2422.293701171875,2528.41552734375,20359545410.0,476.2900085449219,477.0199890136719,467.8900146484375,471.3500061035156,37372400.0,15.510000228881836,17.889999389648438,15.460000038146973,17.110000610351562,0.0
2024-08-29,18.260000228881836,19.125,17.850000381469727,18.1200008392334,292500.0,59027.46875,61184.08203125,58786.2265625,59388.1796875,32224990582.0,17.549999237060547,18.450000762939453,16.860000610351562,16.989999771118164,41675100.0,7.789999961853027,8.020000457763672,7.610000133514404,7.679999828338623,11626300.0,194.0,196.5,187.60000610351562,188.27999877929688,3841800.0,2528.3623046875,2595.97705078125,2507.50244140625,2528.792724609375,13946434277.0,473.2799987792969,477.92999267578125,469.3699951171875,470.6600036621094,41081500.0,16.540000915527344,16.56999969482422,15.1899995803833,15.649999618530273,0.0
2024-08-30,18.239999771118164,18.239999771118164,17.549999237060547,17.760000228881836,164100.0,59388.6015625,59896.88671875,57768.53125,59119.4765625,32292756405.0,17.229999542236328,17.280000686645508,16.489999771118164,16.700000762939453,31089300.0,7.71999979019165,7.760000228881836,7.519999980926514,7.53000020980835,14246300.0,189.22000122070312,189.94000244140625,180.0399932861328,183.36000061035156,7307200.0,2528.732177734375,2539.915283203125,2432.83447265625,2525.822021484375,15526218255.0,475.0400085449219,476.8999938964844,470.510009765625,476.2699890136719,33466500.0,15.670000076293945,16.040000915527344,14.779999732971191,15.0,0.0
2024-09-03,17.5,17.5,15.789999961853027,15.859999656677246,335300.0,59106.19140625,59815.05859375,57425.16796875,57431.0234375,26666961053.0,16.5,16.520000457763672,15.029999732971191,15.260000228881836,30074500.0,7.480000019073486,7.480000019073486,6.710000038146973,6.78000020980835,19636700.0,182.0,182.6999969482422,168.07000732421875,169.1300048828125,9746600.0,2538.16064453125,2552.802734375,2419.875244140625,2420.603759765625,11406800197.0,473.20001220703125,473.3299865722656,459.4100036621094,461.80999755859375,44985200.0,15.760000228881836,21.989999771118164,15.710000038146973,20.719999313354492,0.0
2024-09-04,15.619999885559082,16.270000457763672,15.369999885559082,15.760000228881836,302400.0,57430.34765625,58511.5703125,55673.1640625,57971.5390625,35627680312.0,14.930000305175781,15.449999809265137,14.720000267028809,14.880000114440918,24013000.0,6.690000057220459,7.050000190734863,6.614999771118164,6.849999904632568,11131700.0,166.5,169.0399932861328,160.6699981689453,163.22000122070312,7826400.0,2420.1923828125,2488.91650390625,2313.26513671875,2448.97705078125,16709600747.0,458.6700134277344,464.45001220703125,457.7300109863281,460.6099853515625,32505100.0,23.200000762939453,23.309999465942383,19.34000015258789,21.31999969482422,0.0
2024-09-05,15.899999618530273,16.360000610351562,15.710000038146973,15.869999885559082,199000.0,57971.703125,58300.58203125,55712.453125,56160.48828125,31030280656.0,14.84000015258789,15.09000015258789,13.739999771118164,13.84000015258789,31903200.0,6.78000020980835,6.940000057220459,6.630000114440918,6.690000057220459,12122600.0,161.6199951171875,166.3699951171875,158.1199951171875,159.6999969482422,5732700.0,2448.98681640625,2465.38525390625,2348.86328125,2367.737548828125,13632325040.0,458.9700012207031,465.3599853515625,457.94000244140625,461.0400085449219,34452400.0,20.75,21.530000686645508,19.209999084472656,19.899999618530273,0.0
2024-09-06,16.010000228881836,16.219999313354492,14.850000381469727,14.949999809265137,392800.0,56160.19140625,56976.109375,52598.69921875,53948.75390625,49361693566.0,14.300000190734863,14.359999656677246,13.170000076293945,13.369999885559082,29409800.0,6.789999961853027,6.820000171661377,6.355000019073486,6.380000114440918,14844000.0,163.24000549316406,164.14999389648438,146.1199951171875,147.35000610351562,11026600.0,2367.700927734375,2406.511962890625,2150.86328125,2223.87646484375,25825618367.0,460.3299865722656,461.2200012207031,448.19000244140625,448.69000244140625,50624400.0,21.979999542236328,23.760000228881836,18.829999923706055,22.3799991607666,0.0
2024-09-09,15.399999618530273,16.239999771118164,15.229999542236328,16.239999771118164,226500.0,54851.88671875,58041.125,54598.43359375,57019.53515625,34618096173.0,13.800000190734863,14.75,13.670000076293945,14.619999885559082,30047100.0,6.579999923706055,6.849999904632568,6.389999866485596,6.809999942779541,15313200.0,151.27000427246094,157.39999389648438,150.05999755859375,155.0500030517578,9256700.0,2297.896240234375,2379.78662109375,2274.115478515625,2358.482177734375,15887712451.0,453.05999755859375,455.4599914550781,449.82000732421875,454.4599914550781,32981200.0,21.31999969482422,21.40999984741211,19.290000915527344,19.450000762939453,0.0
2024-09-10,16.299999237060547,16.93000030517578,15.880000114440918,16.920000076293945,149300.0,57020.09765625,58029.9765625,56419.4140625,57648.7109375,28857630507.0,14.75,15.960000038146973,14.359999656677246,15.9399995803833,35512300.0,6.840000152587891,7.28000020980835,6.599999904632568,7.239999771118164,13679300.0,155.00999450683594,159.13999938964844,149.50999450683594,158.4600067138672,5824800.0,2358.497802734375,2398.50390625,2323.07177734375,2389.5810546875,12795818970.0,456.239990234375,459.1700134277344,452.2300109863281,458.6600036621094,29680300.0,19.860000610351562,20.739999771118164,18.899999618530273,19.079999923706055,0.0
2024-09-11,16.530000686645508,17.049999237060547,15.890000343322754,16.899999618530273,166200.0,57650.2890625,57991.3203125,55567.33984375,57343.171875,37049062672.0,15.4399995803833,16.200000762939453,14.880000114440918,15.789999961853027,35427800.0,7.0,7.190000057220459,6.699999809265137,7.090000152587891,15510900.0,153.55999755859375,158.83999633789062,149.9499969482422,157.14999389648438,6417400.0,2389.603759765625,2389.71826171875,2279.0537109375,2339.841552734375,15355180967.0,459.9100036621094,469.3699951171875,451.2799987792969,468.6199951171875,57843000.0,19.40999984741211,21.40999984741211,17.549999237060547,17.690000534057617,0.0
2024-09-12,16.969999313354492,17.334999084472656,16.56999969482422,17.079999923706055,160300.0,57343.171875,58534.359375,57330.1015625,58127.01171875,33835707949.0,15.8100004196167,16.049999237060547,15.380000114440918,15.800000190734863,27200600.0,7.130000114440918,7.159999847412109,6.96999979019165,7.03000020980835,11186700.0,158.61000061035156,165.42999267578125,156.10000610351562,162.88999938964844,6689300.0,2339.8408203125,2390.186767578125,2316.15771484375,2361.78173828125,12162634681.0,468.6499938964844,474.0400085449219,466.8500061035156,473.2200012207031,40067800.0,17.6200008392334,18.59000015258789,16.889999389648438,17.06999969482422,0.0
2024-09-13,16.959999084472656,17.790000915527344,16.959999084472656,17.479999542236328,222200.0,58130.32421875,60648.0234375,57650.11328125,60571.30078125,32490528356.0,15.850000381469727,16.719999313354492,15.65999984741211,16.1200008392334,34828700.0,7.070000171661377,7.300000190734863,6.949999809265137,7.199999809265137,15070100.0,162.24000549316406,168.92999267578125,161.5800018310547,163.0500030517578,5953600.0,2361.740966796875,2462.802978515625,2338.14404296875,2441.607177734375,13759640866.0,472.4800109863281,476.5299987792969,472.25,475.3399963378906,29111800.0,17.030000686645508,17.18000030517578,16.229999542236328,16.559999465942383,0.0
2024-09-16,17.09000015258789,17.290000915527344,16.450000762939453,17.110000610351562,96000.0,59185.2265625,59205.51171875,57501.33984375,58192.5078125,32032822113.0,15.699999809265137,16.209999084472656,15.359999656677246,15.869999885559082,23786900.0,6.989999771118164,7.090000152587891,6.829999923706055,6.960000038146973,12058900.0,158.5,163.16000366210938,155.8800048828125,161.5,4686200.0,2320.89453125,2334.789794921875,2253.715087890625,2295.28369140625,16819033263.0,473.19000244140625,473.8599853515625,469.8900146484375,473.239990234375,22585600.0,17.15999984741211,17.690000534057617,16.90999984741211,17.139999389648438,0.0
2024-09-17,17.43000030517578,18.020000457763672,17.229999542236328,17.549999237060547,166800.0,58192.5078125,61316.08984375,57628.0703125,60308.5390625,38075570118.0,16.229999542236328,16.59000015258789,15.5600004196167,15.869999885559082,33344300.0,7.090000152587891,7.28000020980835,6.96999979019165,7.099999904632568,12657600.0,164.13999938964844,167.6699981689453,160.5,162.4499969482422,5225200.0,2295.284423828125,2392.149169921875,2263.79296875,2341.707763671875,15356783863.0,476.2900085449219,477.6000061035156,470.9700012207031,473.489990234375,30084400.0,17.15999984741211,18.079999923706055,16.670000076293945,17.610000610351562,0.0
2024-09-18,17.3700008392334,18.5,17.25,17.3700008392334,138000.0,60309.0,61664.06640625,59218.25390625,61649.6796875,40990702891.0,15.829999923706055,16.579999923706055,15.170000076293945,15.34000015258789,35338500.0,7.079999923706055,7.570000171661377,7.010000228881836,7.170000076293945,18980200.0,161.5399932861328,169.10000610351562,160.8000030517578,162.63999938964844,5027400.0,2341.73291015625,2369.72900390625,2278.66455078125,2369.72900390625,18159056422.0,474.70001220703125,478.8299865722656,470.8299865722656,471.44000244140625,39909200.0,17.579999923706055,19.389999389648438,17.110000610351562,18.229999542236328,0.0
2024-09-19,18.309999465942383,18.389999389648438,17.489999771118164,17.56999969482422,277300.0,61651.15625,63872.44140625,61609.8671875,62940.45703125,42710252573.0,16.3799991607666,16.510000228881836,15.430000305175781,15.449999809265137,42715700.0,7.570000171661377,7.619999885559082,7.1620001792907715,7.21999979019165,25317600.0,172.0,175.38999938964844,167.0,168.24000549316406,9299100.0,2369.374755859375,2492.20458984375,2369.374755859375,2464.752197265625,18437147349.0,482.6099853515625,486.2300109863281,480.489990234375,483.3599853515625,52782500.0,17.209999084472656,17.270000457763672,16.209999084472656,16.329999923706055,0.0
2024-09-20,17.469999313354492,17.65999984741211,17.059999465942383,17.520000457763672,548700.0,62941.42578125,64119.53125,62364.60546875,63192.9765625,35177164222.0,15.420000076293945,15.609999656677246,14.970000267028809,15.539999961853027,30712900.0,7.210000038146973,7.255000114440918,6.940000057220459,7.190000057220459,27478000.0,168.99000549316406,173.38999938964844,165.39999389648438,170.08999633789062,8152300.0,2464.7822265625,2571.99267578125,2439.3779296875,2561.072021484375,19112788620.0,482.489990234375,483.69000244140625,478.29998779296875,482.44000244140625,34577700.0,16.350000381469727,16.68000030517578,15.8100004196167,16.149999618530273,0.0
2024-09-23,17.649999618530273,18.329999923706055,17.6299991607666,18.190000534057617,533700.0,63643.1015625,64733.55859375,62628.078125,63329.80078125,31400285425.0,15.550000190734863,16.299999237060547,15.359999656677246,16.06999969482422,24601500.0,7.190000057220459,7.400000095367432,7.110000133514404,7.329999923706055,16549400.0,171.3000030517578,173.57000732421875,168.6999969482422,170.22000122070312,4933200.0,2582.77490234375,2701.677734375,2541.910400390625,2648.54638671875,19912841456.0,482.95001220703125,484.1400146484375,481.6000061035156,483.0400085449219,24843000.0,16.709999084472656,16.950000762939453,15.75,15.890000343322754,0.0
2024-09-24,18.229999542236328,19.440000534057617,18.020000457763672,19.43000030517578,325400.0,63326.83984375,64695.21484375,62737.41796875,64301.96875,29938335243.0,16.1299991607666,16.549999237060547,15.619999885559082,16.40999984741211,36047300.0,7.360000133514404,7.539999961853027,7.159999847412109,7.53000020980835,16585100.0,170.3800048828125,172.25,163.80999755859375,171.67999267578125,6035500.0,2648.482177734375,2671.27587890625,2593.152099609375,2654.35498046875,16658812503.0,484.4599914550781,486.3299865722656,480.1700134277344,485.3699951171875,25952600.0,15.869999885559082,16.670000076293945,15.270000457763672,15.390000343322754,0.0
2024-09-25,19.450000762939453,19.950000762939453,19.190000534057617,19.229999542236328,175800.0,64302.58984375,64804.50390625,62945.375,63143.14453125,25078377700.0,16.350000381469727,16.860000610351562,16.020000457763672,16.139999389648438,32695400.0,7.53000020980835,7.730000019073486,7.400000095367432,7.440000057220459,17570600.0,170.3000030517578,173.94000244140625,166.8800048828125,167.0800018310547,5359900.0,2654.361572265625,2672.4619140625,2557.724365234375,2579.388671875,14119729962.0,484.739990234375,487.7900085449219,484.55999755859375,485.82000732421875,26549900.0,15.819999694824219,15.819999694824219,15.170000076293945,15.40999984741211,0.0
2024-09-26,19.979999542236328,20.43000030517578,19.229999542236328,20.020000457763672,801800.0,63138.546875,65790.796875,62669.26953125,65181.01953125,36873129847.0,16.700000762939453,18.25,16.5,17.520000457763672,60450700.0,7.690000057220459,8.04699993133545,7.519999980926514,7.769999980926514,23942500.0,170.61000061035156,181.49000549316406,170.25999450683594,179.92999267578125,12455200.0,2579.217529296875,2665.99267578125,2559.954345703125,2632.199951171875,17336033595.0,493.3699951171875,493.70001220703125,485.79998779296875,489.4700012207031,32020200.0,15.0600004196167,15.829999923706055,14.899999618530273,15.369999885559082,0.0
2024-09-27,20.5,20.5,19.670000076293945,19.959999084472656,561700.0,65180.6640625,66480.6953125,64852.9921875,65790.6640625,32058813449.0,17.920000076293945,17.920000076293945,16.850000381469727,17.290000915527344,41237600.0,8.0,8.069999694824219,7.695000171661377,7.840000152587891,16598100.0,183.07000732421875,192.4499969482422,179.5,191.22999572753906,10563400.0,2632.241943359375,2728.067626953125,2616.950927734375,2695.900634765625,17023020294.0,490.5,490.6400146484375,485.55999755859375,486.75,22851100.0,15.640000343322754,16.969999313354492,15.199999809265137,16.959999084472656,0.0
2024-09-30,19.149999618530273,19.42300033569336,18.8700008392334,19.010000228881836,614100.0,65634.65625,65635.0546875,62873.6171875,63329.5,37112957475.0,16.610000610351562,16.709999084472656,16.079999923706055,16.219999313354492,30746400.0,7.559999942779541,7.619999885559082,7.349999904632568,7.420000076293945,13219200.0,184.19000244140625,185.41000366210938,177.0,178.1699981689453,11710000.0,2659.292724609375,2662.489013671875,2576.97607421875,2603.062744140625,17826446789.0,485.7799987792969,488.4100036621094,482.9200134277344,488.07000732421875,30281100.0,17.010000228881836,17.790000915527344,16.469999313354492,16.729999542236328,0.0
2024-10-01,18.8799991607666,18.8799991607666,17.579999923706055,17.899999618530273,364900.0,63335.60546875,64110.98046875,60189.27734375,60837.0078125,50220923500.0,16.1299991607666,16.190000534057617,14.670000076293945,15.069999694824219,36592300.0,7.400000095367432,7.449999809265137,6.980000019073486,7.079999923706055,14987100.0,178.72000122070312,178.89999389648438,160.0,165.00999450683594,15210500.0,2603.26416015625,2657.615478515625,2415.07861328125,2448.921142578125,25482371785.0,487.70001220703125,488.0,477.3999938964844,481.2699890136719,42735400.0,16.959999084472656,20.729999542236328,16.610000610351562,19.260000228881836,0.0
2024-10-02,17.649999618530273,18.479999542236328,17.56999969482422,18.200000762939453,323400.0,60836.32421875,62357.6875,59996.94921875,60632.78515625,40762722398.0,15.020000457763672,15.529999732971191,14.850000381469727,15.210000038146973,26569600.0,7.079999923706055,7.366000175476074,7.013999938964844,7.25,12494600.0,163.02999877929688,169.2899932861328,161.38999938964844,164.47000122070312,7881100.0,2448.877197265625,2498.121337890625,2354.539306640625,2365.231689453125,20148256472.0,480.3599853515625,483.8800048828125,477.7200012207031,481.95001220703125,23744000.0,19.649999618530273,20.360000610351562,18.579999923706055,18.899999618530273,0.0
2024-10-03,18.079999923706055,18.549999237060547,17.809999465942383,18.299999237060547,151300.0,60632.484375,61469.0390625,59878.8046875,60759.40234375,36106447279.0,15.039999961853027,15.479999542236328,14.789999961853027,15.470000267028809,26987000.0,7.190000057220459,7.440000057220459,7.150000095367432,7.429999828338623,11312000.0,162.8300018310547,166.41000366210938,161.41000366210938,163.10000610351562,4298600.0,2365.213623046875,2402.862548828125,2311.02783203125,2349.791259765625,18051447791.0,479.739990234375,484.54998779296875,478.989990234375,481.5899963378906,25337200.0,19.6299991607666,20.75,19.15999984741211,20.489999771118164,0.0
2024-10-04,18.75,19.260000228881836,18.316999435424805,19.079999923706055,259500.0,60754.625,62465.9921875,60459.94140625,62067.4765625,29585472513.0,15.8100004196167,16.639999389648438,15.550000190734863,16.309999465942383,32244300.0,7.579999923706055,7.860000133514404,7.449999809265137,7.849999904632568,20255600.0,167.9600067138672,171.24000549316406,164.0,170.91000366210938,6852400.0,2349.73291015625,2440.242431640625,2339.870849609375,2414.7939453125,14879264082.0,487.45001220703125,487.8800048828125,482.3900146484375,487.32000732421875,30686600.0,20.479999542236328,20.479999542236328,18.479999542236328,19.209999084472656,0.0
2024-10-07,19.200000762939453,19.430999755859375,18.25,18.65999984741211,201300.0,62819.109375,64443.70703125,62152.55078125,62236.66015625,34253562610.0,16.43000030517578,16.719999313354492,15.520000457763672,15.989999771118164,30754000.0,8.050000190734863,8.520000457763672,7.900000095367432,8.15999984741211,34911800.0,172.0,176.14999389648438,166.88999938964844,168.9199981689453,6797500.0,2439.94482421875,2520.40625,2405.13427734375,2421.796630859375,17414044416.0,485.3900146484375,486.57000732421875,480.8699951171875,482.1000061035156,24975100.0,20.760000228881836,23.030000686645508,20.649999618530273,22.639999389648438,0.0
2024-10-08,18.559999465942383,18.739999771118164,18.110000610351562,18.389999389648438,188300.0,62221.64453125,63174.3046875,61843.5625,62131.96875,28134475157.0,15.75,16.3700008392334,15.649999618530273,15.829999923706055,25109200.0,7.980000019073486,8.220000267028809,7.869999885559082,8.15999984741211,21403400.0,166.36000061035156,170.0500030517578,165.02000427246094,167.69000244140625,5696100.0,2421.98095703125,2464.12744140625,2400.5107421875,2439.8408203125,14067361080.0,484.6600036621094,489.989990234375,483.8500061035156,489.29998779296875,28272000.0,22.920000076293945,23.139999389648438,21.139999389648438,21.420000076293945,0.0
2024-10-09,18.389999389648438,18.389999389648438,17.663000106811523,17.709999084472656,529500.0,62131.7265625,62508.8359375,60314.61328125,60582.1015625,27670982363.0,15.779999732971191,16.149999618530273,15.350000381469727,15.4399995803833,26085300.0,8.140000343322754,8.210000038146973,7.760000228881836,7.820000171661377,18864100.0,167.69000244140625,172.49000549316406,165.77999877929688,166.97000122070312,5725000.0,2439.840087890625,2470.9130859375,2350.946533203125,2368.283447265625,14954047093.0,489.0,493.7300109863281,487.95001220703125,493.1499938964844,24995000.0,21.979999542236328,22.010000228881836,20.709999084472656,20.860000610351562,0.0
2024-10-10,17.709999084472656,17.809999465942383,17.290000915527344,17.540000915527344,401900.0,60581.9296875,61236.72265625,58895.20703125,60274.5,30452813570.0,15.390000343322754,15.5,15.0600004196167,15.229999542236328,20941200.0,7.769999980926514,7.869999885559082,7.610000133514404,7.739999771118164,13501100.0,166.0500030517578,167.30999755859375,161.8699951171875,164.27000427246094,5379900.0,2368.273193359375,2417.2880859375,2329.78466796875,2383.85791015625,15327769940.0,490.8500061035156,494.4700012207031,489.5299987792969,492.5899963378906,25750400.0,20.90999984741211,21.389999389648438,20.639999389648438,20.93000030517578,0.0
2024-10-11,17.790000915527344,19.0,17.709999084472656,18.93000030517578,579900.0,60275.4609375,63400.87109375,60046.125,62445.08984375,30327141594.0,15.430000305175781,16.229999542236328,15.3100004196167,16.079999923706055,36454600.0,7.78000020980835,8.4399995803833,7.75,8.40999984741211,20035700.0,165.5399932861328,179.17999267578125,165.22000122070312,176.3800048828125,10767100.0,2383.940185546875,2470.395751953125,2380.504638671875,2436.513427734375,13489061564.0,490.739990234375,494.3900146484375,490.1700134277344,493.3599853515625,20644500.0,20.8700008392334,21.15999984741211,20.139999389648438,20.459999084472656,0.0
2024-10-14,19.610000610351562,20.1299991607666,19.145000457763672,19.899999618530273,716200.0,62848.3984375,66482.4921875,62442.15234375,66046.125,43706958056.0,16.790000915527344,17.959999084472656,16.34000015258789,16.979999542236328,65860600.0,8.65999984741211,8.90999984741211,8.430000305175781,8.739999771118164,30168500.0,181.19000244140625,197.69000244140625,178.27000427246094,196.35000610351562,18131400.0,2467.6474609375,2652.8818359375,2443.552978515625,2628.89990234375,21434687898.0,495.7699890136719,498.8299865722656,495.260009765625,497.5,26060100.0,20.860000610351562,20.860000610351562,19.690000534057617,19.700000762939453,0.0
2024-10-15,19.889999389648438,20.66900062561035,19.450000762939453,19.959999084472656,495400.0,66050.3671875,67881.6796875,64809.1953125,67041.109375,48863870879.0,17.049999237060547,17.940000534057617,16.6299991607666,16.920000076293945,50534300.0,8.710000038146973,9.130000114440918,8.59000015258789,8.770000457763672,22863000.0,195.67999267578125,204.89999389648438,188.30999755859375,196.33999633789062,17324800.0,2629.017578125,2685.166748046875,2537.94091796875,2606.02197265625,22003780898.0,497.8299865722656,498.5,488.67999267578125,490.8500061035156,34784500.0,19.610000610351562,20.889999389648438,19.440000534057617,20.639999389648438,0.0
2024-10-16,20.479999542236328,21.3700008392334,19.979999542236328,21.31999969482422,631500.0,67042.4609375,68375.2890625,66758.7265625,67612.71875,38195189534.0,17.5,18.190000534057617,16.959999084472656,18.079999923706055,53156500.0,8.991000175476074,9.119999885559082,8.784000396728516,9.079999923706055,17126400.0,203.52999877929688,212.4199981689453,197.60000610351562,210.47999572753906,13970000.0,2606.01953125,2644.854248046875,2589.60693359375,2611.10205078125,17012396419.0,491.17999267578125,491.69000244140625,487.57000732421875,490.9100036621094,22996800.0,20.770000457763672,21.010000228881836,19.450000762939453,19.579999923706055,0.0
2024-10-17,21.219999313354492,21.34000015258789,20.540000915527344,20.889999389648438,239800.0,67617.078125,67912.2109375,66647.390625,67399.8359375,32790898511.0,17.969999313354492,18.489999771118164,17.100000381469727,18.010000228881836,43533700.0,8.920000076293945,9.460000038146973,8.760000228881836,9.199999809265137,21264000.0,209.1999969482422,209.4499969482422,201.1300048828125,204.1999969482422,8908000.0,2611.192138671875,2646.8740234375,2577.305908203125,2604.2734375,15150712321.0,496.44000244140625,496.489990234375,491.19000244140625,491.25,27210700.0,19.549999237060547,19.649999618530273,18.8799991607666,19.110000610351562,0.0
2024-10-18,21.219999313354492,22.18000030517578,21.100000381469727,22.020000457763672,712000.0,67419.109375,68969.75,67177.8203125,68418.7890625,36857165014.0,18.3700008392334,19.100000381469727,18.260000228881836,18.8799991607666,47505600.0,9.390000343322754,9.949999809265137,9.380000114440918,9.859999656677246,23257600.0,208.0500030517578,220.25999450683594,207.13999938964844,220.2100067138672,13569600.0,2604.814453125,2674.371826171875,2595.958984375,2641.55224609375,17043738652.0,494.05999755859375,495.57000732421875,493.29998779296875,494.4700012207031,25335000.0,19.299999237060547,19.31999969482422,17.989999771118164,18.030000686645508,0.0
2024-10-21,21.75,22.549999237060547,20.777000427246094,22.5,354500.0,69002.0,69462.734375,66829.8515625,67367.8515625,37498611780.0,18.700000762939453,18.770000457763672,17.860000610351562,18.709999084472656,42646400.0,9.75,9.765000343322754,9.380000114440918,9.739999771118164,17448200.0,215.39999389648438,216.86000061035156,208.1300048828125,213.72000122070312,12686400.0,2746.3056640625,2765.549560546875,2655.29443359375,2665.712158203125,17328615363.0,493.25,496.2300109863281,491.30999755859375,495.4200134277344,30336500.0,18.780000686645508,19.34000015258789,18.360000610351562,18.3700008392334,0.0
2024-10-22,22.200000762939453,22.760000228881836,21.84000015258789,22.68000030517578,313100.0,67360.703125,67801.578125,66581.3671875,67361.40625,31808472566.0,18.34000015258789,19.139999389648438,18.110000610351562,18.969999313354492,32373000.0,9.59000015258789,9.96500015258789,9.300000190734863,9.920000076293945,15335800.0,209.4499969482422,215.9499969482422,207.3000030517578,210.72000122070312,7485100.0,2665.65673828125,2669.7900390625,2605.61865234375,2620.197509765625,15541911074.0,492.7300109863281,497.45001220703125,491.9700012207031,495.9599914550781,26685800.0,18.790000915527344,19.440000534057617,18.049999237060547,18.200000762939453,0.0
2024-10-23,22.09000015258789,22.43000030517578,21.0,21.670000076293945,371400.0,67362.375,67402.7421875,65188.03515625,66432.1953125,32263980353.0,18.600000381469727,18.75,17.329999923706055,18.06999969482422,44412100.0,9.779999732971191,9.875,9.399999618530273,9.770000457763672,19160300.0,206.3000030517578,209.6999969482422,194.60000610351562,198.92999267578125,10350100.0,2620.088623046875,2624.450439453125,2457.169921875,2509.098876953125,17876984551.0,493.5899963378906,494.25,485.04998779296875,488.3599853515625,39346600.0,18.209999084472656,20.469999313354492,18.18000030517578,19.239999771118164,0.0
2024-10-24,22.239999771118164,22.959999084472656,21.700000762939453,22.350000381469727,513600.0,66653.703125,68798.9609375,66454.1015625,68161.0546875,31414428647.0,18.479999542236328,18.989999771118164,17.729999542236328,18.219999313354492,48745900.0,10.0,10.447999954223633,9.880000114440918,10.1899995803833,23849700.0,206.8699951171875,210.5500030517578,200.8000030517578,209.16000366210938,9925400.0,2523.60693359375,2559.1513671875,2506.722900390625,2534.49853515625,16128627601.0,492.1099853515625,493.0,489.44000244140625,492.32000732421875,22024900.0,18.8700008392334,20.239999771118164,18.6299991607666,19.079999923706055,0.0
2024-10-25,22.399999618530273,22.690000534057617,21.489999771118164,21.84000015258789,428300.0,68165.296875,68722.15625,65521.79296875,66642.4140625,41469984306.0,18.200000762939453,18.31999969482422,16.950000762939453,17.059999465942383,56106500.0,10.229999542236328,10.279000282287598,9.611000061035156,9.640000343322754,22731200.0,208.3000030517578,213.6699981689453,203.39999389648438,205.0399932861328,9261300.0,2534.454833984375,2563.734130859375,2381.45068359375,2435.93408203125,22560233078.0,495.1400146484375,500.2799987792969,494.42999267578125,495.32000732421875,38762100.0,19.219999313354492,20.510000228881836,18.229999542236328,20.329999923706055,0.0
2024-10-28,22.559999465942383,24.238000869750977,22.545000076293945,24.040000915527344,626900.0,67922.671875,70212.265625,67535.1328125,69907.7578125,38799856657.0,17.719999313354492,19.190000534057617,17.6200008392334,18.940000534057617,60624100.0,10.020000457763672,10.699999809265137,9.930000305175781,10.5600004196167,31325400.0,213.35000610351562,218.0,210.5,216.10000610351562,10458700.0,2505.590576171875,2587.43017578125,2470.268310546875,2565.34814453125,18971841402.0,498.4599914550781,498.5199890136719,495.1000061035156,495.3999938964844,20477800.0,19.110000610351562,19.8799991607666,18.90999984741211,19.799999237060547,0.0
2024-10-29,24.610000610351562,24.833999633789062,23.607999801635742,23.8700008392334,657300.0,69910.046875,73577.2109375,69729.9140625,72720.4921875,58541874402.0,19.389999389648438,19.940000534057617,18.709999084472656,18.940000534057617,65540400.0,10.850000381469727,11.1899995803833,10.720000267028809,10.869999885559082,28045200.0,220.91000366210938,223.89999389648438,216.11000061035156,219.66000366210938,11542200.0,2565.41796875,2680.054443359375,2560.15380859375,2637.95751953125,22185845095.0,495.7200012207031,501.3500061035156,493.8500061035156,500.1600036621094,28014100.0,19.75,20.530000686645508,19.059999465942383,19.34000015258789,0.0
2024-10-30,23.149999618530273,23.940000534057617,22.81999969482422,23.329999923706055,292700.0,72715.3671875,72905.296875,71411.734375,72339.5390625,40646637831.0,18.350000381469727,19.1200008392334,18.010000228881836,18.280000686645508,33488500.0,10.569999694824219,10.90999984741211,10.420000076293945,10.479999542236328,24276700.0,213.10000610351562,220.4600067138672,209.47000122070312,211.74000549316406,9515900.0,2637.64013671875,2720.271484375,2600.609619140625,2657.37255859375,22382690746.0,499.3900146484375,500.3500061035156,495.8900146484375,496.3800048828125,29756000.0,19.329999923706055,20.440000534057617,19.299999237060547,20.350000381469727,0.0
2024-10-31,22.850000381469727,23.010000228881836,21.15999984741211,21.25,554200.0,72335.046875,72662.3125,69590.5,70215.1875,40627912076.0,18.149999618530273,18.239999771118164,16.450000762939453,16.770000457763672,39713000.0,9.96500015258789,10.229999542236328,9.100000381469727,9.239999771118164,26822900.0,203.72999572753906,206.0,178.82000732421875,179.25,18892000.0,2657.213134765625,2667.5595703125,2501.572265625,2515.79931640625,19760409505.0,492.3800048828125,492.42999267578125,483.75,483.8500061035156,41245200.0,21.440000534057617,23.420000076293945,21.1200008392334,23.15999984741211,0.0
2024-11-01,21.5,22.239999771118164,20.809999465942383,20.979999542236328,468200.0,70216.8984375,71559.015625,68779.703125,69482.46875,49989795365.0,16.93000030517578,17.3700008392334,16.100000381469727,16.110000610351562,32711000.0,9.430000305175781,9.96500015258789,9.25,9.4399995803833,23181500.0,180.0,190.94000244140625,179.5399932861328,182.8800048828125,14443400.0,2515.870361328125,2583.777099609375,2467.8193359375,2511.885498046875,20215438328.0,485.5,490.75,485.20001220703125,487.42999267578125,33655800.0,22.959999084472656,23.09000015258789,21.15999984741211,21.8799991607666,0.0
2024-11-04,20.700000762939453,20.702999114990234,20.0049991607666,20.049999237060547,567100.0,68742.1328125,69433.1796875,66803.6484375,67811.5078125,41184819348.0,15.869999885559082,15.9399995803833,15.3100004196167,15.5,29692100.0,9.199999809265137,9.199999809265137,8.71500015258789,8.979999542236328,22381100.0,180.08999633789062,186.9499969482422,176.3800048828125,186.27000427246094,11348800.0,2456.09521484375,2488.350341796875,2359.578125,2397.0263671875,17110200696.0,486.82000732421875,489.3800048828125,484.25,486.010009765625,23291600.0,22.5,23.06999969482422,21.729999542236328,21.979999542236328,0.0
2024-11-05,20.649999618530273,21.489999771118164,20.610000610351562,21.25,464600.0,67811.171875,70522.7890625,67458.8671875,69359.5625,46046889204.0,15.960000038146973,16.360000610351562,15.699999809265137,16.239999771118164,32554800.0,9.15999984741211,9.829999923706055,9.15999984741211,9.710000038146973,20322700.0,185.58999633789062,197.25,185.50999450683594,193.9600067138672,9950800.0,2397.036376953125,2478.618896484375,2380.601318359375,2422.650634765625,17894057485.0,487.6099853515625,492.8800048828125,487.5199890136719,492.2099914550781,24353600.0,21.979999542236328,22.059999465942383,20.200000762939453,20.489999771118164,0.0
2024-11-06,23.729999542236328,25.139999389648438,22.90999984741211,25.030000686645508,1365300.0,69358.5,76460.15625,69322.03125,75639.078125,118592653963.0,17.610000610351562,19.600000381469727,17.239999771118164,19.31999969482422,85571500.0,10.779999732971191,12.289999961853027,10.609999656677246,12.25,55373600.0,221.47999572753906,257.67999267578125,221.11000061035156,254.30999755859375,35456000.0,2422.539306640625,2743.964111328125,2421.81298828125,2724.169189453125,41887574364.0,500.55999755859375,506.4100036621094,499.6000061035156,505.5799865722656,43082200.0,16.059999465942383,16.81999969482422,15.4399995803833,16.270000457763672,0.0
2024-11-07,24.68000030517578,26.549999237060547,24.540000915527344,26.219999313354492,1057800.0,75637.0859375,76943.1171875,74480.421875,75904.859375,63467654989.0,18.899999618530273,19.549999237060547,18.75,19.309999465942383,49751200.0,11.869999885559082,12.640000343322754,11.729999542236328,12.390000343322754,32921300.0,245.6300048828125,259.69000244140625,242.33999633789062,255.5800018310547,16655300.0,2724.005859375,2918.744384765625,2701.5908203125,2895.58544921875,35352318438.0,508.3999938964844,514.3300170898438,508.3399963378906,513.5399780273438,32853100.0,15.859999656677246,15.859999656677246,15.130000114440918,15.199999809265137,0.0
2024-11-08,26.219999313354492,26.65999984741211,25.5,26.579999923706055,703300.0,75902.8359375,77252.75,75648.7421875,76545.4765625,55176858003.0,19.110000610351562,19.43000030517578,18.56999969482422,19.25,47164400.0,12.329999923706055,12.84000015258789,12.010000228881836,12.8100004196167,29607100.0,257.6700134277344,273.5,257.1499938964844,270.739990234375,17431700.0,2895.597900390625,2983.744873046875,2889.484375,2962.296630859375,32303261101.0,513.0399780273438,514.9199829101562,512.4099731445312,514.1400146484375,22924500.0,15.130000114440918,15.329999923706055,14.65999984741211,14.9399995803833,0.0
2024-11-11,28.8799991607666,30.40999984741211,28.350000381469727,30.1299991607666,1410700.0,80471.4140625,89604.5,80283.25,88701.484375,117966845037.0,22.299999237060547,25.469999313354492,21.799999237060547,25.010000228881836,125540700.0,14.0600004196167,15.869999885559082,13.824999809265137,14.970000267028809,82491000.0,300.30999755859375,334.8599853515625,296.0,324.239990234375,42437500.0,3191.656982421875,3389.529296875,3109.76953125,3374.81298828125,55417771668.0,515.3699951171875,515.5800170898438,510.9200134277344,513.8400268554688,24167500.0,15.329999923706055,15.5600004196167,14.890000343322754,14.970000267028809,0.0
2024-11-12,28.6299991607666,29.989999771118164,28.360000610351562,29.75,959700.0,88705.5625,89956.8828125,85155.109375,87955.8125,133673285375.0,24.100000381469727,25.3799991607666,23.459999084472656,25.229999542236328,87663900.0,14.079999923706055,14.890000343322754,13.479999542236328,14.449999809265137,47706400.0,310.04998779296875,327.0,306.1000061035156,319.1300048828125,24819600.0,3375.15478515625,3444.154052734375,3211.198486328125,3246.25732421875,56686078066.0,513.77001953125,514.6599731445312,509.8299865722656,512.9099731445312,25835300.0,15.09000015258789,15.369999885559082,14.6899995803833,14.710000038146973,0.0
2024-11-13,29.700000762939453,30.81999969482422,26.690000534057617,26.809999465942383,1315600.0,87929.96875,93434.3515625,86256.9296875,90584.1640625,123559027869.0,24.31999969482422,26.190000534057617,21.43000030517578,21.700000762939453,94879700.0,14.1850004196167,14.829999923706055,12.489999771118164,12.670000076293945,44053500.0,325.010009765625,332.3500061035156,282.6600036621094,284.7200012207031,27997400.0,3244.543212890625,3337.877197265625,3121.666015625,3192.595947265625,52010205682.0,512.4000244140625,514.97998046875,509.95001220703125,512.25,24567400.0,15.09000015258789,15.260000228881836,13.770000457763672,14.020000457763672,0.0
2024-11-14,27.510000228881836,27.895999908447266,25.3799991607666,25.5,848800.0,90574.8828125,91765.21875,86682.8125,87250.4296875,87616705248.0,22.479999542236328,22.899999618530273,20.18000030517578,20.790000915527344,46983000.0,12.829999923706055,13.069999694824219,11.760000228881836,11.864999771118164,26248300.0,290.80999755859375,292.57000732421875,274.29998779296875,278.8399963378906,17375300.0,3192.5205078125,3240.270751953125,3032.971923828125,3058.94873046875,35743352141.0,511.9100036621094,512.7899780273438,507.7699890136719,508.69000244140625,28679500.0,14.170000076293945,14.319999694824219,13.59000015258789,14.3100004196167,0.0
2024-11-15,26.40999984741211,26.420000076293945,25.110000610351562,26.290000915527344,821800.0,87284.1796875,91868.7421875,87124.8984375,91066.0078125,78243109518.0,21.270000457763672,21.299999237060547,20.010000228881836,21.06999969482422,42768800.0,12.229999542236328,12.399999618530273,11.460000038146973,12.369999885559082,25315300.0,282.510009765625,306.4599914550781,276.0199890136719,305.8500061035156,18020600.0,3059.526123046875,3130.703857421875,3016.14404296875,3103.04052734375,32701369872.0,502.94000244140625,503.3299865722656,494.489990234375,496.57000732421875,51461100.0,15.020000457763672,17.549999237060547,14.5600004196167,16.139999389648438,0.0
2024-11-18,26.0,27.075000762939453,25.270000457763672,25.559999465942383,884900.0,89843.71875,92596.7890625,89393.59375,90542.640625,75535775084.0,19.829999923706055,21.15999984741211,17.719999313354492,18.110000610351562,121617100.0,12.25,12.65999984741211,11.894000053405762,12.15999984741211,23598000.0,301.8299865722656,329.5899963378906,288.5,325.4100036621094,25607400.0,3075.722900390625,3225.130615234375,3052.4912109375,3207.8564453125,35445557613.0,498.1300048828125,502.1400146484375,496.7300109863281,500.0199890136719,27080800.0,16.600000381469727,17.0,15.350000381469727,15.579999923706055,0.0
2024-11-19,25.6200008392334,26.93000030517578,25.010000228881836,26.510000228881836,697400.0,90536.8125,94002.8671875,90426.984375,92343.7890625,74521048295.0,18.299999237060547,20.649999618530273,18.270000457763672,19.860000610351562,88677400.0,12.109999656677246,12.635000228881836,11.920000076293945,12.270000457763672,25901100.0,322.0799865722656,327.239990234375,315.5,324.57000732421875,13447900.0,3208.25048828125,3222.00439453125,3070.36279296875,3111.384033203125,29823634432.0,497.4200134277344,503.95001220703125,497.0799865722656,503.4599914550781,24523000.0,15.4399995803833,17.93000030517578,15.369999885559082,16.350000381469727,0.0
2024-11-20,27.479999542236328,27.75,25.940000534057617,26.459999084472656,824200.0,92341.890625,94902.0234375,91619.5,94339.4921875,71730956426.0,20.739999771118164,23.5,20.510000228881836,22.6299991607666,124501400.0,12.670000076293945,12.9399995803833,11.960000038146973,12.149999618530273,42781600.0,332.25,341.75,303.79998779296875,320.010009765625,22875200.0,3111.116943359375,3159.949462890625,3032.603271484375,3072.18798828125,29785491216.0,503.1600036621094,503.4800109863281,496.55999755859375,503.1700134277344,29565500.0,16.190000534057617,18.790000915527344,16.040000915527344,17.15999984741211,0.0
2024-11-21,27.84000015258789,28.194000244140625,24.8799991607666,25.790000915527344,1174600.0,94334.640625,99014.21875,94132.6015625,98504.7265625,106024505582.0,25.209999084472656,25.75,22.5,24.18000030517578,166260600.0,12.770000457763672,13.130000114440918,10.899999618530273,11.760000228881836,55190500.0,329.95001220703125,330.5,288.54998779296875,295.2300109863281,25187400.0,3072.05517578125,3388.54296875,3035.8466796875,3361.053955078125,51619069348.0,506.239990234375,506.9599914550781,497.55999755859375,504.9800109863281,34526700.0,17.100000381469727,17.989999771118164,15.729999542236328,16.8700008392334,0.0
2024-11-22,25.3799991607666,28.0,25.139999389648438,27.709999084472656,604000.0,98496.4296875,99655.5,97222.6640625,98997.6640625,78473580551.0,23.639999389648438,26.709999084472656,23.110000610351562,26.030000686645508,105262400.0,11.5,12.520000457763672,11.220000267028809,12.3100004196167,31252600.0,294.8900146484375,311.3699951171875,290.79998779296875,304.6400146484375,12187200.0,3360.654296875,3428.46044921875,3262.808837890625,3331.600830078125,36775716442.0,504.4200134277344,506.5299987792969,502.7799987792969,505.7900085449219,23826600.0,16.670000076293945,17.559999465942383,15.239999771118164,15.239999771118164,0.0
2024-11-25,28.469999313354492,28.469999313354492,26.44099998474121,27.18000030517578,1094000.0,98033.4453125,98935.03125,92642.9140625,93102.296875,80909462490.0,27.06999969482422,28.889999389648438,24.860000610351562,26.420000076293945,123760600.0,12.460000038146973,12.779999732971191,11.729999542236328,12.0600004196167,27019400.0,309.0,317.4599914550781,291.20001220703125,312.2200012207031,14645900.0,3364.6015625,3545.27880859375,3304.093994140625,3413.5439453125,51544793988.0,509.8999938964844,511.45001220703125,504.260009765625,506.5899963378906,26375200.0,15.229999542236328,15.720000267028809,14.539999961853027,14.600000381469727,0.0
2024-11-26,26.170000076293945,27.06999969482422,24.860000610351562,25.110000610351562,709100.0,93087.28125,94991.75,90770.8125,91985.3203125,91656519855.0,25.100000381469727,27.90999984741211,24.649999618530273,24.969999313354492,91188100.0,11.59000015258789,11.979999542236328,11.020000457763672,11.170000076293945,26449900.0,298.260009765625,309.20001220703125,289.1300048828125,293.2900085449219,13215700.0,3412.950927734375,3461.29296875,3255.54296875,3326.517333984375,39902959158.0,508.0799865722656,510.1400146484375,507.2300109863281,509.30999755859375,26557100.0,14.949999809265137,15.029999732971191,13.880000114440918,14.100000381469727,0.0
2024-11-27,25.950000762939453,28.195999145507812,25.950000762939453,27.969999313354492,1032900.0,91978.140625,97361.1796875,91778.6640625,95962.53125,71133452438.0,26.030000686645508,27.31999969482422,25.0,26.920000076293945,87941700.0,11.46500015258789,12.579999923706055,11.350000381469727,12.369999885559082,29057500.0,302.7799987792969,314.2900085449219,295.3599853515625,310.9800109863281,13290800.0,3326.029052734375,3687.009033203125,3303.56787109375,3657.249267578125,43383987191.0,508.1700134277344,508.239990234375,501.92999267578125,505.29998779296875,24957400.0,14.279999732971191,15.130000114440918,13.960000038146973,14.100000381469727,0.0
2024-11-29,28.43000030517578,30.299999237060547,28.260000228881836,29.139999389648438,685300.0,95653.953125,98693.171875,95407.8828125,97461.5234375,54968682476.0,27.520000457763672,30.280000686645508,27.139999389648438,27.420000076293945,89541900.0,12.59000015258789,13.34000015258789,12.420000076293945,12.649999618530273,21894800.0,311.95001220703125,316.29998779296875,295.80999755859375,296.20001220703125,9550200.0,3579.91064453125,3647.264404296875,3538.44677734375,3593.494384765625,27622629486.0,505.92999267578125,510.3399963378906,505.30999755859375,509.739990234375,15334000.0,14.0,14.149999618530273,13.489999771118164,13.510000228881836,0.0
2024-12-02,28.84000015258789,29.260000228881836,27.139999389648438,27.6299991607666,581100.0,97276.0078125,98152.6015625,94482.8671875,95865.3046875,72680784305.0,26.84000015258789,26.90999984741211,23.81999969482422,25.6299991607666,125972900.0,12.600000381469727,12.75,12.029999732971191,12.100000381469727,21982800.0,302.0299987792969,311.4700012207031,299.5,302.3999938964844,11221100.0,3710.495361328125,3761.343017578125,3557.252197265625,3644.198486328125,47284967570.0,511.010009765625,516.260009765625,510.6199951171875,515.2899780273438,25147200.0,14.079999923706055,14.100000381469727,13.300000190734863,13.34000015258789,0.0
2024-12-03,26.809999465942383,28.084999084472656,26.700000762939453,27.559999465942383,340100.0,95854.59375,96297.203125,93629.5625,96002.1640625,67067810961.0,24.489999771118164,25.729999542236328,24.149999618530273,25.1299991607666,60750200.0,11.729999542236328,12.40999984741211,11.710000038146973,12.140000343322754,18211800.0,296.7799987792969,314.42999267578125,296.6499938964844,309.3500061035156,10069300.0,3643.7421875,3670.2197265625,3504.226318359375,3620.711669921875,36839829742.0,513.9500122070312,517.1500244140625,513.3699951171875,516.8699951171875,18597900.0,13.380000114440918,13.770000457763672,13.1899995803833,13.300000190734863,0.0
2024-12-04,27.829999923706055,29.65999984741211,27.360000610351562,29.520000457763672,750900.0,95988.53125,99207.328125,94660.5234375,98768.53125,77199817112.0,25.139999389648438,26.100000381469727,24.579999923706055,25.959999084472656,69104600.0,12.095000267028809,13.024999618530273,11.920000076293945,12.949999809265137,22245800.0,312.0,332.0,309.1199951171875,330.94000244140625,15798000.0,3620.03759765625,3895.17431640625,3617.74462890625,3841.3310546875,56799745752.0,520.3200073242188,523.52001953125,519.5999755859375,523.260009765625,26086200.0,13.15999984741211,13.609999656677246,12.890000343322754,13.449999809265137,0.0
2024-12-05,30.989999771118164,31.768999099731445,28.83099937438965,28.90999984741211,976500.0,98741.5390625,103900.46875,91998.78125,96593.5703125,149218945580.0,27.15999984741211,28.06999969482422,24.780000686645508,24.790000915527344,97084600.0,13.75,14.119999885559082,12.265000343322754,12.319999694824219,44049200.0,343.3599853515625,349.489990234375,315.1700134277344,320.57000732421875,19769900.0,3840.844482421875,3956.54150390625,3683.4208984375,3811.00830078125,60568296606.0,523.3099975585938,524.0399780273438,521.4199829101562,521.8099975585938,18169600.0,13.460000038146973,13.699999809265137,13.260000228881836,13.539999961853027,0.0
2024-12-06,29.479999542236328,31.889999389648438,29.479999542236328,30.940000534057617,844900.0,97074.2265625,102039.8828125,96514.875,99920.7109375,94534772658.0,25.479999542236328,26.90999984741211,25.0,26.43000030517578,72455800.0,12.520000457763672,13.600000381469727,12.520000457763672,12.949999809265137,26721800.0,328.55999755859375,349.75,325.5,343.6199951171875,16759200.0,3792.20849609375,4093.172119140625,3782.681396484375,4005.810546875,52853668566.0,522.47998046875,526.719970703125,522.3499755859375,526.47998046875,23762600.0,13.619999885559082,13.739999771118164,12.699999809265137,12.770000457763672,0.0
2024-12-09,30.68000030517578,30.979999542236328,28.360000610351562,28.579999923706055,878000.0,101237.0625,101272.5078125,94355.9140625,97432.71875,110676473908.0,25.479999542236328,26.209999084472656,23.780000686645508,23.860000610351562,68522400.0,12.045000076293945,12.140000343322754,11.020000457763672,11.210000038146973,76744100.0,339.9100036621094,340.1600036621094,309.67999267578125,310.5199890136719,16974800.0,4006.101806640625,4008.77783203125,3525.23291015625,3718.6904296875,57029832059.0,525.5499877929688,526.3499755859375,521.219970703125,522.3800048828125,20674400.0,13.359999656677246,14.229999542236328,13.350000381469727,14.1899995803833,0.0
2024-12-10,28.75,28.8799991607666,26.850000381469727,27.1299991607666,554000.0,97441.234375,98270.15625,94321.2578125,96675.4296875,104823780634.0,24.3700008392334,24.549999237060547,22.549999237060547,22.809999465942383,43813100.0,11.494999885559082,11.619999885559082,10.729999542236328,11.100000381469727,43080500.0,318.0299987792969,318.739990234375,298.5199890136719,302.4200134277344,11930600.0,3719.00048828125,3780.75341796875,3520.365234375,3631.833740234375,58416417599.0,523.6199951171875,525.3800048828125,519.1599731445312,520.5999755859375,24350000.0,14.300000190734863,14.539999961853027,13.859999656677246,14.180000305175781,0.0
2024-12-11,28.09000015258789,28.780000686645508,27.170000076293945,27.889999389648438,688100.0,96656.0625,101913.359375,95747.2265625,101173.03125,85391409936.0,23.5,24.610000610351562,22.920000076293945,23.270000457763672,57624000.0,11.300000190734863,12.15999984741211,11.210000038146973,11.770000457763672,45042400.0,311.8500061035156,320.8999938964844,308.82000732421875,313.80999755859375,10253400.0,3631.276123046875,3850.765380859375,3567.56640625,3832.822021484375,35968053196.0,525.0,530.6099853515625,524.5900268554688,529.9199829101562,32168600.0,14.420000076293945,14.430000305175781,13.520000457763672,13.579999923706055,0.0
2024-12-12,28.90999984741211,30.030000686645508,27.75,27.860000610351562,669200.0,101167.8046875,102524.9140625,99339.953125,100043.0,72073983533.0,23.799999237060547,24.309999465942383,22.559999465942383,22.579999923706055,50696200.0,12.9350004196167,13.279999732971191,11.84000015258789,12.329999923706055,110945000.0,317.760009765625,323.5,307.75,312.9599914550781,8324400.0,3833.172119140625,3987.005859375,3800.0908203125,3883.1015625,42971675764.0,527.6799926757812,528.9600219726562,526.02001953125,526.5,23577500.0,13.729999542236328,13.949999809265137,13.390000343322754,13.920000076293945,0.0
2024-12-13,28.059999465942383,28.524999618530273,27.17300033569336,27.360000610351562,374200.0,100046.6484375,101888.8046875,99233.28125,101459.2578125,56894751583.0,22.8700008392334,23.299999237060547,22.299999237060547,22.729999542236328,40491700.0,12.520000457763672,13.680000305175781,12.5,12.989999771118164,53985600.0,316.0,317.17999267578125,305.25,310.5799865722656,5832600.0,3883.030029296875,3967.395263671875,3855.023681640625,3911.205322265625,34895127659.0,530.4600219726562,533.1699829101562,527.2999877929688,530.530029296875,28780400.0,13.569999694824219,14.25,13.239999771118164,13.8100004196167,0.0
2024-12-16,28.280000686645508,30.90999984741211,27.56999969482422,29.600000381469727,606500.0,104293.578125,107780.578125,103322.984375,106029.71875,91020417816.0,23.479999542236328,25.450000762939453,23.270000457763672,24.559999465942383,65027700.0,13.270000457763672,14.550000190734863,13.069999694824219,14.029999732971191,54388600.0,316.8999938964844,326.2300109863281,314.7699890136719,315.30999755859375,11461400.0,3951.65283203125,4106.95556640625,3882.705322265625,3987.48095703125,46536359669.0,533.0800170898438,539.1500244140625,533.0,538.1699829101562,31979900.0,14.369999885559082,14.6899995803833,13.989999771118164,14.6899995803833,0.0
2024-12-17,30.280000686645508,30.280000686645508,28.34600067138672,29.040000915527344,578200.0,106030.6875,108268.4453125,105291.734375,106140.6015625,68589364868.0,25.399999618530273,25.579999923706055,24.280000686645508,24.600000381469727,62399800.0,14.470000267028809,14.699999809265137,13.800000190734863,13.970000267028809,38468400.0,319.8299865722656,323.07000732421875,303.5,311.6400146484375,7440600.0,3987.333984375,4040.337890625,3849.28662109375,3886.76611328125,35418700472.0,536.3599853515625,537.47998046875,534.1300048828125,535.7999877929688,28579100.0,14.979999542236328,15.9399995803833,14.779999732971191,15.869999885559082,0.0
2024-12-18,28.649999618530273,29.606000900268555,25.43000030517578,25.889999389648438,943200.0,106147.296875,106470.609375,100041.5390625,100041.5390625,93865656139.0,24.049999237060547,24.850000381469727,21.31999969482422,21.610000610351562,54388400.0,13.699999809265137,13.989999771118164,11.649999618530273,11.949999809265137,41110600.0,308.0,312.1400146484375,275.80999755859375,279.8599853515625,12615200.0,3886.886962890625,3902.715576171875,3617.840576171875,3618.791259765625,48946681636.0,535.1500244140625,536.8800048828125,515.010009765625,516.469970703125,54703200.0,15.569999694824219,28.31999969482422,14.819999694824219,27.6200008392334,0.0
2024-12-19,27.09000015258789,27.1200008392334,24.239999771118164,24.450000762939453,738900.0,100070.6875,102748.1484375,95587.6796875,97490.953125,97221662392.0,22.559999465942383,22.90999984741211,19.8700008392334,20.3700008392334,47800000.0,12.680000305175781,12.720000267028809,11.125,11.1899995803833,28545800.0,290.6400146484375,295.4800109863281,268.8800048828125,273.9200134277344,11708600.0,3619.58203125,3717.662353515625,3330.87255859375,3417.927978515625,58879190250.0,521.1900024414062,521.760009765625,513.8300170898438,514.1699829101562,46441800.0,21.610000610351562,24.1200008392334,20.15999984741211,24.09000015258789,0.0
2024-12-20,24.049999237060547,25.270000457763672,23.851999282836914,24.8799991607666,428900.0,97484.6953125,98098.9140625,92175.1796875,97755.9296875,105634083408.0,19.8799991607666,20.68000030517578,19.75,19.959999084472656,55121700.0,10.920000076293945,11.699999809265137,10.789999961853027,11.550000190734863,34710000.0,266.1300048828125,281.739990234375,261.8699951171875,278.7099914550781,10009800.0,3417.93017578125,3496.327392578125,3098.20361328125,3472.553466796875,66383827229.0,510.44000244140625,524.8200073242188,509.2900085449219,518.6599731445312,60530000.0,24.139999389648438,26.510000228881836,17.81999969482422,18.360000610351562,0.0
2024-12-23,24.559999465942383,24.59000015258789,23.360000610351562,23.65999984741211,324000.0,95099.390625,96416.2109375,92403.1328125,94686.2421875,65239002919.0,19.979999542236328,20.06999969482422,19.020000457763672,19.25,28961000.0,11.390000343322754,11.460000038146973,10.6899995803833,10.800000190734863,23451100.0,274.5199890136719,275.3299865722656,263.07000732421875,268.1499938964844,6853500.0,3277.51416015625,3461.52783203125,3217.36865234375,3415.785400390625,34496081389.0,519.5499877929688,523.25,516.1300048828125,522.8699951171875,29672800.0,18.09000015258789,20.020000457763672,16.739999771118164,16.780000686645508,0.0
2024-12-24,24.540000915527344,25.3700008392334,24.049999237060547,25.350000381469727,289300.0,94684.34375,99404.0625,93448.015625,98676.09375,47114953674.0,19.809999465942383,20.270000457763672,19.559999465942383,20.149999618530273,20546500.0,11.239999771118164,11.729999542236328,11.09000015258789,11.670000076293945,13445800.0,273.2200012207031,284.0,271.8599853515625,279.6199951171875,4805100.0,3415.738037109375,3535.857666015625,3355.609130859375,3492.0498046875,23083678195.0,524.8300170898438,530.0499877929688,524.1900024414062,529.9600219726562,17558200.0,16.969999313354492,17.040000915527344,14.270000457763672,14.270000457763672,0.0
2024-12-26,24.700000762939453,25.219999313354492,24.440000534057617,24.850000381469727,265000.0,99297.6953125,99884.5703125,95137.8828125,95795.515625,47054980873.0,19.860000610351562,20.0,19.260000228881836,19.299999237060547,22621200.0,11.449999809265137,11.755000114440918,11.220000267028809,11.550000190734863,13954200.0,275.5799865722656,279.239990234375,271.3900146484375,274.4100036621094,4410400.0,3493.30419921875,3512.6044921875,3302.306396484375,3331.225830078125,22247726776.0,528.3200073242188,531.239990234375,526.3099975585938,529.5999755859375,19090500.0,14.989999771118164,15.930000305175781,14.550000190734863,14.729999542236328,0.0
2024-12-27,24.81999969482422,25.0,23.3799991607666,23.600000381469727,415500.0,95704.9765625,97294.84375,93310.7421875,94164.859375,52419934565.0,19.399999618530273,19.40999984741211,18.350000381469727,18.440000534057617,26370200.0,11.529999732971191,11.609999656677246,10.829999923706055,10.989999771118164,17172300.0,274.20001220703125,274.25,263.2099914550781,265.7099914550781,5554000.0,3331.0537109375,3436.710693359375,3302.57568359375,3328.9169921875,24091627403.0,526.010009765625,526.4500122070312,517.8599853515625,522.5599975585938,33839600.0,15.380000114440918,18.450000762939453,15.289999961853027,15.949999809265137,0.0
2024-12-30,22.690000534057617,23.125,21.72100067138672,22.600000381469727,497400.0,93527.1953125,94903.3203125,91317.1328125,92643.2109375,56188003691.0,18.09000015258789,18.149999618530273,16.84000015258789,17.290000915527344,39377100.0,10.725000381469727,10.760000228881836,10.020000457763672,10.5,28036800.0,259.9800109863281,260.5,247.60000610351562,255.55999755859375,7727100.0,3349.5859375,3428.52734375,3298.804443359375,3356.392578125,26981583962.0,515.510009765625,519.3599853515625,511.8299865722656,515.6099853515625,34584000.0,17.209999084472656,19.219999313354492,16.440000534057617,17.399999618530273,0.0
2024-12-31,23.530000686645508,23.530000686645508,21.920000076293945,22.190000534057617,394100.0,92643.25,96090.6015625,91914.03125,93429.203125,43625106843.0,17.979999542236328,18.219999313354492,16.639999389648438,16.770000457763672,33064600.0,10.770000457763672,10.859999656677246,9.984999656677246,10.210000038146973,22608400.0,262.9700012207031,263.6600036621094,246.3699951171875,248.3000030517578,5414900.0,3356.394775390625,3444.396728515625,3311.41259765625,3332.53173828125,20845452085.0,516.9000244140625,517.6599731445312,510.260009765625,511.2300109863281,29117000.0,17.389999389648438,17.809999465942383,16.68000030517578,17.350000381469727,0.0
2025-01-02,22.979999542236328,24.0,22.450000762939453,23.200000762939453,483300.0,94416.2890625,97739.8203125,94201.5703125,96886.875,46009564411.0,17.469999313354492,18.219999313354492,16.969999313354492,17.209999084472656,39560100.0,10.489999771118164,10.960000038146973,10.210000038146973,10.460000038146973,23687000.0,256.4800109863281,262.30999755859375,251.0,257.2099914550781,6289500.0,3353.412109375,3493.4482421875,3348.35205078125,3451.392578125,22243574698.0,514.2999877929688,516.6400146484375,505.7099914550781,510.2300109863281,36389800.0,17.209999084472656,19.5,16.959999084472656,17.93000030517578,0.0
2025-01-03,23.229999542236328,25.75,23.149999618530273,25.729999542236328,651400.0,96881.7265625,98956.9140625,96034.6171875,98107.4296875,35611391163.0,17.329999923706055,19.729999542236328,17.190000534057617,19.639999389648438,46612500.0,10.5649995803833,12.390000343322754,10.449999809265137,12.34000015258789,40656400.0,259.8900146484375,271.5899963378906,258.5899963378906,270.6499938964844,5990800.0,3451.680908203125,3627.0556640625,3421.83154296875,3605.009765625,21877299255.0,513.3499755859375,519.6500244140625,512.530029296875,518.5800170898438,29059500.0,17.65999984741211,17.940000534057617,16.110000610351562,16.1299991607666,0.0
2025-01-06,26.309999465942383,26.719999313354492,25.809999465942383,26.149999618530273,914400.0,98314.953125,102482.875,97926.1484375,102078.0859375,51823432705.0,20.0,20.59000015258789,19.610000610351562,20.549999237060547,46138400.0,12.59000015258789,13.010000228881836,12.3149995803833,12.890000343322754,27593700.0,279.07000732421875,293.6000061035156,271.75,287.760009765625,10835000.0,3634.11376953125,3743.941650390625,3611.21435546875,3688.611328125,23973574043.0,524.02001953125,527.9199829101562,522.030029296875,524.5399780273438,36109700.0,16.770000457763672,16.8700008392334,15.710000038146973,16.040000915527344,0.0
2025-01-07,25.920000076293945,26.229999542236328,24.040000915527344,24.350000381469727,987500.0,102248.8515625,102712.484375,96132.875,96922.703125,58685738547.0,20.049999237060547,20.530000686645508,19.020000457763672,19.06999969482422,33898900.0,12.600000381469727,12.989999771118164,12.015000343322754,12.40999984741211,23285100.0,286.739990234375,287.5799865722656,260.239990234375,264.3299865722656,11614700.0,3688.34130859375,3701.10693359375,3358.08984375,3381.577392578125,32235312545.0,525.5900268554688,525.989990234375,513.280029296875,515.1799926757812,36690300.0,16.479999542236328,18.899999618530273,15.789999961853027,17.81999969482422,0.0
2025-01-08,23.780000686645508,24.030000686645508,22.5,23.149999618530273,697100.0,96924.1640625,97258.3203125,92525.84375,95043.5234375,63875859171.0,18.56999969482422,18.8799991607666,17.65999984741211,18.34000015258789,29108200.0,12.0600004196167,12.119999885559082,11.5,12.020000457763672,22053200.0,263.8800048828125,267.0,252.99000549316406,260.010009765625,5951100.0,3381.615478515625,3413.682861328125,3209.214599609375,3326.329345703125,34337730882.0,515.0800170898438,516.9199829101562,510.57000732421875,515.27001953125,30777800.0,17.90999984741211,19.5,17.3700008392334,17.700000762939453,0.0
2025-01-10,22.799999237060547,23.235000610351562,22.040000915527344,23.110000610351562,385400.0,92494.4921875,95770.609375,92250.09375,94701.453125,62058693684.0,18.040000915527344,18.170000076293945,17.420000076293945,17.860000610351562,27905400.0,11.760000228881836,12.079999923706055,11.489999771118164,12.0,20783500.0,257.7699890136719,261.8699951171875,248.0500030517578,258.7799987792969,5579200.0,3219.49658203125,3320.50048828125,3196.1103515625,3267.489990234375,26503845190.0,511.4800109863281,511.5799865722656,503.9200134277344,507.19000244140625,40532500.0,18.290000915527344,20.309999465942383,18.049999237060547,19.540000915527344,0.0
2025-01-13,21.850000381469727,22.329999923706055,21.40999984741211,22.219999313354492,553100.0,94488.890625,95837.0,89260.1015625,94516.5234375,72978998252.0,16.969999313354492,17.469999313354492,16.399999618530273,17.190000534057617,32866500.0,11.34000015258789,11.899999618530273,11.020000457763672,11.770000457763672,22636200.0,246.97999572753906,251.80999755859375,240.77000427246094,251.1999969482422,7019500.0,3266.095458984375,3335.193603515625,2920.5927734375,3135.499755859375,39911742769.0,501.20001220703125,506.0199890136719,499.70001220703125,505.55999755859375,31694200.0,21.18000030517578,22.040000915527344,19.149999618530273,19.190000534057617,0.0
2025-01-14,23.450000762939453,23.860000610351562,22.690000534057617,23.06999969482422,399100.0,94519.0078125,97352.6640625,94322.15625,96534.046875,53769675818.0,17.940000534057617,18.1299991607666,16.940000534057617,17.360000610351562,31584000.0,12.25,12.699999809265137,11.930000305175781,12.239999771118164,27050800.0,261.7300109863281,263.0,251.0,255.3699951171875,5704100.0,3135.670166015625,3254.75146484375,3126.805908203125,3223.6845703125,22847737224.0,508.739990234375,510.1600036621094,501.5899963378906,505.0799865722656,33737200.0,18.790000915527344,19.65999984741211,18.239999771118164,18.709999084472656,0.0
2025-01-15,24.270000457763672,24.950000762939453,23.829999923706055,24.56999969482422,478200.0,96534.046875,100697.234375,96501.640625,100504.4921875,57805923627.0,18.1299991607666,18.6200008392334,17.850000381469727,18.149999618530273,38818600.0,12.760000228881836,13.59000015258789,12.670000076293945,13.460000038146973,34406300.0,266.8699951171875,278.32000732421875,264.44000244140625,274.92999267578125,9113900.0,3223.6845703125,3473.1015625,3186.139892578125,3450.53759765625,25991614661.0,513.030029296875,517.8499755859375,511.4599914550781,516.7000122070312,34957600.0,19.079999923706055,19.139999389648438,15.960000038146973,16.1200008392334,0.0
2025-01-16,24.459999084472656,24.899999618530273,23.979999542236328,24.600000381469727,327600.0,100505.296875,100781.5859375,97364.4453125,99756.90625,54103781805.0,18.059999465942383,18.559999465942383,17.75,18.299999237060547,29327600.0,13.324999809265137,13.628999710083008,12.960000038146973,13.289999961853027,23286000.0,274.0,285.0199890136719,268.1400146484375,281.6300048828125,6751100.0,3450.30517578125,3458.1806640625,3265.67578125,3308.34521484375,26395516475.0,518.97998046875,519.0599975585938,512.9500122070312,513.0800170898438,28229000.0,15.869999885559082,16.600000381469727,15.640000343322754,16.600000381469727,0.0
2025-01-17,25.719999313354492,26.56999969482422,25.209999084472656,25.3700008392334,459000.0,100025.765625,105884.2265625,99948.90625,104462.0390625,71888972663.0,19.229999542236328,20.979999542236328,18.959999084472656,19.90999984741211,88413300.0,13.869999885559082,14.430000305175781,13.329999923706055,13.390000343322754,35962100.0,292.0,300.3500061035156,289.3299865722656,295.4800109863281,11290100.0,3308.191162109375,3525.54345703125,3307.31103515625,3474.107177734375,28200207229.0,522.8499755859375,524.0700073242188,513.1099853515625,521.739990234375,51837900.0,16.190000534057617,16.229999542236328,15.529999732971191,15.970000267028809,0.0
2025-01-21,25.780000686645508,26.030000686645508,23.8700008392334,24.969999313354492,648400.0,102052.578125,107180.921875,100103.953125,106146.265625,88733878242.0,20.25,20.579999923706055,18.65999984741211,19.559999465942383,55287700.0,13.970000267028809,14.369999885559082,12.520000457763672,12.739999771118164,46327500.0,298.5199890136719,303.1000061035156,273.6199951171875,294.19000244140625,12912400.0,3278.43603515625,3365.778076171875,3202.49267578125,3327.40625,32804001146.0,524.47998046875,525.969970703125,520.0599975585938,524.7999877929688,23628000.0,16.290000915527344,16.290000915527344,14.930000305175781,15.0600004196167,0.0
2025-01-22,24.899999618530273,25.850000381469727,24.190000534057617,25.530000686645508,609900.0,106136.3828125,106294.34375,103360.265625,103653.0703125,53878181052.0,19.239999771118164,20.100000381469727,18.93000030517578,19.690000534057617,35787000.0,12.90999984741211,13.739999771118164,12.46500015258789,13.140000343322754,37663100.0,290.4599914550781,298.79998779296875,286.2799987792969,295.8500061035156,6668900.0,3327.2373046875,3364.74609375,3223.385986328125,3240.224609375,22171220981.0,529.5700073242188,533.8200073242188,529.260009765625,531.510009765625,33593000.0,14.890000343322754,15.289999961853027,14.59000015258789,15.100000381469727,0.0
2025-01-23,24.860000610351562,26.649999618530273,24.860000610351562,25.649999618530273,733600.0,103657.671875,106820.328125,101257.8046875,103960.171875,104104515428.0,19.219999313354492,20.84000015258789,19.059999465942383,19.950000762939453,49812400.0,12.829999923706055,14.539999961853027,12.75,12.989999771118164,65645900.0,289.739990234375,303.55999755859375,287.8999938964844,296.010009765625,11534800.0,3240.475341796875,3346.732421875,3184.06689453125,3334.714111328125,32419520084.0,529.0399780273438,532.760009765625,528.4500122070312,532.6400146484375,23096600.0,15.279999732971191,15.390000343322754,14.59000015258789,15.020000457763672,0.0
2025-01-24,26.06999969482422,27.344999313354492,25.639999389648438,26.219999313354492,407300.0,103965.671875,107098.546875,102772.125,104819.484375,52388229265.0,20.219999313354492,21.18000030517578,19.829999923706055,19.989999771118164,46490600.0,13.324999809265137,14.229999542236328,13.050000190734863,13.539999961853027,46786200.0,300.0,310.6099853515625,297.6199951171875,298.0,9763300.0,3334.808349609375,3424.89990234375,3277.3232421875,3309.554931640625,25578325671.0,533.02001953125,533.7899780273438,528.1500244140625,529.6300048828125,19878300.0,15.020000457763672,15.15999984741211,14.579999923706055,14.850000381469727,0.0
2025-01-27,23.6299991607666,23.75,20.020000457763672,20.780000686645508,1296800.0,102680.3046875,103214.109375,97795.9375,102087.6875,89006608428.0,18.84000015258789,19.280000686645508,17.5,18.290000915527344,40307700.0,12.59000015258789,12.630000114440918,11.071999549865723,11.449999809265137,56712600.0,283.70001220703125,289.7799987792969,265.20001220703125,277.989990234375,12238800.0,3235.855224609375,3250.396484375,3024.091552734375,3178.92041015625,39412486482.0,511.0,517.989990234375,510.1499938964844,514.2100219726562,60771700.0,18.829999923706055,22.510000228881836,17.56999969482422,17.899999618530273,0.0
2025-01-28,21.6299991607666,21.6299991607666,20.045000076293945,20.829999923706055,870800.0,102095.4140625,103730.8203125,100238.1875,101332.4765625,47180685494.0,18.5,18.579999923706055,17.860000610351562,18.260000228881836,23062100.0,11.65999984741211,11.699999809265137,10.75,10.949999809265137,37288700.0,280.5,284.8399963378906,276.0,281.82000732421875,4516600.0,3179.0869140625,3222.7373046875,3040.09228515625,3077.112548828125,20718206194.0,515.219970703125,523.0,511.7799987792969,521.8099975585938,33194200.0,18.290000915527344,18.389999389648438,16.25,16.40999984741211,0.0
2025-01-29,20.940000534057617,21.458999633789062,20.450000762939453,21.15999984741211,668400.0,101317.5234375,104750.8046875,101283.8203125,103703.2109375,47432049818.0,18.280000686645508,18.860000610351562,17.770000457763672,18.420000076293945,24935700.0,10.829999923706055,11.527999877929688,10.710000038146973,11.220000267028809,44705300.0,281.82000732421875,294.3800048828125,277.010009765625,291.0,6255900.0,3076.380126953125,3177.98046875,3055.181640625,3112.9990234375,22727786058.0,522.4600219726562,522.5900268554688,516.9000244140625,520.8300170898438,26649000.0,16.420000076293945,18.079999923706055,16.170000076293945,16.559999465942383,0.0
2025-01-30,21.65999984741211,22.790000915527344,21.65999984741211,22.5,716800.0,103709.3359375,106418.765625,103321.6484375,104735.3046875,41915744521.0,18.719999313354492,19.579999923706055,18.700000762939453,19.18000030517578,33297200.0,11.479999542236328,12.140000343322754,11.420000076293945,11.899999618530273,43478100.0,293.7099914550781,306.0,293.0199890136719,301.29998779296875,8637500.0,3113.289794921875,3282.986328125,3093.123779296875,3247.780029296875,19958405782.0,523.7100219726562,526.0999755859375,518.2100219726562,523.0499877929688,27431300.0,15.930000305175781,16.420000076293945,15.319999694824219,15.84000015258789,0.0
2025-01-31,23.1200008392334,23.920000076293945,22.34000015258789,22.549999237060547,623500.0,104737.5625,106026.3515625,101543.8828125,102405.0234375,45732764360.0,19.15999984741211,19.40999984741211,18.030000686645508,18.34000015258789,33483100.0,12.0,12.460000038146973,11.6899995803833,11.880000114440918,38259800.0,300.8599853515625,304.7300109863281,287.2200012207031,291.3299865722656,6514500.0,3247.8671875,3437.569091796875,3214.935546875,3298.26513671875,30128115902.0,526.9199829101562,531.52001953125,521.1900024414062,522.2899780273438,38755200.0,15.449999809265137,17.09000015258789,14.899999618530273,16.43000030517578,0.0
2025-02-03,20.600000381469727,23.030000686645508,20.579999923706055,22.690000534057617,578500.0,97681.1015625,102514.171875,91242.890625,101405.421875,115400897748.0,16.920000076293945,18.299999237060547,16.8700008392334,17.950000762939453,39377800.0,10.869999885559082,12.244999885559082,10.65999984741211,11.989999771118164,33672600.0,272.9800109863281,288.760009765625,269.29998779296875,284.4100036621094,9517700.0,2868.07861328125,2919.477294921875,2159.280517578125,2884.566650390625,92453553253.0,513.469970703125,520.8499755859375,511.04998779296875,518.1099853515625,40580800.0,20.360000610351562,20.420000076293945,17.65999984741211,18.6200008392334,0.0
2025-02-04,22.59000015258789,22.93000030517578,22.1299991607666,22.56999969482422,432500.0,101398.71875,101745.6171875,96208.109375,97871.8203125,73002130211.0,17.649999618530273,18.049999237060547,17.440000534057617,17.649999618530273,23501600.0,11.800000190734863,12.388999938964844,11.789999961853027,12.289999961853027,21638700.0,283.0,289.3900146484375,278.6300048828125,280.3900146484375,6013500.0,2883.818359375,2888.25,2636.165771484375,2735.05126953125,48795275985.0,518.6300048828125,525.1099853515625,518.22998046875,524.469970703125,26046800.0,18.780000686645508,19.110000610351562,16.780000686645508,17.209999084472656,0.0
2025-02-05,22.6200008392334,23.200000762939453,22.315000534057617,22.459999084472656,881300.0,97878.0078125,99113.2109375,96174.828125,96615.4453125,49125911241.0,17.84000015258789,17.940000534057617,17.020000457763672,17.030000686645508,24320000.0,12.390000343322754,12.545000076293945,11.699999809265137,11.739999771118164,23224100.0,283.6099853515625,285.760009765625,274.55999755859375,275.1400146484375,5344600.0,2735.225830078125,2824.400146484375,2701.10498046875,2787.779052734375,31960764447.0,521.8200073242188,527.010009765625,520.6199951171875,526.8499755859375,21134100.0,17.540000915527344,17.75,15.770000457763672,15.770000457763672,0.0
2025-02-06,22.739999771118164,23.709999084472656,22.299999237060547,22.760000228881836,1047500.0,96610.640625,99168.609375,95707.3515625,96593.296875,45302471947.0,17.25,17.549999237060547,16.540000915527344,16.799999237060547,27578500.0,11.760000228881836,12.050000190734863,11.3100004196167,11.609999656677246,18711800.0,279.5199890136719,284.6000061035156,269.0,270.3699951171875,6717700.0,2787.65869140625,2857.14208984375,2662.44580078125,2688.40087890625,29500645692.0,527.3599853515625,529.8099975585938,525.739990234375,529.5999755859375,19434500.0,15.880000114440918,16.149999618530273,14.989999771118164,15.5,0.0
2025-02-07,23.5,24.399999618530273,22.81999969482422,23.149999618530273,519000.0,96581.3203125,100154.140625,95653.8828125,96529.0859375,55741290456.0,17.31999969482422,17.860000610351562,16.510000228881836,16.770000457763672,34042500.0,11.970000267028809,12.40999984741211,11.479999542236328,11.640000343322754,35000600.0,274.04998779296875,282.57000732421875,271.75,274.489990234375,7885600.0,2688.8974609375,2798.02880859375,2564.96826171875,2622.211181640625,29526663418.0,530.1400146484375,532.0999755859375,522.1900024414062,522.9199829101562,29605500.0,15.380000114440918,16.65999984741211,14.789999961853027,16.540000915527344,0.0
2025-02-10,23.510000228881836,23.860000610351562,23.149999618530273,23.5,249200.0,96499.4609375,98333.21875,95320.84375,97437.5546875,40078962391.0,17.06999969482422,17.18000030517578,16.700000762939453,16.760000228881836,22214000.0,11.729999542236328,11.890000343322754,11.40999984741211,11.630000114440918,19491200.0,280.3999938964844,285.55999755859375,274.6000061035156,280.2200012207031,5521800.0,2628.650146484375,2692.80859375,2564.0185546875,2661.166748046875,19414208113.0,527.219970703125,530.3599853515625,526.75,529.25,20852800.0,16.579999923706055,16.610000610351562,15.699999809265137,15.8100004196167,0.0
2025-02-11,23.18000030517578,23.719999313354492,22.309999465942383,22.34000015258789,401900.0,97438.1328125,98492.8984375,94875.0390625,95747.4296875,37488783272.0,16.639999389648438,16.809999465942383,16.010000228881836,16.020000457763672,22148400.0,11.59000015258789,11.609999656677246,11.029999732971191,11.140000343322754,20138500.0,277.54998779296875,279.0,265.8299865722656,266.8999938964844,6915000.0,2661.315673828125,2724.90234375,2565.397216796875,2602.781982421875,21156550492.0,525.9600219726562,529.9199829101562,525.8300170898438,527.989990234375,19325500.0,16.1299991607666,16.420000076293945,15.75,16.020000457763672,0.0
2025-02-12,21.8799991607666,22.989999771118164,21.84000015258789,22.729999542236328,296900.0,95745.6953125,98151.0234375,94101.203125,97885.859375,49340445530.0,15.899999618530273,16.3700008392334,15.680000305175781,16.239999771118164,23647000.0,10.970000267028809,11.319999694824219,10.880000114440918,11.15999984741211,16135800.0,264.3900146484375,277.79998779296875,263.4800109863281,274.8999938964844,6362800.0,2602.828125,2794.867431640625,2551.174560546875,2736.902099609375,26919387954.0,522.2999877929688,529.1900024414062,521.9500122070312,528.2999877929688,25009400.0,15.90999984741211,17.18000030517578,15.640000343322754,15.890000343322754,0.0
2025-02-13,22.68000030517578,23.350000381469727,22.040000915527344,23.280000686645508,241500.0,97888.75,98111.0859375,95269.7109375,96623.8671875,37147280860.0,16.170000076293945,16.950000762939453,15.880000114440918,16.90999984741211,26889700.0,11.1850004196167,12.300000190734863,10.869999885559082,12.229999542236328,38501900.0,284.0,302.3999938964844,282.5,298.1099853515625,18900200.0,2737.028564453125,2756.443359375,2615.667724609375,2675.902587890625,19481004625.0,529.97998046875,536.219970703125,529.1900024414062,535.9000244140625,28714800.0,15.970000267028809,16.329999923706055,14.979999542236328,15.100000381469727,0.0
2025-02-14,23.360000610351562,23.768999099731445,23.135000228881836,23.399999618530273,220400.0,96623.3671875,98819.46875,96342.8046875,97508.96875,32697987277.0,16.989999771118164,17.299999237060547,16.649999618530273,16.899999618530273,25267900.0,12.154999732971191,12.479999542236328,12.024999618530273,12.270000457763672,21596500.0,288.0199890136719,291.54998779296875,274.0,274.30999755859375,19269700.0,2675.939453125,2790.023681640625,2666.26806640625,2726.091552734375,17732289901.0,536.010009765625,538.8400268554688,535.6699829101562,538.1500244140625,17862600.0,15.079999923706055,15.420000076293945,14.739999771118164,14.770000457763672,0.0
2025-02-18,23.3700008392334,23.540000915527344,22.684999465942383,22.84000015258789,342200.0,95773.8125,96695.375,93388.8359375,95539.546875,37325720482.0,16.739999771118164,16.790000915527344,15.920000076293945,16.049999237060547,26269900.0,12.149999618530273,12.210000038146973,11.369999885559082,11.5600004196167,22236100.0,278.79998779296875,279.17999267578125,260.5,264.6300048828125,11564800.0,2743.02294921875,2754.6767578125,2606.900390625,2669.3388671875,23004152928.0,539.72998046875,540.0,536.0399780273438,539.3699951171875,20565000.0,15.569999694824219,16.030000686645508,15.350000381469727,15.350000381469727,0.0
2025-02-19,22.90999984741211,23.520000457763672,22.739999771118164,22.780000686645508,195700.0,95532.53125,96855.59375,95011.96875,96635.609375,28990872862.0,16.18000030517578,16.40999984741211,15.760000228881836,15.779999732971191,20778000.0,11.649999618530273,11.989999771118164,11.520000457763672,11.5600004196167,15701400.0,265.760009765625,267.0,257.67999267578125,258.6700134277344,6813800.0,2669.21337890625,2735.917724609375,2656.375732421875,2715.77099609375,15272401903.0,538.5700073242188,540.8099975585938,536.4600219726562,539.52001953125,19666900.0,15.140000343322754,15.960000038146973,15.050000190734863,15.270000457763672,0.0
2025-02-20,23.040000915527344,23.059999465942383,21.865999221801758,22.489999771118164,247700.0,96632.6796875,98767.1953125,96442.671875,98333.9375,31668022771.0,16.040000915527344,16.200000762939453,15.5600004196167,15.949999809265137,21087400.0,11.78499984741211,12.010000228881836,11.40999984741211,11.600000381469727,23848000.0,260.6600036621094,262.25,250.3699951171875,256.5899963378906,6400700.0,2715.6826171875,2770.030517578125,2708.216064453125,2740.386474609375,15917259320.0,538.72998046875,539.0999755859375,532.4600219726562,537.22998046875,26550800.0,15.609999656677246,16.6299991607666,15.119999885559082,15.65999984741211,0.0
2025-02-21,22.770000457763672,23.31999969482422,20.450000762939453,20.520000457763672,665300.0,98340.671875,99497.96875,94852.9609375,96125.546875,49608706470.0,16.270000457763672,16.34000015258789,14.649999618530273,14.65999984741211,36080800.0,11.890000343322754,11.930000305175781,10.4399995803833,10.460000038146973,41016700.0,266.989990234375,267.79998779296875,234.75999450683594,235.3800048828125,17195500.0,2740.022216796875,2842.8271484375,2616.91943359375,2659.655517578125,31441524621.0,538.3800048828125,538.4000244140625,525.7100219726562,526.0800170898438,47093800.0,15.630000114440918,19.030000686645508,15.279999732971191,18.209999084472656,0.0
2025-02-24,20.639999389648438,20.639999389648438,18.75,19.200000762939453,614100.0,96277.9609375,96503.453125,91371.7421875,91418.171875,44046480529.0,14.600000381469727,14.649999618530273,13.680000305175781,13.890000343322754,38059000.0,10.600000381469727,10.625,9.84000015258789,9.989999771118164,41832300.0,239.13999938964844,240.24000549316406,223.60000610351562,227.07000732421875,12125000.0,2820.456298828125,2839.010009765625,2478.8994140625,2513.8212890625,29127380459.0,527.8800048828125,529.0700073242188,519.530029296875,519.8699951171875,39268400.0,18.079999923706055,20.239999771118164,17.309999465942383,18.979999542236328,0.0
2025-02-25,18.100000381469727,18.389999389648438,16.469999313354492,17.040000915527344,1091200.0,91437.1171875,92511.078125,86008.234375,88736.171875,92139104128.0,13.220000267028809,13.489999771118164,12.050000190734863,12.420000076293945,51032900.0,9.475000381469727,9.960000038146973,8.699999809265137,9.319999694824219,42441200.0,219.97000122070312,222.85000610351562,205.1199951171875,212.49000549316406,15192600.0,2514.2109375,2529.669189453125,2326.632080078125,2493.592529296875,40044790246.0,519.239990234375,519.3200073242188,509.44000244140625,513.3200073242188,48940000.0,19.09000015258789,21.479999542236328,18.850000381469727,19.43000030517578,0.0
2025-02-26,17.170000076293945,17.888999938964844,16.889999389648438,17.219999313354492,555300.0,88638.890625,89286.25,82131.8984375,84347.0234375,64597492134.0,12.260000228881836,12.869999885559082,12.210000038146973,12.449999809265137,41577400.0,9.220000267028809,9.600000381469727,8.710000038146973,8.9399995803833,30806300.0,212.6300048828125,218.57000732421875,207.99000549316406,212.9600067138672,7871600.0,2493.381591796875,2503.422119140625,2255.054931640625,2331.45263671875,28815111323.0,515.530029296875,519.6599731445312,511.3699951171875,514.5599975585938,34457600.0,18.959999084472656,20.059999465942383,17.829999923706055,19.100000381469727,0.0
2025-02-27,18.31999969482422,18.899999618530273,16.84000015258789,16.889999389648438,860700.0,84076.859375,87000.78125,83144.9609375,84704.2265625,52659591954.0,14.210000038146973,14.850000381469727,13.0600004196167,13.130000114440918,90411900.0,9.479999542236328,9.720000267028809,8.600000381469727,8.65999984741211,33221600.0,218.1300048828125,221.5800018310547,207.7899932861328,208.3699951171875,8082400.0,2331.51025390625,2378.08740234375,2230.4482421875,2305.484375,24286213447.0,518.1300048828125,519.0700073242188,500.04998779296875,500.2699890136719,52448000.0,18.25,21.469999313354492,17.670000076293945,21.1299991607666,0.0
2025-02-28,16.510000228881836,17.959999084472656,16.450000762939453,17.81999969482422,728800.0,84705.625,85036.3203125,78248.9140625,84373.0078125,83610570576.0,12.970000267028809,14.550000190734863,12.920000076293945,13.920000076293945,63390300.0,8.600000381469727,9.289999961853027,8.520000457763672,9.279999732971191,26442900.0,205.27000427246094,216.44000244140625,201.10000610351562,215.6199951171875,9031200.0,2305.56005859375,2310.94921875,2076.169921875,2237.9052734375,35737904667.0,500.1300048828125,508.7799987792969,496.92999267578125,508.1700134277344,47654000.0,21.209999084472656,22.399999618530273,19.049999237060547,19.6299991607666,0.0
2025-03-03,19.18000030517578,19.420000076293945,16.360000610351562,16.5,1353700.0,94248.421875,94429.75,85081.3046875,86065.671875,70072228536.0,15.319999694824219,15.59000015258789,13.520000457763672,13.789999961853027,70463900.0,10.0600004196167,10.149999618530273,8.720000267028809,8.859999656677246,36222500.0,232.22999572753906,233.39999389648438,203.44000244140625,205.75,15997800.0,2519.531005859375,2522.316650390625,2097.076171875,2145.573974609375,31473561910.0,511.5199890136719,513.0399780273438,493.5799865722656,497.04998779296875,44587200.0,19.829999923706055,24.309999465942383,19.25,22.780000686645508,0.0
2025-03-04,15.779999732971191,16.975000381469727,15.0600004196167,16.260000228881836,2252000.0,86064.0703125,88911.2734375,81529.2421875,87222.1953125,68095241474.0,13.239999771118164,14.819999694824219,13.119999885559082,13.970000267028809,59643700.0,8.600000381469727,8.829999923706055,7.949999809265137,8.40999984741211,32149700.0,200.52000427246094,218.94000244140625,193.08999633789062,212.5500030517578,13060900.0,2145.65283203125,2220.358642578125,1996.767578125,2170.01513671875,33935738380.0,494.17999267578125,503.739990234375,487.739990234375,495.54998779296875,67875400.0,22.959999084472656,26.350000381469727,21.709999084472656,23.510000228881836,0.0
2025-03-05,16.6200008392334,17.204999923706055,16.204999923706055,17.200000762939453,1156200.0,87222.953125,90998.2421875,86379.7734375,90623.5625,50498988027.0,14.270000457763672,15.239999771118164,13.770000457763672,15.119999885559082,49178600.0,8.65999984741211,8.920000076293945,8.425000190734863,8.880000114440918,20823600.0,214.88999938964844,223.14999389648438,208.0,222.4499969482422,9581600.0,2169.98681640625,2272.79736328125,2156.099365234375,2241.977294921875,22105432727.0,496.20001220703125,503.6300048828125,491.260009765625,502.010009765625,46323700.0,23.030000686645508,24.84000015258789,21.3700008392334,21.93000030517578,0.0
2025-03-06,16.139999389648438,16.825000762939453,15.600000381469727,15.800000190734863,1319900.0,90622.359375,92804.9375,87852.140625,89961.7265625,47749810486.0,14.890000343322754,15.699999809265137,14.569999694824219,15.09000015258789,48365400.0,8.345000267028809,8.5600004196167,7.949999809265137,8.114999771118164,34444700.0,214.50999450683594,226.60000610351562,213.0,214.1699981689453,8405400.0,2241.906494140625,2319.396240234375,2177.677001953125,2202.476806640625,18509069102.0,493.69000244140625,498.5799865722656,486.20001220703125,488.20001220703125,57574300.0,22.600000381469727,25.920000076293945,22.389999389648438,24.8700008392334,0.0
2025-03-07,15.779999732971191,16.506999969482422,15.335000038146973,16.31999969482422,1394700.0,89963.28125,91191.046875,84717.6796875,86742.671875,65945677657.0,14.859999656677246,16.239999771118164,14.420000076293945,16.020000457763672,59542800.0,8.055000305175781,8.550000190734863,7.920000076293945,8.369999885559082,25133700.0,214.88999938964844,222.0500030517578,206.77000427246094,217.4499969482422,8615100.0,2202.498291015625,2254.232421875,2103.47265625,2138.987548828125,22425792863.0,487.1600036621094,493.2799987792969,480.5299987792969,491.7900085449219,54714700.0,24.850000381469727,26.559999465942383,23.09000015258789,23.3700008392334,0.0
2025-03-10,15.520000457763672,15.645000457763672,13.970000267028809,14.479999542236328,1171700.0,80597.1484375,83955.9296875,77420.59375,78532.0,54061099422.0,15.270000457763672,15.380000114440918,13.149999618530273,13.40999984741211,52093500.0,7.949999809265137,8.130000114440918,7.4120001792907715,7.559999942779541,25478500.0,205.0800018310547,206.83999633789062,176.85000610351562,179.22999572753906,18664100.0,2015.430419921875,2150.706298828125,1812.766845703125,1861.1513671875,35005066442.0,483.45001220703125,483.9700012207031,468.6600036621094,472.7300109863281,76668000.0,24.700000762939453,29.559999465942383,24.68000030517578,27.860000610351562,0.0
2025-03-11,14.59000015258789,15.3100004196167,14.09000015258789,15.079999923706055,895500.0,78523.875,83577.7578125,76624.25,82862.2109375,54702837196.0,13.529999732971191,13.640000343322754,12.710000038146973,13.319999694824219,39338900.0,7.630000114440918,7.860000133514404,7.239999771118164,7.71999979019165,20290000.0,186.0,195.69000244140625,183.3000030517578,191.69000244140625,11382200.0,1859.7777099609375,1961.7977294921875,1760.9417724609375,1919.844970703125,30898385863.0,472.3500061035156,478.80999755859375,467.010009765625,471.6000061035156,68760800.0,27.940000534057617,29.56999969482422,26.18000030517578,26.920000076293945,0.0
2025-03-12,15.59000015258789,15.75,14.630000114440918,15.289999961853027,1093000.0,82857.375,84358.578125,80635.25,83722.359375,40353484454.0,13.550000190734863,13.84000015258789,12.84000015258789,13.109999656677246,32587900.0,7.869999885559082,7.989999771118164,7.494999885559082,7.849999904632568,17212600.0,195.39999389648438,199.1999969482422,183.75,191.72999572753906,9616800.0,1919.664794921875,1954.5711669921875,1832.01904296875,1908.982666015625,22898872951.0,479.1600036621094,481.05999755859375,471.7900085449219,476.9200134277344,46971100.0,26.8799991607666,26.90999984741211,23.889999389648438,24.229999542236328,0.0
2025-03-13,15.239999771118164,15.350000381469727,14.470000267028809,14.569999694824219,735600.0,83724.921875,84301.6953125,79931.8515625,81066.703125,31412940153.0,13.239999771118164,13.270000457763672,12.130000114440918,12.15999984741211,30067900.0,7.849999904632568,7.880000114440918,7.25,7.309999942779541,18296900.0,188.6199951171875,188.85000610351562,177.11000061035156,177.49000549316406,9559400.0,1909.015380859375,1919.688232421875,1823.525390625,1862.9696044921875,17977225564.0,476.25,476.2799987792969,466.42999267578125,468.3399963378906,46563300.0,24.920000076293945,26.1299991607666,23.459999084472656,24.65999984741211,0.0
2025-03-14,15.010000228881836,15.489999771118164,14.779999732971191,15.300000190734863,515000.0,81066.9921875,85263.2890625,80797.5625,83969.1015625,29588112414.0,12.510000228881836,13.34000015258789,12.390000343322754,13.180000305175781,42035500.0,7.539999961853027,7.900000095367432,7.494999885559082,7.820000171661377,18915000.0,183.80999755859375,186.74000549316406,179.16000366210938,183.1199951171875,9454400.0,1862.9979248046875,1945.0914306640625,1861.10595703125,1909.467529296875,12122715282.0,473.7300109863281,480.55999755859375,473.1199951171875,479.6600036621094,43563000.0,24.350000381469727,24.360000610351562,21.479999542236328,21.770000457763672,0.0
2025-03-17,15.1850004196167,15.645999908447266,14.739999771118164,15.369999885559082,973200.0,82576.3359375,84725.328125,82492.15625,84075.6875,25092785558.0,13.119999885559082,13.319999694824219,12.569999694824219,12.970000267028809,31566300.0,7.690000057220459,8.0,7.570000171661377,7.760000228881836,19650100.0,182.0,193.24000549316406,180.77000427246094,188.9600067138672,7216500.0,1887.44921875,1951.6259765625,1880.484375,1927.0029296875,10436892087.0,479.6099853515625,485.8399963378906,477.79998779296875,482.7699890136719,41744400.0,22.889999389648438,22.950000762939453,20.31999969482422,20.510000228881836,0.0
2025-03-18,15.0600004196167,15.100000381469727,14.1899995803833,14.25,791300.0,84075.71875,84075.71875,81179.9921875,82718.5,24095774594.0,12.609999656677246,12.630000114440918,12.029999732971191,12.069999694824219,29973100.0,7.610000133514404,7.820000171661377,7.389999866485596,7.400000095367432,20641000.0,185.0,186.49000549316406,178.77999877929688,181.13999938964844,7408200.0,1927.0057373046875,1935.1820068359375,1872.5089111328125,1932.54345703125,10170844746.0,479.4100036621094,479.6099853515625,472.4100036621094,474.5400085449219,39072300.0,20.829999923706055,22.56999969482422,20.40999984741211,21.700000762939453,0.0
2025-03-19,14.4399995803833,15.489999771118164,14.42199993133545,15.199999809265137,823300.0,82718.8046875,87021.1875,82569.7265625,86854.2265625,34931960257.0,12.289999961853027,12.859999656677246,12.149999618530273,12.529999732971191,38724800.0,7.460000038146973,7.949999809265137,7.420000076293945,7.78000020980835,19017200.0,184.8300018310547,193.77999877929688,182.8000030517578,189.75,8194200.0,1932.5445556640625,2068.764404296875,1928.24951171875,2057.7490234375,20065206266.0,476.80999755859375,485.3299865722656,474.8699951171875,480.8900146484375,40430300.0,21.84000015258789,22.100000381469727,19.420000076293945,19.899999618530273,0.0
2025-03-20,15.010000228881836,15.579999923706055,14.779999732971191,14.979999542236328,397900.0,86872.953125,87443.265625,83647.1953125,84167.1953125,29028988961.0,12.369999885559082,13.109999656677246,12.329999923706055,12.5,31171800.0,7.710000038146973,8.128999710083008,7.650000095367432,7.760000228881836,19130500.0,185.88999938964844,193.92999267578125,185.8800048828125,190.3800048828125,6718000.0,2057.951171875,2067.483642578125,1952.2432861328125,1982.099853515625,13217865782.0,476.8800048828125,484.54998779296875,476.17999267578125,479.260009765625,36780500.0,19.520000457763672,21.170000076293945,19.299999237060547,19.799999237060547,0.0
2025-03-21,14.680000305175781,14.890000343322754,14.40999984741211,14.800000190734863,995500.0,84164.5390625,84782.2734375,83171.0703125,84043.2421875,19030452299.0,12.260000228881836,12.479999542236328,12.079999923706055,12.380000114440918,43101600.0,7.619999885559082,8.029999732971191,7.5,7.949999809265137,25519400.0,185.57000732421875,190.72000122070312,183.75,189.86000061035156,7344800.0,1981.85302734375,1994.8914794921875,1937.2115478515625,1964.8475341796875,9708125480.0,474.0799865722656,481.6099853515625,472.9100036621094,480.8399963378906,42234900.0,20.020000457763672,21.139999389648438,19.149999618530273,19.280000686645508,0.0
2025-03-24,15.350000381469727,16.389999389648438,15.333000183105469,16.309999465942383,927200.0,86070.9296875,88758.7265625,85541.1953125,87498.9140625,34582604933.0,12.84000015258789,14.640000343322754,12.8100004196167,14.609999656677246,52289300.0,8.210000038146973,8.729999542236328,8.15999984741211,8.720000267028809,29862700.0,197.5,203.25,194.4199981689453,203.0399932861328,9489500.0,2005.7183837890625,2101.9833984375,1978.7637939453125,2077.47900390625,14044912402.0,487.739990234375,491.510009765625,484.3999938964844,490.6600036621094,34567200.0,19.1299991607666,19.139999389648438,17.459999084472656,17.479999542236328,0.0
2025-03-25,16.25,16.280000686645508,15.484999656677246,15.649999618530273,651900.0,87512.8203125,88542.3984375,86346.078125,87471.703125,30005840049.0,14.539999961853027,14.6899995803833,13.920000076293945,14.25,38228200.0,8.75,8.829999923706055,8.329999923706055,8.510000228881836,30896700.0,202.1300048828125,206.92999267578125,198.33999633789062,204.22999572753906,7877700.0,2078.568115234375,2096.518310546875,2038.64453125,2067.76416015625,11735658914.0,491.3900146484375,493.6199951171875,490.4200134277344,493.4599914550781,26035200.0,17.579999923706055,17.770000457763672,17.020000457763672,17.149999618530273,0.0
2025-03-26,15.569999694824219,15.569999694824219,14.170000076293945,14.319999694824219,1319900.0,87460.234375,88292.15625,85861.453125,86900.8828125,26704046038.0,14.199999809265137,14.260000228881836,13.470000267028809,13.789999961853027,29926200.0,8.449999809265137,8.489999771118164,7.849999904632568,7.900000095367432,21054600.0,203.0,206.0,192.2899932861328,193.9499969482422,7113400.0,2067.5087890625,2078.369140625,1982.412353515625,2009.1893310546875,13178523590.0,492.29998779296875,493.1600036621094,482.82000732421875,484.3800048828125,34627100.0,17.229999542236328,19.06999969482422,16.969999313354492,18.329999923706055,0.0
2025-03-27,14.010000228881836,14.534000396728516,13.789999961853027,14.039999961853027,616700.0,86896.2578125,87786.7265625,85837.9375,87177.1015625,24413471941.0,13.520000457763672,14.09000015258789,13.260000228881836,13.640000343322754,22451800.0,7.75,8.180000305175781,7.659999847412109,7.769999980926514,21902000.0,192.97000122070312,195.3300018310547,187.8000030517578,188.5800018310547,5426300.0,2008.9405517578125,2037.3961181640625,1987.7177734375,2002.357421875,11593274543.0,482.4100036621094,486.5799865722656,480.25,481.6199951171875,33469800.0,18.360000610351562,19.280000686645508,17.950000762939453,18.690000534057617,0.0
2025-03-28,13.75,13.809000015258789,12.949999809265137,13.130000114440918,960900.0,87185.234375,87489.859375,83557.640625,84353.1484375,34198619509.0,13.4399995803833,13.4399995803833,12.350000381469727,12.470000267028809,35038100.0,7.659999847412109,7.757999897003174,7.289999961853027,7.409999847412109,22949400.0,185.72000122070312,186.7899932861328,172.99000549316406,173.92999267578125,10040200.0,2002.4105224609375,2015.454345703125,1863.0106201171875,1895.5029296875,18160526498.0,479.80999755859375,480.5199890136719,468.04998779296875,468.94000244140625,46363800.0,19.079999923706055,22.18000030517578,18.920000076293945,21.649999618530273,0.0
2025-03-31,12.670000076293945,12.850000381469727,12.279999732971191,12.770000457763672,744800.0,82336.0625,83870.125,81293.890625,82548.9140625,29004228247.0,11.949999809265137,11.960000038146973,11.289999961853027,11.5,33298300.0,7.119999885559082,7.25600004196167,6.869999885559082,7.119999885559082,21383800.0,169.3800048828125,173.5800018310547,163.52000427246094,172.22999572753906,7781300.0,1806.3165283203125,1852.5513916015625,1778.6922607421875,1823.47998046875,15765030938.0,461.9200134277344,469.8599853515625,457.3299865722656,468.9200134277344,53000300.0,24.110000610351562,24.799999237060547,21.670000076293945,22.280000686645508,0.0
2025-04-01,12.859999656677246,13.710000038146973,12.484999656677246,13.670000076293945,761300.0,82551.921875,85487.3671875,82429.359375,85169.171875,28175650319.0,11.649999618530273,11.920000076293945,11.050000190734863,11.84000015258789,35567800.0,7.170000076293945,7.599999904632568,6.989999771118164,7.539999961853027,21919700.0,172.82000732421875,176.0500030517578,168.5500030517578,174.52000427246094,5489700.0,1823.5623779296875,1926.302978515625,1820.350341796875,1905.491455078125,15001220420.0,467.29998779296875,473.6300048828125,464.4200134277344,472.70001220703125,41156200.0,22.059999465942383,23.520000457763672,21.579999923706055,21.770000457763672,0.0
2025-04-02,13.229999542236328,14.239999771118164,13.210000038146973,14.239999771118164,445900.0,85180.609375,88466.953125,82343.5390625,82485.7109375,47584398470.0,11.529999732971191,12.65999984741211,11.5,12.420000076293945,42127900.0,7.329999923706055,8.0600004196167,7.300000190734863,8.020000457763672,30412200.0,170.57000732421875,184.11000061035156,170.35000610351562,182.9499969482422,8208600.0,1905.484619140625,1951.1802978515625,1782.76025390625,1795.313232421875,22593742104.0,466.1199951171875,479.55999755859375,465.8599853515625,476.1499938964844,49894500.0,22.299999237060547,23.65999984741211,20.68000030517578,21.510000228881836,0.0
2025-04-03,12.819999694824219,13.25,12.6850004196167,12.75,460300.0,82487.4765625,83909.296875,81282.1015625,83102.828125,36852112080.0,11.350000381469727,11.600000381469727,11.170000076293945,11.229999542236328,26360300.0,7.275000095367432,7.5,7.199999809265137,7.300000190734863,18115900.0,168.5800018310547,172.02999877929688,164.64999389648438,170.75999450683594,9556200.0,1794.97607421875,1844.071044921875,1751.380859375,1815.63720703125,16450974373.0,456.44000244140625,460.07000732421875,450.1400146484375,450.6600036621094,70456300.0,26.3799991607666,30.020000457763672,24.93000030517578,30.020000457763672,0.0
2025-04-04,12.359999656677246,12.579999923706055,11.180000305175781,12.319999694824219,1010000.0,83100.25,84696.1484375,81670.75,83843.8046875,45157640207.0,10.979999542236328,11.359999656677246,9.8100004196167,11.300000190734863,44968400.0,7.079999923706055,7.190000057220459,6.400000095367432,7.139999866485596,20823400.0,166.02000427246094,167.5,147.1699981689453,160.5500030517578,14570800.0,1815.60986328125,1833.956787109375,1760.588623046875,1815.335205078125,18061720814.0,438.1400146484375,440.3699951171875,422.6700134277344,422.6700134277344,117088400.0,30.1200008392334,45.61000061035156,29.989999771118164,45.310001373291016,0.0
2025-04-07,11.170000076293945,13.34000015258789,11.09000015258789,12.40999984741211,513800.0,78221.3359375,81119.0625,74436.6796875,79235.3359375,91262424987.0,10.119999885559082,12.270000457763672,9.850000381469727,11.260000228881836,44828000.0,6.5,7.75,6.385000228881836,7.110000133514404,26088000.0,146.0399932861328,167.39999389648438,142.5800018310547,157.27999877929688,13251700.0,1576.9498291015625,1634.0411376953125,1415.37353515625,1555.240966796875,46073959047.0,408.6600036621094,443.1400146484375,402.3900146484375,423.69000244140625,161557000.0,60.130001068115234,60.130001068115234,38.58000183105469,46.97999954223633,0.0
2025-04-08,13.130000114440918,13.270000457763672,11.229999542236328,11.489999771118164,359700.0,79218.4765625,80823.890625,76198.0234375,76271.953125,48314590749.0,11.859999656677246,11.920000076293945,10.1899995803833,10.520000457763672,34841600.0,7.429999828338623,7.429999828338623,6.300000190734863,6.539999961853027,23423600.0,165.1999969482422,167.8000030517578,147.35000610351562,151.47000122070312,11117400.0,1554.93212890625,1617.33984375,1447.610107421875,1472.5531005859375,21315312919.0,438.1600036621094,443.1400146484375,409.7900085449219,416.05999755859375,101248100.0,44.040000915527344,57.52000045776367,36.47999954223633,52.33000183105469,0.0
2025-04-09,11.4399995803833,13.350000381469727,11.119999885559082,13.0600004196167,711500.0,76273.5625,83541.0,74589.671875,82573.953125,84213627038.0,10.449999809265137,12.75,10.3100004196167,12.3100004196167,56429500.0,6.519999980926514,7.5,6.21999979019165,7.375,32597800.0,150.0800018310547,183.89999389648438,150.0800018310547,177.08999633789062,15258000.0,1472.6014404296875,1687.18798828125,1386.79931640625,1668.0400390625,39252195855.0,415.57000732421875,467.8299865722656,415.42999267578125,466.0,142876900.0,50.97999954223633,57.959999084472656,31.899999618530273,33.619998931884766,0.0
2025-04-10,12.539999961853027,12.654999732971191,11.675000190734863,12.010000228881836,295600.0,82565.9765625,82700.9296875,78456.1328125,79626.140625,44718000633.0,11.770000457763672,11.970000267028809,11.0,11.739999771118164,33703600.0,7.099999904632568,7.159999847412109,6.605000019073486,6.789999961853027,18398400.0,168.5,173.82000732421875,159.11000061035156,169.6199951171875,11196300.0,1668.2017822265625,1669.3941650390625,1474.9141845703125,1522.518798828125,21379604307.0,453.55999755859375,455.5899963378906,432.6300048828125,446.17999267578125,108384100.0,34.439998626708984,54.869998931884766,34.439998626708984,40.720001220703125,0.0
2025-04-11,12.170000076293945,12.630000114440918,11.979999542236328,12.520000457763672,347000.0,79625.046875,84247.4765625,78936.3203125,83404.8359375,41656778779.0,11.890000343322754,12.619999885559082,11.729999542236328,12.510000228881836,34927200.0,6.849999904632568,7.117000102996826,6.75,7.059999942779541,14522400.0,171.3000030517578,178.0,167.0,175.5,7769300.0,1522.4730224609375,1587.53857421875,1505.001953125,1567.1497802734375,14871838813.0,444.6499938964844,455.7900085449219,441.3299865722656,454.3999938964844,52483800.0,40.79999923706055,46.119998931884766,36.849998474121094,37.560001373291016,0.0
2025-04-14,13.149999618530273,13.149999618530273,12.4399995803833,12.699999809265137,417900.0,83694.5234375,85785.0,83690.640625,84542.390625,34090769777.0,12.899999618530273,13.449999809265137,12.600000381469727,12.949999809265137,35548900.0,7.340000152587891,7.389999866485596,6.909999847412109,7.010000228881836,28604300.0,180.5,182.38999938964844,172.00999450683594,176.5800018310547,6427100.0,1596.8818359375,1689.8575439453125,1596.0865478515625,1622.7698974609375,16518325094.0,464.4599914550781,465.04998779296875,452.6300048828125,457.4800109863281,43941200.0,34.7599983215332,35.16999816894531,29.75,30.889999389648438,0.0
2025-04-15,12.710000038146973,12.710000038146973,11.699999809265137,11.979999542236328,595000.0,84539.6953125,86429.3515625,83598.8203125,83668.9921875,28040322885.0,13.0600004196167,13.15999984741211,12.180000305175781,12.579999923706055,31020400.0,6.980000019073486,7.090000152587891,6.510000228881836,6.550000190734863,24971800.0,177.74000549316406,179.77000427246094,172.3000030517578,175.57000732421875,5369500.0,1622.7718505859375,1659.836181640625,1585.2291259765625,1588.6324462890625,13175452875.0,458.5400085449219,462.3800048828125,456.1499938964844,457.989990234375,35404200.0,30.010000228881836,31.450000762939453,28.290000915527344,30.1200008392334,0.0
2025-04-16,11.699999809265137,12.119999885559082,11.5600004196167,11.90999984741211,401600.0,83674.5078125,85428.28125,83100.6171875,84033.8671875,29617804112.0,12.260000228881836,12.6899995803833,12.050000190734863,12.319999694824219,24621400.0,6.420000076293945,6.53000020980835,6.199999809265137,6.360000133514404,34267400.0,170.5,174.8000030517578,168.5,172.2100067138672,5226700.0,1589.031005859375,1610.7821044921875,1540.0338134765625,1578.1053466796875,15339621551.0,449.0299987792969,452.6199951171875,437.760009765625,444.17999267578125,48980600.0,33.2400016784668,34.959999084472656,29.479999542236328,32.63999938964844,0.0
2025-04-17,11.869999885559082,12.09000015258789,11.59000015258789,12.039999961853027,494400.0,84030.671875,85449.0703125,83749.75,84895.75,21276866029.0,12.34000015258789,12.670000076293945,12.029999732971191,12.65999984741211,19415500.0,6.389999866485596,6.46999979019165,6.190000057220459,6.460000038146973,20974700.0,172.60000610351562,177.5,171.3000030517578,175.02999877929688,5125300.0,1578.01416015625,1615.306884765625,1564.1956787109375,1582.54833984375,11312160796.0,447.1700134277344,447.75,441.3599853515625,444.1000061035156,44837000.0,30.790000915527344,32.54999923706055,29.56999969482422,29.649999618530273,0.0
2025-04-21,12.0600004196167,12.359999656677246,11.739999771118164,11.739999771118164,534200.0,85171.5390625,88460.09375,85143.8359375,87518.90625,41396190190.0,12.869999885559082,13.109999656677246,12.180000305175781,12.289999961853027,32418000.0,6.489999771118164,6.670000076293945,6.255000114440918,6.289999961853027,27824400.0,175.10000610351562,177.97999572753906,171.41000366210938,175.0,5054700.0,1587.4609375,1656.11962890625,1566.1474609375,1579.7344970703125,15403785611.0,438.2300109863281,439.0799865722656,427.92999267578125,433.1099853515625,44149300.0,32.75,35.75,31.790000915527344,33.81999969482422,0.0
2025-04-22,12.09000015258789,13.270000457763672,12.09000015258789,13.100000381469727,1455500.0,87521.875,93817.3828125,87084.53125,93441.890625,55899038456.0,12.760000228881836,14.079999923706055,12.699999809265137,14.0600004196167,62449200.0,6.46999979019165,7.190000057220459,6.440000057220459,7.119999885559082,39942700.0,178.7899932861328,193.49000549316406,178.39999389648438,190.0,12807000.0,1579.815185546875,1773.63916015625,1542.0003662109375,1757.3316650390625,23747917555.0,438.82000732421875,447.5799865722656,437.6199951171875,444.4800109863281,52304400.0,32.61000061035156,32.68000030517578,30.079999923706055,30.56999969482422,0.0
2025-04-23,13.899999618530273,14.079999923706055,13.359999656677246,13.510000228881836,1093100.0,93427.5859375,94535.734375,91962.9609375,93699.109375,41719568821.0,14.600000381469727,14.770000457763672,13.949999809265137,14.130000114440918,42139200.0,7.429999828338623,7.829999923706055,7.400000095367432,7.5,40070500.0,197.75,200.8000030517578,191.52000427246094,194.8000030517578,9870200.0,1757.196533203125,1829.7099609375,1746.924072265625,1796.104248046875,22904644756.0,458.1700134277344,463.3800048828125,452.8800048828125,454.55999755859375,55801100.0,28.75,30.290000915527344,27.110000610351562,28.450000762939453,0.0
2025-04-24,13.479999542236328,14.119999885559082,13.399999618530273,14.0600004196167,585000.0,93692.3984375,94016.1953125,91696.7109375,93943.796875,31483175315.0,13.90999984741211,14.3100004196167,13.859999656677246,14.010000228881836,29150200.0,7.440000057220459,7.860000133514404,7.329999923706055,7.789999961853027,24749800.0,193.4199981689453,204.2100067138672,193.10000610351562,203.8699951171875,6840600.0,1795.9794921875,1801.69140625,1724.74072265625,1769.8316650390625,15207402759.0,456.4800109863281,467.6600036621094,455.8299865722656,467.3500061035156,45956100.0,28.690000534057617,29.65999984741211,26.360000610351562,26.469999313354492,0.0
2025-04-25,14.220000267028809,14.75,14.039999961853027,14.5600004196167,860900.0,93954.25,95768.390625,92898.59375,94720.5,40915232364.0,14.279999732971191,14.600000381469727,14.020000457763672,14.300000190734863,31608600.0,7.900000095367432,8.050000190734863,7.710000038146973,7.769999980926514,28068900.0,205.57000732421875,211.6199951171875,203.74000549316406,209.63999938964844,8060900.0,1770.003662109375,1826.696044921875,1740.3319091796875,1786.634521484375,17459399281.0,466.9700012207031,473.0899963378906,465.3900146484375,472.55999755859375,38697100.0,26.219999313354492,27.200000762939453,24.84000015258789,24.84000015258789,0.0
2025-04-28,14.640000343322754,14.640000343322754,13.789999961853027,14.329999923706055,612300.0,93755.3046875,95598.4921875,92860.8046875,94978.75,32363449569.0,14.399999618530273,14.489999771118164,13.449999809265137,14.010000228881836,30247100.0,7.809999942779541,7.840000152587891,7.340000152587891,7.630000114440918,30193100.0,208.1999969482422,208.77999877929688,197.4199981689453,205.27000427246094,7624200.0,1792.4461669921875,1827.4822998046875,1747.726806640625,1798.851806640625,17043640437.0,473.0299987792969,474.80999755859375,466.0299987792969,472.4100036621094,33550800.0,25.75,26.93000030517578,24.700000762939453,25.149999618530273,0.0
2025-04-29,14.229999542236328,14.369999885559082,14.0,14.1899995803833,427800.0,94981.859375,95485.4140625,93796.6328125,94284.7890625,25806129921.0,14.010000228881836,14.479999542236328,13.960000038146973,14.220000267028809,37502700.0,7.590000152587891,7.610000133514404,7.244999885559082,7.420000076293945,43903400.0,205.3000030517578,207.39999389648438,203.13999938964844,206.1300048828125,4254900.0,1798.9122314453125,1842.0330810546875,1782.28125,1799.1756591796875,14734257744.0,470.1700134277344,476.4200134277344,469.5899963378906,475.5299987792969,30613100.0,24.760000228881836,25.989999771118164,23.760000228881836,24.170000076293945,0.0
2025-04-30,13.699999809265137,13.729999542236328,13.135000228881836,13.680000305175781,435000.0,94286.46875,95249.3203125,92979.640625,94207.3125,28344679831.0,13.850000381469727,13.960000038146973,13.050000190734863,13.369999885559082,34872300.0,7.210000038146973,7.289999961853027,6.960000038146973,7.239999771118164,30845800.0,199.6699981689453,203.0399932861328,195.5500030517578,202.88999938964844,4769400.0,1799.2091064453125,1816.68994140625,1736.1429443359375,1793.775390625,14810431362.0,467.1300048828125,477.20001220703125,462.42999267578125,475.4700012207031,46810600.0,24.350000381469727,28.170000076293945,24.229999542236328,24.700000762939453,0.0
2025-05-01,14.390000343322754,14.90999984741211,14.140000343322754,14.59000015258789,904700.0,94212.859375,97437.9609375,94153.6328125,96492.3359375,32875889623.0,13.930000305175781,14.65999984741211,13.600000381469727,14.050000190734863,61180700.0,7.489999771118164,7.96999979019165,7.400000095367432,7.769999980926514,43539500.0,208.4600067138672,208.75,201.16000366210938,201.3000030517578,6243200.0,1794.041015625,1872.9395751953125,1793.151123046875,1839.2215576171875,15861442721.0,483.4100036621094,487.17999267578125,480.739990234375,481.67999267578125,43316500.0,23.940000534057617,25.18000030517578,23.299999237060547,24.600000381469727,0.0
2025-05-02,14.859999656677246,15.369999885559082,14.729999542236328,14.970000267028809,620200.0,96494.96875,97905.8984375,96375.9453125,96910.0703125,26421924677.0,14.119999885559082,14.960000038146973,14.0600004196167,14.479999542236328,56634900.0,7.889999866485596,8.8100004196167,7.869999885559082,8.390000343322754,53438700.0,204.6999969482422,209.0,202.36000061035156,204.92999267578125,6133300.0,1839.1748046875,1869.530029296875,1814.73046875,1842.7078857421875,13570171872.0,486.5400085449219,490.9100036621094,484.8299865722656,488.8299865722656,39218100.0,23.6299991607666,24.31999969482422,22.34000015258789,22.68000030517578,0.0
2025-05-05,14.510000228881836,14.529999732971191,14.0,14.260000228881836,790600.0,94319.5625,95193.1875,93566.265625,94748.0546875,25816260327.0,13.970000267028809,14.0600004196167,12.739999771118164,13.09000015258789,51812500.0,8.149999618530273,8.175000190734863,7.670000076293945,7.900000095367432,33472200.0,201.72999572753906,204.11000061035156,198.64999389648438,199.39999389648438,5108700.0,1808.7049560546875,1832.05078125,1783.3148193359375,1819.697509765625,11389336489.0,484.6000061035156,489.0299987792969,484.1000061035156,485.92999267578125,28309500.0,24.25,24.6299991607666,22.809999465942383,23.639999389648438,0.0
2025-05-06,13.949999809265137,14.609999656677246,13.899999618530273,14.539999961853027,596600.0,94748.3828125,96889.1796875,93399.859375,96802.4765625,26551275827.0,12.739999771118164,13.329999923706055,12.630000114440918,13.149999618530273,23009500.0,7.699999809265137,7.960000038146973,7.659999847412109,7.860000133514404,23708300.0,195.3800048828125,198.75999450683594,193.33999633789062,196.88999938964844,4672600.0,1819.7340087890625,1820.796630859375,1753.3154296875,1815.0875244140625,13206516310.0,479.55999755859375,485.04998779296875,478.19000244140625,481.4100036621094,32786300.0,23.969999313354492,25.110000610351562,23.899999618530273,24.760000228881836,0.0
2025-05-07,14.680000305175781,14.800000190734863,14.279999732971191,14.59000015258789,317100.0,96800.1953125,97625.8046875,95829.3359375,97032.3203125,76983822462.0,13.319999694824219,13.59000015258789,13.050000190734863,13.329999923706055,31516700.0,8.0,8.055000305175781,7.679999828338623,7.840000152587891,22582100.0,199.8300018310547,200.47999572753906,193.80999755859375,196.55999755859375,4825700.0,1815.0189208984375,1849.658447265625,1788.6873779296875,1811.606689453125,50540755039.0,482.0799865722656,485.79998779296875,476.7799987792969,483.29998779296875,38006300.0,24.559999465942383,25.6200008392334,23.290000915527344,23.549999237060547,0.0
2025-05-08,15.289999961853027,15.890000343322754,14.9399995803833,15.529999732971191,1143700.0,97034.25,103969.5390625,96913.875,103241.4609375,69895404397.0,13.989999771118164,14.5,13.760000228881836,14.289999961853027,49215700.0,8.199999809265137,8.6899995803833,8.079999923706055,8.4399995803833,30927100.0,205.30999755859375,210.47000122070312,202.80999755859375,206.5,14390000.0,1811.54638671875,2222.20556640625,1809.4569091796875,2206.5146484375,37777245241.0,488.5299987792969,492.70001220703125,484.1700134277344,488.2900085449219,39577600.0,22.84000015258789,23.610000610351562,21.8799991607666,22.479999542236328,0.0
2025-05-09,15.479999542236328,16.204999923706055,15.140000343322754,15.550000190734863,800500.0,103239.125,104297.4921875,102343.09375,102970.8515625,58198593958.0,14.130000114440918,16.149999618530273,14.069999694824219,15.760000228881836,86525400.0,8.520000457763672,8.890000343322754,8.260000228881836,8.479999542236328,32559800.0,204.52000427246094,214.1300048828125,198.77000427246094,199.32000732421875,16384200.0,2206.128173828125,2486.0068359375,2186.054443359375,2345.50732421875,43766026875.0,490.2099914550781,491.5400085449219,486.20001220703125,487.9700012207031,27767400.0,22.399999618530273,22.81999969482422,21.829999923706055,21.899999618530273,0.0
2025-05-12,16.489999771118164,16.850000381469727,16.03499984741211,16.34000015258789,1206200.0,104106.9609375,105747.453125,100814.40625,102812.953125,63250475404.0,16.440000534057617,16.690000534057617,15.579999923706055,15.949999809265137,58400300.0,9.020000457763672,9.119999885559082,8.475000381469727,8.699999809265137,29993500.0,208.94000244140625,213.60000610351562,205.61000061035156,207.22000122070312,14944200.0,2510.289306640625,2620.897216796875,2411.594482421875,2496.397705078125,32121858921.0,506.989990234375,507.8900146484375,501.4800109863281,507.8500061035156,45090600.0,19.84000015258789,20.440000534057617,18.139999389648438,18.389999389648438,0.0
2025-05-13,16.729999542236328,17.290000915527344,16.489999771118164,17.200000762939453,847900.0,102812.4921875,104997.421875,101515.09375,104169.8125,52608876410.0,16.309999465942383,16.6299991607666,15.800000190734863,16.3700008392334,48425700.0,8.880000114440918,9.09000015258789,8.630000114440918,9.0600004196167,32790200.0,231.7100067138672,260.4200134277344,231.49000549316406,256.8999938964844,39119000.0,2496.33740234375,2736.89013671875,2418.32568359375,2680.129638671875,33528741590.0,509.1600036621094,517.3900146484375,508.4200134277344,515.5900268554688,53269600.0,18.690000534057617,18.850000381469727,17.649999618530273,18.219999313354492,0.0
2025-05-14,17.260000228881836,17.420000076293945,16.809999465942383,16.950000762939453,862500.0,104167.328125,104303.5625,102618.296875,103539.4140625,45956071155.0,16.34000015258789,16.43000030517578,15.770000457763672,15.869999885559082,30663200.0,9.029999732971191,9.0600004196167,8.800000190734863,8.90999984741211,20643300.0,256.8599853515625,264.489990234375,253.5500030517578,263.4100036621094,18344700.0,2680.26220703125,2721.949951171875,2549.68505859375,2610.063232421875,26602676588.0,516.77001953125,519.22998046875,515.75,518.6799926757812,47014500.0,18.100000381469727,18.81999969482422,18.059999465942383,18.6200008392334,0.0
2025-05-15,16.610000610351562,16.690000534057617,15.819999694824219,16.56999969482422,918600.0,103538.828125,104153.6171875,101440.8125,103744.640625,50408241840.0,15.5600004196167,15.890000343322754,15.25,15.680000305175781,28710300.0,8.729999542236328,8.800000190734863,8.392000198364258,8.699999809265137,28851800.0,256.5,257.8500061035156,240.0,244.44000244140625,25917200.0,2610.02783203125,2645.07421875,2482.212890625,2546.85693359375,26637688883.0,516.52001953125,521.9299926757812,515.1699829101562,519.25,50153300.0,19.190000534057617,19.3799991607666,17.770000457763672,17.829999923706055,0.0
2025-05-16,16.6200008392334,18.09000015258789,16.6200008392334,18.0,991600.0,103735.65625,104533.484375,103137.4765625,103489.2890625,44386499364.0,15.75,16.59000015258789,15.680000305175781,16.209999084472656,40908200.0,8.710000038146973,9.470000267028809,8.710000038146973,9.149999618530273,36915500.0,249.75999450683594,270.45001220703125,248.8300018310547,266.4599914550781,72627500.0,2547.058349609375,2645.60791015625,2532.027099609375,2536.297607421875,21298907763.0,520.6599731445312,521.7000122070312,517.0999755859375,521.510009765625,48394600.0,17.959999084472656,17.959999084472656,17.149999618530273,17.239999771118164,0.0
2025-05-19,17.31999969482422,18.149999618530273,17.149999618530273,18.1299991607666,702900.0,106430.53125,107068.71875,102112.6875,105606.1796875,61761126647.0,15.720000267028809,16.389999389648438,15.5600004196167,16.31999969482422,35229100.0,8.819999694824219,9.067999839782715,8.6850004196167,8.970000267028809,21131800.0,259.7799987792969,267.6000061035156,259.70001220703125,263.989990234375,12437600.0,2498.800048828125,2545.461181640625,2353.427001953125,2529.166748046875,27351331811.0,514.239990234375,522.530029296875,514.239990234375,522.010009765625,52536200.0,19.84000015258789,19.920000076293945,17.920000076293945,18.139999389648438,0.0
2025-05-20,18.110000610351562,18.170000076293945,17.450000762939453,17.989999771118164,451800.0,105605.40625,107307.1171875,104206.515625,106791.0859375,36515726122.0,16.229999542236328,16.299999237060547,15.720000267028809,16.190000534057617,34242600.0,8.90999984741211,8.989999771118164,8.654999732971191,8.930000305175781,20156500.0,265.1199951171875,265.3599853515625,257.25,261.3800048828125,8624600.0,2529.135009765625,2585.619873046875,2446.44677734375,2524.173095703125,23453322578.0,519.469970703125,520.9299926757812,516.6599731445312,520.27001953125,42517600.0,18.459999084472656,18.68000030517578,17.700000762939453,18.09000015258789,0.0
2025-05-21,17.639999389648438,18.639999389648438,17.420000076293945,17.75,1158000.0,106791.3125,110724.4609375,106127.234375,109678.078125,78086364051.0,16.15999984741211,17.219999313354492,15.65999984741211,15.84000015258789,75135700.0,8.850000381469727,9.319999694824219,8.720000267028809,8.84000015258789,37772900.0,260.20001220703125,270.3800048828125,257.75,258.989990234375,11748000.0,2524.1591796875,2614.060791015625,2454.537841796875,2552.34716796875,31952904125.0,516.27001953125,523.0,511.239990234375,513.0399780273438,71292800.0,18.770000457763672,21.049999237060547,17.770000457763672,20.8700008392334,0.0
2025-05-22,18.440000534057617,18.829999923706055,17.81999969482422,18.110000610351562,677100.0,109673.4921875,111970.171875,109285.0703125,111673.28125,70157575642.0,16.690000534057617,17.239999771118164,15.640000343322754,15.649999618530273,84449400.0,9.1899995803833,9.520000457763672,8.829999923706055,8.9399995803833,40257200.0,265.1300048828125,277.010009765625,263.510009765625,271.95001220703125,15613700.0,2552.766845703125,2691.102294921875,2546.434814453125,2664.156982421875,26596978352.0,513.6599731445312,517.7100219726562,512.2999877929688,514.0,55607200.0,20.6200008392334,22.06999969482422,19.639999389648438,20.280000686645508,0.0
2025-05-23,17.469999313354492,17.93000030517578,17.270000457763672,17.610000610351562,736600.0,111679.359375,111798.90625,106841.3046875,107287.796875,67548133399.0,15.029999732971191,15.279999732971191,14.579999923706055,14.729999542236328,47232700.0,8.65999984741211,8.8100004196167,8.470000267028809,8.550000190734863,23067500.0,263.0,268.0400085449219,260.3399963378906,263.1600036621094,9290300.0,2664.08203125,2731.220703125,2504.87353515625,2526.44189453125,30536501878.0,506.17999267578125,511.8399963378906,505.5799865722656,509.239990234375,58368100.0,20.139999389648438,25.530000686645508,19.829999923706055,22.290000915527344,0.0
2025-05-27,18.190000534057617,18.350000381469727,17.7549991607666,18.239999771118164,683400.0,109440.40625,110744.2109375,107609.5546875,108994.640625,57450176272.0,15.220000267028809,16.600000381469727,15.199999809265137,16.440000534057617,66177800.0,8.854999542236328,9.194999694824219,8.670000076293945,9.140000343322754,40428200.0,269.0199890136719,270.1000061035156,264.6700134277344,266.3999938964844,7884500.0,2564.140869140625,2712.28515625,2512.588623046875,2663.06982421875,26264200536.0,516.1500244140625,521.7100219726562,514.5900268554688,521.219970703125,47226300.0,20.6299991607666,21.010000228881836,18.950000762939453,18.959999084472656,0.0
2025-05-28,18.200000762939453,18.200000762939453,17.15999984741211,17.270000457763672,1090800.0,108992.171875,109298.2890625,106812.9296875,107802.328125,49155377493.0,16.309999465942383,16.309999465942383,14.789999961853027,14.859999656677246,57658100.0,9.09000015258789,9.09000015258789,8.359999656677246,8.380000114440918,39052900.0,265.70001220703125,265.70001220703125,253.8000030517578,254.2899932861328,8305300.0,2663.01025390625,2688.7421875,2611.160888671875,2682.212890625,19087366068.0,522.1799926757812,523.6799926757812,518.3900146484375,518.9099731445312,46637200.0,19.209999084472656,19.43000030517578,18.68000030517578,19.309999465942383,0.0
2025-05-29,17.65999984741211,17.65999984741211,16.829999923706055,16.899999618530273,1177800.0,107795.5703125,108910.046875,105374.3984375,105641.7578125,56022752042.0,15.210000038146973,15.229999542236328,14.510000228881836,14.609999656677246,26868600.0,8.489999771118164,8.489999771118164,8.09000015258789,8.180000305175781,31246500.0,258.7200012207031,258.94000244140625,246.75999450683594,248.83999633789062,7673400.0,2681.84326171875,2784.75244140625,2620.982666015625,2632.65478515625,27567479811.0,526.3300170898438,526.47998046875,517.3200073242188,519.9299926757812,58513300.0,18.25,20.200000762939453,18.110000610351562,19.18000030517578,0.0
2025-05-30,16.65999984741211,16.834999084472656,16.309999465942383,16.469999313354492,522100.0,105646.2109375,106308.9453125,103685.7890625,103998.5703125,57655287183.0,14.4399995803833,14.6899995803833,14.09000015258789,14.119999885559082,35164200.0,8.079999923706055,8.265000343322754,7.929999828338623,8.069999694824219,34036600.0,246.8699951171875,249.9600067138672,244.1300048828125,246.6199951171875,6070900.0,2632.8359375,2648.2607421875,2510.163818359375,2529.943603515625,24599403943.0,519.4400024414062,520.6799926757812,511.92999267578125,519.1099853515625,67662800.0,19.610000610351562,20.549999237060547,18.56999969482422,18.56999969482422,0.0
2025-06-02,16.530000686645508,17.23900032043457,16.530000686645508,17.200000762939453,908400.0,105649.8125,105958.3125,103727.546875,105881.53125,45819706290.0,14.020000457763672,14.430000305175781,13.930000305175781,14.359999656677246,36748700.0,8.0,8.489999771118164,7.989999771118164,8.479999542236328,34057100.0,247.4600067138672,249.86000061035156,240.91000366210938,246.72000122070312,6188000.0,2536.184814453125,2615.515625,2477.292724609375,2607.097412109375,16744168824.0,517.239990234375,523.4500122070312,515.969970703125,523.2100219726562,44762800.0,19.809999465942383,20.450000762939453,18.360000610351562,18.360000610351562,0.0
2025-06-03,17.399999618530273,18.030000686645508,17.139999389648438,17.920000076293945,394600.0,105888.4765625,106813.578125,104920.84375,105432.46875,46196508367.0,14.470000267028809,15.550000190734863,14.279999732971191,15.329999923706055,49904400.0,8.550000190734863,9.09000015258789,8.489999771118164,9.029999732971191,42216800.0,248.38999938964844,260.6000061035156,246.22000122070312,258.9100036621094,9946400.0,2607.197509765625,2652.418701171875,2582.25048828125,2593.2802734375,18291179016.0,523.5599975585938,528.739990234375,522.6900024414062,527.2999877929688,44070300.0,18.829999923706055,19.209999084472656,17.639999389648438,17.690000534057617,0.0
2025-06-04,17.90999984741211,19.360000610351562,17.899999618530273,19.190000534057617,556200.0,105434.3671875,105997.6953125,104232.703125,104731.984375,44544857105.0,15.020000457763672,15.789999961853027,14.920000076293945,15.670000076293945,50856400.0,8.960000038146973,9.640000343322754,8.899999618530273,9.5,39116400.0,257.5199890136719,261.57000732421875,254.33999633789062,256.0,6026800.0,2593.482666015625,2677.970458984375,2585.73779296875,2608.64306640625,18621211035.0,528.010009765625,529.8400268554688,525.969970703125,528.77001953125,41359300.0,17.68000030517578,18.06999969482422,17.40999984741211,17.610000610351562,0.0
2025-06-05,19.610000610351562,19.610000610351562,17.90999984741211,18.200000762939453,682600.0,104750.78125,105936.6875,100436.8828125,101575.953125,57479298400.0,15.75,15.850000381469727,14.649999618530273,14.880000114440918,41371200.0,9.654999732971191,9.6899995803833,8.880000114440918,8.989999771118164,46346900.0,261.04998779296875,265.6499938964844,240.0800018310547,244.1999969482422,11971900.0,2608.607177734375,2640.60400390625,2395.753662109375,2416.28564453125,26194462737.0,530.1799926757812,533.0499877929688,522.6599731445312,524.7899780273438,61031200.0,17.68000030517578,18.799999237060547,17.079999923706055,18.479999542236328,0.0
2025-06-06,18.639999389648438,19.954999923706055,18.6200008392334,19.56999969482422,809500.0,101574.3671875,105376.7734375,101169.5703125,104390.34375,48856653697.0,15.199999809265137,16.110000610351562,15.119999885559082,15.779999732971191,61255200.0,9.25,10.199999809265137,9.220000267028809,9.850000381469727,55897400.0,250.52999877929688,256.1700134277344,249.77999877929688,251.27000427246094,7360200.0,2416.455078125,2530.391845703125,2387.608642578125,2477.19482421875,19407449565.0,530.0,531.7999877929688,528.2100219726562,529.9199829101562,42467000.0,18.15999984741211,18.350000381469727,16.649999618530273,16.770000457763672,0.0
2025-06-09,20.25,20.270000457763672,19.459999084472656,20.15999984741211,565800.0,105793.0234375,110561.421875,105400.234375,110294.1015625,55903193732.0,16.219999313354492,16.299999237060547,15.470000267028809,16.270000457763672,64736500.0,10.255000114440918,10.260000228881836,9.539999961853027,10.119999885559082,49134500.0,255.66000366210938,258.25,252.39999389648438,256.6300048828125,6064800.0,2510.838134765625,2693.806640625,2479.867919921875,2681.51708984375,20605172560.0,530.1400146484375,532.3499755859375,529.010009765625,530.7000122070312,33688700.0,17.690000534057617,17.719999313354492,16.81999969482422,17.15999984741211,0.0
2025-06-10,20.549999237060547,20.549999237060547,19.90999984741211,20.280000686645508,576300.0,110295.6875,110380.125,108367.7109375,110257.234375,54700101509.0,16.31999969482422,16.68000030517578,16.030000686645508,16.489999771118164,49306100.0,10.229999542236328,10.5,9.970000267028809,10.449999809265137,49548800.0,258.8800048828125,262.3999938964844,251.6300048828125,254.94000244140625,5858000.0,2681.285400390625,2824.80810546875,2658.67724609375,2813.517578125,35555755055.0,531.1699829101562,534.9000244140625,528.8900146484375,534.2100219726562,40664800.0,17.5,17.989999771118164,16.68000030517578,16.950000762939453,0.0
2025-06-11,20.139999389648438,20.36199951171875,19.690000534057617,20.0,358300.0,110261.796875,110384.21875,108086.328125,108686.625,50842662052.0,16.559999465942383,16.729999542236328,15.960000038146973,16.350000381469727,40761400.0,10.4399995803833,10.869999885559082,10.26099967956543,10.550000190734863,41081500.0,257.2099914550781,259.8999938964844,249.05999755859375,250.67999267578125,5986100.0,2813.73974609375,2877.62939453125,2746.4599609375,2773.529296875,30705408054.0,535.6199951171875,536.780029296875,530.1099853515625,532.4099731445312,53701000.0,17.040000915527344,18.09000015258789,16.229999542236328,17.260000228881836,0.0
2025-06-12,19.5,20.225000381469727,19.420000076293945,19.610000610351562,295900.0,108685.9140625,108780.6953125,105785.6875,105929.0546875,54843867968.0,15.850000381469727,16.479999542236328,15.609999656677246,15.819999694824219,42679700.0,10.229999542236328,10.635000228881836,10.125,10.210000038146973,26537200.0,246.52000427246094,247.75,239.35000610351562,241.0500030517578,7725300.0,2773.597900390625,2784.2626953125,2619.966552734375,2651.795166015625,25924959613.0,531.0900268554688,534.6400146484375,530.8400268554688,533.6599731445312,34104900.0,17.8700008392334,18.8700008392334,17.43000030517578,18.020000457763672,0.0
2025-06-13,19.020000457763672,19.600000381469727,18.600000381469727,18.860000610351562,392200.0,105924.59375,106182.546875,102822.0234375,106090.96875,69550440846.0,15.369999885559082,15.720000267028809,14.569999694824219,15.039999961853027,55022500.0,9.9350004196167,10.210000038146973,9.5,9.720000267028809,39189200.0,237.4499969482422,243.1999969482422,235.2899932861328,242.7100067138672,7062700.0,2651.91552734375,2651.91552734375,2443.962646484375,2579.486083984375,37986747138.0,527.6799926757812,531.8699951171875,525.72998046875,526.9600219726562,55814400.0,21.760000228881836,22.0,18.8799991607666,20.81999969482422,0.0
2025-06-16,19.290000915527344,19.770000457763672,18.969999313354492,19.700000762939453,284700.0,105555.59375,108915.375,104997.625,106796.7578125,50366626945.0,15.329999923706055,15.539999961853027,15.050000190734863,15.319999694824219,39214900.0,9.869999885559082,10.210000038146973,9.720000267028809,10.170000076293945,46929500.0,247.77000427246094,263.29998779296875,245.32000732421875,261.57000732421875,12034700.0,2547.226806640625,2680.087646484375,2517.145263671875,2540.60498046875,22792449577.0,530.5,535.3699951171875,530.4500122070312,534.2899780273438,37622100.0,19.780000686645508,20.219999313354492,18.670000076293945,19.110000610351562,0.0
2025-06-17,19.270000457763672,19.450000762939453,18.31999969482422,18.68000030517578,346800.0,106794.1171875,107750.1953125,103396.53125,104601.1171875,55964092176.0,15.119999885559082,15.1899995803833,14.289999961853027,14.670000076293945,54622000.0,10.039999961853027,10.050000190734863,9.359999656677246,9.65999984741211,42121700.0,256.6300048828125,259.6300048828125,248.67999267578125,253.85000610351562,9050800.0,2540.314453125,2617.9013671875,2456.64892578125,2510.761474609375,25653232897.0,531.7100219726562,533.3300170898438,527.9099731445312,529.0800170898438,42180900.0,20.530000686645508,21.790000915527344,19.549999237060547,21.600000381469727,0.0
2025-06-18,18.5,19.05900001525879,18.309999465942383,18.700000762939453,236800.0,104602.0703125,105581.8515625,103602.265625,104883.328125,47318089133.0,14.520000457763672,14.920000076293945,14.430000305175781,14.489999771118164,37451000.0,9.579999923706055,10.0600004196167,9.460000038146973,9.9399995803833,50959400.0,254.0,299.32000732421875,251.8800048828125,295.2900085449219,37434300.0,2510.81689453125,2546.62744140625,2469.05029296875,2524.301513671875,19873957905.0,530.0999755859375,532.5499877929688,527.4000244140625,528.989990234375,43983500.0,20.899999618530273,21.579999923706055,19.59000015258789,20.139999389648438,0.0
2025-06-20,19.049999237060547,19.299999237060547,18.399999618530273,18.579999923706055,740500.0,104681.03125,106539.3828125,102372.2109375,103309.6015625,50951862476.0,14.789999961853027,14.90999984741211,14.109999656677246,14.319999694824219,49493000.0,10.079999923706055,10.140000343322754,9.479999542236328,9.5600004196167,33914900.0,303.5799865722656,310.75,298.1000061035156,308.3800048828125,31468800.0,2521.5263671875,2569.0146484375,2371.474365234375,2407.30419921875,22592586688.0,532.260009765625,533.5599975585938,524.8800048828125,526.8300170898438,61643500.0,20.739999771118164,21.06999969482422,19.110000610351562,20.6200008392334,0.0
2025-06-23,18.270000457763672,18.479999542236328,17.209999084472656,18.09000015258789,470300.0,100987.4765625,106116.859375,99705.75,105577.7734375,65237759656.0,13.949999809265137,14.449999809265137,13.489999771118164,14.180000305175781,48736200.0,9.25,9.550000190734863,8.869999885559082,9.270000457763672,40675600.0,302.0799865722656,314.25,294.55999755859375,307.5899963378906,17553700.0,2228.484619140625,2434.23974609375,2191.418212890625,2421.824951171875,26247439429.0,526.8099975585938,532.1699829101562,523.6500244140625,531.6500244140625,50666100.0,21.149999618530273,22.510000228881836,19.81999969482422,19.829999923706055,0.0
2025-06-24,18.610000610351562,19.434999465942383,18.594999313354492,19.420000076293945,426400.0,105571.515625,106316.828125,104740.2421875,106045.6328125,48822986421.0,14.520000457763672,15.050000190734863,14.369999885559082,14.880000114440918,43803800.0,9.4399995803833,10.050000190734863,9.359999656677246,10.020000457763672,45854600.0,314.3900146484375,348.9700012207031,311.8999938964844,344.82000732421875,29670900.0,2421.83056640625,2481.222900390625,2379.5693359375,2448.0087890625,19539047009.0,536.8900146484375,540.7000122070312,536.27001953125,539.780029296875,45442000.0,18.190000534057617,18.719999313354492,17.329999923706055,17.479999542236328,0.0
2025-06-25,19.940000534057617,19.959999084472656,19.420000076293945,19.479999542236328,339300.0,106047.40625,108168.3984375,105881.390625,107361.2578125,51624120283.0,15.369999885559082,15.40999984741211,14.819999694824219,14.979999542236328,37555000.0,10.270000457763672,10.390000343322754,9.829999923706055,10.0,34228600.0,360.6000061035156,369.2799987792969,343.6199951171875,355.3699951171875,30154300.0,2448.7373046875,2468.677978515625,2394.607421875,2419.310302734375,17158118625.0,542.0599975585938,543.3099975585938,539.3800048828125,541.1599731445312,44804200.0,17.280000686645508,17.510000228881836,16.68000030517578,16.760000228881836,0.0
2025-06-26,19.350000381469727,21.760000228881836,19.020000457763672,21.5,1490500.0,107375.0703125,108305.546875,106666.3515625,106960.0,43891990613.0,14.880000114440918,15.399999618530273,14.579999923706055,15.270000457763672,39641200.0,9.899999618530273,10.640000343322754,9.704000473022461,10.510000228881836,57591300.0,354.5299987792969,382.0,354.5299987792969,375.07000732421875,27371400.0,2419.15478515625,2519.619873046875,2399.533935546875,2416.146728515625,18300413888.0,543.3499755859375,546.6699829101562,541.52001953125,546.219970703125,43811400.0,16.670000076293945,16.780000686645508,16.110000610351562,16.59000015258789,0.0
2025-06-27,21.899999618530273,22.229999542236328,21.229999542236328,21.709999084472656,667500.0,106954.921875,107772.46875,106449.9921875,107088.4296875,45353692675.0,15.140000343322754,15.5,14.850000381469727,15.029999732971191,39794000.0,10.5600004196167,10.899999618530273,10.279999732971191,10.550000190734863,56141900.0,369.5400085449219,372.5,346.6600036621094,353.42999267578125,29000400.0,2416.023193359375,2463.15478515625,2386.324951171875,2423.866943359375,15309834970.0,547.260009765625,549.989990234375,544.5399780273438,548.0900268554688,57577100.0,16.309999465942383,17.290000915527344,16.1200008392334,16.31999969482422,0.0
2025-06-30,22.15999984741211,23.0,21.885000228881836,22.739999771118164,851600.0,108383.4375,108798.7890625,106759.6484375,107135.3359375,42064804590.0,15.220000267028809,15.800000190734863,15.069999694824219,15.680000305175781,46603100.0,10.765000343322754,11.4399995803833,10.649999618530273,11.300000190734863,49089100.0,359.2300109863281,360.45001220703125,347.8999938964844,350.489990234375,11227600.0,2500.60546875,2521.720458984375,2438.054931640625,2486.46435546875,16859727663.0,551.260009765625,552.7999877929688,549.010009765625,551.6400146484375,45548700.0,17.190000534057617,17.43000030517578,16.549999237060547,16.729999542236328,0.0
2025-07-01,22.34000015258789,23.530000686645508,22.224000930786133,23.09000015258789,908900.0,107144.3828125,107550.6796875,105270.2265625,105698.28125,44110692247.0,15.359999656677246,16.15999984741211,15.289999961853027,15.699999809265137,41974200.0,11.135000228881836,11.609999656677246,11.029999732971191,11.270000457763672,49405900.0,339.9800109863281,353.3999938964844,334.0,335.3299865722656,13132100.0,2486.428466796875,2500.591796875,2389.81591796875,2405.792724609375,15025451796.0,549.72998046875,550.7100219726562,544.6599731445312,546.989990234375,56166700.0,16.979999542236328,17.479999542236328,16.510000228881836,16.829999923706055,0.0
2025-07-02,23.420000076293945,25.15999984741211,23.420000076293945,25.149999618530273,762800.0,105703.1015625,109763.65625,105157.3984375,108859.3203125,56248657737.0,15.949999809265137,17.84000015258789,15.869999885559082,17.799999237060547,82124900.0,11.529999732971191,12.270000457763672,11.484999656677246,12.199999809265137,44100000.0,340.5799865722656,357.1600036621094,338.67999267578125,354.45001220703125,12493100.0,2405.857421875,2616.78369140625,2378.3935546875,2571.33544921875,22792512025.0,546.1599731445312,551.0,546.1199951171875,550.7999877929688,36538300.0,16.75,17.3700008392334,16.540000915527344,16.639999389648438,0.0
2025-07-03,25.280000686645508,26.81999969482422,25.219999313354492,26.030000686645508,562700.0,108845.015625,110541.4609375,108605.796875,109647.9765625,50494742270.0,17.579999923706055,18.219999313354492,17.3799991607666,17.65999984741211,32142500.0,12.21500015258789,12.729999542236328,12.045000076293945,12.170000076293945,27630600.0,350.3500061035156,357.8699951171875,348.5,355.79998779296875,6704300.0,2570.796630859375,2635.192138671875,2558.58251953125,2591.00732421875,20873559425.0,553.1799926757812,557.2000122070312,553.1799926757812,556.219970703125,26443500.0,16.649999618530273,16.829999923706055,16.139999389648438,16.3799991607666,0.0
2025-07-07,24.940000534057617,25.399999618530273,23.43000030517578,24.889999389648438,1275800.0,109235.328125,109710.25,107527.0546875,108299.8515625,45415696597.0,17.420000076293945,17.489999771118164,16.239999771118164,16.75,42431700.0,11.869999885559082,11.880000114440918,10.930000305175781,11.550000190734863,26513500.0,354.20001220703125,364.0,351.0,357.1000061035156,7885300.0,2571.395263671875,2589.324951171875,2517.903564453125,2543.01318359375,18440266947.0,553.52001953125,554.3400268554688,549.5800170898438,552.030029296875,45349300.0,17.829999923706055,18.5,17.510000228881836,17.790000915527344,0.0
2025-07-08,25.469999313354492,26.290000915527344,24.739999771118164,24.899999618530273,669700.0,108298.2265625,109198.96875,107499.5546875,108950.2734375,44282204127.0,17.110000610351562,17.670000076293945,16.959999084472656,17.520000457763672,33898500.0,11.779999732971191,12.0,11.555000305175781,11.569999694824219,18320400.0,362.75,368.7900085449219,348.0,354.82000732421875,9735000.0,2542.97265625,2626.66455078125,2525.437744140625,2615.505859375,17537487206.0,553.3800048828125,554.010009765625,551.0999755859375,552.3400268554688,36153300.0,17.40999984741211,17.440000534057617,16.540000915527344,16.809999465942383,0.0
2025-07-09,25.459999084472656,25.459999084472656,24.329999923706055,25.239999771118164,540600.0,108950.2734375,111925.375,108357.6796875,111326.5546875,57927418065.0,17.979999542236328,18.530000686645508,17.399999618530273,18.459999084472656,42743100.0,11.8100004196167,12.289999961853027,11.40999984741211,12.239999771118164,30139800.0,358.6300048828125,374.0,353.2900085449219,373.8500061035156,13238400.0,2615.505859375,2794.5185546875,2591.947021484375,2770.777587890625,27229452849.0,554.47998046875,557.6300048828125,553.0999755859375,556.25,43045500.0,16.760000228881836,16.760000228881836,15.760000228881836,15.9399995803833,0.0
2025-07-10,25.18000030517578,25.950000762939453,24.75,25.489999771118164,220400.0,111329.1953125,116608.78125,110660.75,115987.203125,95911605728.0,18.479999542236328,19.190000534057617,17.950000762939453,19.0,46005300.0,12.15999984741211,12.770000457763672,11.954999923706055,12.59000015258789,30089700.0,372.4100036621094,389.1600036621094,369.0,388.9599914550781,17241600.0,2770.7373046875,2995.152099609375,2757.2666015625,2954.84521484375,33929201261.0,556.8900146484375,557.2999877929688,552.75,555.4500122070312,34710900.0,16.229999542236328,16.239999771118164,15.699999809265137,15.779999732971191,0.0
2025-07-11,26.110000610351562,26.3700008392334,24.690000534057617,24.780000686645508,555400.0,115986.234375,118856.4765625,115245.6875,117516.9921875,86928361085.0,19.5,19.799999237060547,19.0,19.139999389648438,54864100.0,12.9399995803833,13.029999732971191,12.34000015258789,12.420000076293945,31304500.0,390.19000244140625,395.5,378.3699951171875,387.05999755859375,16694600.0,2954.832763671875,3038.14111328125,2916.95654296875,2957.88623046875,36226558863.0,553.2999877929688,555.7899780273438,552.0499877929688,554.2000122070312,39618600.0,16.40999984741211,17.239999771118164,15.979999542236328,16.399999618530273,0.0
2025-07-14,25.299999237060547,26.791000366210938,25.198999404907227,25.56999969482422,647800.0,119115.7890625,123091.609375,118959.1953125,119849.703125,181746419401.0,19.790000915527344,21.5,18.979999542236328,19.209999084472656,86813200.0,12.755000114440918,13.649999618530273,12.260000228881836,12.510000228881836,53371800.0,392.5,398.5,388.5799865722656,394.010009765625,12473500.0,2973.22509765625,3079.985595703125,2965.32373046875,3013.350830078125,36349290556.0,553.989990234375,556.9500122070312,551.6300048828125,556.2100219726562,36453300.0,17.729999542236328,17.850000381469727,16.90999984741211,17.200000762939453,0.0
2025-07-15,25.389999389648438,25.479999542236328,24.660999298095703,25.049999237060547,645800.0,119853.8515625,119935.5625,115765.6875,117777.1875,98321661181.0,19.040000915527344,19.360000610351562,18.579999923706055,18.760000228881836,39532000.0,12.199999809265137,12.404999732971191,11.899999618530273,12.100000381469727,30289100.0,391.5299987792969,400.8800048828125,373.0199890136719,388.0199890136719,16889300.0,3013.29345703125,3142.42724609375,2934.371337890625,3139.8896484375,39013656112.0,560.25,560.7999877929688,556.6599731445312,556.719970703125,43277700.0,16.889999389648438,17.389999389648438,16.559999465942383,17.3799991607666,0.0
2025-07-16,25.56999969482422,26.440000534057617,25.520000457763672,26.170000076293945,392400.0,117777.1875,120065.515625,117064.8203125,118738.5078125,72162029070.0,19.489999771118164,20.190000534057617,19.399999618530273,19.440000534057617,49524200.0,12.460000038146973,12.875,12.4399995803833,12.569999694824219,30469000.0,392.79998779296875,405.8800048828125,391.4599914550781,398.20001220703125,14355800.0,3139.8896484375,3422.60302734375,3102.477783203125,3371.5068359375,46771354461.0,557.280029296875,560.2100219726562,551.5599975585938,557.2899780273438,52314700.0,17.65999984741211,19.479999542236328,16.690000534057617,17.15999984741211,0.0
2025-07-17,26.270000457763672,27.09000015258789,25.889999389648438,26.829999923706055,389900.0,118738.5078125,120999.609375,117508.21875,119289.84375,72363841798.0,19.479999542236328,20.200000762939453,19.170000076293945,19.969999313354492,37813600.0,12.600000381469727,13.479999542236328,12.329999923706055,13.329999923706055,50020100.0,399.70001220703125,415.9599914550781,394.2799987792969,410.75,16840500.0,3371.5068359375,3521.685302734375,3315.9990234375,3476.784423828125,47532846793.0,558.02001953125,562.3099975585938,557.2100219726562,561.7999877929688,40423800.0,17.15999984741211,17.3700008392334,16.479999542236328,16.520000457763672,0.0
2025-07-18,27.229999542236328,27.940000534057617,26.024999618530273,26.75,576500.0,119284.109375,120851.9140625,116925.984375,118003.2265625,77945799785.0,20.25,20.989999771118164,19.270000457763672,19.510000228881836,41471900.0,13.5,14.119999885559082,13.239999771118164,13.859999656677246,54887000.0,419.82000732421875,444.6499938964844,406.5,419.7799987792969,28063200.0,3476.1240234375,3674.855224609375,3463.38623046875,3549.016357421875,59198465810.0,563.1199951171875,564.72998046875,559.97998046875,561.260009765625,50484700.0,16.43000030517578,16.809999465942383,16.280000686645508,16.40999984741211,0.0
2025-07-21,27.170000076293945,28.90999984741211,26.399999618530273,26.479999542236328,1100100.0,117306.46875,119671.5625,116584.3984375,117439.5390625,69820091744.0,19.559999465942383,19.989999771118164,18.670000076293945,18.829999923706055,39987100.0,14.149999618530273,15.34000015258789,13.925000190734863,14.020000457763672,127903700.0,425.54998779296875,436.3800048828125,413.44000244140625,413.6300048828125,17018100.0,3758.920654296875,3856.76708984375,3705.353759765625,3763.371337890625,42611467663.0,562.0900268554688,566.0599975585938,562.0599975585938,564.1699829101562,39595200.0,16.8700008392334,16.989999771118164,16.299999237060547,16.649999618530273,0.0
2025-07-22,26.969999313354492,27.639999389648438,25.809999465942383,27.559999465942383,1190500.0,117426.5,120269.96875,116233.2265625,119995.4140625,79217583118.0,19.170000076293945,19.989999771118164,18.690000534057617,19.8799991607666,36111100.0,14.289999961853027,14.359999656677246,13.654999732971191,14.270000457763672,55230500.0,419.1000061035156,420.9800109863281,394.3699951171875,404.44000244140625,14554900.0,3762.882080078125,3798.100341796875,3624.140380859375,3749.1455078125,45248868820.0,564.2999877929688,564.3499755859375,558.6099853515625,561.25,43270600.0,16.75,17.479999542236328,16.43000030517578,16.5,0.0
2025-07-23,27.399999618530273,27.485000610351562,26.420000076293945,27.34000015258789,644200.0,119997.4453125,120113.3515625,117391.390625,118754.9609375,66608604537.0,18.719999313354492,18.75,16.93000030517578,17.56999969482422,138542800.0,14.220000267028809,14.585000038146973,13.699999809265137,14.34000015258789,65549400.0,399.989990234375,400.7200012207031,387.1199951171875,397.80999755859375,12433200.0,3749.238525390625,3765.0263671875,3532.8564453125,3629.70361328125,41283228953.0,562.3400268554688,563.8499755859375,559.5800170898438,563.8099975585938,40215300.0,16.229999542236328,16.31999969482422,15.319999694824219,15.369999885559082,0.0
2025-07-24,27.239999771118164,27.700000762939453,26.84000015258789,27.110000610351562,563100.0,118770.984375,119535.453125,117247.96875,118368.0,72627318560.0,17.549999237060547,17.68000030517578,17.1299991607666,17.260000228881836,59837900.0,14.375,14.930000305175781,14.079999923706055,14.6899995803833,59749200.0,404.25,405.30999755859375,392.0,396.70001220703125,7904600.0,3629.731689453125,3771.381591796875,3514.999267578125,3708.005615234375,40377960354.0,565.1300048828125,566.239990234375,563.2899780273438,565.010009765625,42275500.0,15.390000343322754,15.539999961853027,14.949999809265137,15.390000343322754,0.0
2025-07-25,26.68000030517578,26.799999237060547,26.020000457763672,26.559999465942383,302700.0,118368.0,118486.9765625,114759.8203125,117635.8828125,104857024569.0,17.209999084472656,17.260000228881836,16.6299991607666,17.25,39143600.0,14.460000038146973,14.739999771118164,13.920000076293945,14.539999961853027,43124400.0,391.8999938964844,397.4800109863281,386.3900146484375,391.6600036621094,8643300.0,3708.005615234375,3744.820068359375,3579.962890625,3727.266845703125,42264509577.0,564.9299926757812,567.7000122070312,564.27001953125,566.3699951171875,30630800.0,15.329999923706055,15.390000343322754,14.920000076293945,14.930000305175781,0.0
2025-07-28,26.979999542236328,26.979999542236328,25.770000457763672,26.1299991607666,324800.0,119457.5234375,119819.7890625,117441.4375,117924.4765625,64822943193.0,17.639999389648438,17.649999618530273,16.950000762939453,17.15999984741211,40821700.0,14.545000076293945,14.649999618530273,14.010000228881836,14.510000228881836,47947100.0,394.6199951171875,395.3900146484375,375.260009765625,379.489990234375,11270400.0,3875.255859375,3940.652099609375,3756.515869140625,3787.42578125,35831336149.0,567.739990234375,569.0399780273438,566.8699951171875,568.1400146484375,31498700.0,15.149999618530273,15.539999961853027,15.0,15.029999732971191,0.0
2025-07-29,26.059999465942383,26.139999389648438,24.559999465942383,24.90999984741211,559100.0,117938.5859375,119273.8671875,116987.3671875,117922.1484375,68463107433.0,17.170000076293945,17.399999618530273,16.469999313354492,16.610000610351562,41980500.0,14.479999542236328,14.600000381469727,13.289999961853027,13.600000381469727,31350900.0,383.5899963378906,384.7799987792969,365.739990234375,371.44000244140625,9334700.0,3788.319580078125,3883.997802734375,3716.88330078125,3793.454833984375,35540435995.0,570.760009765625,572.1099853515625,566.530029296875,567.260009765625,45463300.0,14.949999809265137,16.1200008392334,14.699999809265137,15.979999542236328,0.0
2025-07-30,25.170000076293945,25.420000076293945,24.209999084472656,24.709999084472656,318000.0,117921.9921875,118780.7265625,115800.828125,117831.1875,68896148592.0,17.420000076293945,17.920000076293945,16.299999237060547,16.549999237060547,58937300.0,13.84000015258789,13.979999542236328,13.229999542236328,13.520000457763672,21239200.0,382.95001220703125,386.5799865722656,372.7099914550781,377.4800109863281,11100000.0,3793.58251953125,3832.884033203125,3683.14453125,3808.20166015625,34392494235.0,568.1799926757812,570.6199951171875,565.0499877929688,568.02001953125,43433800.0,15.869999885559082,17.270000457763672,15.4399995803833,15.479999542236328,0.0
2025-07-31,25.450000762939453,26.07200050354004,25.219999313354492,25.260000228881836,361500.0,117833.6328125,118919.984375,115505.21875,115758.203125,69370346018.0,16.420000076293945,16.65999984741211,16.06999969482422,16.079999923706055,40020400.0,13.6899995803833,13.84000015258789,13.300000190734863,13.40999984741211,28775400.0,382.8900146484375,387.1400146484375,376.8299865722656,377.760009765625,12371200.0,3808.24609375,3877.47021484375,3685.004150390625,3696.707763671875,32839839444.0,574.5399780273438,574.6300048828125,563.8699951171875,565.010009765625,64613600.0,14.989999771118164,17.170000076293945,14.739999771118164,16.719999313354492,0.0
2025-08-01,23.780000686645508,24.18000030517578,23.010000228881836,23.420000076293945,590400.0,115738.953125,116060.7734375,112724.4453125,113320.0859375,91294530181.0,15.470000267028809,15.9399995803833,15.010000228881836,15.5,43231700.0,12.010000228881836,12.074000358581543,10.869999885559082,11.029999732971191,50470100.0,335.1400146484375,337.5799865722656,310.54998779296875,314.69000244140625,31342200.0,3696.144287109375,3722.585693359375,3432.3798828125,3488.365966796875,46261558200.0,558.8300170898438,559.02001953125,551.6799926757812,553.8800048828125,69400800.0,17.399999618530273,21.899999618530273,17.389999389648438,20.3799991607666,0.0
2025-08-04,23.809999465942383,24.850000381469727,23.520000457763672,24.829999923706055,172300.0,114223.921875,115729.46875,114130.40625,115071.8828125,35783028986.0,15.609999656677246,16.209999084472656,15.3100004196167,16.040000915527344,29808000.0,11.305000305175781,11.494999885559082,11.079999923706055,11.420000076293945,17459700.0,319.5400085449219,324.0,311.0,318.1700134277344,12106400.0,3497.613037109375,3734.9775390625,3491.554931640625,3718.986083984375,30905749658.0,559.0499877929688,564.3200073242188,558.9500122070312,564.0999755859375,47669800.0,19.559999465942383,19.579999923706055,17.479999542236328,17.520000457763672,0.0
2025-08-05,24.829999923706055,24.850000381469727,24.040000915527344,24.850000381469727,445700.0,115072.1875,115117.4375,112701.109375,114141.4453125,61039182286.0,15.899999618530273,15.989999771118164,15.329999923706055,15.619999885559082,28810500.0,11.420000076293945,11.4399995803833,10.819999694824219,11.130000114440918,26878900.0,307.1099853515625,312.8500061035156,297.20001220703125,297.989990234375,16863900.0,3719.81787109375,3720.656494140625,3547.62109375,3611.8994140625,32778742296.0,565.3900146484375,566.5599975585938,559.72998046875,560.27001953125,48666600.0,17.209999084472656,18.940000534057617,17.110000610351562,17.850000381469727,0.0
2025-08-06,24.860000610351562,25.75,24.65999984741211,25.729999542236328,240200.0,114140.9140625,115737.8359375,113372.25,115028.0,56379133510.0,15.6899995803833,16.110000610351562,15.4399995803833,15.890000343322754,21598700.0,11.09000015258789,11.720000267028809,10.59000015258789,11.65999984741211,37511300.0,297.54998779296875,304.7699890136719,293.30999755859375,303.5799865722656,15982700.0,3612.038818359375,3698.124755859375,3567.095947265625,3683.920654296875,26924415763.0,561.1099853515625,567.760009765625,560.6300048828125,567.3200073242188,41823700.0,17.219999313354492,17.8799991607666,16.559999465942383,16.770000457763672,0.0
2025-08-07,26.15999984741211,26.549999237060547,24.780000686645508,25.3700008392334,391000.0,115030.0546875,117676.90625,114279.7109375,117496.8984375,64051649681.0,16.200000762939453,16.5,15.600000381469727,15.949999809265137,26323600.0,11.920000076293945,12.319999694824219,11.40999984741211,11.579999923706055,23595300.0,311.2300109863281,317.94000244140625,306.9800109863281,310.7900085449219,13857200.0,3684.06201171875,3926.204345703125,3650.365966796875,3914.325927734375,38627826066.0,571.6699829101562,573.3200073242188,565.1099853515625,569.239990234375,44463000.0,16.40999984741211,17.639999389648438,15.979999542236328,16.56999969482422,0.0
2025-08-08,25.600000381469727,25.719999313354492,24.3799991607666,24.959999084472656,311900.0,117505.5,117689.203125,115917.4609375,116688.7265625,59713005166.0,16.040000915527344,16.18000030517578,15.289999961853027,15.380000114440918,25638900.0,11.670000076293945,11.789999961853027,10.949999809265137,11.079999923706055,20812900.0,311.44000244140625,313.70001220703125,301.2300109863281,310.5400085449219,9253800.0,3914.110595703125,4068.84765625,3882.443115234375,4009.848876953125,45460293892.0,570.4500122070312,574.77001953125,570.1500244140625,574.5499877929688,35255500.0,16.479999542236328,16.520000457763672,15.149999618530273,15.149999618530273,0.0
2025-08-11,25.459999084472656,26.100000381469727,24.9950008392334,25.059999465942383,302200.0,119306.8125,122321.09375,118159.03125,118731.4453125,90528784177.0,15.899999618530273,16.209999084472656,15.569999694824219,15.65999984741211,32497200.0,11.539999961853027,11.65999984741211,11.039999961853027,11.109999656677246,21563300.0,322.1000061035156,333.6600036621094,318.79998779296875,319.6199951171875,14664400.0,4254.2314453125,4362.0927734375,4168.875,4226.966796875,49989853803.0,574.6900024414062,576.7999877929688,571.5700073242188,572.8499755859375,33112900.0,15.8100004196167,16.360000610351562,15.520000457763672,16.25,0.0
2025-08-12,25.1200008392334,25.559999465942383,24.889999389648438,25.40999984741211,103600.0,118717.6640625,120302.46875,118228.71875,120172.90625,72803657984.0,15.680000305175781,15.979999542236328,15.569999694824219,15.720000267028809,26799400.0,11.289999961853027,11.520000457763672,11.149999618530273,11.4399995803833,16898500.0,329.3500061035156,329.8599853515625,314.1600036621094,322.6199951171875,9947800.0,4227.20703125,4634.05517578125,4222.3623046875,4590.9248046875,57237189036.0,575.1599731445312,580.3499755859375,572.489990234375,580.0499877929688,42143300.0,16.09000015258789,16.559999465942383,14.65999984741211,14.729999542236328,0.0
2025-08-13,25.56999969482422,26.020000457763672,25.160999298095703,25.5,199800.0,120168.9765625,123682.453125,118939.6328125,123344.0625,90904808795.0,15.800000190734863,16.31999969482422,15.609999656677246,15.859999656677246,46169200.0,11.5,11.800000190734863,11.40999984741211,11.59000015258789,18242500.0,328.2099914550781,345.3900146484375,321.5299987792969,327.010009765625,15399800.0,4590.65771484375,4784.6689453125,4566.23876953125,4756.27587890625,62550014642.0,582.760009765625,583.3200073242188,578.9400024414062,580.3400268554688,41209300.0,14.619999885559082,14.8100004196167,14.300000190734863,14.489999771118164,0.0
2025-08-14,25.6200008392334,26.9950008392334,25.450000762939453,26.969999313354492,410900.0,123339.3984375,124457.1171875,117254.8828125,118359.578125,104055627395.0,15.520000457763672,15.779999732971191,14.869999885559082,15.75,45222400.0,11.369999885559082,12.279999732971191,11.220000267028809,12.25,34334800.0,320.489990234375,327.45001220703125,316.79998779296875,324.8900146484375,9403600.0,4756.04345703125,4788.5517578125,4461.28173828125,4548.16650390625,75681632806.0,578.280029296875,581.8800048828125,577.9099731445312,579.8900146484375,45425000.0,14.65999984741211,15.390000343322754,14.569999694824219,14.829999923706055,0.0
2025-08-15,26.8799991607666,27.209999084472656,25.809999465942383,26.700000762939453,215900.0,118365.78125,119332.3125,116864.5703125,117398.3515625,68665353159.0,15.6899995803833,15.920000076293945,15.359999656677246,15.670000076293945,37126700.0,12.020000457763672,12.029999732971191,11.295000076293945,11.329999923706055,30886400.0,322.8500061035156,323.3999938964844,314.55999755859375,317.54998779296875,7881200.0,4549.07568359375,4667.72998046875,4375.54541015625,4439.98876953125,55445715824.0,579.7999877929688,579.8400268554688,575.5700073242188,577.3400268554688,49480200.0,14.430000305175781,15.180000305175781,14.399999618530273,15.09000015258789,0.0
2025-08-18,27.049999237060547,28.829999923706055,26.959999084472656,28.290000915527344,551700.0,117453.90625,117614.171875,114723.6796875,116252.3125,72787808090.0,15.260000228881836,16.350000381469727,15.260000228881836,16.09000015258789,50673500.0,11.180000305175781,12.479999542236328,11.15999984741211,12.319999694824219,40044800.0,311.4800109863281,324.2900085449219,307.1099853515625,320.7300109863281,8798800.0,4473.33056640625,4484.009765625,4229.3798828125,4312.5048828125,53518423360.0,576.4400024414062,577.77001953125,575.239990234375,577.1099853515625,29831000.0,15.729999542236328,15.949999809265137,14.949999809265137,14.989999771118164,0.0
2025-08-19,28.170000076293945,28.18000030517578,26.264999389648438,26.600000381469727,442500.0,116241.859375,116764.5,112730.3984375,112831.1796875,71657600353.0,16.149999618530273,16.25,15.020000457763672,15.170000076293945,40759700.0,12.34000015258789,12.40999984741211,11.779999732971191,11.960000038146973,31142900.0,320.69000244140625,322.5899963378906,301.45001220703125,302.07000732421875,10327700.0,4312.5302734375,4355.0751953125,4070.535400390625,4073.464111328125,50440367102.0,576.3900146484375,576.5599975585938,568.25,569.280029296875,53752600.0,15.229999542236328,15.90999984741211,14.760000228881836,15.569999694824219,0.0
2025-08-20,26.579999923706055,27.309999465942383,25.149999618530273,27.270000457763672,574600.0,112828.0234375,114625.796875,112387.9609375,114274.7421875,67993811526.0,15.069999694824219,15.460000038146973,14.479999542236328,15.449999809265137,40586200.0,11.845000267028809,12.555000305175781,11.210000038146973,12.520000457763672,38233000.0,304.2699890136719,306.45001220703125,291.4599914550781,304.3900146484375,8570300.0,4073.168212890625,4376.78955078125,4064.965087890625,4334.50048828125,49577862965.0,568.3300170898438,568.4500122070312,558.8400268554688,565.9000244140625,76781100.0,15.949999809265137,17.190000534057617,15.569999694824219,15.6899995803833,0.0
2025-08-21,26.600000381469727,27.165000915527344,26.325000762939453,26.8799991607666,390100.0,114275.6875,114802.6484375,111986.234375,112419.03125,57817883700.0,15.130000114440918,15.579999923706055,15.020000457763672,15.510000228881836,47738600.0,12.350000381469727,12.520000457763672,12.119999885559082,12.270000457763672,33741900.0,301.4200134277344,305.0,297.79998779296875,300.2799987792969,5743400.0,4334.5673828125,4338.826171875,4205.77685546875,4223.2099609375,33618359942.0,564.3499755859375,566.489990234375,560.97998046875,563.280029296875,46436900.0,15.720000267028809,17.239999771118164,15.649999618530273,16.600000381469727,0.0
2025-08-22,26.829999923706055,28.719999313354492,26.399999618530273,28.290000915527344,401500.0,112433.734375,117377.3984375,111678.9453125,116874.0859375,82528088240.0,15.40999984741211,16.6299991607666,15.270000457763672,16.290000915527344,79096900.0,12.1899995803833,13.515000343322754,12.020000457763672,13.220000267028809,52236800.0,300.5899963378906,322.260009765625,297.19000244140625,319.8500061035156,13029200.0,4223.73095703125,4884.22802734375,4209.47216796875,4831.3486328125,75965521535.0,564.6699829101562,573.989990234375,563.27001953125,571.969970703125,51502100.0,16.809999465942383,16.829999923706055,14.210000038146973,14.220000267028809,0.0
2025-08-25,27.790000915527344,28.860000610351562,27.149999618530273,28.610000610351562,745900.0,113456.8984375,113637.84375,109324.28125,110124.3515625,85706860190.0,15.850000381469727,15.920000076293945,15.020000457763672,15.399999618530273,75372600.0,12.779999732971191,13.380000114440918,12.399999618530273,13.279999732971191,50003300.0,312.17999267578125,315.5899963378906,305.1000061035156,306.0,8473900.0,4779.76953125,4796.35009765625,4343.947265625,4372.98779296875,63936163545.0,570.4000244140625,573.2899780273438,569.1599731445312,570.3200073242188,34044700.0,15.050000190734863,15.1899995803833,14.239999771118164,14.789999961853027,0.0
2025-08-26,28.260000228881836,29.440000534057617,28.209999084472656,29.389999389648438,487400.0,110124.1015625,112397.015625,108762.0390625,111802.65625,69396320317.0,15.329999923706055,15.970000267028809,15.210000038146973,15.84000015258789,50801000.0,12.970000267028809,13.729999542236328,12.880000114440918,13.6899995803833,35059200.0,304.0,309.20001220703125,300.3699951171875,308.4800109863281,7745400.0,4372.88037109375,4632.0732421875,4316.30078125,4600.4267578125,53829747706.0,569.8300170898438,572.9199829101562,568.7999877929688,572.6099853515625,34103000.0,15.75,15.75,14.619999885559082,14.619999885559082,0.0
2025-08-27,29.389999389648438,29.815000534057617,28.899999618530273,29.309999465942383,280600.0,111795.7109375,112619.4140625,110398.265625,111222.0625,62137056409.0,15.779999732971191,16.139999389648438,15.550000190734863,15.850000381469727,49786300.0,13.65999984741211,13.979999542236328,13.40999984741211,13.550000190734863,29031700.0,307.2099914550781,312.4100036621094,306.69000244140625,308.9700012207031,5746300.0,4600.51025390625,4659.9873046875,4489.2978515625,4503.39306640625,43509902322.0,571.5900268554688,574.4099731445312,570.3699951171875,573.489990234375,36927100.0,14.65999984741211,15.229999542236328,14.65999984741211,14.850000381469727,0.0
2025-08-28,29.829999923706055,30.43000030517578,29.6200008392334,29.670000076293945,255500.0,111219.0546875,113450.078125,110900.921875,112544.8046875,58860155962.0,16.100000381469727,16.309999465942383,15.84000015258789,15.960000038146973,38340800.0,13.829999923706055,14.170000076293945,13.640000343322754,13.800000190734863,37356800.0,312.55999755859375,315.95001220703125,306.0,308.4700012207031,6292500.0,4503.63134765625,4629.03125,4435.109375,4507.177734375,36045274078.0,574.1099853515625,578.0,572.4600219726562,577.0800170898438,46787900.0,14.420000076293945,14.6899995803833,14.119999885559082,14.430000305175781,0.0
2025-08-29,30.639999389648438,31.5,29.680999755859375,30.6200008392334,850400.0,112550.5234375,112619.0546875,107559.625,108410.8359375,77843379644.0,15.859999656677246,16.100000381469727,15.539999961853027,15.979999542236328,66806700.0,13.720000267028809,13.979999542236328,13.4350004196167,13.760000228881836,35730100.0,306.19000244140625,308.2200012207031,301.5,304.5400085449219,6611400.0,4507.63134765625,4513.859375,4272.45947265625,4360.15283203125,46899991962.0,574.6599731445312,575.030029296875,568.5399780273438,570.4000244140625,56030400.0,14.3100004196167,15.970000267028809,14.3100004196167,15.359999656677246,0.0
2025-09-02,29.709999084472656,32.13999938964844,29.219999313354492,31.639999389648438,617700.0,109243.0703125,111748.015625,108454.03125,111200.5859375,74776999491.0,15.65999984741211,16.549999237060547,15.380000114440918,16.059999465942383,56252800.0,13.300000190734863,14.300000190734863,12.970000267028809,14.09000015258789,46639400.0,299.9700012207031,310.4100036621094,295.3999938964844,303.55999755859375,6814900.0,4314.39111328125,4414.93408203125,4260.45947265625,4325.36572265625,39884692334.0,561.3099975585938,565.969970703125,559.5399780273438,565.6199951171875,65876800.0,16.649999618530273,19.3799991607666,16.549999237060547,17.170000076293945,0.0
2025-09-03,32.22999954223633,32.2599983215332,30.309999465942383,30.700000762939453,634000.0,111190.6953125,112600.2265625,110582.9609375,111723.2109375,61119643565.0,16.149999618530273,16.68000030517578,15.649999618530273,15.890000343322754,56723900.0,14.239999771118164,14.460000038146973,13.319999694824219,13.449999809265137,40967000.0,305.010009765625,308.3699951171875,301.1499938964844,302.30999755859375,5220800.0,4324.6962890625,4489.19873046875,4286.2060546875,4450.38916015625,35260873497.0,569.22998046875,571.7000122070312,566.72998046875,570.0700073242188,54230200.0,17.399999618530273,17.56999969482422,16.34000015258789,16.350000381469727,0.0
2025-09-04,30.299999237060547,30.40999984741211,29.020000457763672,29.170000076293945,291200.0,111718.1484375,112208.328125,109347.2265625,110723.6015625,60131132901.0,15.729999542236328,15.869999885559082,15.039999961853027,15.109999656677246,53255600.0,13.354999542236328,13.489999771118164,12.899999618530273,13.15999984741211,38251400.0,301.9599914550781,307.7699890136719,300.010009765625,306.79998779296875,6211800.0,4450.2158203125,4483.451171875,4268.5888671875,4298.744140625,34919798552.0,570.739990234375,575.5999755859375,569.030029296875,575.22998046875,47526300.0,16.219999313354492,16.350000381469727,15.279999732971191,15.300000190734863,0.0
2025-09-05,29.860000610351562,30.200000762939453,28.35099983215332,29.450000762939453,387400.0,110723.015625,113357.4921875,110233.3984375,110650.984375,60241647677.0,15.5,15.720000267028809,14.609999656677246,15.1899995803833,62432000.0,13.4399995803833,13.869999885559082,12.65999984741211,13.289999961853027,37097700.0,313.8500061035156,315.739990234375,292.55999755859375,299.07000732421875,11367000.0,4298.8369140625,4484.361328125,4258.0498046875,4306.98876953125,44163736676.0,580.489990234375,581.1199951171875,571.530029296875,576.0599975585938,68342500.0,15.229999542236328,16.920000076293945,14.739999771118164,15.180000305175781,0.0
2025-09-08,29.3799991607666,30.15999984741211,28.8799991607666,29.690000534057617,317100.0,111163.015625,112869.234375,110630.609375,112071.4296875,40212813407.0,15.199999809265137,15.350000381469727,14.979999542236328,15.199999809265137,59266800.0,13.289999961853027,13.59000015258789,12.973999977111816,13.4399995803833,42427800.0,301.8800048828125,306.6000061035156,297.1499938964844,302.20001220703125,8824100.0,4305.38134765625,4381.27490234375,4279.97216796875,4308.072265625,32277142378.0,578.3699951171875,580.8400268554688,577.77001953125,578.8699951171875,46371400.0,15.579999923706055,15.649999618530273,14.989999771118164,15.109999656677246,0.0
2025-09-09,31.100000381469727,33.191001892089844,30.479999542236328,33.130001068115234,649600.0,112077.578125,113225.4375,110776.703125,111530.546875,45984480722.0,15.40999984741211,16.0,15.350000381469727,15.930000305175781,71693300.0,13.789999961853027,15.300000190734863,13.65999984741211,15.210000038146973,66569100.0,303.7699890136719,319.3900146484375,303.6000061035156,318.7799987792969,10361300.0,4308.283203125,4381.2265625,4277.85302734375,4309.04150390625,30703320925.0,579.6699829101562,580.9400024414062,577.0399780273438,580.510009765625,44007600.0,15.020000457763672,15.819999694824219,14.970000267028809,15.039999961853027,0.0
2025-09-10,34.0099983215332,35.63999938964844,33.52000045776367,35.4900016784668,877400.0,111531.25,114275.25,110940.078125,113955.359375,56377473784.0,16.09000015258789,16.440000534057617,15.760000228881836,15.859999656677246,59254500.0,15.4399995803833,16.420000076293945,15.260000228881836,16.399999618530273,55199700.0,321.3999938964844,328.6700134277344,312.5299987792969,315.3399963378906,8664800.0,4309.091796875,4450.41796875,4286.0625,4349.14599609375,39521365146.0,583.739990234375,583.77001953125,578.5499877929688,580.7000122070312,49308000.0,14.979999542236328,15.630000114440918,14.630000114440918,15.350000381469727,0.0
2025-09-11,35.70000076293945,36.75,34.84000015258789,35.66999816894531,538300.0,113961.4296875,115522.546875,113453.8359375,115507.5390625,45685065332.0,15.859999656677246,16.389999389648438,15.670000076293945,15.710000038146973,53841900.0,16.190000534057617,16.829999923706055,15.595000267028809,15.649999618530273,36113300.0,319.0,326.0,315.5299987792969,323.95001220703125,7702700.0,4349.2001953125,4471.69873046875,4339.716796875,4461.2333984375,35959212991.0,583.239990234375,584.8800048828125,581.6199951171875,584.0800170898438,44745800.0,15.1899995803833,15.239999771118164,14.649999618530273,14.710000038146973,0.0
2025-09-12,36.16999816894531,37.34000015258789,35.54999923706055,37.31999969482422,358500.0,115507.7890625,116769.3828125,114794.484375,116101.578125,54785725894.0,15.84000015258789,16.639999389648438,15.579999923706055,16.309999465942383,70580400.0,15.890000343322754,15.989999771118164,15.545000076293945,15.890000343322754,39962200.0,328.0299987792969,329.489990234375,319.79998779296875,323.0400085449219,6929400.0,4461.4794921875,4734.27392578125,4453.28466796875,4715.24609375,43839753626.0,585.0399780273438,587.8599853515625,584.0999755859375,586.6599731445312,50745900.0,14.619999885559082,14.970000267028809,14.40999984741211,14.760000228881836,0.0
2025-09-15,38.2599983215332,38.83000183105469,37.290000915527344,38.72999954223633,494000.0,115399.6328125,116747.8828125,114461.0625,115444.875,52937859416.0,16.239999771118164,16.350000381469727,15.569999694824219,16.239999771118164,76839500.0,16.010000228881836,16.924999237060547,15.869999885559082,16.68000030517578,40517200.0,322.8699951171875,328.44000244140625,320.9599914550781,327.0199890136719,6896900.0,4609.72314453125,4670.5302734375,4469.861328125,4526.8203125,40224062009.0,588.4400024414062,591.7899780273438,588.2899780273438,591.6799926757812,44360300.0,15.140000343322754,15.84000015258789,14.920000076293945,15.6899995803833,0.0
2025-09-16,38.790000915527344,39.970001220703125,37.849998474121094,39.86000061035156,386800.0,115423.7578125,117005.2734375,114813.09375,116843.1875,45781744593.0,16.309999465942383,17.6200008392334,16.170000076293945,17.530000686645508,112743500.0,16.799999237060547,17.7549991607666,16.579999923706055,17.520000457763672,53945100.0,332.25,333.6000061035156,321.29998779296875,327.9100036621094,7434900.0,4526.078125,4537.599609375,4428.330078125,4503.564453125,32761501436.0,592.6099853515625,592.8599853515625,590.489990234375,591.1799926757812,36942100.0,15.600000381469727,16.3799991607666,15.4399995803833,16.360000610351562,0.0
2025-09-17,39.224998474121094,41.66999816894531,38.441001892089844,41.150001525878906,457600.0,116840.5078125,117328.609375,114794.9765625,116468.5078125,60528025996.0,17.3700008392334,17.81999969482422,16.75,17.34000015258789,79415800.0,17.350000381469727,17.8799991607666,16.7450008392334,17.6200008392334,43787700.0,325.9599914550781,328.489990234375,311.29998779296875,320.55999755859375,8921200.0,4503.6357421875,4617.23486328125,4429.64453125,4592.7333984375,44120899417.0,591.0999755859375,591.75,584.3699951171875,590.0,69384800.0,16.420000076293945,16.75,15.260000228881836,15.720000267028809,0.0
2025-09-18,42.310001373291016,42.310001373291016,40.81999969482422,41.099998474121094,751500.0,116461.265625,117911.7890625,116188.796875,117137.203125,49457272032.0,17.75,19.219999313354492,17.3799991607666,18.5,83114700.0,17.950000762939453,18.040000915527344,17.395000457763672,17.510000228881836,30168500.0,325.82000732421875,351.8900146484375,323.5199890136719,343.1300048828125,17324500.0,4592.44287109375,4643.97265625,4556.27001953125,4589.9189453125,33497259158.0,594.9099731445312,598.1400146484375,592.9600219726562,595.3200073242188,61069300.0,14.930000305175781,15.800000190734863,14.329999923706055,15.699999809265137,0.0
2025-09-19,40.83000183105469,42.540000915527344,40.83000183105469,41.560001373291016,422300.0,117137.671875,117479.7578125,115141.8203125,115688.859375,38828473971.0,18.5,18.709999084472656,18.260000228881836,18.290000915527344,62943800.0,17.5,18.239999771118164,17.350000381469727,17.459999084472656,43345000.0,342.760009765625,349.70001220703125,337.6600036621094,342.4599914550781,13272100.0,4589.505859375,4620.79296875,4443.2646484375,4470.9169921875,30352619653.0,597.3300170898438,600.0499877929688,595.8499755859375,599.3499755859375,58196100.0,15.760000228881836,16.1299991607666,15.289999961853027,15.449999809265137,0.0
2025-09-22,41.67499923706055,44.310001373291016,40.78499984741211,43.970001220703125,548000.0,115309.21875,115431.3125,112037.6484375,112748.5078125,70684158591.0,17.68000030517578,18.43000030517578,17.0,18.350000381469727,84866900.0,17.04199981689453,17.735000610351562,16.68000030517578,17.5,43066300.0,333.44000244140625,336.20001220703125,328.19000244140625,331.95001220703125,8720700.0,4451.58056640625,4457.08251953125,4092.396728515625,4202.87744140625,58221334533.0,597.739990234375,602.8699951171875,597.719970703125,602.2000122070312,57154800.0,16.139999389648438,16.350000381469727,15.779999732971191,16.100000381469727,0.0
2025-09-23,44.915000915527344,45.529998779296875,42.22999954223633,42.900001525878906,611200.0,112757.4765625,113351.9140625,111535.5703125,112014.5,47211853279.0,18.639999389648438,19.170000076293945,17.6299991607666,17.709999084472656,66847700.0,18.110000610351562,18.299999237060547,17.0,17.06999969482422,36249100.0,333.3800048828125,335.67999267578125,317.70001220703125,320.07000732421875,8245900.0,4203.021484375,4227.7314453125,4120.8154296875,4165.50390625,32460075911.0,602.3699951171875,602.5700073242188,596.97998046875,598.2000122070312,64635500.0,16.100000381469727,17.06999969482422,15.949999809265137,16.639999389648438,0.0
2025-09-24,44.349998474121094,46.41999816894531,44.0099983215332,45.0,1038700.0,112007.6640625,113986.2734375,111229.640625,113328.6328125,48044595085.0,18.1299991607666,19.290000915527344,17.549999237060547,17.639999389648438,71463000.0,17.84000015258789,20.1299991607666,17.780000686645508,17.989999771118164,59315300.0,323.760009765625,327.32000732421875,320.760009765625,321.7699890136719,4869800.0,4165.41259765625,4206.90185546875,4081.34765625,4153.46923828125,33538388785.0,599.5800170898438,599.9000244140625,593.3599853515625,596.0999755859375,49850300.0,16.56999969482422,17.209999084472656,16.18000030517578,16.18000030517578,0.0
2025-09-25,43.02000045776367,44.40999984741211,41.11000061035156,42.15999984741211,1133400.0,113330.1640625,113541.0859375,108713.3984375,109049.2890625,75528654284.0,17.270000457763672,17.280000686645508,15.729999542236328,16.06999969482422,85062100.0,17.440000534057617,17.530000686645508,16.424999237060547,16.739999771118164,31514500.0,314.3299865722656,317.989990234375,304.3599853515625,306.69000244140625,8865300.0,4153.52099609375,4162.0625,3829.0107421875,3868.333984375,68963092031.0,592.2000122070312,595.1199951171875,588.5,593.530029296875,70920200.0,16.549999237060547,17.739999771118164,16.31999969482422,16.739999771118164,0.0
2025-09-26,41.45000076293945,41.52000045776367,39.209999084472656,40.61000061035156,685000.0,109041.296875,110359.1953125,108728.9765625,109712.828125,57738288949.0,16.209999084472656,16.3700008392334,15.729999542236328,16.1299991607666,51924400.0,17.81999969482422,17.959999084472656,16.475000381469727,17.690000534057617,49095700.0,308.5799865722656,314.239990234375,303.3999938964844,312.5899963378906,6714800.0,3868.69091796875,4069.168701171875,3868.43359375,4035.887939453125,47873508328.0,594.3499755859375,596.2999877929688,591.0599975585938,595.969970703125,54337400.0,16.889999389648438,17.049999237060547,15.289999961853027,15.289999961853027,0.0
2025-09-29,41.83000183105469,44.2400016784668,41.630001068115234,44.209999084472656,1134900.0,112117.875,114473.5703125,111589.953125,114400.3828125,60000147466.0,16.489999771118164,18.729999542236328,16.3799991607666,18.65999984741211,104494800.0,18.229999542236328,20.010000228881836,18.131000518798828,19.780000686645508,45171400.0,318.010009765625,334.3800048828125,316.3500061035156,333.989990234375,12066100.0,4141.3564453125,4234.78271484375,4087.92724609375,4217.341796875,38560429932.0,599.1099853515625,602.0499877929688,597.4099731445312,598.72998046875,48332900.0,15.84000015258789,16.290000915527344,15.739999771118164,16.1200008392334,0.0
2025-09-30,44.099998474121094,44.599998474121094,43.30400085449219,44.2400016784668,256200.0,114396.5234375,114836.6171875,112740.5625,114056.0859375,58986330258.0,18.270000457763672,18.610000610351562,18.040000915527344,18.260000228881836,57430600.0,19.639999389648438,19.770000457763672,18.760000228881836,19.030000686645508,43274300.0,330.0,338.1000061035156,329.6600036621094,337.489990234375,6674700.0,4217.05517578125,4238.67138671875,4095.443603515625,4145.95751953125,37679153330.0,598.4299926757812,600.7100219726562,596.0999755859375,600.3699951171875,46533800.0,16.489999771118164,16.700000762939453,16.020000457763672,16.280000686645508,0.0
2025-10-01,44.81999969482422,45.89500045776367,44.099998474121094,45.06999969482422,547600.0,114057.59375,118648.9296875,113981.3984375,118648.9296875,71328680132.0,18.860000610351562,19.40999984741211,18.200000762939453,18.610000610351562,65823400.0,19.540000915527344,19.59000015258789,18.510000228881836,18.93000030517578,34586000.0,343.260009765625,349.8699951171875,340.5,346.1700134277344,8843900.0,4146.03369140625,4351.1123046875,4125.5419921875,4351.1123046875,46161664723.0,597.1699829101562,603.7899780273438,596.3400268554688,603.25,46899600.0,17.280000686645508,17.280000686645508,15.979999542236328,16.290000915527344,0.0
2025-10-02,46.279998779296875,47.18000030517578,45.2599983215332,46.4900016784668,905300.0,118652.3828125,121086.40625,118383.15625,120681.2578125,71415163912.0,19.170000076293945,19.75,18.6299991607666,18.790000915527344,58147400.0,19.360000610351562,19.65999984741211,18.899999618530273,19.25,29498300.0,354.760009765625,376.1300048828125,353.3999938964844,372.07000732421875,15750400.0,4352.24072265625,4517.6650390625,4336.5263671875,4487.923828125,48074066058.0,607.0599975585938,607.1599731445312,602.9299926757812,605.72998046875,43765400.0,16.1200008392334,16.920000076293945,15.930000305175781,16.6299991607666,0.0
2025-10-03,47.369998931884766,50.11000061035156,46.810001373291016,48.189998626708984,644000.0,120656.984375,123944.703125,119344.3125,122266.53125,83941392228.0,19.030000686645508,19.610000610351562,18.450000762939453,18.81999969482422,60740800.0,19.389999389648438,20.795000076293945,18.969999313354492,19.440000534057617,40191800.0,373.3500061035156,383.5,370.0299987792969,380.0199890136719,13648200.0,4486.9345703125,4591.44384765625,4431.47900390625,4514.87060546875,49603450230.0,606.510009765625,607.3300170898438,601.3900146484375,603.1799926757812,46482100.0,16.350000381469727,17.059999465942383,16.200000762939453,16.649999618530273,0.0
2025-10-06,50.7599983215332,52.41299819946289,50.16999816894531,52.290000915527344,881900.0,123510.453125,126198.0703125,123196.046875,124752.53125,72568881188.0,19.670000076293945,20.600000381469727,19.239999771118164,20.56999969482422,73382800.0,20.469999313354492,22.079999923706055,20.100000381469727,21.559999465942383,40384700.0,390.3299865722656,392.8500061035156,380.5,386.07000732421875,8693000.0,4515.30078125,4736.208984375,4492.8701171875,4687.771484375,44992456374.0,608.4500122070312,609.3599853515625,605.969970703125,607.7100219726562,41962100.0,16.739999771118164,17.09000015258789,16.290000915527344,16.3700008392334,0.0
2025-10-07,53.9900016784668,54.0,49.928001403808594,53.380001068115234,965000.0,124752.140625,125184.0234375,120681.96875,121451.3828125,76149412513.0,20.700000762939453,20.93000030517578,19.1200008392334,20.25,56239900.0,21.799999237060547,21.8700008392334,20.110000610351562,21.469999313354492,32348000.0,386.8399963378906,388.0,363.010009765625,375.7799987792969,9146300.0,4687.7099609375,4755.22021484375,4443.5712890625,4451.15185546875,54879425294.0,609.02001953125,609.7100219726562,603.030029296875,604.510009765625,58209500.0,16.579999923706055,17.549999237060547,16.190000534057617,17.239999771118164,0.0
2025-10-08,53.650001525878906,56.130001068115234,52.43000030517578,55.380001068115234,709700.0,121448.3515625,124167.09375,121119.1796875,123354.8671875,65354305286.0,20.420000076293945,20.969999313354492,20.030000686645508,20.200000762939453,50170500.0,21.739999771118164,22.415000915527344,21.3700008392334,21.989999771118164,28859500.0,378.6199951171875,390.489990234375,375.6400146484375,387.2699890136719,7122800.0,4451.10791015625,4556.2216796875,4417.76806640625,4527.64794921875,40456628235.0,605.4099731445312,611.75,605.260009765625,611.4400024414062,50629800.0,17.170000076293945,17.200000762939453,16.229999542236328,16.299999237060547,0.0
2025-10-09,56.54999923706055,57.854000091552734,54.970001220703125,57.56999969482422,559800.0,123337.0703125,123739.34375,119812.03125,121705.5859375,74653009425.0,20.329999923706055,20.65999984741211,19.43000030517578,20.200000762939453,49472600.0,22.010000228881836,22.3700008392334,21.15999984741211,22.280000686645508,24654200.0,384.260009765625,392.1600036621094,381.79998779296875,387.0,6849000.0,4526.9609375,4531.716796875,4273.5595703125,4369.1435546875,47903074596.0,611.47998046875,611.6099853515625,607.47998046875,610.7000122070312,45551000.0,16.309999465942383,17.270000457763672,16.260000228881836,16.43000030517578,0.0
2025-10-10,60.650001525878906,63.790000915527344,54.59000015258789,55.34000015258789,2200400.0,121704.7421875,122509.6640625,104582.4140625,113214.3671875,153125018868.0,20.760000228881836,22.059999465942383,18.18000030517578,18.649999618530273,80366600.0,22.889999389648438,23.934999465942383,20.639999389648438,21.010000228881836,36397200.0,387.6600036621094,402.1600036621094,351.6300048828125,357.010009765625,17223600.0,4369.0654296875,4395.57080078125,3460.222412109375,3843.0087890625,97736621123.0,611.4000244140625,613.1799926757812,589.0499877929688,589.5,97614800.0,16.360000610351562,22.440000534057617,16.229999542236328,21.65999984741211,0.0
2025-10-13,58.5,61.400001525878906,56.62300109863281,60.86000061035156,1073800.0,115161.6796875,116020.484375,113821.1875,115271.078125,71582026739.0,19.34000015258789,20.600000381469727,18.979999542236328,20.239999771118164,42343600.0,21.510000228881836,22.010000228881836,20.86400032043457,21.700000762939453,25822400.0,363.20001220703125,364.8999938964844,341.8399963378906,356.989990234375,10318400.0,4164.04931640625,4292.845703125,4061.224609375,4245.4677734375,50253782420.0,599.6799926757812,602.9500122070312,597.22998046875,602.010009765625,65872600.0,19.450000762939453,20.770000457763672,18.610000610351562,19.030000686645508,0.0
2025-10-14,58.9900016784668,65.86499786376953,56.349998474121094,63.790000915527344,1370900.0,115264.8828125,115502.8828125,110029.484375,113118.6640625,92212917403.0,19.3700008392334,22.979999542236328,19.0,22.239999771118164,72225900.0,20.834999084472656,22.93000030517578,20.06599998474121,22.190000534057617,26294700.0,340.8500061035156,353.5,334.7699890136719,341.54998779296875,9446000.0,4245.37255859375,4265.10546875,3895.9736328125,4125.412109375,67094148347.0,595.3099975585938,602.6900024414062,590.1300048828125,598.0,69203200.0,21.459999084472656,22.940000534057617,19.18000030517578,20.809999465942383,0.0
2025-10-15,66.55999755859375,67.88500213623047,62.81100082397461,65.9000015258789,1254600.0,113113.96875,113622.3828125,110235.8359375,110783.1640625,72574132855.0,22.700000762939453,23.450000762939453,22.219999313354492,22.84000015258789,58503700.0,22.799999237060547,23.010000228881836,21.489999771118164,22.1299991607666,19314900.0,345.80999755859375,347.8299865722656,333.1000061035156,336.29998779296875,7947300.0,4125.361328125,4213.85595703125,3935.161376953125,3987.45947265625,50462889453.0,604.010009765625,606.7000122070312,595.9299926757812,602.219970703125,62805500.0,20.020000457763672,22.440000534057617,19.110000610351562,20.639999389648438,0.0
2025-10-16,65.79000091552734,65.79000091552734,59.029998779296875,59.33000183105469,1423000.0,110782.171875,111990.8125,107537.03125,108186.0390625,87306423067.0,23.15999984741211,23.15999984741211,19.899999618530273,20.270000457763672,63827700.0,22.110000610351562,22.110000610351562,19.399999618530273,19.549999237060547,22941100.0,338.489990234375,342.70001220703125,328.7099914550781,330.25,7611900.0,3987.14892578125,4079.648193359375,3829.654052734375,3894.75439453125,49147390731.0,605.1099853515625,608.3099975585938,595.5,599.989990234375,70982000.0,20.489999771118164,25.43000030517578,19.850000381469727,25.309999465942383,0.0
2025-10-17,55.779998779296875,58.31999969482422,54.849998474121094,58.22999954223633,1055400.0,108179.1328125,109235.8046875,103598.4296875,106467.7890625,99703051669.0,19.56999969482422,20.18000030517578,19.0,19.56999969482422,49863700.0,18.809999465942383,20.290000915527344,18.5,20.030000686645508,22556500.0,319.4100036621094,336.29998779296875,317.7699890136719,336.0199890136719,9571100.0,3894.377685546875,3950.56689453125,3678.620361328125,3832.558837890625,57404271888.0,597.9500122070312,605.510009765625,596.3699951171875,603.9299926757812,72024900.0,28.40999984741211,28.989999771118164,20.729999542236328,20.780000686645508,0.0
2025-10-20,61.72999954223633,62.81999969482422,59.310001373291016,59.77000045776367,837900.0,108667.4453125,111711.03125,107485.015625,110588.9296875,63507793085.0,20.549999237060547,22.09000015258789,20.110000610351562,20.729999542236328,49220200.0,21.059999465942383,22.549999237060547,20.610000610351562,22.010000228881836,22037400.0,342.2099914550781,354.05999755859375,338.75,343.7799987792969,7544100.0,3984.6962890625,4084.15966796875,3911.726318359375,3980.76025390625,40224612563.0,607.1400146484375,612.7999877929688,607.0700073242188,611.5399780273438,45761700.0,20.530000686645508,21.020000457763672,18.229999542236328,18.229999542236328,0.0
2025-10-21,58.779998779296875,58.91999816894531,54.9900016784668,56.0099983215332,729200.0,110587.6328125,113996.34375,107534.75,108476.890625,101194375480.0,20.3700008392334,21.040000915527344,19.65999984741211,20.06999969482422,40022600.0,21.584999084472656,22.190000534057617,20.489999771118164,20.670000076293945,18231100.0,342.2799987792969,344.7900085449219,335.5,338.6199951171875,6030900.0,3980.740478515625,4109.533203125,3843.227783203125,3876.76416015625,49960290350.0,611.6400146484375,612.719970703125,609.3200073242188,611.3800048828125,44538200.0,18.649999618530273,18.889999389648438,17.399999618530273,17.8700008392334,0.0
2025-10-22,53.90999984741211,56.525001525878906,48.77000045776367,51.31999969482422,1953000.0,108491.53125,109115.1328125,106778.0,107688.5859375,80807013218.0,19.56999969482422,20.020000457763672,18.389999389648438,19.149999618530273,41372900.0,20.219999313354492,20.579999923706055,18.389999389648438,18.989999771118164,20084800.0,333.8800048828125,334.7200012207031,310.4800109863281,320.3299865722656,12737800.0,3877.363037109375,3890.63232421875,3718.0771484375,3808.122314453125,46173305673.0,610.8200073242188,611.4099731445312,599.739990234375,605.489990234375,61478800.0,17.84000015258789,21.010000228881836,17.729999542236328,18.600000381469727,0.0
2025-10-23,51.81999969482422,55.04999923706055,51.41999816894531,54.02000045776367,918300.0,107679.4375,111288.59375,107548.4296875,110069.7265625,54944076060.0,19.329999923706055,19.920000076293945,19.1299991607666,19.219999313354492,32710100.0,19.149999618530273,20.959999084472656,19.149999618530273,20.489999771118164,17813400.0,323.0,328.3900146484375,318.5,322.760009765625,5866800.0,3808.0849609375,3930.974853515625,3801.241455078125,3856.0263671875,36361652714.0,604.9099731445312,611.3699951171875,604.52001953125,610.5800170898438,42844300.0,18.360000610351562,19.350000381469727,17.079999923706055,17.299999237060547,0.0
2025-10-24,57.15999984741211,59.709999084472656,56.5099983215332,59.630001068115234,907400.0,110069.3515625,111842.53125,109770.1484375,111033.921875,48160816980.0,19.780000686645508,20.040000915527344,19.200000762939453,19.540000915527344,30810100.0,21.270000457763672,21.889999389648438,20.899999618530273,21.420000076293945,15624700.0,335.0,356.8800048828125,333.0,354.4599914550781,13893100.0,3856.033203125,4002.561767578125,3849.724853515625,3934.5673828125,34090708715.0,615.989990234375,618.4199829101562,615.1300048828125,617.0999755859375,47632500.0,17.020000457763672,17.219999313354492,16.020000457763672,16.3700008392334,0.0
2025-10-27,61.29999923706055,61.619998931884766,59.279998779296875,60.84000015258789,875700.0,114479.8515625,116273.3125,113882.2890625,114119.328125,61761358733.0,20.3700008392334,20.469999313354492,19.540000915527344,19.559999465942383,34113000.0,22.225000381469727,23.489999771118164,21.56999969482422,23.0,21638900.0,362.82000732421875,373.25,357.29998779296875,361.42999267578125,9688300.0,4158.0107421875,4250.669921875,4099.56982421875,4120.1220703125,40271333201.0,624.52001953125,628.5499877929688,624.030029296875,628.0900268554688,54098600.0,15.729999542236328,16.06999969482422,15.619999885559082,15.789999961853027,0.0
2025-10-28,60.72999954223633,63.40999984741211,59.27000045776367,59.47999954223633,920000.0,114129.0859375,116078.984375,112291.6796875,112956.1640625,64528066504.0,19.6299991607666,20.290000915527344,18.670000076293945,18.8799991607666,40462100.0,22.950000762939453,23.235000610351562,21.43000030517578,21.55500030517578,22936600.0,363.2300109863281,368.1300048828125,354.07000732421875,355.2200012207031,6527800.0,4120.27490234375,4173.50537109375,3940.834228515625,3982.262451171875,39684155177.0,630.3599853515625,634.6799926757812,629.25,632.9199829101562,61195700.0,15.949999809265137,16.549999237060547,15.65999984741211,16.420000076293945,0.0
2025-10-29,59.79999923706055,60.790000915527344,56.7599983215332,58.650001525878906,789600.0,112921.328125,113642.7265625,109368.71875,110055.3046875,62192043469.0,19.040000915527344,19.270000457763672,18.149999618530273,18.8799991607666,33793300.0,22.024999618530273,22.579999923706055,21.059999465942383,22.170000076293945,25248100.0,357.42999267578125,360.0,345.2099914550781,348.6099853515625,7560500.0,3980.759033203125,4036.35302734375,3849.538818359375,3903.35302734375,35255876156.0,635.5900268554688,637.010009765625,630.25,635.77001953125,67422800.0,16.34000015258789,17.579999923706055,16.260000228881836,16.920000076293945,0.0
2025-10-30,56.380001068115234,58.86000061035156,55.68000030517578,56.709999084472656,406100.0,110059.1953125,111612.3515625,106376.6875,108305.546875,69673964814.0,18.469999313354492,18.68000030517578,17.760000228881836,17.760000228881836,34392400.0,21.454999923706055,21.829999923706055,20.739999771118164,21.09000015258789,20561300.0,343.4700012207031,344.2200012207031,328.2099914550781,328.510009765625,8947700.0,3903.322509765625,3948.22265625,3681.909423828125,3804.375244140625,39981939289.0,632.1699829101562,633.5,625.9400024414062,626.0499877929688,61628600.0,16.260000228881836,17.40999984741211,15.729999542236328,16.90999984741211,0.0
2025-10-31,58.88999938964844,59.4900016784668,56.09000015258789,57.38999938964844,409000.0,108304.4140625,111031.8203125,108288.2734375,109556.1640625,60090359560.0,18.299999237060547,18.389999389648438,17.649999618530273,18.270000457763672,33419500.0,21.709999084472656,21.905000686645508,19.31100082397461,19.780000686645508,33356000.0,336.0,361.3999938964844,334.42999267578125,343.7799987792969,13757300.0,3805.082763671875,3900.580322265625,3797.669189453125,3847.080322265625,37800100395.0,634.1699829101562,634.2000122070312,626.6900024414062,629.0700073242188,66305100.0,16.43000030517578,18.540000915527344,15.960000038146973,17.440000534057617,0.0
2025-11-03,63.470001220703125,65.12999725341797,59.07500076293945,61.459999084472656,968000.0,110646.90625,110764.9140625,105336.359375,106547.5234375,72852006359.0,18.610000610351562,18.690000534057617,17.40999984741211,17.809999465942383,38632000.0,20.885000228881836,21.829999923706055,19.950000762939453,20.719999313354492,33715600.0,340.8699951171875,342.79998779296875,325.8800048828125,330.4200134277344,9341700.0,3911.747802734375,3912.63330078125,3560.263671875,3602.30810546875,53091469560.0,635.1099853515625,635.8200073242188,629.8499755859375,632.0800170898438,37154300.0,18.059999465942383,18.829999923706055,17.0,17.170000076293945,0.0
2025-11-04,57.650001525878906,62.88999938964844,56.29999923706055,58.439998626708984,1185100.0,106541.421875,107264.8828125,98962.0625,101590.5234375,110967184773.0,17.479999542236328,17.90999984741211,16.540000915527344,16.6200008392334,51710300.0,19.690000534057617,20.924999237060547,19.059999465942383,19.274999618530273,25277300.0,319.0,325.45001220703125,306.8500061035156,307.32000732421875,12420300.0,3602.040771484375,3652.687255859375,3063.0869140625,3292.574462890625,76827517773.0,623.280029296875,626.9500122070312,618.4600219726562,619.25,63830800.0,19.729999542236328,20.479999542236328,17.899999618530273,19.0,0.0
2025-11-05,59.81999969482422,62.849998474121094,59.04999923706055,62.18000030517578,826400.0,101579.234375,104534.703125,98989.9140625,103891.8359375,77584934804.0,17.219999313354492,18.040000915527344,17.06999969482422,17.1299991607666,43786400.0,19.420000076293945,19.729999542236328,18.40999984741211,18.969999313354492,32493600.0,315.8900146484375,324.1400146484375,310.8399963378906,319.29998779296875,8215500.0,3292.148193359375,3479.8095703125,3170.513916015625,3425.171142578125,46955882330.0,618.489990234375,626.5999755859375,617.2100219726562,623.280029296875,48688500.0,19.3700008392334,20.020000457763672,17.309999465942383,18.010000228881836,0.0
2025-11-06,61.619998931884766,61.619998931884766,56.310001373291016,56.54999923706055,838800.0,103893.6640625,104147.3046875,100336.8671875,101301.2890625,63932752861.0,17.0,17.059999465942383,15.930000305175781,15.960000038146973,40692300.0,18.829999923706055,18.899999618530273,17.299999237060547,17.34000015258789,22687000.0,316.5,316.6000061035156,294.7200012207031,295.2200012207031,12191200.0,3425.361083984375,3454.3359375,3245.28173828125,3312.2578125,36731850433.0,621.7899780273438,622.0399780273438,610.2999877929688,611.6699829101562,72115100.0,18.360000610351562,20.309999465942383,17.639999389648438,19.5,0.0
2025-11-07,54.189998626708984,55.810001373291016,51.41999816894531,55.09000015258789,1218600.0,101286.2421875,104052.9140625,99257.0546875,103372.40625,92168030081.0,15.390000343322754,15.890000343322754,14.8100004196167,15.869999885559082,51496900.0,16.584999084472656,17.125,15.970000267028809,17.010000228881836,22442100.0,290.20001220703125,310.92999267578125,283.6499938964844,309.1400146484375,11984200.0,3312.029296875,3471.804931640625,3195.896728515625,3435.301025390625,42609994022.0,608.3099975585938,609.9500122070312,598.6699829101562,609.739990234375,81835400.0,19.520000457763672,22.719999313354492,19.079999923706055,19.079999923706055,0.0
2025-11-10,57.9900016784668,58.650001525878906,53.5099983215332,53.58000183105469,763100.0,104723.7734375,106564.6953125,104350.6484375,105996.59375,69585887229.0,16.559999465942383,16.6200008392334,15.5600004196167,15.579999923706055,37135400.0,17.790000915527344,18.0,17.049999237060547,17.31999969482422,17622700.0,323.0199890136719,324.79998779296875,311.6600036621094,317.92999267578125,8949800.0,3583.44482421875,3656.14892578125,3508.98583984375,3568.4599609375,35638045619.0,618.9199829101562,624.3099975585938,616.8900146484375,623.22998046875,55919900.0,18.579999923706055,18.81999969482422,17.600000381469727,17.600000381469727,0.0
2025-11-11,52.20000076293945,52.34000015258789,49.310001373291016,50.04999923706055,852400.0,105996.859375,107428.2578125,102457.328125,102997.46875,71130078574.0,15.270000457763672,15.319999694824219,14.489999771118164,14.630000114440918,50681700.0,16.809999465942383,16.81999969482422,15.920000076293945,16.139999389648438,22278700.0,312.20001220703125,317.0899963378906,303.5899963378906,304.010009765625,7095200.0,3568.47265625,3644.5283203125,3404.86181640625,3415.2822265625,39734688531.0,620.5700073242188,622.719970703125,617.52001953125,621.5700073242188,44868800.0,17.899999618530273,18.010000228881836,17.25,17.280000686645508,0.0
2025-11-12,50.970001220703125,51.09000015258789,46.75,47.72999954223633,1606300.0,103011.4375,105297.234375,100836.6171875,101663.1875,64347179408.0,14.960000038146973,14.979999542236328,13.979999542236328,14.40999984741211,41649900.0,16.469999313354492,16.469999313354492,15.079999923706055,15.460000038146973,24259800.0,309.2300109863281,311.5,301.4599914550781,304.0,6967600.0,3415.7958984375,3586.013916015625,3373.711669921875,3413.09423828125,34898956623.0,624.8400268554688,624.8599853515625,617.8099975585938,621.0800170898438,47444400.0,17.209999084472656,18.059999465942383,17.100000381469727,17.510000228881836,0.0
2025-11-13,45.2599983215332,46.130001068115234,41.599998474121094,41.970001220703125,1704600.0,101674.1484375,104005.4921875,97988.71875,99697.4921875,101546815416.0,14.25,14.279999732971191,12.680000305175781,12.779999732971191,53568200.0,15.0649995803833,15.199999809265137,13.600000381469727,13.880000114440918,28407500.0,301.6600036621094,303.9599914550781,279.8299865722656,283.1400146484375,11109500.0,3412.994873046875,3561.86083984375,3156.03076171875,3232.757080078125,50283416669.0,617.5399780273438,618.1199951171875,606.0800170898438,608.4000244140625,71333600.0,17.610000610351562,21.309999465942383,17.510000228881836,20.0,0.0
2025-11-14,39.47999954223633,43.16999816894531,38.821998596191406,40.540000915527344,879900.0,99694.703125,99804.4296875,94000.734375,94397.7890625,114346441890.0,12.390000343322754,12.6899995803833,11.960000038146973,11.989999771118164,49802900.0,13.210000038146973,14.53600025177002,12.75,13.949999809265137,31664700.0,269.5199890136719,292.760009765625,268.1600036621094,284.0,11784800.0,3232.295166015625,3252.660888671875,3071.970703125,3103.78564453125,47003809463.0,599.5499877929688,613.3499755859375,597.1699829101562,608.8599853515625,80087300.0,21.329999923706055,23.030000686645508,19.559999465942383,19.829999923706055,0.0
2025-11-17,40.150001525878906,42.310001373291016,39.630001068115234,40.91999816894531,901400.0,94180.875,95928.3671875,91214.7578125,92093.875,94186165724.0,12.020000457763672,12.270000457763672,11.100000381469727,11.510000228881836,53541900.0,13.765000343322754,14.234999656677246,13.335000038146973,13.880000114440918,22867700.0,274.9200134277344,277.8299865722656,258.2200012207031,263.95001220703125,15822400.0,3092.941650390625,3218.13037109375,2957.3095703125,3024.538818359375,41026793235.0,606.2999877929688,612.47998046875,599.8699951171875,603.6599731445312,63850400.0,19.579999923706055,23.440000534057617,19.540000915527344,22.3799991607666,0.0
2025-11-18,40.27000045776367,43.0,39.779998779296875,41.83000183105469,994100.0,92094.53125,93745.078125,89300.4609375,92948.875,101333569062.0,11.40999984741211,12.119999885559082,11.359999656677246,11.880000114440918,49781500.0,13.630000114440918,14.239999771118164,13.454999923706055,13.9399995803833,18309400.0,261.75,271.0,261.0,261.7900085449219,10854500.0,3024.4140625,3167.9326171875,2948.329345703125,3122.97900390625,41581494270.0,599.6199951171875,602.3099975585938,591.3400268554688,596.3099975585938,83327300.0,23.540000915527344,25.84000015258789,22.90999984741211,24.690000534057617,0.0
2025-11-19,42.02000045776367,43.72999954223633,39.81999969482422,40.400001525878906,726400.0,92946.1640625,92946.1640625,88526.828125,91465.9921875,80350354656.0,11.869999885559082,11.890000343322754,10.84000015258789,11.100000381469727,51758900.0,13.970000267028809,14.454999923706055,13.03499984741211,13.350000381469727,21392400.0,261.8699951171875,262.82000732421875,247.02000427246094,257.2900085449219,13287300.0,3122.64599609375,3122.64599609375,2871.22802734375,3023.07080078125,40229739844.0,597.0700073242188,606.1599731445312,594.5900268554688,599.8699951171875,73111500.0,24.520000457763672,24.790000915527344,21.93000030517578,23.65999984741211,0.0
2025-11-20,43.70000076293945,45.45000076293945,38.709999084472656,38.7599983215332,1302900.0,91459.3515625,93025.0703125,86040.796875,86631.8984375,97970645638.0,11.479999542236328,11.739999771118164,10.210000038146973,10.239999771118164,55553200.0,14.079999923706055,14.329999923706055,12.739999771118164,12.779999732971191,21872500.0,259.9800109863281,263.6300048828125,236.0,238.16000366210938,15524200.0,3022.885498046875,3057.78857421875,2790.597900390625,2831.777587890625,43917885207.0,611.6199951171875,614.030029296875,584.75,585.6699829101562,117743200.0,20.780000686645508,28.270000457763672,19.280000686645508,26.420000076293945,0.0
2025-11-21,38.02000045776367,39.150001525878906,35.70000076293945,38.040000915527344,1235100.0,86528.7734375,87380.8046875,80659.8125,85090.6875,129157506112.0,10.119999885559082,10.479999542236328,9.710000038146973,10.069999694824219,56525100.0,12.5,12.90999984741211,12.038000106811523,12.710000038146973,18271700.0,243.9199981689453,246.1300048828125,231.1699981689453,240.41000366210938,12396500.0,2829.2646484375,2880.60302734375,2626.87158203125,2765.69921875,51476486049.0,587.469970703125,596.97998046875,580.739990234375,590.0700073242188,103344200.0,25.969999313354492,27.84000015258789,22.540000915527344,23.43000030517578,0.0
2025-11-24,39.0,43.2400016784668,39.0,43.119998931884766,887800.0,86798.7734375,89206.3359375,85272.1953125,88270.5625,74433896110.0,10.380000114440918,11.279999732971191,10.119999885559082,11.210000038146973,53592200.0,13.055000305175781,13.90999984741211,12.829999923706055,13.880000114440918,17483100.0,244.67999267578125,257.95001220703125,243.00999450683594,255.97000122070312,10005800.0,2801.204345703125,2982.822021484375,2763.3779296875,2952.71337890625,32491657389.0,595.280029296875,606.6799926757812,595.1599731445312,605.1599731445312,60168100.0,22.690000534057617,23.68000030517578,20.40999984741211,20.520000457763672,0.0
2025-11-25,42.060001373291016,43.970001220703125,40.369998931884766,43.650001525878906,675500.0,88269.9609375,88457.3359375,86131.4296875,87341.890625,64837343545.0,10.899999618530273,11.239999771118164,10.630000114440918,11.170000076293945,39384500.0,13.630000114440918,14.4399995803833,13.125,14.390000343322754,21051300.0,247.75999450683594,254.3699951171875,240.74000549316406,254.1199951171875,8525300.0,2952.58447265625,2978.704345703125,2857.8359375,2957.936279296875,23336017779.0,603.510009765625,610.260009765625,597.3200073242188,608.8900146484375,57560900.0,20.549999237060547,21.770000457763672,18.389999389648438,18.559999465942383,0.0
2025-11-26,44.970001220703125,46.810001373291016,43.39500045776367,46.119998931884766,709000.0,87345.5859375,90581.15625,86316.8984375,90518.3671875,66496301869.0,11.319999694824219,11.520000457763672,10.899999618530273,11.109999656677246,49739500.0,14.574999809265137,15.239999771118164,14.229999542236328,14.960000038146973,19374700.0,256.20001220703125,266.6199951171875,253.83999633789062,264.9700012207031,9929300.0,2958.32958984375,3043.927001953125,2889.890625,3027.81201171875,21433162961.0,612.510009765625,616.1900024414062,610.3900146484375,614.27001953125,42393600.0,18.25,18.700000762939453,16.93000030517578,17.190000534057617,0.0
2025-11-28,47.630001068115234,49.21500015258789,47.439998626708984,48.43000030517578,542900.0,91285.3828125,92969.0859375,90257.1171875,90919.265625,60895830289.0,11.739999771118164,11.979999542236328,11.539999961853027,11.8100004196167,31835100.0,15.720000267028809,16.649999618530273,15.5600004196167,16.1299991607666,21219100.0,274.010009765625,279.8699951171875,269.2900085449219,272.82000732421875,8977800.0,3014.543701171875,3095.033203125,2995.76513671875,3032.304443359375,20659958964.0,616.1099853515625,619.3200073242188,615.4199829101562,619.25,23034400.0,17.40999984741211,18.520000457763672,15.779999732971191,16.350000381469727,0.0
2025-12-01,45.58000183105469,47.89899826049805,45.279998779296875,47.2599983215332,661100.0,90389.109375,90398.15625,83862.25,86321.5703125,87962894424.0,11.079999923706055,11.649999618530273,10.619999885559082,11.520000457763672,47151600.0,15.239999771118164,15.809000015258789,14.880000114440918,15.479999542236328,19149400.0,260.5299987792969,265.8999938964844,252.1999969482422,259.8399963378906,12119300.0,2991.923095703125,2996.8818359375,2720.4365234375,2800.18896484375,36679598313.0,613.6300048828125,619.4400024414062,612.52001953125,617.1699829101562,40957600.0,18.049999237060547,18.329999923706055,16.579999923706055,17.239999771118164,0.0
2025-12-02,47.54999923706055,48.0,43.56999969482422,43.68000030517578,640800.0,86322.5390625,92316.6328125,86202.1953125,91350.203125,78546798211.0,11.979999542236328,12.420000076293945,11.699999809265137,11.90999984741211,46125200.0,15.845000267028809,16.25,15.199999809265137,15.220000267028809,21975200.0,267.67999267578125,272.54998779296875,263.2099914550781,263.260009765625,9059300.0,2800.22314453125,3032.76123046875,2784.390625,2997.939697265625,26593645111.0,619.4600219726562,623.75,617.5900268554688,622.0,54541800.0,17.280000686645508,17.309999465942383,16.389999389648438,16.59000015258789,0.0
2025-12-03,43.810001373291016,45.58000183105469,42.88999938964844,45.470001220703125,407900.0,91345.09375,94060.7734375,91056.390625,93527.8046875,77650204986.0,12.0600004196167,12.539999961853027,11.800000190734863,12.470000267028809,42574500.0,15.194999694824219,15.680000305175781,14.890000343322754,15.640000343322754,14094000.0,268.0,277.5899963378906,264.1300048828125,276.9200134277344,9466700.0,2997.801513671875,3212.559814453125,2988.14208984375,3191.57177734375,29949301036.0,619.6199951171875,624.219970703125,618.030029296875,623.52001953125,47841600.0,16.43000030517578,17.280000686645508,15.930000305175781,16.079999923706055,0.0
2025-12-04,44.939998626708984,47.61899948120117,44.435001373291016,47.290000915527344,548800.0,93454.2578125,94038.2421875,90976.1015625,92141.625,64538402681.0,12.329999923706055,12.59000015258789,12.119999885559082,12.4399995803833,32405800.0,15.430000305175781,15.850000381469727,15.220000267028809,15.59000015258789,12930000.0,273.6000061035156,284.239990234375,271.260009765625,274.04998779296875,6469200.0,3188.343505859375,3238.555419921875,3071.31005859375,3134.31640625,27434991113.0,624.9299926757812,624.9400024414062,619.5399780273438,622.9400024414062,47067800.0,16.229999542236328,16.6299991607666,15.680000305175781,15.779999732971191,0.0
2025-12-05,46.689998626708984,46.689998626708984,44.819000244140625,45.529998779296875,514300.0,92133.6484375,92702.640625,88152.140625,89387.7578125,63256398633.0,12.199999809265137,12.199999809265137,11.630000114440918,11.739999771118164,37605500.0,15.329999923706055,15.428999900817871,14.699999809265137,14.9399995803833,15302800.0,270.42999267578125,274.04998779296875,265.010009765625,269.7300109863281,7173500.0,3134.357421875,3192.45703125,2989.83154296875,3024.432861328125,28000268228.0,624.3800048828125,628.9199829101562,623.7100219726562,625.47998046875,53614200.0,15.579999923706055,16.18000030517578,15.279999732971191,15.40999984741211,0.0
2025-12-08,46.290000915527344,46.880001068115234,44.90999984741211,46.43000030517578,392900.0,90424.5859375,92267.1171875,89644.890625,90640.203125,57394099056.0,12.029999732971191,12.119999885559082,11.5600004196167,12.050000190734863,33653800.0,15.130000114440918,15.404999732971191,14.760000228881836,14.960000038146973,12472000.0,272.80999755859375,276.6300048828125,269.5199890136719,274.20001220703125,5937000.0,3061.013671875,3177.86767578125,3043.703857421875,3125.197998046875,25262165670.0,627.2100219726562,628.8400268554688,621.6900024414062,624.280029296875,43462400.0,16.149999618530273,17.09000015258789,16.100000381469727,16.65999984741211,0.0
2025-12-09,45.58000183105469,49.029998779296875,45.58000183105469,47.43000030517578,468900.0,90639.703125,94601.5703125,89586.9765625,92691.7109375,66861721440.0,11.869999885559082,12.869999885559082,11.760000228881836,12.25,42518200.0,14.640000343322754,15.96500015258789,14.40999984741211,15.510000228881836,15477900.0,270.6300048828125,284.739990234375,266.8299865722656,277.3599853515625,7876600.0,3124.942626953125,3395.838623046875,3092.87646484375,3321.114990234375,32012553374.0,623.010009765625,625.8699951171875,621.0,625.0499877929688,37156000.0,16.65999984741211,17.200000762939453,16.450000762939453,16.93000030517578,0.0
2025-12-10,46.900001525878906,47.888999938964844,45.48400115966797,45.90999984741211,525800.0,92695.234375,94477.15625,91640.1328125,92020.9453125,65420694513.0,12.0600004196167,12.34000015258789,11.770000457763672,11.920000076293945,37825600.0,15.319999694824219,15.824999809265137,15.109999656677246,15.569999694824219,14876200.0,273.20001220703125,279.44000244140625,270.760009765625,275.0899963378906,6818600.0,3321.2041015625,3446.622802734375,3290.14697265625,3325.39013671875,30694387989.0,623.8499755859375,629.2100219726562,620.989990234375,627.6099853515625,55031400.0,16.940000534057617,17.65999984741211,15.5600004196167,15.770000457763672,0.0
2025-12-11,44.959999084472656,46.3849983215332,43.31999969482422,46.34000015258789,800800.0,92011.3046875,93554.265625,89335.296875,92511.3359375,64532834621.0,11.59000015258789,11.859999656677246,11.170000076293945,11.84000015258789,44290800.0,15.199999809265137,15.805000305175781,14.65999984741211,15.75,21134900.0,266.8999938964844,271.1600036621094,258.7200012207031,269.0199890136719,7969600.0,3324.38671875,3327.344482421875,3149.034423828125,3237.056884765625,29066243707.0,623.8200073242188,625.780029296875,617.719970703125,625.5800170898438,58272800.0,16.84000015258789,16.8799991607666,14.850000381469727,14.850000381469727,0.0
2025-12-12,45.779998779296875,47.01499938964844,42.5099983215332,42.7400016784668,542400.0,92513.6640625,92747.9296875,89532.6015625,90270.4140625,80275884583.0,11.8100004196167,12.260000228881836,11.359999656677246,11.520000457763672,42717300.0,15.744999885559082,16.270000457763672,15.029999732971191,15.300000190734863,18277400.0,271.6600036621094,278.20001220703125,263.1600036621094,267.4599914550781,8180300.0,3237.025634765625,3265.37255859375,3050.267333984375,3084.172607421875,24391003174.0,622.0800170898438,623.5399780273438,611.3599853515625,613.6199951171875,75158700.0,14.989999771118164,17.850000381469727,14.850000381469727,15.739999771118164,0.0
2025-12-15,42.560001373291016,42.70000076293945,37.79199981689453,37.93000030517578,840500.0,88171.078125,89983.921875,85304.078125,86419.78125,45559514323.0,11.479999542236328,11.510000228881836,10.579999923706055,10.699999809265137,44712700.0,15.289999961853027,15.289999961853027,13.569999694824219,13.710000038146973,19176500.0,267.989990234375,268.5799865722656,246.8000030517578,250.4199981689453,10885700.0,3060.4814453125,3175.1181640625,2899.685791015625,2964.18310546875,28765976892.0,618.3699951171875,618.4199829101562,609.3200073242188,610.5399780273438,49538200.0,16.510000228881836,17.350000381469727,15.989999771118164,16.5,0.0
2025-12-16,37.56999969482422,38.650001525878906,36.441001892089844,38.36000061035156,900900.0,86424.40625,88170.09375,85381.6875,87843.984375,41262178223.0,10.770000457763672,11.050000190734863,10.5,10.6899995803833,39827400.0,13.569999694824219,13.859999656677246,13.074999809265137,13.470000267028809,13951400.0,253.55999755859375,257.0,250.32000732421875,252.61000061035156,6907400.0,2964.379638671875,2978.92138671875,2890.01171875,2964.180908203125,22709189818.0,608.260009765625,613.510009765625,606.9099731445312,611.75,55152800.0,17.280000686645508,17.610000610351562,16.190000534057617,16.479999542236328,0.0
2025-12-17,39.40999984741211,40.25,36.310001373291016,36.5099983215332,851000.0,87847.6171875,90264.5703125,85316.265625,86143.7578125,44243392914.0,10.779999732971191,10.949999809265137,9.920000076293945,9.930000305175781,49404000.0,13.670000076293945,13.989999771118164,12.835000038146973,12.960000038146973,14833700.0,254.77999877929688,259.54998779296875,243.6999969482422,244.19000244140625,8429500.0,2964.01953125,3025.8154296875,2791.333984375,2831.403564453125,26159825528.0,613.0599975585938,613.6500244140625,600.280029296875,600.4099731445312,70654300.0,16.450000762939453,18.0,15.819999694824219,17.6200008392334,0.0
2025-12-18,38.314998626708984,39.41999816894531,37.20000076293945,37.4900016784668,539200.0,86144.3671875,89412.6640625,84436.3125,85462.5078125,52667115348.0,10.199999809265137,10.369999885559082,9.609999656677246,9.6899995803833,46078300.0,13.475000381469727,13.734999656677246,13.114999771118164,13.380000114440918,14402700.0,253.10000610351562,255.41000366210938,239.10000610351562,239.1999969482422,9291500.0,2831.48828125,2994.552734375,2777.11962890625,2827.069091796875,29194181349.0,609.7999877929688,612.9299926757812,606.9199829101562,609.1099853515625,78875800.0,17.610000610351562,17.68000030517578,15.930000305175781,16.8700008392334,0.0
2025-12-19,38.66999816894531,41.36000061035156,38.60499954223633,41.099998474121094,860700.0,85476.1328125,89339.1171875,85107.6640625,88103.3828125,46733310561.0,9.899999618530273,10.220000267028809,9.890000343322754,10.180000305175781,57068100.0,13.725000381469727,14.640000343322754,13.6899995803833,14.5,19399800.0,244.5800018310547,247.0,240.85000610351562,245.1199951171875,10613000.0,2827.410400390625,3014.6123046875,2811.3916015625,2977.970703125,27870687989.0,611.9500122070312,617.6199951171875,611.8699951171875,617.0499877929688,60369800.0,16.309999465942383,16.530000686645508,14.90999984741211,14.90999984741211,0.0
2025-12-22,42.625,43.744998931884766,41.93000030517578,42.18000030517578,558000.0,88621.3984375,90501.9296875,87908.0703125,88490.015625,38047472118.0,10.40999984741211,10.6899995803833,10.0,10.130000114440918,35379800.0,15.024999618530273,15.09000015258789,14.289999961853027,14.399999618530273,13007900.0,251.67999267578125,254.8699951171875,247.42999267578125,247.89999389648438,6233100.0,3001.61279296875,3073.353759765625,2965.175048828125,3006.07373046875,20342034264.0,621.3499755859375,621.6500244140625,617.77001953125,619.2100219726562,43703100.0,15.15999984741211,15.260000228881836,14.029999732971191,14.079999923706055,0.0
2025-12-23,41.18000030517578,42.56999969482422,41.02000045776367,41.5099983215332,429700.0,88490.03125,88898.3828125,86606.9765625,87414.0,43683011533.0,9.989999771118164,10.0600004196167,9.6899995803833,9.859999656677246,32302300.0,14.079999923706055,14.229999542236328,13.635000228881836,13.670000076293945,11055500.0,243.25,245.1999969482422,238.8000030517578,242.3000030517578,7004200.0,3006.073974609375,3033.1962890625,2902.3330078125,2963.3740234375,21453213168.0,618.2000122070312,622.4099731445312,617.780029296875,622.1099853515625,41120400.0,14.09000015258789,14.449999809265137,13.640000343322754,14.0,0.0
2025-12-24,41.099998474121094,41.97999954223633,40.849998474121094,41.810001373291016,165100.0,87404.3203125,87956.8828125,86411.796875,87611.9609375,25550297986.0,9.8100004196167,9.9399995803833,9.6899995803833,9.9399995803833,13168600.0,13.84000015258789,13.930000305175781,13.541999816894531,13.920000076293945,4460600.0,240.27999877929688,241.0,237.13999938964844,239.72999572753906,3869000.0,2962.922607421875,2975.171142578125,2888.988037109375,2945.590576171875,13984770325.0,621.989990234375,624.280029296875,621.719970703125,623.9299926757812,18468700.0,14.09000015258789,14.15999984741211,13.380000114440918,13.470000267028809,0.0
2025-12-26,41.869998931884766,41.869998931884766,39.65999984741211,39.75,422500.0,87235.5078125,89459.4296875,86628.140625,87301.4296875,42455674908.0,9.970000267028809,9.970000267028809,9.430000305175781,9.59000015258789,28503100.0,13.930000305175781,13.949999809265137,13.380000114440918,13.4399995803833,8972100.0,240.39999389648438,240.49000549316406,232.80999755859375,236.89999389648438,5925700.0,2903.625,2991.219970703125,2894.15380859375,2925.74560546875,18562196049.0,624.6599731445312,625.52001953125,623.1400146484375,623.8900146484375,28959800.0,14.119999885559082,14.289999961853027,13.520000457763672,13.600000381469727,0.0
2025-12-29,39.0099983215332,41.20000076293945,39.0099983215332,39.369998931884766,425300.0,87835.7890625,90299.15625,86717.9140625,87138.140625,48411625849.0,9.470000267028809,9.850000381469727,9.369999885559082,9.489999771118164,29561200.0,13.154999732971191,13.649999618530273,13.045000076293945,13.210000038146973,8623500.0,234.36000061035156,239.88999938964844,232.77999877929688,233.77000427246094,6362600.0,2948.55908203125,3051.94189453125,2908.748046875,2934.538330078125,25957694515.0,620.0999755859375,622.780029296875,618.72998046875,620.8699951171875,32458300.0,14.6899995803833,15.079999923706055,13.989999771118164,14.199999809265137,0.0
2025-12-30,39.529998779296875,39.939998626708984,38.15999984741211,38.27000045776367,272000.0,87134.3515625,89297.9375,86735.546875,88430.1328125,35586356225.0,9.520000457763672,9.670000076293945,9.3100004196167,9.329999923706055,28454800.0,13.364999771118164,13.479999542236328,12.699999809265137,12.699999809265137,13824400.0,233.64999389648438,236.05999755859375,231.5,231.60000610351562,5652100.0,2934.416259765625,3002.8046875,2916.330078125,2971.416748046875,18816704381.0,619.8400268554688,622.1799926757812,619.219970703125,619.4299926757812,31226800.0,14.430000305175781,14.619999885559082,14.039999961853027,14.329999923706055,0.0
2025-12-31,38.47999954223633,39.119998931884766,37.834999084472656,38.27000045776367,310200.0,88429.5859375,89080.2890625,87130.5625,87508.828125,33830210616.0,9.350000381469727,9.380000114440918,8.949999809265137,8.979999542236328,30543600.0,12.770000457763672,13.069999694824219,12.619999885559082,12.670000076293945,10971600.0,231.22000122070312,232.38999938964844,225.47000122070312,226.13999938964844,6678200.0,2971.407470703125,3021.849609375,2959.143798828125,2967.03759765625,16451891101.0,619.6500244140625,619.9600219726562,614.0499877929688,614.3099975585938,40746500.0,14.770000457763672,15.170000076293945,14.380000114440918,14.949999809265137,0.0
2026-01-02,39.13999938964844,42.15999984741211,38.59000015258789,42.04999923706055,793200.0,88733.0625,90884.4609375,88298.6171875,89944.6953125,46398906171.0,9.1899995803833,9.989999771118164,9.029999732971191,9.90999984741211,45408000.0,13.010000228881836,14.395000457763672,12.645999908447266,14.15999984741211,21653500.0,230.60000610351562,238.49000549316406,225.91000366210938,236.52999877929688,8760200.0,3000.453125,3146.984375,2989.9013671875,3124.422607421875,25242778003.0,620.0599975585938,622.8499755859375,610.1500244140625,613.1199951171875,61859200.0,14.850000381469727,15.420000076293945,14.460000038146973,14.510000228881836,0.0
2026-01-05,43.83000183105469,46.290000915527344,43.34000015258789,45.959999084472656,1321300.0,91414.625,94762.0703125,91414.625,93882.5546875,53376407252.0,10.369999885559082,10.729999542236328,10.210000038146973,10.59000015258789,40202100.0,14.75,14.954999923706055,14.359999656677246,14.789999961853027,14201200.0,247.11000061035156,258.8800048828125,246.52999877929688,254.9199981689453,13695300.0,3141.486328125,3261.245849609375,3134.0927734375,3226.13037109375,27211995956.0,619.3200073242188,620.8099975585938,616.719970703125,617.989990234375,46828400.0,15.140000343322754,15.270000457763672,14.649999618530273,14.899999618530273,0.0
2026-01-06,45.56999969482422,46.130001068115234,42.79499816894531,44.9900016784668,803600.0,93876.9453125,94395.296875,91286.546875,93729.03125,52430605257.0,10.630000114440918,10.6899995803833,9.970000267028809,10.3100004196167,34062500.0,14.789999961853027,15.25,14.380000114440918,14.979999542236328,14039800.0,255.2100067138672,258.3500061035156,245.72000122070312,250.55999755859375,8672500.0,3226.116455078125,3303.5634765625,3184.0146484375,3295.94677734375,27853981622.0,619.22998046875,624.02001953125,618.5399780273438,623.4199829101562,43137500.0,15.0,15.210000038146973,14.630000114440918,14.75,0.0
2026-01-07,44.630001068115234,45.11000061035156,43.279998779296875,43.314998626708984,450500.0,93727.46875,93738.7890625,90601.8046875,91308.0546875,43461295053.0,10.289999961853027,10.319999694824219,9.819999694824219,10.079999923706055,32215400.0,14.930000305175781,15.345000267028809,14.585000038146973,15.270000457763672,17491900.0,248.27999877929688,248.94000244140625,240.25,245.92999267578125,7488900.0,3295.91259765625,3296.394287109375,3126.552001953125,3166.843994140625,22665982583.0,623.0399780273438,627.9400024414062,622.5599975585938,624.02001953125,44880300.0,14.949999809265137,15.479999542236328,14.829999923706055,15.380000114440918,0.0
2026-01-08,43.11000061035156,45.529998779296875,42.790000915527344,44.5,697900.0,91309.640625,91485.8515625,89233.875,91027.125,42386697030.0,9.899999618530273,10.680000305175781,9.829999923706055,10.4399995803833,31093100.0,15.050000190734863,15.489999771118164,14.84000015258789,15.130000114440918,13371900.0,244.6199951171875,250.3800048828125,242.25,245.58999633789062,6897200.0,3166.924072265625,3179.866455078125,3052.509765625,3104.382568359375,22760237888.0,623.030029296875,623.4199829101562,617.7999877929688,620.469970703125,50435900.0,15.6899995803833,15.850000381469727,15.149999618530273,15.449999809265137,0.0
2026-01-09,45.27000045776367,47.400001525878906,44.60499954223633,45.02000045776367,724200.0,91026.2734375,91910.671875,89625.3828125,90513.1015625,38305906684.0,10.529999732971191,10.579999923706055,10.069999694824219,10.220000267028809,32172700.0,15.5,16.084999084472656,15.199999809265137,15.319999694824219,16439500.0,246.07000732421875,246.89999389648438,237.14999389648438,240.77999877929688,8104500.0,3104.334716796875,3140.709228515625,3058.096923828125,3083.047119140625,18879517395.0,621.4099731445312,627.8900146484375,619.0599975585938,626.6500244140625,49688700.0,15.680000305175781,15.8100004196167,14.430000305175781,14.489999771118164,0.0
2026-01-12,44.709999084472656,47.84000015258789,44.34000015258789,47.529998779296875,387100.0,90825.859375,92395.5234375,90055.0234375,91192.9921875,41346275358.0,10.220000267028809,10.850000381469727,10.15999984741211,10.649999618530273,38514000.0,15.300000190734863,16.459999084472656,14.989999771118164,16.450000762939453,20866200.0,239.6300048828125,248.0,238.0399932861328,242.97999572753906,5957300.0,3118.828857421875,3166.219970703125,3068.07275390625,3092.3251953125,21152711365.0,622.3099975585938,628.8499755859375,622.260009765625,627.1699829101562,37388700.0,16.059999465942383,16.65999984741211,15.029999732971191,15.119999885559082,0.0
2026-01-13,48.31999969482422,49.30500030517578,47.349998474121094,48.869998931884766,556600.0,91185.3359375,96011.625,90941.9296875,95321.78125,54980674354.0,10.899999618530273,11.069999694824219,10.609999656677246,10.949999809265137,43133400.0,16.65999984741211,16.950000762939453,16.149999618530273,16.75,19757500.0,245.5,255.50999450683594,244.64999389648438,252.69000244140625,9027000.0,3092.008544921875,3352.580078125,3088.512939453125,3322.095458984375,27237310134.0,627.27001953125,629.469970703125,623.7000122070312,626.239990234375,44481400.0,15.359999656677246,16.5,14.75,15.979999542236328,0.0
2026-01-14,49.029998779296875,49.849998474121094,47.5,48.939998626708984,637900.0,95322.90625,97860.6015625,94583.046875,96929.328125,60592490863.0,11.180000305175781,11.460000038146973,10.890000343322754,11.109999656677246,56484300.0,17.299999237060547,17.940000534057617,16.760000228881836,17.309999465942383,27729100.0,256.9200134277344,263.07000732421875,253.0,255.86000061035156,10804500.0,3322.192138671875,3397.897705078125,3280.378662109375,3354.72265625,33926411912.0,622.239990234375,623.4500122070312,614.5599975585938,619.5499877929688,72598700.0,16.329999923706055,18.100000381469727,16.219999313354492,16.75,0.0
2026-01-15,49.31999969482422,49.56999969482422,47.189998626708984,47.97999954223633,454900.0,96931.2890625,97150.171875,95103.2421875,95551.1875,53086363027.0,11.119999885559082,11.25,10.640000343322754,10.65999984741211,47808200.0,16.899999618530273,17.329999923706055,16.510000228881836,16.56999969482422,15568000.0,250.58999633789062,251.1999969482422,237.42999267578125,239.27999877929688,12098900.0,3354.765869140625,3382.44873046875,3276.820068359375,3317.101318359375,27598686935.0,626.5999755859375,630.0,620.75,621.780029296875,53934900.0,16.520000457763672,16.540000915527344,15.300000190734863,15.84000015258789,0.0
2026-01-16,48.060001373291016,51.78499984741211,47.88999938964844,51.060001373291016,995500.0,95554.1015625,95801.890625,94259.2734375,95525.1171875,33248170537.0,10.6899995803833,11.569999694824219,10.59000015258789,11.359999656677246,51948100.0,17.729999542236328,19.389999389648438,17.299999237060547,19.239999771118164,53701100.0,239.49000549316406,243.19000244140625,236.13999938964844,241.14999389648438,7622400.0,3317.341796875,3325.25048828125,3251.814453125,3295.482177734375,22732887284.0,625.5,626.0800170898438,618.8800048828125,621.260009765625,61058100.0,15.4399995803833,16.290000915527344,15.300000190734863,15.859999656677246,0.0
2026-01-20,48.68000030517578,50.33000183105469,47.130001068115234,48.209999084472656,944700.0,92553.6015625,92798.4296875,87814.9296875,88310.90625,53072968031.0,10.8100004196167,10.949999809265137,10.220000267028809,10.369999885559082,45896100.0,17.84000015258789,18.979999542236328,17.799999237060547,18.100000381469727,25353400.0,232.63999938964844,234.89999389648438,225.9600067138672,227.72999572753906,9757900.0,3186.62109375,3197.391845703125,2925.54345703125,2935.605712890625,32985301273.0,610.530029296875,615.0599975585938,607.0499877929688,608.0599975585938,81988900.0,19.940000534057617,20.989999771118164,18.639999389648438,20.09000015258789,0.0
2026-01-21,49.029998779296875,50.965999603271484,45.11000061035156,47.90999984741211,1038300.0,88326.5078125,90430.40625,87231.5703125,89376.9609375,56330422434.0,10.510000228881836,11.220000267028809,10.229999542236328,10.5600004196167,43023400.0,18.2450008392334,18.75,16.959999084472656,17.25,21079200.0,228.75999450683594,231.4499969482422,222.39999389648438,226.92999267578125,8476500.0,2935.882080078125,3064.390625,2867.264404296875,2978.901123046875,35797876195.0,609.469970703125,620.4199829101562,607.8599853515625,616.280029296875,79837900.0,19.309999465942383,20.809999465942383,16.670000076293945,16.899999618530273,0.0
2026-01-22,48.56999969482422,49.5,46.75,46.93000030517578,634000.0,89378.5234375,90258.9609375,88438.4453125,89462.453125,35549685694.0,10.609999656677246,10.8100004196167,10.140000343322754,10.289999961853027,42011200.0,17.40999984741211,17.68000030517578,16.799999237060547,17.079999923706055,13647200.0,228.52999877929688,230.75,223.02000427246094,223.13999938964844,7088800.0,2979.307861328125,3034.338134765625,2905.562744140625,2949.63330078125,21993593333.0,622.3499755859375,622.4600219726562,617.780029296875,620.760009765625,42254800.0,16.649999618530273,16.670000076293945,15.270000457763672,15.640000343322754,0.0
2026-01-23,46.90999984741211,50.650001525878906,45.130001068115234,49.13999938964844,622400.0,89462.046875,91100.25,88486.359375,89503.875,38997586037.0,10.260000228881836,10.989999771118164,9.989999771118164,10.5,46881200.0,17.06999969482422,18.44499969482422,16.549999237060547,17.280000686645508,22985400.0,222.75,222.75,215.72000122070312,216.9499969482422,12975100.0,2949.44580078125,3013.9541015625,2892.52099609375,2953.25634765625,22417700837.0,619.72998046875,625.4000244140625,618.6500244140625,622.719970703125,43645800.0,15.680000305175781,16.209999084472656,15.300000190734863,16.09000015258789,0.0
2026-01-26,48.77000045776367,49.1349983215332,46.27000045776367,46.58000183105469,807300.0,86566.5234375,88743.0703125,86429.2890625,88267.140625,45329286974.0,10.380000114440918,10.390000343322754,9.880000114440918,9.979999542236328,39545100.0,17.155000686645508,17.170000076293945,16.200000762939453,16.229999542236328,20019400.0,212.17999267578125,215.63999938964844,210.88999938964844,213.47999572753906,7077500.0,2815.768798828125,2945.99755859375,2811.074951171875,2926.45703125,29668620102.0,623.2100219726562,627.6099853515625,622.1199951171875,625.4600219726562,35983000.0,16.899999618530273,17.389999389648438,15.800000190734863,16.149999618530273,0.0
2026-01-27,47.09000015258789,51.189998626708984,46.65999984741211,50.900001525878906,1008600.0,88257.4765625,89427.125,87228.921875,89102.5703125,38744942267.0,10.050000190734863,10.600000381469727,9.899999618530273,10.520000457763672,38581200.0,16.31999969482422,17.70599937438965,16.190000534057617,17.549999237060547,18849000.0,213.47999572753906,213.55999755859375,207.77000427246094,210.8300018310547,7465500.0,2926.201171875,3031.03857421875,2898.3115234375,3022.2109375,27976005223.0,628.9099731445312,632.0399780273438,627.3400268554688,631.1300048828125,38997200.0,16.020000457763672,16.3700008392334,15.739999771118164,16.350000381469727,0.0
2026-01-28,51.189998626708984,52.0099983215332,49.9379997253418,51.369998931884766,523300.0,89104.046875,90439.2890625,88721.4609375,89184.5703125,39807419296.0,10.710000038146973,10.789999961853027,10.239999771118164,10.369999885559082,36791300.0,17.719999313354492,18.040000915527344,17.170000076293945,17.549999237060547,14628700.0,213.27999877929688,214.38999938964844,206.8000030517578,209.42999267578125,9046600.0,3022.237548828125,3040.718505859375,2981.589599609375,3006.607421875,21751566455.0,635.4600219726562,636.5999755859375,631.8099975585938,633.219970703125,50691700.0,16.09000015258789,17.18000030517578,16.049999237060547,16.350000381469727,0.0
2026-01-29,50.380001068115234,50.380001068115234,46.849998474121094,48.7400016784668,692700.0,89169.8515625,89200.78125,83250.6015625,84561.5859375,64653083162.0,10.109999656677246,10.270000457763672,9.600000381469727,9.859999656677246,39218800.0,17.219999313354492,17.299999237060547,16.049999237060547,16.969999313354492,18693900.0,206.82000732421875,207.0,194.2100067138672,199.17999267578125,14604300.0,3006.26171875,3008.03759765625,2751.64501953125,2818.232666015625,37487198041.0,632.6500244140625,633.6699829101562,618.27001953125,629.4299926757812,79944000.0,16.040000915527344,19.739999771118164,16.020000457763672,16.8799991607666,0.0
2026-01-30,47.650001525878906,48.150001525878906,44.38999938964844,45.060001373291016,1385700.0,84562.7265625,84602.1640625,81071.4765625,84128.65625,72083816087.0,9.75,9.829999923706055,9.319999694824219,9.5,37390600.0,16.440000534057617,16.59000015258789,15.25,15.470000267028809,19706700.0,198.6999969482422,198.9600067138672,190.9600067138672,194.74000549316406,9635400.0,2818.135498046875,2823.91455078125,2633.8388671875,2702.375244140625,41877689970.0,625.7100219726562,628.260009765625,619.2999877929688,621.8699951171875,65650700.0,18.719999313354492,19.270000457763672,16.670000076293945,17.440000534057617,0.0
2026-02-02,43.68000030517578,46.0,42.88999938964844,44.439998626708984,1522600.0,76968.875,79258.609375,74551.3359375,78688.765625,75140589684.0,9.180000305175781,9.4399995803833,8.90999984741211,9.119999885559082,48414800.0,15.09000015258789,15.789999961853027,14.800000190734863,15.319999694824219,15999700.0,189.80999755859375,190.94000244140625,185.0800018310547,187.86000061035156,12288700.0,2267.5625,2393.0634765625,2158.937255859375,2344.356689453125,48844346396.0,618.7000122070312,628.489990234375,618.6599731445312,626.1400146484375,49020300.0,19.950000762939453,19.959999084472656,16.079999923706055,16.34000015258789,0.0
2026-02-03,45.5,46.619998931884766,42.47999954223633,45.29999923706055,475900.0,78693.5078125,79118.8515625,72897.140625,75633.546875,68249110822.0,9.229999542236328,9.550000190734863,8.510000228881836,9.050000190734863,53722600.0,15.470000267028809,16.200000762939453,14.720000267028809,15.34000015258789,18849700.0,188.67999267578125,188.67999267578125,174.0500030517578,179.66000366210938,12610300.0,2344.44580078125,2357.2060546875,2109.05517578125,2227.558837890625,47906083919.0,628.2999877929688,629.97998046875,610.9600219726562,616.52001953125,81234000.0,16.15999984741211,20.3700008392334,16.049999237060547,18.0,0.0
2026-02-04,44.060001373291016,44.18000030517578,38.36199951171875,40.290000915527344,1321400.0,75640.09375,76864.65625,71779.9296875,73019.703125,67215363944.0,8.920000076293945,8.989999771118164,7.900000095367432,8.279999732971191,54008100.0,15.020000457763672,15.109999656677246,13.454999923706055,14.140000343322754,26099900.0,176.11000061035156,176.75,164.4199981689453,168.6199951171875,16627600.0,2227.967041015625,2291.13134765625,2074.102783203125,2143.504150390625,45219604814.0,615.02001953125,615.0999755859375,600.469970703125,605.75,81850700.0,17.6299991607666,21.239999771118164,17.469999313354492,18.639999389648438,0.0
2026-02-05,38.5,40.150001525878906,34.9900016784668,35.22999954223633,2153600.0,73016.375,73161.5546875,62353.53515625,62702.09765625,125509410908.0,7.800000190734863,8.039999961853027,6.659999847412109,6.730000019073486,80158300.0,13.640000343322754,14.180000305175781,11.8100004196167,12.0600004196167,32921100.0,160.42999267578125,165.0,145.16000366210938,146.1199951171875,29610500.0,2143.618896484375,2167.139892578125,1818.664306640625,1821.68310546875,60381662655.0,600.2100219726562,604.8099975585938,594.760009765625,597.030029296875,89354500.0,19.239999771118164,23.100000381469727,19.059999465942383,21.770000457763672,0.0
2026-02-06,37.5,40.79999923706055,36.957000732421875,40.43000030517578,1126500.0,62704.453125,71681.3046875,60074.203125,70555.390625,114674259489.0,7.230000019073486,8.390000343322754,7.119999885559082,8.239999771118164,82353100.0,13.010000228881836,14.5649995803833,12.8100004196167,14.449999809265137,25278000.0,154.55999755859375,165.52000427246094,151.57000732421875,165.1199951171875,19776100.0,1821.12939453125,2090.328125,1748.627685546875,2063.386962890625,64998454203.0,600.1900024414062,611.4099731445312,598.77001953125,609.6500244140625,78019300.0,21.239999771118164,21.489999771118164,19.989999771118164,20.3700008392334,0.0
2026-02-09,40.290000915527344,44.16899871826172,40.029998779296875,43.83000183105469,542200.0,70243.328125,71369.96875,68291.03125,70120.78125,52081598792.0,7.849999904632568,8.470000267028809,7.78000020980835,8.0600004196167,67741600.0,13.899999618530273,15.119999885559082,13.800000190734863,14.970000267028809,18191300.0,160.10000610351562,167.57000732421875,159.00999450683594,167.25,10618500.0,2087.92138671875,2144.97607421875,2008.3623046875,2103.567626953125,26750982266.0,607.5399780273438,616.4600219726562,605.0700073242188,614.3200073242188,56797600.0,17.950000762939453,19.200000762939453,16.899999618530273,17.360000610351562,0.0
2026-02-10,43.279998779296875,44.5,42.619998931884766,42.619998931884766,398700.0,70137.390625,70464.265625,67913.09375,68793.9609375,40593063077.0,8.0,8.149999618530273,7.639999866485596,7.659999847412109,45953200.0,14.5,15.319999694824219,14.5,14.829999923706055,14746500.0,162.55999755859375,167.9199981689453,161.86000061035156,162.50999450683594,8835200.0,2104.181884765625,2122.021484375,1990.1405029296875,2019.4974365234375,23267337087.0,615.3099975585938,617.02001953125,611.010009765625,611.469970703125,53938900.0,17.469999313354492,17.969999313354492,17.139999389648438,17.790000915527344,0.0
2026-02-11,43.040000915527344,43.16999816894531,40.220001220703125,41.63999938964844,408900.0,68791.859375,69242.6796875,65757.3046875,66991.96875,49671946030.0,7.630000114440918,7.900000095367432,7.28000020980835,7.559999942779541,49265200.0,14.949999809265137,15.114999771118164,14.279999732971191,14.800000190734863,17062500.0,157.6999969482422,158.10000610351562,148.85000610351562,153.1999969482422,13923800.0,2019.580078125,2030.409423828125,1903.6851806640625,1940.621337890625,23922680362.0,616.3800048828125,617.52001953125,607.6900024414062,613.1099853515625,58575100.0,17.8700008392334,18.959999084472656,16.75,17.649999618530273,0.0
2026-02-12,41.970001220703125,42.06999969482422,39.31999969482422,40.099998474121094,370600.0,66992.1953125,68339.4921875,65092.109375,66221.84375,44651071271.0,7.559999942779541,7.670000076293945,7.139999866485596,7.25,38590500.0,14.779999732971191,15.180000305175781,13.9350004196167,14.199999809265137,21918600.0,153.10000610351562,153.1999969482422,139.36000061035156,141.08999633789062,19986100.0,1940.8411865234375,1999.5028076171875,1897.3348388671875,1946.940673828125,20106364835.0,614.7100219726562,615.8099975585938,599.5700073242188,600.6400146484375,81378900.0,17.440000534057617,21.209999084472656,17.079999923706055,20.81999969482422,0.0
2026-02-13,40.61000061035156,42.97999954223633,39.400001525878906,41.34000015258789,671800.0,66213.375,69382.8359375,65835.78125,68857.84375,40820775886.0,7.5,8.079999923706055,7.320000171661377,7.920000076293945,50848000.0,14.390000343322754,15.619999885559082,14.010000228881836,15.220000267028809,19809700.0,153.6999969482422,167.64999389648438,146.16000366210938,164.32000732421875,32410100.0,1946.6107177734375,2069.456787109375,1924.136962890625,2048.52734375,20412430639.0,600.4299926757812,606.47998046875,596.4199829101562,601.9199829101562,69237500.0,21.479999542236328,22.399999618530273,18.920000076293945,20.600000381469727,0.0
2026-02-17,40.36000061035156,40.810001373291016,38.79999923706055,40.0,332900.0,68843.09375,69201.8671875,66615.28125,67494.21875,34866936040.0,7.679999828338623,7.880000114440918,7.329999923706055,7.510000228881836,41177900.0,14.777999877929688,15.0649995803833,14.085000038146973,14.649999618530273,17213300.0,162.47999572753906,170.5399932861328,158.39999389648438,166.02000427246094,16770600.0,1997.9217529296875,2013.8560791015625,1941.7789306640625,1992.1943359375,20929890501.0,598.3800048828125,603.9500122070312,593.3400268554688,601.2999877929688,69013800.0,21.739999771118164,22.959999084472656,19.760000228881836,20.290000915527344,0.0
2026-02-18,39.63999938964844,41.42499923706055,39.2599983215332,40.040000915527344,461000.0,67488.0234375,68434.4296875,65845.8984375,66425.3203125,33094301643.0,7.480000019073486,7.78000020980835,7.329999923706055,7.5,31304600.0,15.25,16.059999465942383,15.050000190734863,15.489999771118164,26762800.0,165.39999389648438,173.8800048828125,163.14999389648438,164.0500030517578,13792200.0,1992.195068359375,2037.1585693359375,1923.8134765625,1953.97412109375,20187307041.0,602.1099853515625,609.77001953125,600.719970703125,605.7899780273438,64250700.0,19.780000686645508,20.34000015258789,18.479999542236328,19.6200008392334,0.0
2026-02-19,38.939998626708984,40.78799819946289,38.290000915527344,40.689998626708984,264000.0,66425.625,67277.125,65637.4296875,66957.5234375,31492987019.0,7.420000076293945,8.079999923706055,7.309999942779541,7.960000038146973,36294000.0,15.270000457763672,16.25,15.119999885559082,16.219999313354492,17510400.0,162.4199981689453,167.5800018310547,161.1199951171875,165.94000244140625,8001700.0,1953.994140625,1985.8076171875,1906.822021484375,1948.2010498046875,17380103826.0,602.8099975585938,605.8200073242188,600.75,603.469970703125,60960800.0,19.34000015258789,21.110000610351562,19.229999542236328,20.229999542236328,0.0
2026-02-20,40.13999938964844,41.470001220703125,38.215999603271484,38.845001220703125,444300.0,66958.578125,68269.03125,66452.484375,68005.421875,47507867304.0,7.880000114440918,8.3100004196167,7.75,7.96999979019165,37531000.0,16.19499969482422,17.184999465942383,15.40999984741211,15.680000305175781,20495600.0,164.8800048828125,175.5500030517578,164.1199951171875,171.35000610351562,13692200.0,1948.268798828125,1980.2437744140625,1923.622802734375,1969.0223388671875,21682976627.0,600.1199951171875,610.3499755859375,599.22998046875,608.8099975585938,74127300.0,20.040000915527344,21.209999084472656,18.760000228881836,19.09000015258789,0.0
2026-02-23,38.0,39.970001220703125,37.62200164794922,39.7599983215332,282200.0,67668.4296875,67668.4296875,63924.4375,64616.73828125,50953457309.0,7.75,8.130000114440918,7.579999923706055,7.880000114440918,33052500.0,15.170000076293945,15.989999771118164,15.100000381469727,15.649999618530273,14920900.0,166.16000366210938,168.10000610351562,158.66000366210938,160.24000549316406,12685500.0,1958.1396484375,1958.1396484375,1838.0416259765625,1855.5028076171875,23731172668.0,606.6099853515625,608.010009765625,599.0499877929688,601.4099731445312,63859100.0,20.489999771118164,22.040000915527344,19.5,21.010000228881836,0.0
2026-02-24,39.33000183105469,43.058998107910156,38.849998474121094,42.709999084472656,380200.0,64616.015625,64992.15625,62553.1875,64080.04296875,40849331086.0,7.78000020980835,8.170000076293945,7.590000152587891,8.050000190734863,37255100.0,15.789999961853027,16.780000686645508,15.390000343322754,16.5,17052100.0,155.83999633789062,162.27999877929688,152.6999969482422,162.02999877929688,10442900.0,1855.4727783203125,1868.3206787109375,1804.1136474609375,1852.969482421875,18475122228.0,602.4000244140625,608.989990234375,599.72998046875,607.8699951171875,55023700.0,21.239999771118164,22.079999923706055,19.229999542236328,19.549999237060547,0.0
2026-02-25,43.70000076293945,44.16999816894531,42.13999938964844,42.34000015258789,499300.0,64077.76953125,69953.53125,63942.484375,67960.125,53629234355.0,8.390000343322754,8.84000015258789,8.15999984741211,8.569999694824219,57452200.0,17.030000686645508,17.408000946044922,16.735000610351562,17.079999923706055,17540100.0,171.77999877929688,185.82000732421875,169.75,183.94000244140625,23793900.0,1852.87548828125,2145.506103515625,1847.05419921875,2054.6279296875,27717195805.0,611.0700073242188,616.8300170898438,611.0,616.6799926757812,55710700.0,19.59000015258789,19.6200008392334,17.860000610351562,17.93000030517578,0.0
2026-02-26,42.11000061035156,42.869998931884766,40.814998626708984,42.16999816894531,381900.0,67954.8671875,68843.3515625,66523.734375,67453.7734375,42988597523.0,8.430000305175781,8.649999618530273,8.140000343322754,8.449999809265137,51112000.0,16.799999237060547,17.219999313354492,16.540000915527344,17.09000015258789,12662600.0,181.44000244140625,186.38999938964844,176.75,181.05999755859375,12746600.0,2053.78271484375,2082.78662109375,1976.3575439453125,2026.7926025390625,23327720766.0,615.5900268554688,615.5900268554688,603.97998046875,609.239990234375,96178900.0,18.06999969482422,20.540000915527344,17.5,18.6299991607666,0.0
2026-02-27,40.88999938964844,41.29999923706055,38.900001525878906,39.880001068115234,646900.0,67456.515625,68220.40625,64946.03515625,65881.796875,40283655942.0,9.680000305175781,9.84000015258789,8.930000305175781,8.9399995803833,102354900.0,16.690000534057617,16.940000534057617,15.779999732971191,16.290000915527344,15497700.0,175.35000610351562,179.05999755859375,171.80999755859375,175.85000610351562,11427900.0,2026.735107421875,2062.627197265625,1888.6287841796875,1930.7618408203125,21136821039.0,602.97998046875,608.3200073242188,602.1900024414062,607.2899780273438,68125200.0,19.280000686645508,21.739999771118164,18.770000457763672,19.860000610351562,0.0
2026-03-02,38.59000015258789,41.36399841308594,38.49599838256836,40.43000030517578,383500.0,65734.078125,70044.0,65303.13671875,68775.8515625,56698092052.0,8.609999656677246,9.84000015258789,8.4399995803833,9.449999809265137,70189900.0,15.600000381469727,16.899999618530273,15.5,16.43000030517578,19694000.0,172.5,186.35000610351562,172.22000122070312,185.24000549316406,12306800.0,1939.0587158203125,2085.427978515625,1922.4390869140625,2027.2689208984375,26235436166.0,598.8599853515625,609.9199829101562,597.989990234375,608.0900268554688,75264600.0,24.65999984741211,25.239999771118164,20.3700008392334,21.440000534057617,0.0
2026-03-03,38.47999954223633,38.959999084472656,37.0,37.880001068115234,533600.0,68785.078125,69232.890625,66237.6171875,68293.6484375,47947999049.0,9.020000457763672,9.15999984741211,8.609999656677246,8.65999984741211,51493600.0,15.914999961853027,16.290000915527344,15.14799976348877,15.289999961853027,24626100.0,177.17999267578125,186.3000030517578,172.0500030517578,182.36000061035156,12828800.0,2027.407958984375,2040.7916259765625,1930.4029541015625,1982.7689208984375,24100196312.0,596.3300170898438,603.9600219726562,591.8699951171875,601.5800170898438,97015500.0,24.56999969482422,28.149999618530273,22.18000030517578,23.56999969482422,0.0
2026-03-04,39.33000183105469,41.709999084472656,39.33000183105469,41.20000076293945,981500.0,68290.5625,74051.8046875,67437.40625,72710.578125,75073101274.0,9.109999656677246,9.550000190734863,8.869999885559082,9.289999961853027,61220700.0,15.710000038146973,17.014999389648438,15.520000457763672,16.530000686645508,21174700.0,195.91000366210938,212.07000732421875,195.39999389648438,208.92999267578125,27200300.0,1982.711181640625,2198.65673828125,1946.0396728515625,2126.50537109375,33610946768.0,604.1599731445312,612.8800048828125,603.4299926757812,610.75,70943900.0,24.389999389648438,24.8700008392334,20.399999618530273,21.149999618530273,0.0
2026-03-05,40.20000076293945,40.779998779296875,37.797000885009766,39.25,596300.0,72712.65625,73555.7890625,70654.8828125,70841.125,51172841727.0,9.09000015258789,9.09000015258789,8.5,8.770000457763672,49553100.0,16.450000762939453,16.610000610351562,15.050000190734863,15.600000381469727,21039000.0,205.75,213.5,201.5,205.7100067138672,15036600.0,2126.560546875,2163.0361328125,2056.01904296875,2071.60546875,22383576284.0,607.4000244140625,612.760009765625,602.260009765625,608.9099731445312,89602400.0,22.110000610351562,25.84000015258789,20.549999237060547,23.75,0.0
2026-03-06,37.79999923706055,38.5,35.81999969482422,36.06999969482422,1047600.0,70842.15625,71378.5703125,67757.8203125,68136.4921875,43776962871.0,8.460000038146973,8.529999732971191,7.889999866485596,8.010000228881836,36530700.0,15.055000305175781,15.09000015258789,13.9350004196167,14.164999961853027,20747700.0,197.75999450683594,202.74000549316406,194.66000366210938,197.22000122070312,11504900.0,2072.025634765625,2092.51513671875,1957.0150146484375,1978.751220703125,19733648079.0,600.3099975585938,606.0,598.3300170898438,599.75,86302300.0,23.200000762939453,29.93000030517578,22.920000076293945,29.489999771118164,0.0
2026-03-09,35.529998779296875,37.63999938964844,34.95000076293945,37.33000183105469,662800.0,65969.5859375,69474.9453125,65858.0078125,68402.3828125,49499875378.0,8.0600004196167,8.739999771118164,7.960000038146973,8.65999984741211,42397700.0,13.90999984741211,14.789999961853027,13.569999694824219,14.699999809265137,17254400.0,198.0,203.49000549316406,192.6300048828125,199.7899932861328,12064600.0,1936.637451171875,2052.327392578125,1930.59912109375,1992.938232421875,24015826480.0,594.22998046875,609.27001953125,591.3300170898438,607.760009765625,93068200.0,35.119998931884766,35.29999923706055,24.760000228881836,25.5,0.0
2026-03-10,37.4900016784668,38.52000045776367,37.11000061035156,37.36000061035156,897400.0,68402.71875,71770.8984375,68402.71875,69926.921875,54003996096.0,8.699999809265137,8.869999885559082,8.510000228881836,8.569999694824219,42957000.0,14.850000381469727,15.390000343322754,14.529999732971191,14.640000343322754,15746600.0,204.42999267578125,206.00999450683594,194.75,196.52000427246094,10846100.0,1992.986083984375,2087.9853515625,1992.01416015625,2037.1204833984375,23552353781.0,607.780029296875,613.2899780273438,605.4199829101562,607.77001953125,64078900.0,24.389999389648438,26.010000228881836,22.190000534057617,24.93000030517578,0.0
2026-03-11,37.959999084472656,40.125,37.8650016784668,38.91999816894531,433300.0,69931.25,71337.6640625,68998.8671875,70204.8828125,45236859848.0,8.600000381469727,8.779999732971191,8.229999542236328,8.550000190734863,38141200.0,14.680000305175781,15.265000343322754,14.350000381469727,14.8100004196167,15230500.0,197.50999450683594,203.10000610351562,192.52000427246094,198.6300048828125,9531700.0,2037.1212158203125,2085.286376953125,2008.0386962890625,2051.5732421875,19031715359.0,608.9500122070312,612.4299926757812,605.030029296875,607.6900024414062,60114800.0,24.899999618530273,26.229999542236328,23.75,24.229999542236328,0.0
2026-03-12,38.04999923706055,38.20000076293945,36.70000076293945,37.959999084472656,344400.0,70209.765625,70775.828125,69230.15625,70493.4609375,40871848129.0,8.4399995803833,8.779999732971191,8.300000190734863,8.760000228881836,37631600.0,14.454999923706055,14.75,13.930000305175781,14.5,16202900.0,196.1300048828125,198.0,192.4600067138672,193.22999572753906,7967100.0,2051.7666015625,2094.32568359375,2019.27783203125,2073.13623046875,20624954899.0,602.760009765625,604.1400146484375,597.0499877929688,597.260009765625,71836600.0,25.479999542236328,27.329999923706055,24.600000381469727,27.290000915527344,0.0
2026-03-13,38.93000030517578,40.5099983215332,37.95000076293945,38.275001525878906,551600.0,70497.046875,73927.328125,70410.7265625,70968.265625,61167226505.0,9.180000305175781,10.029999732971191,9.140000343322754,9.319999694824219,73339000.0,15.0,15.5600004196167,14.005000114440918,14.039999961853027,19874700.0,203.75999450683594,207.1300048828125,193.83999633789062,195.52999877929688,12137100.0,2073.289306640625,2206.813232421875,2071.582275390625,2092.5634765625,29345212033.0,599.72998046875,603.5999755859375,592.5700073242188,593.719970703125,63145500.0,27.850000381469727,28.469999313354492,24.670000076293945,27.190000534057617,0.0
2026-03-16,40.27000045776367,40.88999938964844,39.650001525878906,40.45000076293945,480300.0,72798.171875,74901.859375,72300.6328125,74861.0859375,55572438409.0,9.760000228881836,9.84000015258789,9.140000343322754,9.229999542236328,47904200.0,14.630000114440918,14.880000114440918,14.180000305175781,14.399999618530273,18671400.0,201.80999755859375,206.44000244140625,198.6199951171875,203.32000732421875,13054000.0,2177.782958984375,2384.466552734375,2166.00244140625,2351.176025390625,38938369545.0,600.0399780273438,603.8599853515625,599.1099853515625,600.3800048828125,49077200.0,25.8799991607666,26.420000076293945,23.229999542236328,23.510000228881836,0.0
2026-03-17,39.880001068115234,40.79499816894531,39.25,40.130001068115234,410000.0,74855.296875,75988.3984375,73444.2265625,73922.4765625,49500721728.0,9.210000038146973,9.460000038146973,9.050000190734863,9.239999771118164,35673200.0,14.220000267028809,14.98900032043457,14.180000305175781,14.680000305175781,14784800.0,202.27000427246094,213.47000122070312,202.1300048828125,210.22999572753906,11948000.0,2351.134765625,2375.455078125,2297.668701171875,2318.053466796875,26737564550.0,603.1400146484375,605.9000244140625,601.8699951171875,603.3099975585938,47106600.0,24.559999465942383,24.579999923706055,21.8700008392334,22.3700008392334,0.0
2026-03-18,39.619998931884766,40.369998931884766,38.880001068115234,39.099998474121094,311600.0,73936.8515625,74658.9765625,70503.859375,71245.578125,46229011155.0,9.039999961853027,9.329999923706055,8.890000343322754,8.920000076293945,40559700.0,14.460000038146973,14.67199993133545,13.925000190734863,14.100000381469727,18597900.0,206.77000427246094,209.0,201.13999938964844,202.2899932861328,12602200.0,2318.556884765625,2348.904296875,2154.584228515625,2203.671630859375,25617966362.0,601.489990234375,603.1599731445312,594.5599975585938,594.9000244140625,56128000.0,21.510000228881836,25.1299991607666,21.469999313354492,25.09000015258789,0.0
2026-03-19,37.88999938964844,39.435001373291016,37.11000061035156,39.099998474121094,317100.0,71250.3515625,71598.84375,68805.5234375,69912.7890625,44631433398.0,8.640000343322754,9.359999656677246,8.369999885559082,9.220000267028809,42849900.0,13.699999809265137,14.350000381469727,13.253000259399414,14.140000343322754,12493400.0,195.33999633789062,205.5,191.8699951171875,202.91000366210938,9273000.0,2203.478759765625,2232.203857421875,2099.88916015625,2137.423828125,24090913749.0,589.510009765625,595.7999877929688,587.0800170898438,593.02001953125,75597600.0,25.600000381469727,27.520000457763672,23.540000915527344,24.059999465942383,0.0
2026-03-20,38.849998474121094,39.31999969482422,36.415000915527344,37.68000030517578,454400.0,69911.53125,71346.796875,69398.8828125,70522.5859375,38299078407.0,9.09000015258789,9.140000343322754,8.420000076293945,8.460000038146973,50901300.0,14.029999732971191,14.100000381469727,13.010000228881836,13.380000114440918,15573500.0,202.5,203.3000030517578,194.7899932861328,197.5,13305100.0,2137.394287109375,2175.699462890625,2117.276123046875,2146.4970703125,17970488517.0,591.0599975585938,591.1699829101562,578.5399780273438,582.0599975585938,91964700.0,24.459999084472656,29.280000686645508,23.68000030517578,26.780000686645508,0.0
2026-03-23,38.36000061035156,40.65999984741211,38.290000915527344,39.400001525878906,386300.0,67843.0,71782.2578125,67458.84375,70914.859375,51508669357.0,8.600000381469727,9.25,8.569999694824219,8.90999984741211,47208500.0,13.40999984741211,14.585000038146973,13.40999984741211,14.369999885559082,16517600.0,198.60000610351562,203.9499969482422,196.11000061035156,200.6199951171875,12466500.0,2052.953125,2195.99169921875,2023.2718505859375,2152.14599609375,28509077302.0,590.52001953125,595.0800170898438,585.9600219726562,588.0,89936100.0,30.040000915527344,31.040000915527344,20.280000686645508,26.149999618530273,0.0
2026-03-24,39.150001525878906,39.869998931884766,37.86000061035156,38.869998931884766,317600.0,70912.671875,71371.3046875,68920.6953125,70517.859375,40181522399.0,8.829999923706055,8.979999542236328,8.149999618530273,8.25,41068500.0,14.15999984741211,14.729999542236328,14.024999618530273,14.329999923706055,13309100.0,199.10000610351562,201.75999450683594,177.60000610351562,181.0399932861328,20833000.0,2152.114501953125,2174.325927734375,2103.3828125,2155.704345703125,18389631713.0,584.8099975585938,587.9299926757812,581.9299926757812,583.97998046875,57750900.0,25.90999984741211,27.940000534057617,25.639999389648438,26.950000762939453,0.0
2026-03-25,40.33000183105469,41.349998474121094,39.494998931884766,40.29999923706055,378500.0,70520.046875,71985.7421875,70383.59375,71309.8828125,35409791747.0,8.579999923706055,8.729999542236328,8.0600004196167,8.279999732971191,38872400.0,14.800000190734863,15.25,14.470000267028809,15.15999984741211,16018100.0,184.5800018310547,190.7100067138672,180.05999755859375,181.10000610351562,10432500.0,2155.719482421875,2198.369873046875,2146.6162109375,2168.021484375,17086301657.0,589.1400146484375,591.3699951171875,585.6900024414062,587.8200073242188,60475500.0,25.790000915527344,26.670000076293945,24.81999969482422,25.329999923706055,0.0
2026-03-26,39.20000076293945,39.540000915527344,36.81999969482422,37.08000183105469,800800.0,71310.1171875,71410.390625,68118.3515625,68791.625,38962070215.0,8.579999923706055,9.399999618530273,8.460000038146973,8.579999923706055,106517600.0,14.829999923706055,14.899999618530273,13.640000343322754,14.005000114440918,14665400.0,177.0,179.75,171.92999267578125,173.3800048828125,9402600.0,2168.02880859375,2171.156982421875,2033.7310791015625,2059.578369140625,18628112246.0,582.5999755859375,584.6300048828125,573.4299926757812,573.7899780273438,81492100.0,26.489999771118164,28.489999771118164,26.1200008392334,27.440000534057617,0.0
2026-03-27,36.54999923706055,36.54999923706055,34.599998474121094,35.189998626708984,429100.0,68790.8359375,69117.53125,65532.5703125,66338.375,46483453594.0,8.3100004196167,8.40999984741211,7.710000038146973,8.020000457763672,50702400.0,13.65999984741211,13.670000076293945,12.663000106811523,12.800000190734863,17530700.0,168.0500030517578,168.74000549316406,159.8300018310547,161.13999938964844,12289900.0,2059.44873046875,2075.17041015625,1971.5067138671875,1991.27197265625,19453998121.0,570.8099975585938,571.02001953125,561.5700073242188,562.5800170898438,82702200.0,27.540000915527344,31.649999618530273,27.540000915527344,31.049999237060547,0.0
2026-03-30,35.880001068115234,35.96099853515625,31.790000915527344,32.33000183105469,463300.0,65958.3515625,68087.2890625,65759.8046875,66691.4453125,37694994180.0,8.170000076293945,8.279999732971191,7.639999866485596,7.800000190734863,36120400.0,12.904999732971191,13.0600004196167,11.5,11.829999923706055,16882500.0,164.52999877929688,166.5,158.4600067138672,160.7899932861328,11775200.0,1982.5506591796875,2082.064697265625,1979.076904296875,2023.514892578125,17840662425.0,567.3800048828125,568.0499877929688,555.5999755859375,558.280029296875,70602600.0,30.790000915527344,31.520000457763672,29.329999923706055,30.610000610351562,0.0
2026-03-31,33.119998931884766,34.91999816894531,32.45500183105469,34.81999969482422,499400.0,66694.5859375,68495.2734375,65950.4375,68233.3125,42997691338.0,7.829999923706055,8.199999809265137,7.630000114440918,8.15999984741211,47427000.0,12.15999984741211,12.479999542236328,11.515000343322754,12.359999656677246,18025000.0,163.8000030517578,175.83999633789062,162.17999267578125,174.61000061035156,12665100.0,2023.5206298828125,2118.796875,2011.7952880859375,2104.708251953125,21278561395.0,564.2899780273438,578.6400146484375,564.2100219726562,577.1799926757812,95878000.0,29.530000686645508,29.639999389648438,25.079999923706055,25.25,0.0
2026-04-01,35.459999084472656,36.060001373291016,34.66999816894531,34.86000061035156,380100.0,68232.890625,69230.359375,67555.359375,68078.5546875,36465393617.0,8.220000267028809,8.329999923706055,8.0,8.039999961853027,31162800.0,12.65999984741211,12.869999885559082,12.420000076293945,12.550000190734863,13290900.0,179.0,179.3000030517578,171.72000122070312,172.99000549316406,8828600.0,2104.717529296875,2165.666259765625,2082.291748046875,2138.737060546875,19542997434.0,581.47998046875,587.739990234375,580.4199829101562,584.3099975585938,79435100.0,24.299999237060547,25.350000381469727,23.5,24.540000915527344,0.0
2026-04-02,33.220001220703125,35.790000915527344,32.970001220703125,35.7599983215332,373100.0,68077.8984375,68633.1484375,65725.2578125,66888.5703125,39323384518.0,7.78000020980835,8.770000457763672,7.630000114440918,8.710000038146973,50528900.0,11.913999557495117,13.0,11.75,12.859999656677246,14491000.0,167.6300048828125,173.02999877929688,163.55999755859375,171.4600067138672,8869300.0,2138.7236328125,2158.15771484375,2016.989990234375,2056.8525390625,18847170816.0,573.969970703125,586.0499877929688,571.9199829101562,584.97998046875,50941700.0,26.780000686645508,27.889999389648438,23.8700008392334,23.8700008392334,0.0
2026-04-06,35.900001525878906,37.21500015258789,35.900001525878906,36.70000076293945,265300.0,68982.9140625,70305.421875,68347.078125,68859.828125,39542143229.0,8.8100004196167,9.140000343322754,8.760000228881836,8.850000381469727,36599100.0,12.960000038146973,13.710000038146973,12.949999809265137,13.520000457763672,12020400.0,175.10000610351562,177.89999389648438,173.47000122070312,174.7899932861328,7125200.0,2108.935791015625,2172.985107421875,2089.10009765625,2107.761474609375,19097527675.0,586.22998046875,590.6099853515625,584.6900024414062,588.5,35108500.0,24.93000030517578,25.299999237060547,23.780000686645508,24.170000076293945,0.0
2026-04-07,35.9900016784668,37.630001068115234,35.20000076293945,37.56999969482422,361100.0,68859.375,72732.4296875,67740.5078125,71940.703125,44650511480.0,8.65999984741211,8.979999542236328,8.199999809265137,8.960000038146973,42383900.0,13.300000190734863,14.199999809265137,13.239999771118164,14.1899995803833,14780900.0,172.1199951171875,175.25999450683594,166.0500030517578,175.17999267578125,7653100.0,2107.784912109375,2270.594970703125,2061.467529296875,2241.806640625,22588914083.0,585.6400146484375,588.97998046875,578.4000244140625,588.5900268554688,49948200.0,25.09000015258789,28.0,24.34000015258789,25.780000686645508,0.0
2026-04-08,40.400001525878906,40.86000061035156,38.84000015258789,40.5099983215332,555200.0,71950.1484375,72825.1875,70707.46875,71123.359375,42444631703.0,9.510000228881836,9.770000457763672,9.180000305175781,9.5,50071900.0,15.489999771118164,16.315000534057617,15.329999923706055,16.110000610351562,28412100.0,187.88999938964844,189.57000732421875,172.9600067138672,175.08999633789062,9802400.0,2242.276611328125,2269.8798828125,2181.231201171875,2190.33544921875,21469476310.0,608.7100219726562,609.9000244140625,602.1199951171875,606.0900268554688,63086000.0,20.969999313354492,22.170000076293945,19.90999984741211,21.040000915527344,0.0
2026-04-09,39.970001220703125,42.290000915527344,39.900001525878906,41.36000061035156,843900.0,71120.5703125,73107.265625,70486.359375,71767.828125,38799581473.0,9.350000381469727,10.020000457763672,9.300000190734863,9.670000076293945,50414800.0,16.0,17.174999237060547,15.96500015258789,16.690000534057617,18245200.0,175.8300018310547,177.13999938964844,166.39999389648438,169.02000427246094,10754900.0,2190.33251953125,2243.972900390625,2158.017578125,2189.14404296875,17218638798.0,605.9299926757812,610.5,603.030029296875,610.1900024414062,37837500.0,21.25,21.6299991607666,19.450000762939453,19.489999771118164,0.0
2026-04-10,41.7400016784668,43.470001220703125,41.7400016784668,42.189998626708984,314200.0,71774.3671875,73440.1171875,71434.828125,72979.046875,37722595732.0,9.739999771118164,9.890000343322754,9.390000343322754,9.539999961853027,36746400.0,16.739999771118164,17.149999618530273,16.565000534057617,16.600000381469727,13953800.0,169.36000061035156,170.47999572753906,163.1300048828125,167.85000610351562,7922400.0,2189.380859375,2257.18408203125,2176.851318359375,2245.148681640625,17131968712.0,611.8400268554688,613.6699829101562,609.5800170898438,611.0700073242188,34038500.0,19.709999084472656,20.280000686645508,18.829999923706055,19.229999542236328,0.0
2026-04-13,41.209999084472656,44.84000015258789,41.0,44.65999984741211,892600.0,70757.6171875,74896.3125,70588.5234375,74484.640625,52278211554.0,9.270000457763672,10.420000076293945,9.180000305175781,10.359999656677246,50103300.0,16.20199966430664,17.440000534057617,15.9399995803833,17.3700008392334,14040300.0,164.8300018310547,175.00999450683594,164.3300018310547,174.52999877929688,7481100.0,2192.33154296875,2393.759033203125,2176.32470703125,2370.71484375,23709131572.0,609.47998046875,626.739990234375,608.1099853515625,617.3900146484375,32972100.0,21.170000076293945,21.579999923706055,18.959999084472656,19.1200008392334,0.0
2026-04-14,46.11000061035156,48.26599884033203,46.02000045776367,47.529998779296875,520500.0,74478.3984375,76061.7578125,73877.203125,74181.609375,53540826530.0,10.619999885559082,11.010000228881836,10.420000076293945,10.489999771118164,46138000.0,18.04800033569336,18.90999984741211,17.799999237060547,18.1200008392334,17906900.0,180.02999877929688,187.13999938964844,180.0,184.41000366210938,10884800.0,2370.314453125,2415.52734375,2304.412353515625,2323.30859375,25185167270.0,620.219970703125,628.5999755859375,620.0999755859375,628.5999755859375,49921100.0,18.729999542236328,18.760000228881836,17.889999389648438,18.360000610351562,0.0
2026-04-15,46.9900016784668,47.33000183105469,45.70000076293945,47.29999923706055,546700.0,74182.0234375,75409.2734375,73549.203125,74805.078125,38090174312.0,10.609999656677246,10.609999656677246,10.109999656677246,10.470000267028809,38864400.0,17.735000610351562,17.94499969482422,16.600000381469727,17.420000076293945,31416300.0,185.66000366210938,196.4600067138672,183.52000427246094,195.89999389648438,11817400.0,2323.34326171875,2384.999267578125,2310.70703125,2359.43701171875,17004367348.0,629.0800170898438,637.8300170898438,628.2000122070312,637.4000244140625,50102400.0,18.18000030517578,18.5,17.399999618530273,18.170000076293945,0.0
2026-04-16,47.529998779296875,47.529998779296875,44.73099899291992,46.58000183105469,567800.0,74810.875,75506.5703125,73346.265625,75152.1328125,41312783855.0,10.569999694824219,11.6899995803833,10.3100004196167,11.550000190734863,56410900.0,17.579999923706055,17.690000534057617,16.155000686645508,16.920000076293945,23724500.0,197.5,200.5800018310547,188.5,199.8300018310547,11235800.0,2359.70458984375,2369.17236328125,2285.7099609375,2348.64501953125,20602833116.0,639.2100219726562,642.1799926757812,635.260009765625,640.469970703125,42320600.0,18.040000915527344,19.09000015258789,17.760000228881836,17.940000534057617,0.0
2026-04-17,47.88999938964844,49.185001373291016,46.619998931884766,49.06999969482422,482400.0,75164.0390625,78320.6796875,74558.6015625,77126.875,54137194839.0,11.65999984741211,12.119999885559082,11.449999809265137,11.600000381469727,52372100.0,17.479999542236328,18.479999542236328,17.049999237060547,18.110000610351562,20578400.0,205.1999969482422,216.0500030517578,202.9499969482422,206.3300018310547,15670400.0,2348.85498046875,2464.783447265625,2318.141845703125,2421.07177734375,26467618336.0,645.5900268554688,650.0,644.0700073242188,648.8499755859375,53488900.0,18.18000030517578,18.239999771118164,16.8700008392334,17.479999542236328,0.0
2026-04-20,48.15999984741211,49.7599983215332,48.060001373291016,49.43000030517578,361300.0,73854.25,76575.359375,73775.5703125,75872.5234375,39674447916.0,11.300000190734863,11.819999694824219,11.069999694824219,11.630000114440918,41940100.0,17.959999084472656,18.530000686645508,17.570999145507812,18.110000610351562,22124900.0,201.0399932861328,212.3000030517578,200.02000427246094,211.6300048828125,9967500.0,2264.87353515625,2346.2734375,2262.052978515625,2315.21240234375,19084768822.0,648.0399780273438,648.760009765625,642.52001953125,646.7899780273438,37138500.0,19.579999923706055,19.989999771118164,18.770000457763672,18.8700008392334,0.0
2026-04-21,50.02000045776367,50.119998931884766,47.220001220703125,47.47999954223633,415600.0,75872.828125,76881.4765625,74852.671875,76352.7734375,36453522626.0,11.579999923706055,11.65999984741211,11.020000457763672,11.229999542236328,41202100.0,18.290000915527344,18.309999465942383,17.350000381469727,17.40999984741211,16427400.0,211.1999969482422,211.22999572753906,194.60000610351562,195.9499969482422,15121100.0,2315.178466796875,2338.012451171875,2287.3798828125,2327.970458984375,16107716719.0,648.4099731445312,650.2000122070312,642.2100219726562,644.3300170898438,39580500.0,19.18000030517578,20.850000381469727,18.75,19.5,0.0
2026-04-22,49.119998931884766,50.435001373291016,49.119998931884766,50.08000183105469,420900.0,76354.21875,79468.0,76159.578125,78203.1015625,48336654537.0,11.829999923706055,12.1899995803833,11.680000305175781,11.84000015258789,53005400.0,18.110000610351562,18.670000076293945,18.10099983215332,18.479999542236328,16518600.0,204.17999267578125,211.97000122070312,202.33999633789062,206.24000549316406,12096800.0,2327.96484375,2422.8603515625,2314.590087890625,2376.088134765625,22465555335.0,650.1500244140625,655.3300170898438,648.52001953125,655.1099853515625,37368400.0,19.030000686645508,19.540000915527344,18.68000030517578,18.920000076293945,0.0
2026-04-23,49.869998931884766,52.43000030517578,49.0,50.18000030517578,339700.0,78203.875,78676.9375,77014.453125,78268.953125,40354900916.0,11.65999984741211,12.220000267028809,11.569999694824219,11.800000190734863,43318100.0,18.290000915527344,18.985000610351562,17.78499984741211,18.209999084472656,14607000.0,202.27999877929688,205.77999877929688,193.91000366210938,197.92999267578125,8778500.0,2376.087890625,2380.135986328125,2287.55322265625,2331.513916015625,19909161913.0,653.5499877929688,656.9199829101562,645.52001953125,651.4199829101562,40099800.0,19.420000076293945,21.559999465942383,18.700000762939453,19.309999465942383,0.0
2026-04-24,51.400001525878906,52.150001525878906,49.380001068115234,49.619998931884766,589700.0,78263.8203125,78554.09375,77318.4453125,77455.3125,32784213526.0,11.989999771118164,12.100000381469727,11.279999732971191,11.640000343322754,46709100.0,18.575000762939453,19.06999969482422,18.264999389648438,18.610000610351562,20818400.0,202.0800018310547,202.5399932861328,196.52999877929688,199.77000427246094,5799100.0,2331.56884765625,2337.2666015625,2301.52734375,2315.690185546875,13371168064.0,658.510009765625,664.510009765625,656.530029296875,663.8800048828125,45563100.0,18.889999389648438,19.350000381469727,18.459999084472656,18.709999084472656,0.0
2026-04-27,49.75,50.29999923706055,47.97999954223633,49.060001373291016,504500.0,78661.015625,79488.171875,76481.34375,77366.625,38135631927.0,11.550000190734863,11.65999984741211,11.09000015258789,11.180000305175781,31585600.0,18.489999771118164,18.885000228881836,18.010000228881836,18.280000686645508,14958500.0,199.10000610351562,204.49000549316406,195.25,196.67999267578125,7855600.0,2369.841796875,2403.7265625,2267.409423828125,2303.06396484375,17879618684.0,663.4000244140625,664.4299926757812,660.6900024414062,664.22998046875,32717000.0,19.209999084472656,19.270000457763672,18.020000457763672,18.020000457763672,0.0
2026-04-28,46.959999084472656,47.540000915527344,45.279998779296875,46.58000183105469,542200.0,77368.1171875,77483.8671875,75673.6015625,76350.671875,32056900880.0,10.8100004196167,11.029999732971191,10.600000381469727,11.020000457763672,30770200.0,17.530000686645508,17.56999969482422,16.4950008392334,16.56999969482422,21014400.0,190.1999969482422,195.94000244140625,188.75,194.10000610351562,6316100.0,2303.079833984375,2310.442138671875,2259.057373046875,2289.419677734375,12761522276.0,657.4099731445312,659.6400146484375,653.8099975585938,657.5499877929688,34147900.0,18.299999237060547,19.43000030517578,17.780000686645508,17.829999923706055,0.0
2026-04-29,46.72999954223633,46.72999954223633,44.599998474121094,45.380001068115234,422200.0,76350.6875,77884.96875,74958.5703125,75776.1328125,41460907886.0,10.920000076293945,10.920000076293945,10.270000457763672,10.720000267028809,34566800.0,16.565000534057617,16.56999969482422,15.3100004196167,15.979999542236328,18305800.0,187.27000427246094,187.27000427246094,177.6199951171875,181.72999572753906,12609600.0,2289.412109375,2345.939697265625,2221.223876953125,2253.415771484375,21884731493.0,658.6300048828125,661.719970703125,656.5900268554688,661.5700073242188,31724900.0,17.829999923706055,19.0,17.809999465942383,18.809999465942383,0.0
2026-04-30,46.45000076293945,48.66999816894531,46.380001068115234,48.16999816894531,352600.0,75778.6328125,76611.484375,75318.984375,76304.3203125,29497862305.0,11.100000381469727,12.270000457763672,11.0600004196167,11.989999771118164,82854200.0,16.2450008392334,17.280000686645508,16.200000762939453,17.239999771118164,22665900.0,181.60000610351562,189.55999755859375,179.88999938964844,187.77000427246094,7786700.0,2253.484375,2277.71826171875,2232.130859375,2256.251220703125,12309496389.0,665.3499755859375,668.9000244140625,657.5599975585938,667.739990234375,40622200.0,18.68000030517578,18.729999542236328,16.8700008392334,16.889999389648438,0.0
2026-05-01,48.86000061035156,50.099998474121094,48.09000015258789,48.189998626708984,338100.0,76305.0546875,78894.9765625,76294.6953125,78179.0,39164328894.0,12.279999732971191,12.369999885559082,11.380000114440918,11.460000038146973,51115300.0,18.510000228881836,19.4950008392334,18.170000076293945,18.5,32904600.0,191.8800048828125,194.50999450683594,189.86000061035156,191.25,6771100.0,2256.344970703125,2324.7880859375,2256.078125,2295.09375,13243880777.0,669.1599731445312,675.969970703125,668.7999877929688,674.1500244140625,39172600.0,17.010000228881836,17.389999389648438,16.440000534057617,16.989999771118164,0.0
2026-05-04,48.5,50.86000061035156,48.48500061035156,50.5,548800.0,78540.2890625,80742.359375,78217.9609375,79827.90625,54325085296.0,11.430000305175781,11.850000381469727,11.260000228881836,11.829999923706055,42895600.0,18.6200008392334,19.100000381469727,18.15999984741211,18.68000030517578,18822200.0,199.41000366210938,206.7100067138672,197.85000610351562,202.99000549316406,11243400.0,2321.81640625,2397.6083984375,2309.260986328125,2346.39697265625,25497505008.0,674.6599731445312,676.72998046875,668.9000244140625,672.8800048828125,34542000.0,17.3799991607666,19.079999923706055,17.149999618530273,18.290000915527344,0.0
2026-05-05,51.599998474121094,55.220001220703125,50.970001220703125,55.13999938964844,839400.0,79823.53125,81751.453125,79787.578125,80927.0546875,39700107376.0,12.039999961853027,12.289999961853027,11.779999732971191,12.15999984741211,39261900.0,19.200000762939453,20.420000076293945,19.059999465942383,20.350000381469727,20934500.0,208.8800048828125,208.8800048828125,194.39999389648438,197.75,10074200.0,2346.4150390625,2398.83349609375,2344.934326171875,2361.1826171875,17739612383.0,677.9600219726562,682.77001953125,677.510009765625,681.6099853515625,37101100.0,17.950000762939453,18.020000457763672,17.200000762939453,17.3799991607666,0.0
2026-05-06,57.44200134277344,60.83000183105469,57.44200134277344,60.7599983215332,1222700.0,80930.734375,82792.2109375,80751.0234375,81427.53125,41751540000.0,12.550000190734863,13.119999885559082,12.25,13.029999732971191,52771900.0,22.399999618530273,23.739999771118164,22.329999923706055,23.700000762939453,37286500.0,195.77999877929688,198.5,193.25,197.9600067138672,7764900.0,2361.290771484375,2423.040283203125,2338.483154296875,2350.802001953125,22745786496.0,687.780029296875,695.9299926757812,686.47998046875,695.77001953125,38778500.0,17.149999618530273,17.459999084472656,16.18000030517578,17.389999389648438,0.0
2026-05-07,59.06999969482422,59.20500183105469,55.7400016784668,57.56999969482422,615600.0,81428.8515625,81684.953125,79522.65625,80009.9921875,36931193154.0,12.729999542236328,13.050000190734863,12.229999542236328,12.699999809265137,40149600.0,23.420000076293945,24.139999389648438,22.8799991607666,24.110000610351562,26355500.0,196.02999877929688,198.14999389648438,190.32000732421875,192.9600067138672,9158100.0,2350.8525390625,2351.738037109375,2280.814697265625,2291.107666015625,23409823896.0,696.5800170898438,701.239990234375,691.77001953125,694.9400024414062,43779100.0,17.530000686645508,17.600000381469727,16.850000381469727,17.079999923706055,0.0
2026-05-08,59.66999816894531,59.959999084472656,56.60499954223633,58.02000045776367,698100.0,80009.625,80447.265625,79205.515625,80186.765625,33789351540.0,12.569999694824219,13.350000381469727,12.199999809265137,12.9399995803833,48391800.0,24.40999984741211,24.469999313354492,23.139999389648438,24.079999923706055,17796300.0,186.0500030517578,201.3699951171875,182.8000030517578,201.16000366210938,12909400.0,2291.07568359375,2320.692138671875,2265.833251953125,2306.97216796875,20013463010.0,699.9199829101562,711.22998046875,699.5,711.22998046875,44320400.0,17.3700008392334,17.530000686645508,16.81999969482422,17.190000534057617,0.0
2026-05-11,56.36000061035156,61.185001373291016,55.11000061035156,58.470001220703125,431300.0,82139.046875,82326.234375,80451.421875,81728.296875,32409774919.0,12.960000038146973,13.800000190734863,12.59000015258789,13.390000343322754,49736800.0,23.844999313354492,25.860000610351562,23.844999313354492,25.34000015258789,18705100.0,200.3800048828125,217.85000610351562,192.80999755859375,216.60000610351562,13659300.0,2369.193359375,2374.303466796875,2305.080810546875,2339.36083984375,15525623296.0,710.3599853515625,714.5900268554688,708.9099731445312,713.2899780273438,36019100.0,18.209999084472656,18.469999313354492,17.899999618530273,18.3799991607666,0.0
2026-05-12,57.0,58.20000076293945,54.31999969482422,57.72999954223633,379500.0,81725.3515625,81753.03125,79832.1015625,80477.4921875,32186688600.0,12.90999984741211,12.9399995803833,11.729999542236328,12.720000267028809,50215700.0,24.540000915527344,25.010000228881836,23.40999984741211,24.510000228881836,18226200.0,211.89999389648438,218.4600067138672,200.1999969482422,207.63999938964844,9514400.0,2339.287109375,2339.6904296875,2256.41943359375,2274.6435546875,16145394773.0,708.219970703125,710.1799926757812,696.6400146484375,707.239990234375,45873000.0,18.770000457763672,19.100000381469727,17.920000076293945,17.989999771118164,0.0
2026-05-13,58.400001525878906,60.0,56.5,58.880001068115234,383800.0,80476.7890625,81276.671875,78725.5078125,79277.1171875,34075428359.0,12.630000114440918,13.09000015258789,12.289999961853027,12.75,30744300.0,24.79800033569336,25.299999237060547,24.05500030517578,24.920000076293945,14118100.0,204.1999969482422,204.1999969482422,197.5,201.8000030517578,8370200.0,2274.591796875,2322.233154296875,2233.55322265625,2257.576416015625,15193768365.0,709.9600219726562,716.6500244140625,704.8300170898438,714.7100219726562,40012500.0,17.979999542236328,18.399999618530273,17.760000228881836,17.8700008392334,0.0
2026-05-14,58.91999816894531,62.31999969482422,58.25,61.54999923706055,857100.0,79276.9453125,82005.9609375,78909.6796875,81051.25,43731663431.0,12.729999542236328,13.699999809265137,12.449999809265137,13.289999961853027,51372300.0,24.920000076293945,25.200000762939453,23.8700008392334,24.6200008392334,13477300.0,201.25,222.35000610351562,195.10000610351562,212.00999450683594,16576900.0,2257.57177734375,2317.948486328125,2238.471923828125,2280.934814453125,17563432027.0,714.6199951171875,722.030029296875,714.219970703125,719.7899780273438,33327500.0,17.860000610351562,18.079999923706055,17.200000762939453,17.260000228881836,0.0
2026-05-15,58.970001220703125,59.20000076293945,56.54999923706055,57.209999084472656,582900.0,81046.8671875,81634.84375,78635.3671875,79065.6796875,38183347368.0,12.850000381469727,12.890000343322754,12.130000114440918,12.4399995803833,40007200.0,23.711999893188477,24.145000457763672,23.079999923706055,23.489999771118164,14080200.0,205.63999938964844,206.0,192.3000030517578,195.42999267578125,14428600.0,2280.933349609375,2298.686279296875,2204.765380859375,2223.328857421875,18146855938.0,710.1400146484375,715.1300048828125,705.5499877929688,708.9299926757812,51792700.0,18.06999969482422,19.270000457763672,17.799999237060547,18.43000030517578,0.0
2026-05-18,57.959999084472656,57.959999084472656,53.439998626708984,55.54999923706055,1094900.0,77426.34375,77749.3203125,76029.2265625,76954.171875,41520471808.0,12.079999923706055,12.260000228881836,11.619999885559082,12.180000305175781,35663100.0,23.530000686645508,23.56999969482422,22.510000228881836,23.18000030517578,17103600.0,190.25,194.1999969482422,184.14999389648438,189.44000244140625,10399800.0,2127.681396484375,2155.964111328125,2078.6162109375,2128.51611328125,19890789125.0,711.5399780273438,712.0700073242188,698.8499755859375,705.8800048828125,49834500.0,19.25,19.440000534057617,17.700000762939453,17.81999969482422,0.0
2026-05-19,54.20000076293945,55.459999084472656,51.88800048828125,54.849998474121094,390700.0,76954.75,77346.8671875,76082.3671875,76750.90625,26031898332.0,11.880000114440918,12.59000015258789,11.529999732971191,12.4399995803833,35290900.0,22.635000228881836,23.114999771118164,21.729999542236328,22.645000457763672,14841000.0,188.3800048828125,195.52999877929688,185.52999877929688,193.4499969482422,7085000.0,2128.531982421875,2143.56298828125,2093.475341796875,2109.9638671875,12030742868.0,699.8099975585938,706.489990234375,695.25,701.530029296875,46827500.0,18.010000228881836,18.360000610351562,17.65999984741211,18.059999465942383,0.0
2026-05-20,56.0,58.2400016784668,55.22999954223633,57.31999969482422,665400.0,76749.453125,77775.5703125,76463.6484375,77457.7734375,26668360936.0,12.640000343322754,13.5,12.529999732971191,13.149999618530273,51458000.0,23.149999618530273,24.200000762939453,22.77400016784668,23.670000076293945,13231200.0,193.75,196.6199951171875,189.72999572753906,191.2899932861328,7044200.0,2109.85400390625,2146.50634765625,2101.83349609375,2126.9833984375,12076799234.0,705.2899780273438,713.1500244140625,703.7899780273438,713.1500244140625,36779200.0,18.170000076293945,18.18000030517578,17.1299991607666,17.440000534057617,0.0
2026-05-21,58.02000045776367,61.63999938964844,58.0,61.59000015258789,410600.0,77462.5078125,78100.5625,76655.4375,77539.171875,27141485404.0,13.140000343322754,13.770000457763672,13.079999923706055,13.550000190734863,34844300.0,23.899999618530273,24.770000457763672,23.6299991607666,24.469999313354492,13551700.0,189.80999755859375,195.6999969482422,187.6699981689453,193.55999755859375,5674300.0,2127.17236328125,2154.22216796875,2103.46044921875,2131.41064453125,14344389472.0,708.989990234375,717.1199951171875,706.77001953125,714.510009765625,36415400.0,17.579999923706055,17.8700008392334,16.600000381469727,16.760000228881836,0.0
2026-05-22,61.40999984741211,63.08000183105469,60.38999938964844,61.93000030517578,396900.0,77538.1171875,77819.453125,75323.875,75488.2421875,27859040109.0,13.569999694824219,14.109999656677246,13.40999984741211,13.8100004196167,40169100.0,24.59000015258789,25.065000534057617,24.309999465942383,24.489999771118164,11154100.0,194.02000427246094,195.58999633789062,184.60000610351562,184.99000549316406,7927600.0,2131.3701171875,2138.97998046875,2056.92919921875,2064.636962890625,13229489284.0,718.0700073242188,722.1199951171875,715.9500122070312,717.5399780273438,33118600.0,16.829999923706055,17.389999389648438,16.459999084472656,16.700000762939453,0.0
2026-05-26,64.56999969482422,66.23899841308594,63.790000915527344,64.83000183105469,611700.0,77280.125,77990.8671875,75569.46875,75825.734375,35999475458.0,14.239999771118164,14.869999885559082,14.079999923706055,14.279999732971191,42643500.0,25.155000686645508,26.299999237060547,25.139999389648438,26.079999923706055,16734000.0,186.07000732421875,187.8000030517578,179.11000061035156,180.00999450683594,7755000.0,2111.366455078125,2138.006103515625,2054.361083984375,2070.858154296875,15924080901.0,725.9600219726562,731.1699829101562,724.1599731445312,730.280029296875,34254700.0,16.920000076293945,17.229999542236328,16.559999465942383,17.010000228881836,0.0
2026-05-27,65.3499984741211,69.25,63.439998626708984,68.80000305175781,737300.0,75825.3046875,76014.296875,74136.5,74344.703125,33802172927.0,14.210000038146973,14.479999542236328,13.84000015258789,14.329999923706055,33746300.0,26.489999771118164,27.389999389648438,25.670000076293945,26.940000534057617,16779800.0,176.3800048828125,179.85000610351562,173.7100067138672,173.77999877929688,8196800.0,2070.86669921875,2092.980712890625,2014.632568359375,2022.1982421875,14534289020.0,732.9600219726562,733.3200073242188,725.4400024414062,729.4500122070312,35148700.0,17.010000228881836,17.18000030517578,16.290000915527344,16.290000915527344,0.0
2026-05-28,68.4800033569336,70.12000274658203,67.08999633789062,69.26000213623047,894600.0,74339.5703125,74460.125,72493.4140625,73536.5546875,40148145327.0,13.9399995803833,14.220000267028809,13.579999923706055,14.069999694824219,37642700.0,26.729999542236328,28.540000915527344,26.459999084472656,27.739999771118164,19167800.0,170.49000549316406,182.64999389648438,169.1699981689453,182.25,9042900.0,2022.0908203125,2025.7589111328125,1966.2794189453125,2007.552734375,18109844096.0,729.72998046875,736.5999755859375,726.4099731445312,735.5999755859375,32840000.0,16.760000228881836,16.850000381469727,15.609999656677246,15.739999771118164,0.0
2026-05-29,68.98999786376953,68.98999786376953,65.3499984741211,68.08999633789062,566600.0,73537.03125,74218.5625,72435.625,73372.5234375,34457929250.0,13.869999885559082,14.640000343322754,13.579999923706055,14.380000114440918,47772200.0,27.469999313354492,27.850000381469727,26.584999084472656,27.110000610351562,18700700.0,180.22999572753906,191.8300018310547,178.85000610351562,189.02999877929688,10249800.0,2007.5496826171875,2042.5430908203125,1975.1915283203125,2011.978515625,14941194039.0,737.8400268554688,741.6300048828125,735.25,738.3099975585938,37541700.0,15.8100004196167,15.880000114440918,15.220000267028809,15.319999694824219,0.0
2026-06-01,67.06999969482422,72.34500122070312,65.69000244140625,70.76000213623047,958900.0,73580.2109375,73969.5703125,70599.5078125,71319.7734375,43378836121.0,14.050000190734863,15.319999694824219,13.65999984741211,14.850000381469727,51422300.0,26.575000762939453,28.84000015258789,25.850000381469727,28.25,18945700.0,179.2100067138672,186.60000610351562,176.17999267578125,182.61000061035156,9063100.0,2004.2425537109375,2017.6077880859375,1956.1522216796875,2003.22119140625,19458810001.0,737.0399780273438,745.6500244140625,735.989990234375,742.739990234375,33890600.0,15.880000114440918,16.34000015258789,15.710000038146973,16.049999237060547,0.0
2026-06-02,71.0,74.12999725341797,70.91000366210938,71.51000213623047,795100.0,71321.03125,71334.953125,66127.265625,66703.65625,54990073882.0,14.579999923706055,15.010000228881836,14.100000381469727,14.279999732971191,39020300.0,28.229999542236328,28.940000534057617,26.954999923706055,27.31999969482422,17871500.0,177.1699981689453,178.5500030517578,171.6699981689453,173.99000549316406,9228400.0,2003.26025390625,2003.970703125,1838.05859375,1857.71630859375,25205401403.0,742.4000244140625,746.4400024414062,739.22998046875,746.1599731445312,30085200.0,16.280000686645508,16.290000915527344,15.710000038146973,15.770000457763672,0.0
2026-06-03,72.56999969482422,74.28500366210938,69.94999694824219,70.71499633789062,544000.0,66694.0078125,67402.9296875,64009.67578125,64014.3671875,47411556213.0,14.0,14.380000114440918,13.699999809265137,13.960000038146973,32010400.0,27.68000030517578,28.639999389648438,27.25,27.649999618530273,16040300.0,171.5399932861328,172.0,162.75,163.22000122070312,9544600.0,1857.6417236328125,1889.058837890625,1771.3145751953125,1811.7322998046875,24083350214.0,747.3099975585938,748.6500244140625,741.010009765625,744.2100219726562,40270200.0,15.970000267028809,16.6299991607666,15.9399995803833,16.059999465942383,0.0
2026-06-04,67.91000366210938,70.69999694824219,66.61000061035156,69.36000061035156,563400.0,64020.0703125,64664.4453125,61335.75,63801.57421875,63800151780.0,13.489999771118164,14.069999694824219,13.270000457763672,13.880000114440918,34355000.0,26.510000228881836,28.079999923706055,26.059999465942383,27.469999313354492,16211400.0,164.19000244140625,166.5,161.88999938964844,164.1300048828125,8499400.0,1811.7425537109375,1817.3465576171875,1717.802490234375,1769.58056640625,27112623897.0,735.47998046875,743.5,732.6199951171875,740.6099853515625,40782600.0,16.329999923706055,16.799999237060547,15.180000305175781,15.399999618530273,0.0
2026-06-05,66.47000122070312,66.5,58.869998931884766,61.59000015258789,2162600.0,63807.69140625,63901.515625,59108.91796875,60922.66796875,71465606706.0,13.390000343322754,13.399999618530273,11.84000015258789,12.319999694824219,41247100.0,26.510000228881836,26.510000228881836,23.979999542236328,24.65999984741211,18383900.0,158.6999969482422,158.6999969482422,147.8800048828125,152.39999389648438,16718500.0,1769.986083984375,1772.1077880859375,1540.1619873046875,1580.86083984375,39924177669.0,730.0599975585938,731.6900024414062,704.3200073242188,705.0599975585938,99606600.0,15.869999885559082,21.56999969482422,15.5600004196167,21.510000228881836,0.0
2026-06-08,63.869998931884766,66.36000061035156,62.619998931884766,65.75,446300.0,63244.0859375,64185.765625,62384.66796875,63090.58984375,34133252457.0,12.779999732971191,13.970000267028809,12.600000381469727,13.779999732971191,32778400.0,25.364999771118164,26.170000076293945,24.309999465942383,25.690000534057617,12919100.0,156.61000061035156,164.27999877929688,154.97999572753906,162.11000061035156,8827800.0,1686.251220703125,1713.4710693359375,1644.79150390625,1690.1485595703125,17427269148.0,717.8099975585938,723.030029296875,713.0700073242188,716.0700073242188,47401500.0,20.290000915527344,20.350000381469727,17.940000534057617,18.920000076293945,0.0
2026-06-09,67.5199966430664,69.0,59.900001525878906,63.130001068115234,1000000.0,63092.890625,63486.08984375,60756.6875,61643.78125,40144449754.0,14.0,14.399999618530273,12.640000343322754,13.3100004196167,48297800.0,26.450000762939453,27.204999923706055,23.90999984741211,25.295000076293945,19281700.0,157.25,164.97999572753906,149.89999389648438,155.5,8896200.0,1690.21337890625,1695.52294921875,1613.834228515625,1637.7066650390625,15196855528.0,722.97998046875,725.6599731445312,686.3699951171875,707.8300170898438,91932200.0,18.190000534057617,23.34000015258789,17.520000457763672,19.8700008392334,0.0
2026-06-10,62.439998626708984,64.66000366210938,59.290000915527344,59.380001068115234,479800.0,61643.20703125,62788.27734375,60788.0234375,61449.2890625,27493506779.0,13.220000267028809,13.600000381469727,12.619999885559082,12.619999885559082,33286900.0,24.719999313354492,25.690000534057617,23.665000915527344,24.079999923706055,17139800.0,152.8300018310547,161.7100067138672,152.19000244140625,153.97000122070312,6406600.0,1637.6348876953125,1665.7607421875,1603.8258056640625,1620.1376953125,12655731412.0,701.6599731445312,711.280029296875,692.9299926757812,693.6900024414062,65334300.0,20.100000381469727,22.65999984741211,20.059999465942383,22.219999313354492,0.0
2026-06-11,59.290000915527344,64.36000061035156,58.88999938964844,63.91999816894531,405300.0,61448.87890625,63851.94921875,61447.96875,63561.0546875,29316677897.0,12.609999656677246,13.680000305175781,12.5,13.609999656677246,34814800.0,24.229999542236328,26.434999465942383,24.09000015258789,26.139999389648438,15852100.0,154.6999969482422,161.74000549316406,152.3800048828125,160.42999267578125,6933100.0,1620.1400146484375,1690.4488525390625,1620.08447265625,1672.2806396484375,12379882531.0,699.2899780273438,718.3699951171875,695.0,717.1199951171875,71798900.0,21.25,22.59000015258789,19.360000610351562,19.440000534057617,0.0
2026-06-12,64.22000122070312,68.30999755859375,63.97999954223633,65.97000122070312,526400.0,63547.44140625,64334.015625,62778.79296875,63543.19921875,26881868307.0,13.729999542236328,14.720000267028809,13.619999885559082,14.079999923706055,41750500.0,26.68000030517578,27.59000015258789,26.33099937438965,26.610000610351562,10181300.0,160.42999267578125,165.49000549316406,155.4199981689453,159.77999877929688,6489500.0,1671.8189697265625,1689.4443359375,1650.628662109375,1665.1278076171875,9989137815.0,717.6099853515625,724.010009765625,711.280029296875,721.3400268554688,51168400.0,19.510000228881836,19.850000381469727,17.59000015258789,17.68000030517578,0.0
2026-06-15,69.5999984741211,70.73999786376953,68.29000091552734,69.01000213623047,694800.0,65711.109375,67248.1328125,65315.8359375,66289.5,32927321950.0,14.920000076293945,15.229999542236328,14.600000381469727,14.640000343322754,34567900.0,28.450000762939453,28.475000381469727,27.239999771118164,27.3799991607666,10722000.0,170.0,174.44000244140625,168.6300048828125,169.6199951171875,8972000.0,1724.5716552734375,1847.769775390625,1709.253662109375,1794.961181640625,17921331594.0,738.0999755859375,744.760009765625,737.3800048828125,744.0,46710200.0,16.780000686645508,16.850000381469727,15.979999542236328,16.200000762939453,0.0
2026-06-16,68.58999633789062,71.75499725341797,68.4000015258789,69.26000213623047,744700.0,66289.4609375,66928.609375,65315.0703125,65600.640625,25063963967.0,14.550000190734863,15.260000228881836,14.390000343322754,14.420000076293945,38530500.0,27.170000076293945,28.4689998626709,27.170000076293945,27.420000076293945,12148100.0,169.3000030517578,173.8000030517578,166.8800048828125,169.27000427246094,6412800.0,1794.93798828125,1837.2041015625,1758.130126953125,1790.398193359375,14698492893.0,742.25,744.219970703125,729.6400146484375,729.8599853515625,45348700.0,16.200000762939453,16.440000534057617,15.770000457763672,16.40999984741211,0.0
2026-06-17,69.12999725341797,72.49500274658203,68.41999816894531,68.73999786376953,663700.0,65600.4296875,66354.625,63870.9296875,64418.4453125,31288885189.0,14.25,14.899999618530273,13.890000343322754,13.920000076293945,34418500.0,27.260000228881836,28.790000915527344,27.086999893188477,27.43000030517578,11366000.0,166.5399932861328,174.10000610351562,164.6699981689453,164.9199981689453,8151500.0,1790.396240234375,1807.2828369140625,1724.7178955078125,1747.885498046875,14185457929.0,735.1900024414062,735.6799926757812,720.8499755859375,722.510009765625,51669300.0,16.079999923706055,18.84000015258789,16.020000457763672,18.440000534057617,0.0
2026-06-18,71.5199966430664,73.01000213623047,69.08999633789062,72.0999984741211,909300.0,64419.64453125,64736.921875,62201.14453125,62896.47265625,30432454936.0,14.34000015258789,14.390000343322754,13.710000038146973,14.220000267028809,32777100.0,28.469999313354492,28.799999237060547,27.59000015258789,28.100000381469727,14052800.0,167.75,169.80999755859375,160.5399932861328,163.25999450683594,9826800.0,1747.8778076171875,1760.880859375,1670.1038818359375,1709.533447265625,12942260783.0,737.2000122070312,741.8200073242188,732.510009765625,740.6199951171875,50154600.0,17.229999542236328,17.600000381469727,16.350000381469727,16.399999618530273,0.0
2026-06-22,73.1500015258789,76.94000244140625,71.72000122070312,71.9800033569336,683000.0,63240.7890625,65544.0,63233.53125,63952.10546875,26561496819.0,14.489999771118164,16.43000030517578,14.489999771118164,14.850000381469727,67078400.0,28.440000534057617,30.31999969482422,28.18000030517578,28.6299991607666,15859100.0,164.9499969482422,176.47999572753906,163.0500030517578,164.83999633789062,8507100.0,1704.6304931640625,1776.8321533203125,1704.5166015625,1726.5108642578125,13584368622.0,742.02001953125,745.4500122070312,734.3900146484375,737.9500122070312,43518600.0,17.479999542236328,17.920000076293945,16.489999771118164,17.280000686645508,0.0
2026-06-23,67.69999694824219,73.66999816894531,67.0,70.9800033569336,488900.0,63952.79296875,64196.5625,61893.20703125,62668.01953125,29608942370.0,14.029999732971191,15.479999542236328,13.989999771118164,14.699999809265137,42217400.0,27.100000381469727,29.549999237060547,26.75,28.690000534057617,11311600.0,156.97999572753906,164.16000366210938,156.30999755859375,158.17999267578125,7590000.0,1726.519775390625,1733.6123046875,1638.253173828125,1665.436767578125,10431438278.0,715.739990234375,723.6099853515625,712.1099853515625,713.6500244140625,53354200.0,19.670000076293945,20.540000915527344,18.610000610351562,19.489999771118164,0.0
2026-06-24,71.4000015258789,71.4000015258789,64.4000015258789,66.76000213623047,908600.0,62663.03125,63097.7578125,59029.85546875,60995.1328125,42644106535.0,14.970000267028809,15.229999542236328,13.420000076293945,14.0,52852100.0,28.59000015258789,28.90999984741211,26.6299991607666,27.420000076293945,14684000.0,158.3000030517578,158.4199981689453,148.27999877929688,150.11000061035156,10045500.0,1665.309814453125,1687.4923095703125,1551.4842529296875,1619.9249267578125,14059894232.0,715.3699951171875,719.9299926757812,704.4500122070312,710.6199951171875,52480400.0,19.1299991607666,20.34000015258789,18.040000915527344,18.6299991607666,0.0
2026-06-25,68.86000061035156,69.55999755859375,62.45000076293945,64.93000030517578,848100.0,60992.0703125,61868.90625,58075.921875,59721.67578125,40625024718.0,14.4399995803833,14.75,12.949999809265137,13.880000114440918,46177500.0,28.229999542236328,28.489999771118164,25.559999465942383,27.760000228881836,16693400.0,151.1699981689453,152.19000244140625,141.47999572753906,142.52000427246094,7807400.0,1619.8853759765625,1656.646484375,1531.7803955078125,1564.816650390625,15976182558.0,725.9000244140625,726.8300170898438,705.2999877929688,716.3800048828125,49668000.0,18.110000610351562,19.950000762939453,17.719999313354492,18.889999389648438,0.0
2026-06-26,63.16999816894531,66.27999877929688,61.25,65.7300033569336,561500.0,59712.0546875,60647.1875,58269.125,60016.4296875,41502864671.0,13.579999923706055,15.0,13.34000015258789,14.539999961853027,56764500.0,27.059999465942383,28.900999069213867,26.280000686645508,28.56999969482422,28257400.0,139.22999572753906,149.85000610351562,139.17999267578125,149.05999755859375,10494700.0,1564.6136474609375,1590.2000732421875,1510.505859375,1576.6160888671875,15272225856.0,707.1300048828125,715.5599975585938,702.8099975585938,706.52001953125,47081800.0,19.700000762939453,20.719999313354492,18.200000762939453,18.40999984741211,0.0
2026-06-29,67.06999969482422,67.5199966430664,60.380001068115234,63.70000076293945,817200.0,59522.7890625,60682.33984375,58856.1875,60138.37890625,30829983083.0,14.779999732971191,14.890000343322754,13.279999732971191,14.029999732971191,50359800.0,28.809999465942383,29.108999252319336,26.18000030517578,27.75,19202300.0,150.82000732421875,152.44000244140625,145.2899932861328,151.64999389648438,7141100.0,1569.993408203125,1633.64501953125,1550.036376953125,1610.205810546875,11882501822.0,713.989990234375,724.5800170898438,705.1699829101562,724.0800170898438,44939100.0,18.600000381469727,19.450000762939453,17.489999771118164,17.649999618530273,0.0
2026-06-30,62.7400016784668,63.790000915527344,61.4900016784668,63.06999969482422,405100.0,60136.453125,60173.21875,58111.671875,58558.859375,32747419391.0,13.640000343322754,13.930000305175781,13.279999732971191,13.890000343322754,43010200.0,27.350000381469727,27.530000686645508,26.299999237060547,27.3799991607666,16741000.0,148.17999267578125,148.86000061035156,142.3000030517578,146.19000244140625,8754500.0,1610.163818359375,1611.3472900390625,1549.251953125,1569.5838623046875,9639804637.0,724.1799926757812,737.6199951171875,723.9099731445312,736.4000244140625,42121800.0,17.540000915527344,17.75,16.270000457763672,16.450000762939453,0.0
2026-07-01,60.779998779296875,60.8849983215332,56.869998931884766,58.77000045776367,1725300.0,58562.4453125,61223.76953125,57747.765625,60003.7578125,37904450118.0,13.739999771118164,14.0,13.180000305175781,13.369999885559082,40797900.0,26.864999771118164,26.8799991607666,23.722000122070312,23.959999084472656,21716100.0,147.1300048828125,164.5399932861328,146.3000030517578,159.24000549316406,11992300.0,1569.90966796875,1642.454833984375,1551.1392822265625,1608.960693359375,11666600557.0,729.1900024414062,731.9199829101562,724.5999755859375,725.1699829101562,40803800.0,17.110000610351562,17.299999237060547,15.970000267028809,16.59000015258789,0.0
2026-07-02,58.83000183105469,59.45000076293945,52.2400016784668,53.189998626708984,1033900.0,60004.76953125,62117.875,59532.32421875,61485.30078125,40109297349.0,13.630000114440918,14.09000015258789,11.979999542236328,12.399999618530273,50560300.0,23.905000686645508,24.0,21.579999923706055,22.110000610351562,18781800.0,165.19000244140625,173.08999633789062,163.22000122070312,165.47999572753906,9656000.0,1609.0125732421875,1720.34326171875,1595.9393310546875,1698.16943359375,13538465176.0,725.5800170898438,730.8300170898438,707.5599975585938,712.5999755859375,50959800.0,17.049999237060547,17.209999084472656,15.789999961853027,16.149999618530273,0.0
2026-07-06,55.220001220703125,58.78499984741211,55.220001220703125,56.47999954223633,799100.0,63551.015625,64597.5703125,61275.828125,63995.015625,36552222303.0,12.630000114440918,13.529999732971191,12.539999961853027,12.949999809265137,30612400.0,22.81100082397461,24.389999389648438,22.69499969482422,22.8700008392334,17605500.0,161.3699951171875,171.6699981689453,160.10000610351562,168.8699951171875,6492800.0,1783.002685546875,1829.513671875,1728.9652099609375,1797.57373046875,16997487730.0,719.9299926757812,726.0800170898438,718.4500122070312,722.8200073242188,30220400.0,16.399999618530273,16.5,15.5600004196167,15.569999694824219,0.0
2026-07-07,54.970001220703125,55.060001373291016,51.02000045776367,52.630001068115234,744300.0,63994.59765625,64257.6328125,62623.93359375,63297.39453125,31026493556.0,12.699999809265137,12.789999961853027,11.739999771118164,12.050000190734863,30636800.0,22.19499969482422,22.399999618530273,20.510000228881836,21.170000076293945,12750100.0,166.82000732421875,170.10000610351562,161.69000244140625,163.50999450683594,4869400.0,1797.562255859375,1810.329833984375,1756.712646484375,1768.511474609375,9901110376.0,714.1699829101562,716.3499755859375,704.9000244140625,709.4299926757812,42483100.0,15.869999885559082,16.639999389648438,15.529999732971191,16.1299991607666,0.0
2026-07-08,52.11000061035156,55.20000076293945,52.08000183105469,55.130001068115234,636700.0,63293.51953125,63706.88671875,61492.6484375,62257.57421875,27349235354.0,11.729999542236328,12.119999885559082,11.59000015258789,12.020000457763672,31778000.0,21.233999252319336,21.829999923706055,20.479999542236328,21.09000015258789,14044600.0,159.2899932861328,161.60000610351562,156.1999969482422,159.36000061035156,4738700.0,1768.3896484375,1782.8583984375,1711.9000244140625,1742.6776123046875,10110272581.0,704.9500122070312,712.260009765625,700.9099731445312,711.4400024414062,35603200.0,16.549999237060547,18.90999984741211,16.350000381469727,16.899999618530273,0.0
2026-07-09,57.130001068115234,58.81999969482422,56.310001373291016,57.185001373291016,352300.0,62257.31640625,63422.94140625,61645.75390625,63193.1484375,26546256117.0,12.670000076293945,14.40999984741211,12.649999618530273,13.220000267028809,78099400.0,22.020000457763672,22.420000076293945,21.235000610351562,21.510000228881836,14902100.0,156.72999572753906,161.05999755859375,154.77999877929688,158.44000244140625,4755700.0,1742.664794921875,1760.206298828125,1721.298583984375,1744.484619140625,7763668656.0,718.3300170898438,724.22998046875,715.1300048828125,723.280029296875,33654700.0,16.579999923706055,17.270000457763672,15.760000228881836,15.84000015258789,0.0
2026-07-10,57.66999816894531,57.83599853515625,54.439998626708984,55.5,266500.0,63194.359375,64658.96875,62902.0625,64127.140625,27450201269.0,13.640000343322754,13.680000305175781,12.329999923706055,12.600000381469727,45811800.0,21.549999237060547,21.809999465942383,20.559999465942383,20.96500015258789,12014100.0,166.6699981689453,167.97999572753906,158.6699981689453,159.07000732421875,6133900.0,1744.47314453125,1809.75830078125,1736.72314453125,1795.6932373046875,9431692646.0,720.7000122070312,726.3900146484375,717.0,725.510009765625,26415900.0,16.059999465942383,16.15999984741211,14.960000038146973,15.029999732971191,0.0
2026-07-13,53.95000076293945,55.290000915527344,51.14500045776367,52.27000045776367,299100.0,63757.171875,64340.8828125,61769.0,62239.12109375,37650044790.0,12.420000076293945,12.649999618530273,11.930000305175781,12.1899995803833,35829300.0,20.75,20.93000030517578,19.40999984741211,20.190000534057617,16013400.0,156.1999969482422,161.19000244140625,154.00999450683594,157.3699951171875,5418100.0,1805.7579345703125,1842.455078125,1749.3475341796875,1773.500732421875,11436340419.0,717.719970703125,718.739990234375,710.0800170898438,711.739990234375,36552400.0,16.31999969482422,17.40999984741211,16.030000686645508,17.15999984741211,0.0
2026-07-14,54.459999084472656,55.130001068115234,51.25,52.22999954223633,442400.0,62238.5859375,65046.1328125,62207.5234375,64956.11328125,29841287318.0,12.680000305175781,12.720000267028809,11.670000076293945,12.15999984741211,57203400.0,21.200000762939453,21.56999969482422,19.565000534057617,20.190000534057617,13881400.0,159.7899932861328,162.27000427246094,157.25,161.5,7407800.0,1773.471435546875,1894.062255859375,1772.0177001953125,1889.4798583984375,13835437084.0,720.219970703125,722.2899780273438,714.3400268554688,719.6900024414062,29448100.0,17.209999084472656,17.559999465942383,16.149999618530273,16.5,0.0
2026-07-15,53.06999969482422,54.22999954223633,50.540000915527344,53.0,367600.0,64959.80859375,65507.59375,64442.8203125,64712.375,27029791676.0,12.229999542236328,12.539999961853027,11.600000381469727,12.289999961853027,49007100.0,20.170000076293945,20.65399932861328,19.364999771118164,20.100000381469727,13341700.0,165.1699981689453,168.5,160.3300018310547,167.2100067138672,7570700.0,1889.5008544921875,1944.1607666015625,1863.635498046875,1916.9437255859375,12684088080.0,723.8499755859375,724.3599853515625,710.22998046875,717.739990234375,32627600.0,16.200000762939453,16.56999969482422,15.640000343322754,15.670000076293945,0.0
2026-07-16,51.119998931884766,51.380001068115234,47.540000915527344,48.099998474121094,645900.0,64713.296875,64931.85546875,63701.8046875,63789.28125,27232426674.0,12.0600004196167,12.25,11.25,11.420000076293945,44258600.0,19.450000762939453,19.700000762939453,18.290000915527344,18.81999969482422,17596700.0,165.3699951171875,166.57000732421875,159.50999450683594,160.49000549316406,6328700.0,1916.9781494140625,1927.0859375,1856.775634765625,1863.193359375,11412820341.0,712.010009765625,713.5999755859375,702.6099853515625,705.9400024414062,39402000.0,15.819999694824219,17.229999542236328,15.770000457763672,16.729999542236328,0.0
2026-07-17,46.060001373291016,48.790000915527344,44.63999938964844,47.56999969482422,501900.0,63789.91015625,64332.01953125,62489.453125,63899.4609375,27280236800.0,10.949999809265137,11.050000190734863,10.539999961853027,10.6899995803833,43680000.0,18.024999618530273,19.06999969482422,17.440000534057617,18.260000228881836,16294400.0,153.36000061035156,160.8000030517578,152.5800018310547,157.1199951171875,6487100.0,1863.21630859375,1869.067138671875,1803.053955078125,1840.9881591796875,10651207679.0,691.6500244140625,702.2999877929688,686.760009765625,695.3300170898438,54109300.0,18.010000228881836,19.5,17.68000030517578,18.770000457763672,0.0
2026-07-20,50.290000915527344,53.650001525878906,49.790000915527344,52.70000076293945,526000.0,64684.41796875,65735.71875,63720.390625,65230.02734375,30988932408.0,11.079999923706055,12.029999732971191,11.069999694824219,11.670000076293945,61094400.0,18.760000228881836,20.135000228881836,18.68000030517578,19.899999618530273,19360500.0,158.19000244140625,164.6999969482422,155.14999389648438,160.42999267578125,5720200.0,1871.2757568359375,1916.24169921875,1842.815673828125,1903.7589111328125,12042633315.0,702.1599731445312,705.7999877929688,695.510009765625,696.0599975585938,29687600.0,18.899999618530273,18.940000534057617,17.40999984741211,18.649999618530273,0.0
2026-07-21,54.5099983215332,57.5,54.45000076293945,56.11000061035156,831000.0,65228.87109375,66910.0625,65113.65625,66505.125,29554470321.0,11.9399995803833,12.760000228881836,11.8100004196167,12.25,98152100.0,20.29800033569336,21.774999618530273,20.020000457763672,21.489999771118164,17596400.0,167.88999938964844,181.49000549316406,167.86000061035156,175.85000610351562,13677200.0,1903.689697265625,1949.5477294921875,1900.066162109375,1928.3837890625,12526770542.0,706.5700073242188,710.0499877929688,702.7999877929688,708.969970703125,33728300.0,17.479999542236328,17.989999771118164,16.860000610351562,17.049999237060547,0.0
2026-07-22,55.150001525878906,58.20000076293945,55.06999969482422,57.15999984741211,313100.0,66506.7890625,66694.6484375,65514.17578125,66100.796875,28142272410.0,11.920000076293945,12.850000381469727,11.899999618530273,12.40999984741211,42499000.0,20.959999084472656,23.645000457763672,20.809999465942383,23.3799991607666,28117000.0,172.25,174.9600067138672,166.0,166.1199951171875,6953800.0,1928.1976318359375,1955.1474609375,1909.610107421875,1933.4901123046875,10800957306.0,703.6199951171875,709.6500244140625,703.6199951171875,705.3499755859375,23692200.0,17.420000076293945,19.489999771118164,16.639999389648438,16.639999389648438,0.0
2026-07-23,56.18000030517578,60.5099983215332,56.18000030517578,58.27000045776367,720200.0,66100.1328125,66282.3828125,64610.609375,65044.8125,24364433538.0,12.140000343322754,13.15999984741211,12.109999656677246,12.770000457763672,58888900.0,23.360000610351562,25.170000076293945,23.295000076293945,23.860000610351562,24200600.0,163.1199951171875,165.74000549316406,158.8800048828125,161.16000366210938,5607000.0,1933.470947265625,1940.2828369140625,1868.5203857421875,1877.1002197265625,9768559906.0,694.6699829101562,698.6599731445312,687.7899780273438,691.9600219726562,44028600.0,17.670000076293945,20.309999465942383,17.31999969482422,18.700000762939453,0.0
2026-07-24,57.77000045776367,57.9900016784668,53.43000030517578,53.59000015258789,496900.0,65044.95703125,65760.484375,63686.03515625,64098.49609375,25917559237.0,12.539999961853027,12.729999542236328,12.119999885559082,12.119999885559082,56452800.0,23.260000228881836,23.75,22.350000381469727,22.530000686645508,14526500.0,161.0800018310547,161.0800018310547,153.8000030517578,158.2899932861328,5372100.0,1877.09765625,1907.5435791015625,1846.822265625,1860.1767578125,9056489653.0,690.4099731445312,692.6300048828125,682.47998046875,684.22998046875,42876700.0,18.959999084472656,19.049999237060547,17.40999984741211,18.579999923706055,0.0
2026-07-27,54.95000076293945,54.95000076293945,50.15999984741211,51.52000045776367,641400.0,65340.58984375,65658.3359375,63562.484375,63724.8984375,26183821002.0,12.270000457763672,12.329999923706055,11.4399995803833,11.770000457763672,43179100.0,22.600000381469727,22.90999984741211,21.149999618530273,21.969999313354492,13968200.0,163.32000732421875,167.8699951171875,160.4199981689453,167.49000549316406,6851700.0,1953.4053955078125,1976.460205078125,1882.4197998046875,1890.613525390625,13679804759.0,691.6799926757812,692.2999877929688,675.9500122070312,682.1199951171875,42681500.0,17.6200008392334,19.93000030517578,17.530000686645508,18.670000076293945,0.0
2026-07-28,49.91999816894531,49.91999816894531,46.400001525878906,49.20000076293945,918400.0,63723.48828125,64026.921875,62714.8046875,63871.36328125,24128738898.0,11.289999961853027,11.529999732971191,10.670000076293945,11.380000114440918,62210200.0,21.05500030517578,21.479999542236328,20.05500030517578,21.239999771118164,16283800.0,162.47999572753906,168.1699981689453,158.5800018310547,167.89999389648438,5112000.0,1890.634521484375,1926.5040283203125,1856.341552734375,1919.948486328125,11476069704.0,676.22998046875,679.4000244140625,667.8800048828125,675.489990234375,51398700.0,19.049999237060547,19.520000457763672,17.8799991607666,18.209999084472656,0.0
2026-07-29,48.779998779296875,49.150001525878906,42.9640007019043,43.29999923706055,942200.0,63871.39453125,64638.6953125,63206.2109375,63908.16796875,28611167472.0,11.25,11.449999809265137,10.029999732971191,10.050000190734863,43674600.0,21.0049991607666,21.045000076293945,18.131000518798828,18.239999771118164,23230900.0,166.14999389648438,169.69000244140625,158.67999267578125,160.08999633789062,6802400.0,1919.9915771484375,1929.90087890625,1873.6192626953125,1908.51904296875,12003429702.0,675.510009765625,680.0499877929688,661.1400146484375,661.72998046875,57233300.0,18.270000457763672,20.8799991607666,17.450000762939453,20.65999984741211,0.0
2026-07-30,47.279998779296875,53.380001068115234,46.93000030517578,52.869998931884766,815600.0,63908.625,65071.4453125,63533.90625,64725.30859375,26250039650.0,10.65999984741211,12.029999732971191,10.569999694824219,11.819999694824219,45393300.0,20.030000686645508,22.700000762939453,19.959999084472656,22.1200008392334,25693700.0,161.17999267578125,164.77999877929688,159.30999755859375,163.5800018310547,7881300.0,1908.5860595703125,1934.5772705078125,1892.196533203125,1917.3729248046875,8075086285.0,674.760009765625,685.1199951171875,673.2999877929688,683.5499877929688,66753700.0,19.559999465942383,20.079999923706055,17.0,17.09000015258789,0.0
2026-07-31,55.290000915527344,55.595001220703125,50.79999923706055,51.459999084472656,817000.0,64723.96875,65328.18359375,62410.8671875,62813.74609375,30439749629.0,12.020000457763672,12.069999694824219,11.069999694824219,11.319999694824219,38670700.0,22.985000610351562,23.149999618530273,20.020000457763672,20.170000076293945,20987900.0,153.10000610351562,153.67999267578125,139.11000061035156,146.25999450683594,20870300.0,1917.1417236328125,1933.77783203125,1847.46875,1860.345947265625,10253082786.0,692.1099853515625,695.77001953125,680.0499877929688,687.989990234375,50540500.0,16.81999969482422,18.700000762939453,15.819999694824219,15.989999771118164,0.0
2026-08-03,50.81999969482422,55.720001220703125,49.02000045776367,54.75,614000.0,63485.44140625,64020.32421875,62226.578125,63460.8984375,26038889824.0,11.180000305175781,11.890000343322754,10.960000038146973,11.75,27186100.0,19.6200008392334,21.670000076293945,19.360000610351562,21.420000076293945,16523300.0,144.14999389648438,152.42999267578125,141.02999877929688,146.5,9148500.0,1882.7835693359375,1883.439208984375,1827.697509765625,1858.2564697265625,7822619495.0,688.2999877929688,701.5900268554688,685.8200073242188,700.0700073242188,44965100.0,16.030000686645508,16.299999237060547,15.539999961853027,15.859999656677246,0.0
2026-08-04,52.81999969482422,54.959999084472656,52.369998931884766,52.75,805900.0,63458.41015625,64466.9375,63277.68359375,64055.953125,23662357784.0,11.579999923706055,11.90999984741211,11.289999961853027,11.75,30234400.0,21.270000457763672,22.325000762939453,20.84000015258789,21.559999465942383,17392800.0,147.39999389648438,152.89999389648438,145.60000610351562,150.72999572753906,7289000.0,1858.22021484375,1879.5380859375,1847.1749267578125,1868.3858642578125,7950029763.0,708.1599731445312,725.6599731445312,707.530029296875,723.8499755859375,59778600.0,15.760000228881836,16.649999618530273,15.510000228881836,16.5,0.0
2026-08-05,52.75,54.04999923706055,50.09000015258789,50.22999954223633,571200.0,64054.87890625,64954.34765625,63829.71875,64597.5,23568584891.0,11.65999984741211,12.020000457763672,11.229999542236328,11.239999771118164,27307500.0,22.610000610351562,23.84000015258789,21.405000686645508,21.5,29337800.0,150.8000030517578,153.99000549316406,147.61000061035156,149.88999938964844,6818900.0,1868.4923095703125,1922.641357421875,1854.34033203125,1906.5260009765625,9791973976.0,726.25,728.5399780273438,716.9199829101562,717.2999877929688,33540200.0,16.149999618530273,18.43000030517578,15.479999542236328,15.8100004196167,0.0
2026-08-06,48.5,51.06100082397461,47.935001373291016,48.459999084472656,271100.0,64595.44921875,64934.4921875,64098.4765625,64262.11328125,18529402711.0,10.930000305175781,11.210000038146973,10.649999618530273,10.649999618530273,36564400.0,21.030000686645508,22.549999237060547,20.572999954223633,21.209999084472656,16303000.0,146.75999450683594,150.61000061035156,145.13999938964844,145.41000366210938,5850800.0,1906.442626953125,1917.7008056640625,1890.963623046875,1902.0574951171875,7974662808.0,710.8200073242188,719.3200073242188,708.5,714.6500244140625,33035900.0,15.829999923706055,16.030000686645508,15.109999656677246,15.149999618530273,0.0
2026-08-07,50.310001373291016,50.9900016784668,46.66999816894531,48.400001525878906,643800.0,64257.48828125,65330.609375,64113.2734375,64880.19140625,22165720102.0,10.920000076293945,10.9399995803833,9.6899995803833,10.09000015258789,56581500.0,21.940000534057617,22.170000076293945,20.31999969482422,20.520000457763672,12233300.0,148.2100067138672,155.39999389648438,145.57000732421875,153.60000610351562,8747700.0,1902.1405029296875,1937.1666259765625,1893.0816650390625,1913.2794189453125,9081145963.0,720.1500244140625,723.6300048828125,716.510009765625,723.030029296875,31070400.0,15.300000190734863,15.359999656677246,14.770000457763672,14.899999618530273,0.0
2026-08-10,48.43000030517578,48.599998474121094,45.459999084472656,45.52000045776367,536400.0,64845.3828125,65321.83984375,63752.56640625,63910.5859375,22384770392.0,9.989999771118164,10.079999923706055,9.399999618530273,9.5600004196167,42295000.0,20.450000762939453,20.459999084472656,19.1200008392334,19.399999618530273,20892900.0,153.35000610351562,153.61000061035156,147.89999389648438,148.67999267578125,6089900.0,1908.7197265625,1928.9932861328125,1866.78955078125,1871.2786865234375,8786188281.0,722.3900146484375,724.6699829101562,720.3300170898438,720.8699951171875,26243200.0,15.399999618530273,15.720000267028809,15.100000381469727,15.460000038146973,0.0
2026-08-11,47.77000045776367,48.380001068115234,46.400001525878906,46.630001068115234,411300.0,63910.17578125,64433.6796875,63185.47265625,63551.875,20824820662.0,10.100000381469727,10.149999618530273,9.600000381469727,9.680000305175781,37320500.0,23.56999969482422,23.65999984741211,19.34000015258789,20.239999771118164,76369600.0,149.83999633789062,152.9499969482422,146.32000732421875,148.5800018310547,6472600.0,1871.263671875,1895.7493896484375,1852.84033203125,1881.37353515625,7957496158.0,723.2899780273438,723.3499755859375,715.5,718.4500122070312,29286100.0,15.420000076293945,15.609999656677246,15.229999542236328,15.279999732971191,0.0
2026-08-12,50.2599983215332,50.790000915527344,48.2760009765625,49.279998779296875,630100.0,63551.87109375,64381.078125,63251.11328125,63402.43359375,23063864553.0,10.130000114440918,10.279999732971191,9.550000190734863,9.640000343322754,40674900.0,21.579999923706055,22.209999084472656,20.194000244140625,20.31999969482422,34470900.0,150.10000610351562,151.50999450683594,147.5,149.0399932861328,5927300.0,1881.37353515625,1921.775390625,1873.3472900390625,1878.135009765625,7655429787.0,727.0800170898438,727.25,722.9199829101562,723.7000122070312,29066000.0,15.279999732971191,15.420000076293945,14.390000343322754,14.550000190734863,0.0
2026-08-13,49.38999938964844,50.97999954223633,47.15999984741211,47.310001373291016,599300.0,63404.42578125,63926.33203125,62799.2890625,63402.171875,18765583756.0,9.489999771118164,9.789999961853027,9.170000076293945,9.210000038146973,32838400.0,19.979999542236328,20.860000610351562,19.041000366210938,19.209999084472656,24438800.0,149.0399932861328,154.4199981689453,146.94000244140625,153.89999389648438,7458900.0,1878.1884765625,1898.2252197265625,1861.92041015625,1883.9913330078125,7043525922.0,725.1500244140625,733.9600219726562,724.030029296875,732.0700073242188,31599700.0,14.680000305175781,14.800000190734863,14.390000343322754,14.630000114440918,0.0
2026-08-14,46.81999969482422,49.11000061035156,46.6150016784668,48.63999938964844,175700.0,63402.08984375,63551.5625,62487.69921875,62975.59375,20280053024.0,9.010000228881836,9.260000228881836,9.0,9.199999809265137,34562900.0,18.81999969482422,19.549999237060547,18.454999923706055,19.014999389648438,17055300.0,151.4199981689453,152.58999633789062,147.86000061035156,148.47000122070312,7265300.0,1884.0169677734375,1889.2706298828125,1862.5645751953125,1880.6500244140625,5615035669.0,733.4099731445312,734.3900146484375,728.3200073242188,731.0700073242188,23790600.0,14.640000343322754,14.720000267028809,14.180000305175781,14.25,0.0
2026-08-17,49.45000076293945,50.91999816894531,48.810001373291016,50.130001068115234,309800.0,62819.37890625,64547.84765625,62687.1015625,64506.25390625,21555405073.0,9.220000267028809,9.8100004196167,9.199999809265137,9.720000267028809,55316500.0,18.950000762939453,20.084999084472656,18.899999618530273,20.040000915527344,17713600.0,148.36000061035156,152.1999969482422,147.1999969482422,150.5500030517578,5768300.0,1873.969970703125,1916.6568603515625,1870.7479248046875,1912.2021484375,7808026613.0,732.9500122070312,734.5800170898438,729.27001953125,729.8699951171875,26452600.0,14.979999542236328,15.470000267028809,14.890000343322754,15.1899995803833,0.0
2026-08-18,48.4900016784668,49.560001373291016,45.40999984741211,45.810001373291016,588000.0,64506.5234375,64987.7109375,63980.32421875,64680.7109375,18728001793.0,9.359999656677246,9.550000190734863,8.90999984741211,8.960000038146973,45477000.0,19.459999084472656,19.959999084472656,18.770000457763672,18.90999984741211,16537300.0,148.0,150.72999572753906,146.02000427246094,146.22999572753906,6746700.0,1912.2086181640625,1920.5233154296875,1884.477783203125,1916.4595947265625,6819426768.0,720.2100219726562,722.1300048828125,715.9199829101562,717.510009765625,48997200.0,15.8100004196167,16.09000015258789,15.600000381469727,15.84000015258789,0.0
2026-08-19,45.290000915527344,46.08000183105469,42.439998626708984,45.15999984741211,869000.0,64680.046875,69996.953125,64111.0703125,69266.1875,46228098443.0,8.90999984741211,9.890000343322754,8.680000305175781,9.649999618530273,67214700.0,18.875,19.88800048828125,17.86199951171875,19.3799991607666,22437700.0,147.5,165.74000549316406,147.5,160.1999969482422,16961300.0,1916.4267578125,2327.701171875,1905.0823974609375,2251.4580078125,29624109549.0,720.3900146484375,721.5,712.6099853515625,716.0800170898438,35801700.0,15.920000076293945,15.949999809265137,14.770000457763672,14.890000343322754,0.0
2026-08-20,45.72999954223633,47.040000915527344,45.2400016784668,46.91999816894531,545500.0,69268.25,73369.8046875,68867.53125,73032.7578125,55444322363.0,10.210000038146973,11.1899995803833,9.960000038146973,11.149999618530273,80251000.0,19.799999237060547,21.020000457763672,19.6200008392334,20.979999542236328,22469600.0,172.75,174.77999877929688,166.11000061035156,172.35000610351562,17570800.0,2251.444091796875,2357.228271484375,2222.57470703125,2326.384765625,27856115157.0,712.0900268554688,714.9400024414062,708.52001953125,710.9299926757812,33396400.0,14.90999984741211,16.139999389648438,14.90999984741211,16.010000228881836,0.0
2026-08-21,48.290000915527344,49.349998474121094,45.0,45.72999954223633,693600.0,73031.0859375,79463.7109375,73011.4140625,78335.1875,74478039014.0,11.699999809265137,12.470000267028809,11.020000457763672,11.260000228881836,104100300.0,21.665000915527344,22.200000762939453,19.559999465942383,19.829999923706055,27433600.0,180.05999755859375,191.36000061035156,179.1999969482422,186.49000549316406,22736000.0,2326.38232421875,2545.881103515625,2324.70947265625,2515.28173828125,33328570085.0,715.22998046875,715.6699829101562,709.2000122070312,713.4400024414062,33399400.0,15.819999694824219,15.880000114440918,15.079999923706055,15.130000114440918,0.0
2026-08-24,44.900001525878906,45.869998931884766,43.970001220703125,44.625,1070000.0,77748.875,79970.109375,76688.828125,78964.484375,55502180329.0,11.170000076293945,12.0600004196167,11.029999732971191,11.180000305175781,61452800.0,20.020000457763672,20.8700008392334,19.600000381469727,20.0,15303900.0,188.75,191.83999633789062,178.52000427246094,179.47999572753906,13193700.0,2463.640625,2531.744873046875,2425.387939453125,2481.831298828125,22852234269.0,709.6599731445312,709.7899780273438,702.7000122070312,706.3200073242188,37443100.0,15.899999618530273,16.059999465942383,15.609999656677246,15.850000381469727,0.0
2026-08-25,45.20000076293945,47.040000915527344,44.849998474121094,46.75,827400.0,78960.09375,81235.03125,77870.625,78564.9765625,46728068401.0,11.069999694824219,12.149999618530273,10.930000305175781,11.829999923706055,48490000.0,19.8799991607666,21.600000381469727,19.56999969482422,21.299999237060547,16583200.0,176.0,189.27000427246094,174.72999572753906,187.16000366210938,10565300.0,2481.77783203125,2531.08447265625,2416.602783203125,2443.159423828125,17270862024.0,711.219970703125,714.0399780273438,707.4500122070312,710.719970703125,23869600.0,15.710000038146973,16.299999237060547,15.130000114440918,15.449999809265137,0.0
2026-08-26,46.029998779296875,46.5,44.880001068115234,45.15999984741211,598500.0,78538.5859375,79240.5,77639.8359375,79027.421875,29329039002.0,11.5600004196167,11.729999542236328,10.989999771118164,11.220000267028809,41989700.0,20.90999984741211,21.329999923706055,20.489999771118164,20.610000610351562,9167200.0,181.64999389648438,185.5,179.42999267578125,181.77999877929688,6275800.0,2442.4892578125,2514.666259765625,2432.51220703125,2506.260986328125,13160062688.0,708.4099731445312,713.02001953125,707.969970703125,711.3699951171875,20392400.0,15.649999618530273,15.739999771118164,15.210000038146973,15.210000038146973,0.0
2026-08-27,46.900001525878906,48.31999969482422,46.31999969482422,46.459999084472656,1138900.0,79037.921875,80806.5625,78591.1015625,80257.5390625,34033075972.0,11.529999732971191,12.319999694824219,11.279999732971191,11.869999885559082,59958400.0,21.125,21.854999542236328,20.649999618530273,20.8799991607666,15330900.0,186.3300018310547,193.80999755859375,180.11000061035156,190.72000122070312,9240900.0,2506.239501953125,2564.2744140625,2481.94482421875,2510.41015625,16865824214.0,716.9299926757812,721.3499755859375,714.530029296875,721.1099853515625,28723500.0,14.920000076293945,15.130000114440918,14.420000076293945,14.510000228881836,0.0
2026-08-28,45.59000015258789,45.599998474121094,42.34000015258789,42.70000076293945,1247300.0,79037.921875,80806.5625,78591.1015625,80257.5390625,34033075972.0,11.529999732971191,11.600000381469727,10.5600004196167,10.670000076293945,41795900.0,20.520000457763672,20.610000610351562,18.75,18.989999771118164,17319500.0,186.02999877929688,189.10000610351562,176.05999755859375,178.63999938964844,9981400.0,2506.239501953125,2564.2744140625,2481.94482421875,2510.41015625,16865824214.0,719.739990234375,724.1300048828125,715.0900268554688,716.4299926757812,34043800.0,14.569999694824219,14.84000015258789,14.130000114440918,14.430000305175781,0.0
2026-08-31,42.779998779296875,43.0099983215332,41.75,43.0,343700.0,77673.703125,79247.34375,77378.4375,78548.6328125,30608386987.0,10.779999732971191,10.789999961853027,10.359999656677246,10.770000457763672,23640100.0,18.829999923706055,19.040000915527344,18.1200008392334,18.9950008392334,10998600.0,178.50999450683594,189.9499969482422,176.7100067138672,188.1199951171875,10672700.0,2417.903076171875,2488.9228515625,2401.808837890625,2466.8203125,13784743627.0,715.1699829101562,717.5800170898438,713.1599731445312,716.760009765625,32160600.0,15.239999771118164,15.479999542236328,14.859999656677246,14.920000076293945,0.0
