,px_open,px_high,px_low,px_close,px_volume,spy_open,spy_high,spy_low,spy_close,spy_volume,qqq_open,qqq_high,qqq_low,qqq_close,qqq_volume,xlk_open,xlk_high,xlk_low,xlk_close,xlk_volume,tnx_open,tnx_high,tnx_low,tnx_close,tnx_volume,dxy_open,dxy_high,dxy_low,dxy_close,dxy_volume,vix_open,vix_high,vix_low,vix_close,vix_volume
2019-09-10,25.0,25.25,24.81399917602539,25.079999923706055,165900.0,297.3599853515625,298.20001220703125,295.9700012207031,298.1300048828125,57947100.0,190.16000366210938,190.74000549316406,188.91000366210938,190.63999938964844,23744700.0,40.2599983215332,40.2599983215332,39.78499984741211,40.2400016784668,19717000.0,1.6469999551773071,1.7039999961853027,1.6349999904632568,1.7020000219345093,0.0,98.33000183105469,98.45999908447266,98.26000213623047,98.33000183105469,0.0,15.529999732971191,16.520000457763672,15.109999656677246,15.199999809265137,0.0
2019-09-11,25.15999984741211,25.15999984741211,25.0,25.14699935913086,69900.0,298.4700012207031,300.3399963378906,297.75,300.25,68821100.0,191.0,192.52999877929688,190.55999755859375,192.42999267578125,25063600.0,40.3650016784668,40.66999816894531,40.279998779296875,40.65999984741211,18818600.0,1.7300000190734863,1.7519999742507935,1.7200000286102295,1.7330000400543213,0.0,98.33000183105469,98.75,97.86000061035156,98.6500015258789,0.0,15.329999923706055,15.520000457763672,14.550000190734863,14.609999656677246,0.0
2019-09-12,25.56999969482422,25.56999969482422,25.195999145507812,25.290000915527344,63200.0,301.25,302.4599914550781,300.4100036621094,301.2900085449219,72908700.0,193.61000061035156,194.7100067138672,192.97000122070312,193.22999572753906,28689900.0,40.90999984741211,41.209999084472656,40.709999084472656,40.880001068115234,25542000.0,1.7009999752044678,1.8009999990463257,1.6679999828338623,1.7910000085830688,0.0,98.62999725341797,99.0999984741211,98.19000244140625,98.30999755859375,0.0,14.6899995803833,14.9399995803833,13.850000381469727,14.220000267028809,0.0
2019-09-13,25.5,25.5,25.2189998626709,25.236000061035156,33200.0,301.7799987792969,302.1700134277344,300.67999267578125,301.0899963378906,62104800.0,192.9499969482422,193.39999389648438,192.2899932861328,192.5399932861328,27669800.0,40.814998626708984,40.814998626708984,40.53499984741211,40.58000183105469,33067200.0,1.7940000295639038,1.902999997138977,1.7929999828338623,1.902999997138977,0.0,98.41000366210938,98.43000030517578,98.0,98.26000213623047,0.0,14.15999984741211,14.3100004196167,13.510000228881836,13.739999771118164,0.0
2019-09-16,25.219999313354492,25.219999313354492,25.100000381469727,25.18000030517578,44400.0,299.8399963378906,301.1400146484375,299.45001220703125,300.1600036621094,58191200.0,191.3000030517578,192.0800018310547,191.11000061035156,191.67999267578125,20319000.0,40.244998931884766,40.56999969482422,40.20500183105469,40.47999954223633,15451800.0,1.8339999914169312,1.875,1.8289999961853027,1.840999960899353,0.0,98.12000274658203,98.70999908447266,98.02999877929688,98.6500015258789,0.0,14.890000343322754,15.289999961853027,14.5,14.670000076293945,0.0
2019-09-17,25.149999618530273,25.299999237060547,25.09000015258789,25.299999237060547,16200.0,299.94000244140625,301.0199890136719,299.75,300.9200134277344,41475500.0,191.6999969482422,192.60000610351562,191.2899932861328,192.60000610351562,20953400.0,40.5099983215332,40.64500045776367,40.415000915527344,40.64500045776367,15402600.0,1.815000057220459,1.8489999771118164,1.7940000295639038,1.812000036239624,0.0,98.6500015258789,98.73999786376953,98.19000244140625,98.26000213623047,0.0,14.920000076293945,15.029999732971191,14.399999618530273,14.4399995803833,0.0
2019-09-18,25.5,25.5,24.926000595092773,25.209999084472656,35500.0,300.489990234375,301.2200012207031,298.239990234375,301.1000061035156,73375800.0,192.1999969482422,192.60000610351562,190.11000061035156,192.52000427246094,29781300.0,40.58000183105469,40.66999816894531,40.09000015258789,40.63999938964844,17261400.0,1.774999976158142,1.8049999475479126,1.74399995803833,1.7860000133514404,0.0,98.20999908447266,98.69000244140625,98.19000244140625,98.5999984741211,0.0,14.609999656677246,15.800000190734863,13.800000190734863,13.949999809265137,0.0
2019-09-19,25.399999618530273,25.399999618530273,25.25,25.280000686645508,17100.0,301.5299987792969,302.6300048828125,300.7099914550781,301.0799865722656,76560500.0,192.86000061035156,194.0399932861328,192.47000122070312,192.83999633789062,26039400.0,40.76499938964844,41.09000015258789,40.67499923706055,40.72999954223633,16387000.0,1.7580000162124634,1.7890000343322754,1.7489999532699585,1.7740000486373901,0.0,98.56999969482422,98.62000274658203,98.19999694824219,98.2699966430664,0.0,14.65999984741211,14.65999984741211,13.3100004196167,14.050000190734863,0.0
2019-09-20,25.5,25.5,25.121000289916992,25.121000289916992,7000.0,300.3599853515625,300.6700134277344,297.4100036621094,298.2799987792969,89565000.0,193.11000061035156,193.30999755859375,190.16000366210938,190.8000030517578,29086100.0,40.73500061035156,40.755001068115234,40.025001525878906,40.130001068115234,30027200.0,1.7929999828338623,1.7949999570846558,1.7489999532699585,1.7549999952316284,0.0,98.33999633789062,98.63999938964844,98.13999938964844,98.51000213623047,0.0,13.9399995803833,15.84000015258789,13.350000381469727,15.319999694824219,0.0
2019-09-23,25.15999984741211,25.399999618530273,25.0,25.106000900268555,10500.0,297.54998779296875,299.0,297.2699890136719,298.2099914550781,43476800.0,190.36000061035156,191.07000732421875,189.72000122070312,190.5,22485900.0,40.1349983215332,40.375,40.04999923706055,40.255001068115234,15648400.0,1.6970000267028809,1.7089999914169312,1.6649999618530273,1.7079999446868896,0.0,98.51000213623047,98.83000183105469,98.44999694824219,98.5999984741211,0.0,15.350000381469727,16.0,14.710000038146973,14.90999984741211,0.0
2019-09-24,25.110000610351562,25.256000518798828,24.739999771118164,24.83799934387207,20400.0,299.4100036621094,299.8399963378906,294.80999755859375,295.8699951171875,94869400.0,191.3699951171875,191.7899932861328,187.14999389648438,187.97000122070312,40820700.0,40.52000045776367,40.67499923706055,39.69499969482422,39.8650016784668,35448200.0,1.7039999961853027,1.7079999446868896,1.6349999904632568,1.6349999904632568,0.0,98.63999938964844,98.70999908447266,98.29000091552734,98.33999633789062,0.0,14.770000457763672,17.6200008392334,14.329999923706055,17.049999237060547,0.0
2019-09-25,24.969999313354492,25.040000915527344,24.719999313354492,25.024999618530273,15200.0,295.9599914550781,298.1099853515625,294.3299865722656,297.6199951171875,71854000.0,187.77999877929688,190.5800018310547,186.2100067138672,190.0800018310547,34704900.0,39.810001373291016,40.45000076293945,39.44499969482422,40.34000015258789,23913200.0,1.6540000438690186,1.7350000143051147,1.6419999599456787,1.7319999933242798,0.0,98.37999725341797,99.05999755859375,98.36000061035156,99.04000091552734,0.0,17.049999237060547,18.450000762939453,15.6899995803833,15.960000038146973,0.0
2019-09-26,25.280000686645508,25.280000686645508,24.850000381469727,24.948999404907227,2300.0,297.6300048828125,297.8599853515625,295.45001220703125,297.0,56179700.0,189.8300018310547,190.0,187.97999572753906,189.3800048828125,26826000.0,40.32500076293945,40.525001525878906,40.06999969482422,40.3849983215332,18178600.0,1.718000054359436,1.718000054359436,1.6749999523162842,1.684999942779541,0.0,98.95999908447266,99.27999877929688,98.83999633789062,99.20999908447266,0.0,16.229999542236328,17.09000015258789,15.350000381469727,16.06999969482422,0.0
2019-09-27,25.030000686645508,25.030000686645508,24.709999084472656,24.72800064086914,4000.0,297.8299865722656,297.95001220703125,293.69000244140625,295.3999938964844,84746600.0,189.72999572753906,189.8300018310547,185.75,187.02999877929688,40773500.0,40.3849983215332,40.470001220703125,39.54499816894531,39.845001220703125,25564200.0,1.722000002861023,1.722000002861023,1.6729999780654907,1.6749999523162842,0.0,99.19000244140625,99.30999755859375,98.98999786376953,99.11000061035156,0.0,15.770000457763672,18.690000534057617,15.149999618530273,17.219999313354492,0.0
2019-09-30,24.809999465942383,24.950000762939453,24.809999465942383,24.9060001373291,8300.0,295.9700012207031,297.54998779296875,295.9200134277344,296.7699890136719,51662400.0,187.7899932861328,189.11000061035156,187.39999389648438,188.80999755859375,26307700.0,40.01499938964844,40.36000061035156,39.959999084472656,40.26499938964844,22002800.0,1.6990000009536743,1.7130000591278076,1.6720000505447388,1.6749999523162842,0.0,99.12000274658203,99.45999908447266,99.05000305175781,99.37999725341797,0.0,17.229999542236328,17.350000381469727,16.200000762939453,16.239999771118164,0.0
2019-10-01,24.989999771118164,25.020000457763672,24.58300018310547,24.58300018310547,4600.0,297.739990234375,298.4599914550781,293.0,293.239990234375,88242400.0,189.5,190.58999633789062,186.9600067138672,187.27000427246094,32367600.0,40.44499969482422,40.71500015258789,39.875,39.88999938964844,22044600.0,1.7269999980926514,1.7549999952316284,1.6130000352859497,1.6440000534057617,0.0,99.4000015258789,99.66999816894531,99.06999969482422,99.12999725341797,0.0,16.020000457763672,18.6200008392334,15.789999961853027,18.559999465942383,0.0
2019-10-02,25.020000457763672,25.020000457763672,24.070999145507812,24.14299964904785,5900.0,291.5,291.510009765625,286.6400146484375,288.05999755859375,122539500.0,186.0,186.02999877929688,183.02000427246094,184.0500030517578,48544300.0,39.625,39.6349983215332,38.845001220703125,39.13999938964844,39509600.0,1.6339999437332153,1.6440000534057617,1.5800000429153442,1.5959999561309814,0.0,99.16000366210938,99.41999816894531,98.95999908447266,99.04000091552734,0.0,18.75,21.459999084472656,18.75,20.559999465942383,0.0
2019-10-03,24.399999618530273,24.399999618530273,23.93899917602539,24.32200050354004,6100.0,287.80999755859375,290.45001220703125,284.82000732421875,290.4200134277344,85278800.0,184.02999877929688,186.2100067138672,181.82000732421875,186.07000732421875,39392500.0,39.125,39.6349983215332,38.63999938964844,39.619998931884766,34944400.0,1.5839999914169312,1.5959999561309814,1.5099999904632568,1.5360000133514404,0.0,99.02999877929688,99.19000244140625,98.63999938964844,98.86000061035156,0.0,20.110000610351562,21.440000534057617,19.030000686645508,19.1200008392334,0.0
2019-10-04,24.52199935913086,24.72599983215332,24.52199935913086,24.72599983215332,1300.0,291.1400146484375,294.6300048828125,291.0799865722656,294.3500061035156,65091200.0,187.0800018310547,189.0800018310547,186.8800048828125,188.80999755859375,31887600.0,39.900001525878906,40.32500076293945,39.86000061035156,40.275001525878906,21876800.0,1.5379999876022339,1.5549999475479126,1.5099999904632568,1.5149999856948853,0.0,98.87000274658203,99.0,98.73999786376953,98.80999755859375,0.0,19.420000076293945,19.969999313354492,16.969999313354492,17.040000915527344,0.0
2019-10-07,24.719999313354492,24.798999786376953,24.6200008392334,24.663000106811523,2400.0,293.4700012207031,295.260009765625,292.7699890136719,293.0799865722656,59610500.0,188.27000427246094,189.74000549316406,187.91000366210938,188.24000549316406,21216000.0,40.13999938964844,40.439998626708984,40.07500076293945,40.10499954223633,21238800.0,1.5390000343322754,1.559999942779541,1.5290000438690186,1.5529999732971191,0.0,98.81999969482422,99.01000213623047,98.73999786376953,98.98999786376953,0.0,18.270000457763672,18.520000457763672,16.440000534057617,17.860000610351562,0.0
2019-10-08,24.297000885009766,24.479999542236328,24.24799919128418,24.24799919128418,1200.0,291.0400085449219,291.8500061035156,288.489990234375,288.5299987792969,95708100.0,187.05999755859375,187.86000061035156,185.27000427246094,185.4199981689453,32379300.0,39.845001220703125,39.96500015258789,39.3650016784668,39.369998931884766,28733600.0,1.5199999809265137,1.555999994277954,1.5099999904632568,1.5369999408721924,0.0,98.9800033569336,99.25,98.8499984741211,99.13999938964844,0.0,17.610000610351562,20.3799991607666,17.420000076293945,20.280000686645508,0.0
2019-10-09,24.450000762939453,24.56999969482422,24.41699981689453,24.514999389648438,4400.0,290.75,292.29998779296875,290.05999755859375,291.2699890136719,62359400.0,186.99000549316406,188.0800018310547,186.42999267578125,187.22999572753906,20147400.0,39.779998779296875,40.10499954223633,39.720001220703125,39.95500183105469,20503000.0,1.5579999685287476,1.593999981880188,1.5460000038146973,1.5889999866485596,0.0,99.08999633789062,99.16000366210938,98.9000015258789,99.12000274658203,0.0,19.940000534057617,20.0,17.770000457763672,18.639999389648438,0.0
2019-10-10,24.59000015258789,24.71500015258789,24.5,24.641000747680664,3100.0,291.17999267578125,294.2099914550781,291.0,293.239990234375,55296300.0,187.27999877929688,189.42999267578125,187.1199951171875,188.67999267578125,25177700.0,39.915000915527344,40.38999938964844,39.8849983215332,40.22999954223633,18796200.0,1.5839999914169312,1.6720000505447388,1.5750000476837158,1.6579999923706055,0.0,98.9800033569336,99.06999969482422,98.62000274658203,98.70999908447266,0.0,19.280000686645508,19.799999237060547,17.559999465942383,17.56999969482422,0.0
2019-10-11,24.950000762939453,25.12299919128418,24.889999389648438,24.94099998474121,7500.0,296.2699890136719,298.739990234375,296.1400146484375,296.2799987792969,98720400.0,190.8300018310547,192.6300048828125,190.72000122070312,191.11000061035156,40976700.0,40.724998474121094,41.14500045776367,40.65999984741211,40.78499984741211,31941200.0,1.7079999446868896,1.7640000581741333,1.6959999799728394,1.7519999742507935,0.0,98.69999694824219,98.73999786376953,98.19999694824219,98.30000305175781,0.0,17.350000381469727,17.440000534057617,15.109999656677246,15.579999923706055,0.0
2019-10-14,24.920000076293945,24.954999923706055,24.899999618530273,24.924999237060547,5600.0,295.92999267578125,296.6700134277344,295.57000732421875,295.95001220703125,40394800.0,190.83999633789062,191.6999969482422,190.64999389648438,191.08999633789062,14975000.0,40.744998931884766,40.93000030517578,40.7400016784668,40.7599983215332,11325600.0,1.7330000400543213,1.7330000400543213,1.7330000400543213,1.7330000400543213,0.0,98.36000061035156,98.52999877929688,98.33999633789062,98.44999694824219,0.0,15.65999984741211,16.5,14.510000228881836,14.569999694824219,0.0
2019-10-15,25.040000915527344,25.304000854492188,25.040000915527344,25.264999389648438,2100.0,297.1000061035156,299.70001220703125,296.9700012207031,298.8800048828125,46754500.0,191.67999267578125,193.97000122070312,191.55999755859375,193.52000427246094,23234200.0,40.92499923706055,41.310001373291016,40.8849983215332,41.209999084472656,16205800.0,1.690999984741211,1.7760000228881836,1.6890000104904175,1.7710000276565552,0.0,98.44999694824219,98.6500015258789,98.20999908447266,98.29000091552734,0.0,13.9399995803833,14.430000305175781,13.390000343322754,13.539999961853027,0.0
2019-10-16,25.450000762939453,25.639999389648438,25.139999389648438,25.170000076293945,1900.0,298.3699951171875,299.1600036621094,297.9200134277344,298.3999938964844,48928200.0,192.86000061035156,193.52999877929688,192.42999267578125,193.0399932861328,20457100.0,40.98500061035156,41.005001068115234,40.775001525878906,40.92499923706055,20066000.0,1.7400000095367432,1.7690000534057617,1.7289999723434448,1.7480000257492065,0.0,98.31999969482422,98.41999816894531,97.9000015258789,98.01000213623047,0.0,13.9399995803833,14.260000228881836,13.600000381469727,13.680000305175781,0.0
2019-10-17,25.700000762939453,25.700000762939453,25.201000213623047,25.229000091552734,3200.0,299.67999267578125,300.239990234375,298.5199890136719,299.2799987792969,45736600.0,194.1999969482422,194.5,192.80999755859375,193.5500030517578,19045200.0,41.064998626708984,41.18000030517578,40.630001068115234,40.845001220703125,13731800.0,1.7569999694824219,1.7730000019073486,1.7309999465942383,1.7569999694824219,0.0,97.98999786376953,98.11000061035156,97.5,97.61000061035156,0.0,13.789999961853027,14.180000305175781,13.3100004196167,13.789999961853027,0.0
2019-10-18,25.190000534057617,25.201000213623047,25.149999618530273,25.163999557495117,1200.0,298.69000244140625,299.3999938964844,297.0299987792969,297.9700012207031,64304000.0,193.1999969482422,193.6699981689453,190.7100067138672,191.69000244140625,27700800.0,40.78499984741211,40.845001220703125,40.20000076293945,40.45500183105469,17452600.0,1.7680000066757202,1.7690000534057617,1.7289999723434448,1.746999979019165,0.0,97.5999984741211,97.66000366210938,97.13999938964844,97.27999877929688,0.0,14.199999809265137,15.15999984741211,13.779999732971191,14.25,0.0
2019-10-21,25.219999313354492,25.34000015258789,25.219999313354492,25.33799934387207,6600.0,299.4200134277344,300.2099914550781,298.94000244140625,299.989990234375,39048600.0,192.7100067138672,193.52000427246094,192.13999938964844,193.38999938964844,15801200.0,40.69499969482422,40.90999984741211,40.54999923706055,40.88999938964844,12678600.0,1.777999997138977,1.8049999475479126,1.7710000276565552,1.7920000553131104,0.0,97.33999633789062,97.4000015258789,97.1500015258789,97.33000183105469,0.0,14.239999771118164,14.630000114440918,14.0,14.0,0.0
2019-10-22,25.329999923706055,25.329999923706055,25.141000747680664,25.141000747680664,1500.0,300.5799865722656,300.8999938964844,298.9100036621094,299.010009765625,48594700.0,194.14999389648438,194.4199981689453,191.7899932861328,191.85000610351562,22392300.0,40.970001220703125,41.1150016784668,40.310001373291016,40.34000015258789,18916000.0,1.774999976158142,1.8029999732971191,1.7640000581741333,1.7680000066757202,0.0,97.30999755859375,97.56999969482422,97.26000213623047,97.52999877929688,0.0,13.989999771118164,14.609999656677246,13.699999809265137,14.460000038146973,0.0
2019-10-23,25.059999465942383,25.1560001373291,25.059999465942383,25.1560001373291,2300.0,298.7300109863281,299.94000244140625,298.5,299.8800048828125,34352200.0,191.4600067138672,192.25999450683594,191.14999389648438,192.22000122070312,14828400.0,40.21500015258789,40.380001068115234,40.130001068115234,40.375,17617000.0,1.7309999465942383,1.7630000114440918,1.7309999465942383,1.7589999437332153,0.0,97.48999786376953,97.6500015258789,97.41999816894531,97.47000122070312,0.0,14.829999923706055,15.119999885559082,14.010000228881836,14.010000228881836,0.0
2019-10-24,25.799999237060547,25.799999237060547,25.209999084472656,25.274999618530273,11900.0,300.9100036621094,301.07000732421875,299.4599914550781,300.3699951171875,35453100.0,193.58999633789062,194.2100067138672,192.74000549316406,194.08999633789062,18998500.0,40.80500030517578,41.0,40.654998779296875,40.96500015258789,14508200.0,1.75,1.774999976158142,1.7380000352859497,1.7660000324249268,0.0,97.45999908447266,97.77999877929688,97.27999877929688,97.62999725341797,0.0,13.979999542236328,14.34000015258789,13.399999618530273,13.710000038146973,0.0
2019-10-25,25.469999313354492,25.511999130249023,25.3799991607666,25.488000869750977,2200.0,299.739990234375,302.20001220703125,299.67999267578125,301.6000061035156,45205400.0,193.08999633789062,195.74000549316406,193.0500030517578,195.63999938964844,21507100.0,40.96500015258789,41.5099983215332,40.939998626708984,41.459999084472656,16305400.0,1.7660000324249268,1.8140000104904175,1.75,1.8009999990463257,0.0,97.69000244140625,97.9000015258789,97.56999969482422,97.83000183105469,0.0,13.529999732971191,13.789999961853027,12.619999885559082,12.649999618530273,0.0
2019-10-28,25.799999237060547,25.799999237060547,25.65999984741211,25.68400001525879,17700.0,302.94000244140625,303.8500061035156,302.9100036621094,303.29998779296875,42147000.0,196.5500030517578,197.8300018310547,196.5500030517578,197.57000732421875,18818700.0,41.82500076293945,42.005001068115234,41.80500030517578,41.98500061035156,14459800.0,1.8329999446868896,1.8600000143051147,1.8300000429153442,1.8530000448226929,0.0,97.8499984741211,97.88999938964844,97.66999816894531,97.76000213623047,0.0,13.010000228881836,13.140000343322754,12.65999984741211,13.109999656677246,0.0
2019-10-29,26.06999969482422,26.5,25.440000534057617,25.594999313354492,5800.0,303.0,304.2300109863281,302.8599853515625,303.2099914550781,44284900.0,197.24000549316406,197.5399932861328,196.00999450683594,196.0399932861328,18569700.0,41.95000076293945,42.025001525878906,41.59000015258789,41.60499954223633,15520800.0,1.8389999866485596,1.8489999771118164,1.8259999752044678,1.8350000381469727,0.0,97.76000213623047,97.93000030517578,97.61000061035156,97.69000244140625,0.0,13.15999984741211,13.520000457763672,13.069999694824219,13.199999809265137,0.0
2019-10-30,25.799999237060547,25.799999237060547,25.510000228881836,25.667999267578125,8100.0,303.42999267578125,304.54998779296875,301.989990234375,304.1400146484375,49643900.0,196.4199981689453,197.32000732421875,195.2899932861328,196.99000549316406,21764300.0,41.72999954223633,41.90999984741211,41.45000076293945,41.86000061035156,25558600.0,1.8259999752044678,1.8509999513626099,1.7940000295639038,1.7979999780654907,0.0,97.66999816894531,98.0,97.44999694824219,97.6500015258789,0.0,13.079999923706055,13.369999885559082,12.270000457763672,12.329999923706055,0.0
2019-10-31,25.5,25.577999114990234,25.5,25.577999114990234,3500.0,304.1300048828125,304.1300048828125,301.7300109863281,303.3299865722656,69053800.0,197.55999755859375,197.64999389648438,195.94000244140625,197.0800018310547,26801800.0,41.92499923706055,41.970001220703125,41.564998626708984,41.834999084472656,22461800.0,1.7079999446868896,1.7139999866485596,1.680999994277954,1.690999984741211,0.0,97.44000244140625,97.44999694824219,97.22000122070312,97.3499984741211,0.0,13.510000228881836,13.949999809265137,13.180000305175781,13.220000267028809,0.0
2019-11-01,25.6299991607666,25.836000442504883,25.6299991607666,25.836000442504883,5800.0,304.9200134277344,306.19000244140625,304.739990234375,306.1400146484375,71141500.0,197.92999267578125,198.8800048828125,197.6300048828125,198.8699951171875,22131900.0,41.974998474121094,42.334999084472656,41.90999984741211,42.334999084472656,19841200.0,1.6770000457763672,1.7450000047683716,1.6699999570846558,1.7280000448226929,0.0,97.30000305175781,97.44999694824219,97.11000061035156,97.23999786376953,0.0,12.5,12.600000381469727,12.260000228881836,12.300000190734863,0.0
2019-11-04,25.969999313354492,26.0,25.94700050354004,25.954999923706055,10800.0,307.8500061035156,308.0,306.9599914550781,307.3699951171875,60606900.0,200.19000244140625,200.52999877929688,198.8699951171875,200.10000610351562,19015900.0,42.65999984741211,42.685001373291016,42.46500015258789,42.55500030517578,20363200.0,1.746999979019165,1.7929999828338623,1.746999979019165,1.7860000133514404,0.0,97.22000122070312,97.58000183105469,97.16999816894531,97.51000213623047,0.0,12.680000305175781,13.130000114440918,12.4399995803833,12.829999923706055,0.0
2019-11-05,26.100000381469727,26.100000381469727,25.905000686645508,25.91200065612793,2400.0,307.5899963378906,307.9200134277344,306.7099914550781,307.0299987792969,42933200.0,200.35000610351562,200.5500030517578,199.5500030517578,200.2100067138672,15048900.0,42.67499923706055,42.689998626708984,42.36000061035156,42.505001068115234,15799600.0,1.8250000476837158,1.8730000257492065,1.8250000476837158,1.8660000562667847,0.0,97.55000305175781,98.01000213623047,97.47000122070312,97.9800033569336,0.0,12.850000381469727,13.279999732971191,12.25,13.100000381469727,0.0
2019-11-06,25.920000076293945,25.933000564575195,25.823999404907227,25.933000564575195,4300.0,307.0299987792969,307.3999938964844,306.05999755859375,307.1000061035156,46487100.0,199.97999572753906,200.0,198.7899932861328,199.75999450683594,19725500.0,42.5,42.525001525878906,42.27000045776367,42.48500061035156,17077200.0,1.8370000123977661,1.8480000495910645,1.8070000410079956,1.8140000104904175,0.0,97.94000244140625,97.9800033569336,97.77999877929688,97.94999694824219,0.0,13.180000305175781,13.390000343322754,12.600000381469727,12.619999885559082,0.0
2019-11-07,26.18000030517578,26.180999755859375,26.042999267578125,26.042999267578125,7600.0,308.57000732421875,309.6499938964844,307.6600036621094,308.17999267578125,54272300.0,200.75999450683594,201.72000122070312,199.85000610351562,200.42999267578125,17832400.0,42.77000045776367,43.060001373291016,42.70000076293945,42.81999969482422,28085000.0,1.88100004196167,1.9709999561309814,1.8739999532699585,1.9259999990463257,0.0,97.94999694824219,98.2300033569336,97.81999969482422,98.13999938964844,0.0,12.59000015258789,12.890000343322754,12.260000228881836,12.729999542236328,0.0
2019-11-08,26.059999465942383,27.34000015258789,26.03700065612793,26.115999221801758,1800.0,307.79998779296875,309.0,307.0299987792969,308.94000244140625,49032100.0,200.07000732421875,201.25,199.5399932861328,201.22999572753906,15258800.0,42.709999084472656,43.060001373291016,42.540000915527344,43.060001373291016,12573000.0,1.9500000476837158,1.9520000219345093,1.8949999809265137,1.9329999685287476,0.0,98.13999938964844,98.4000015258789,98.0999984741211,98.3499984741211,0.0,12.979999542236328,13.050000190734863,12.0,12.069999694824219,0.0
2019-11-11,26.110000610351562,26.1200008392334,26.014999389648438,26.100000381469727,2400.0,307.4200134277344,308.5400085449219,307.2699890136719,308.3500061035156,35797300.0,200.2100067138672,201.0399932861328,199.94000244140625,200.9600067138672,10147600.0,42.814998626708984,43.13999938964844,42.7599983215332,43.08000183105469,8488000.0,1.9429999589920044,1.9429999589920044,1.9429999589920044,1.9429999589920044,0.0,98.37000274658203,98.37999725341797,98.12999725341797,98.19999694824219,0.0,13.149999618530273,13.489999771118164,12.65999984741211,12.6899995803833,0.0
2019-11-12,26.280000686645508,26.280000686645508,26.1560001373291,26.1560001373291,4700.0,308.75,309.989990234375,308.1499938964844,309.0,46484600.0,201.1300048828125,202.2100067138672,200.82000732421875,201.5399932861328,14778300.0,43.13999938964844,43.3849983215332,43.03499984741211,43.224998474121094,16562400.0,1.940000057220459,1.9490000009536743,1.906999945640564,1.909000039100647,0.0,98.20999908447266,98.41999816894531,98.20999908447266,98.30999755859375,0.0,12.640000343322754,13.100000381469727,12.359999656677246,12.680000305175781,0.0
2019-11-13,26.200000762939453,26.209999084472656,26.09000015258789,26.166000366210938,7000.0,307.9100036621094,309.5400085449219,307.6600036621094,309.1000061035156,53917700.0,200.83999633789062,201.77999877929688,200.7100067138672,201.58999633789062,15774600.0,43.05500030517578,43.36000061035156,43.04499816894531,43.31999969482422,15372200.0,1.8880000114440918,1.8910000324249268,1.8650000095367432,1.8700000047683716,0.0,98.33000183105469,98.44999694824219,98.29000091552734,98.37000274658203,0.0,12.90999984741211,13.899999618530273,12.880000114440918,13.0,0.0
2019-11-14,26.209999084472656,26.209999084472656,26.09000015258789,26.180999755859375,5400.0,308.7900085449219,309.6400146484375,308.0899963378906,309.54998779296875,51219900.0,200.8300018310547,201.55999755859375,200.22000122070312,201.42999267578125,16945400.0,43.150001525878906,43.30500030517578,43.029998779296875,43.27000045776367,12182600.0,1.850000023841858,1.8509999513626099,1.8049999475479126,1.815000057220459,0.0,98.33999633789062,98.41999816894531,98.11000061035156,98.16000366210938,0.0,13.15999984741211,13.8100004196167,12.930000305175781,13.050000190734863,0.0
2019-11-15,26.420000076293945,26.420000076293945,26.299999237060547,26.38599967956543,12700.0,311.0199890136719,311.8399963378906,310.260009765625,311.7900085449219,62023600.0,202.64999389648438,202.91000366210938,202.0,202.91000366210938,18427900.0,43.57500076293945,43.619998931884766,43.439998626708984,43.619998931884766,14124800.0,1.840999960899353,1.8450000286102295,1.819000005722046,1.8339999914169312,0.0,98.16999816894531,98.2300033569336,97.95999908447266,98.0,0.0,12.949999809265137,12.970000267028809,11.920000076293945,12.050000190734863,0.0
2019-11-18,26.420000076293945,26.461999893188477,26.332000732421875,26.429000854492188,5600.0,311.5299987792969,312.2799987792969,311.0299987792969,312.0199890136719,49228000.0,202.58999633789062,203.38999938964844,201.77000427246094,203.07000732421875,18365900.0,43.60499954223633,43.814998626708984,43.439998626708984,43.75,13022200.0,1.8450000286102295,1.8450000286102295,1.7949999570846558,1.8079999685287476,0.0,97.9800033569336,97.9800033569336,97.68000030517578,97.79000091552734,0.0,12.390000343322754,13.100000381469727,12.319999694824219,12.460000038146973,0.0
2019-11-19,26.530000686645508,26.530000686645508,26.437999725341797,26.486000061035156,4300.0,312.67999267578125,312.69000244140625,311.2200012207031,311.92999267578125,67804700.0,203.83999633789062,203.83999633789062,202.58999633789062,203.3699951171875,16923300.0,43.92499923706055,43.96500015258789,43.67499923706055,43.834999084472656,14087400.0,1.8170000314712524,1.8170000314712524,1.7769999504089355,1.7860000133514404,0.0,97.80999755859375,97.88999938964844,97.75,97.86000061035156,0.0,12.329999923706055,13.010000228881836,12.15999984741211,12.859999656677246,0.0
2019-11-20,26.770000457763672,26.770000457763672,26.275999069213867,26.336000442504883,5500.0,311.2799987792969,311.8500061035156,309.05999755859375,310.7699890136719,79406200.0,202.83999633789062,203.4499969482422,200.6199951171875,202.14999389648438,36629000.0,43.73500061035156,43.8650016784668,43.2400016784668,43.56999969482422,24759800.0,1.746999979019165,1.7640000581741333,1.7300000190734863,1.7380000352859497,0.0,97.8499984741211,98.04000091552734,97.8499984741211,97.93000030517578,0.0,13.420000076293945,14.170000076293945,12.609999656677246,12.779999732971191,0.0
2019-11-21,26.489999771118164,26.489999771118164,26.239999771118164,26.273000717163086,1400.0,310.8900146484375,311.010009765625,309.3900146484375,310.2699890136719,54664700.0,201.92999267578125,202.07000732421875,201.07000732421875,201.6999969482422,17883600.0,43.48500061035156,43.53499984741211,43.2599983215332,43.349998474121094,18755400.0,1.7599999904632568,1.7860000133514404,1.753000020980835,1.7719999551773071,0.0,97.86000061035156,98.02999877929688,97.7300033569336,97.98999786376953,0.0,13.350000381469727,13.859999656677246,12.489999771118164,13.130000114440918,0.0
2019-11-22,26.43000030517578,26.43000030517578,26.231000900268555,26.30500030517578,8800.0,311.0899963378906,311.239990234375,309.8500061035156,310.9599914550781,44850200.0,202.1999969482422,202.32000732421875,200.74000549316406,201.8300018310547,17189600.0,43.474998474121094,43.54499816894531,43.125,43.29499816894531,11780000.0,1.75,1.7790000438690186,1.746999979019165,1.7740000486373901,0.0,97.93000030517578,98.30999755859375,97.83999633789062,98.2699966430664,0.0,12.819999694824219,13.25,12.329999923706055,12.34000015258789,0.0
2019-11-25,26.420000076293945,26.549999237060547,26.420000076293945,26.54199981689453,3300.0,311.9800109863281,313.3699951171875,311.9800109863281,313.3699951171875,48647200.0,202.6999969482422,204.25999450683594,202.6699981689453,204.22000122070312,17752800.0,43.4900016784668,43.92499923706055,43.474998474121094,43.92499923706055,14739800.0,1.7899999618530273,1.7929999828338623,1.7549999952316284,1.7640000581741333,0.0,98.2699966430664,98.37999725341797,98.16999816894531,98.31999969482422,0.0,12.510000228881836,12.59000015258789,11.729999542236328,11.869999885559082,0.0
2019-11-26,26.6200008392334,26.6200008392334,26.579999923706055,26.611000061035156,4200.0,313.4100036621094,314.2799987792969,313.05999755859375,314.0799865722656,37569000.0,204.35000610351562,204.8699951171875,204.0500030517578,204.61000061035156,14780600.0,43.95000076293945,44.07500076293945,43.880001068115234,43.96500015258789,19454400.0,1.7450000047683716,1.746999979019165,1.7309999465942383,1.7400000095367432,0.0,98.33000183105469,98.37999725341797,98.2300033569336,98.25,0.0,11.880000114440918,12.039999961853027,11.420000076293945,11.539999961853027,0.0
2019-11-27,26.700000762939453,26.711000442504883,26.65999984741211,26.711000442504883,2200.0,314.6099853515625,315.4800109863281,314.3699951171875,315.4800109863281,44444600.0,205.13999938964844,206.0500030517578,204.88999938964844,206.0399932861328,16963100.0,44.099998474121094,44.209999084472656,43.970001220703125,44.209999084472656,18697000.0,1.75,1.777999997138977,1.75,1.7669999599456787,0.0,98.30000305175781,98.44000244140625,98.27999877929688,98.41000366210938,0.0,11.550000190734863,11.789999961853027,11.4399995803833,11.75,0.0
2019-11-29,26.770000457763672,26.770000457763672,26.618999481201172,26.618999481201172,7200.0,314.8599853515625,315.1300048828125,314.05999755859375,314.30999755859375,36592700.0,205.52000427246094,205.8300018310547,205.0,205.10000610351562,9854600.0,44.095001220703125,44.165000915527344,44.005001068115234,44.08000183105469,11360200.0,1.7719999551773071,1.7960000038146973,1.7640000581741333,1.7760000228881836,0.0,98.3499984741211,98.54000091552734,98.2300033569336,98.2699966430664,0.0,12.5,12.829999923706055,12.119999885559082,12.619999885559082,0.0
2019-12-02,26.979999542236328,26.979999542236328,26.327999114990234,26.34000015258789,11200.0,314.5899963378906,314.6600036621094,311.1700134277344,311.6400146484375,75767800.0,205.11000061035156,205.17999267578125,201.77999877929688,203.0,28007000.0,44.099998474121094,44.099998474121094,43.2599983215332,43.45000076293945,23167600.0,1.8329999446868896,1.8539999723434448,1.8209999799728394,1.8359999656677246,0.0,98.2699966430664,98.37999725341797,97.80999755859375,97.86000061035156,0.0,12.6899995803833,15.270000457763672,12.550000190734863,14.90999984741211,0.0
2019-12-03,26.149999618530273,26.15999984741211,25.979999542236328,26.15999984741211,3200.0,308.6499938964844,309.6400146484375,307.1300048828125,309.54998779296875,73941700.0,200.2100067138672,201.49000549316406,199.22999572753906,201.41000366210938,31104100.0,42.76499938964844,43.095001220703125,42.58000183105469,43.064998626708984,22494400.0,1.7879999876022339,1.7879999876022339,1.6929999589920044,1.7089999914169312,0.0,97.88999938964844,97.94000244140625,97.63999938964844,97.73999786376953,0.0,14.680000305175781,17.989999771118164,14.609999656677246,15.960000038146973,0.0
2019-12-04,26.229999542236328,26.329999923706055,26.229999542236328,26.30699920654297,1100.0,310.70001220703125,312.1199951171875,310.32000732421875,311.4599914550781,49080000.0,202.44000244140625,202.91000366210938,202.13999938964844,202.42999267578125,15300100.0,43.345001220703125,43.380001068115234,43.17499923706055,43.2400016784668,13829000.0,1.7330000400543213,1.7910000085830688,1.7330000400543213,1.781000018119812,0.0,97.70999908447266,97.79000091552734,97.43000030517578,97.6500015258789,0.0,16.3799991607666,16.399999618530273,14.119999885559082,14.800000190734863,0.0
2019-12-05,26.420000076293945,26.420000076293945,26.309999465942383,26.3700008392334,2600.0,312.2300109863281,312.25,310.5799865722656,312.0199890136719,40709000.0,203.14999389648438,203.14999389648438,201.83999633789062,202.8300018310547,14962300.0,43.39500045776367,43.435001373291016,43.19499969482422,43.400001525878906,15620600.0,1.7719999551773071,1.8220000267028809,1.7719999551773071,1.7970000505447388,0.0,97.58999633789062,97.5999984741211,97.36000061035156,97.41000366210938,0.0,14.460000038146973,15.369999885559082,14.170000076293945,14.520000457763672,0.0
2019-12-06,26.5,26.6299991607666,26.5,26.597999572753906,4600.0,314.1199951171875,315.30999755859375,314.1099853515625,314.8699951171875,48927000.0,204.30999755859375,205.14999389648438,204.14999389648438,205.0,16555300.0,43.72999954223633,43.91999816894531,43.69499969482422,43.880001068115234,18407000.0,1.7949999570846558,1.8639999628067017,1.7899999618530273,1.8420000076293945,0.0,97.37999725341797,97.83999633789062,97.36000061035156,97.69999694824219,0.0,14.369999885559082,14.470000267028809,13.1899995803833,13.619999885559082,0.0
2019-12-09,26.719999313354492,26.719999313354492,26.530000686645508,26.530000686645508,3300.0,314.44000244140625,315.17999267578125,313.79998779296875,313.8800048828125,34838500.0,204.6300048828125,205.58999633789062,203.97999572753906,204.07000732421875,13984100.0,43.80500030517578,43.94499969482422,43.650001525878906,43.650001525878906,11370200.0,1.8279999494552612,1.8329999446868896,1.8070000410079956,1.8289999961853027,0.0,97.68000030517578,97.72000122070312,97.55999755859375,97.63999938964844,0.0,14.25,16.06999969482422,12.25,15.859999656677246,0.0
2019-12-10,26.5,26.559999465942383,26.482999801635742,26.482999801635742,2500.0,313.82000732421875,314.54998779296875,312.80999755859375,313.5299987792969,52649800.0,204.1699981689453,204.8800048828125,203.44000244140625,203.89999389648438,21799800.0,43.720001220703125,43.915000915527344,43.57500076293945,43.685001373291016,12350800.0,1.809999942779541,1.8489999771118164,1.8049999475479126,1.8329999446868896,0.0,97.6500015258789,97.66000366210938,97.4000015258789,97.41000366210938,0.0,15.800000190734863,16.899999618530273,14.930000305175781,15.680000305175781,0.0
2019-12-11,26.559999465942383,26.575000762939453,26.530000686645508,26.575000762939453,600.0,314.0299987792969,314.70001220703125,313.44000244140625,314.4200134277344,53429100.0,204.36000061035156,205.19000244140625,204.0399932861328,204.97999572753906,18780800.0,43.79999923706055,44.02000045776367,43.709999084472656,43.97999954223633,9879000.0,1.8300000429153442,1.8359999656677246,1.7829999923706055,1.7899999618530273,0.0,97.51000213623047,97.5999984741211,97.04000091552734,97.16000366210938,0.0,15.569999694824219,15.970000267028809,14.979999542236328,14.989999771118164,0.0
2019-12-12,26.709999084472656,26.829999923706055,26.559999465942383,26.79800033569336,8400.0,314.42999267578125,317.989990234375,314.1700134277344,317.1300048828125,96389600.0,204.77000427246094,207.32000732421875,204.49000549316406,206.50999450683594,32612000.0,43.85499954223633,44.51499938964844,43.75,44.45000076293945,24189400.0,1.7929999828338623,1.9240000247955322,1.777999997138977,1.8969999551773071,0.0,97.08000183105469,97.5199966430664,97.04000091552734,97.4000015258789,0.0,14.9399995803833,15.550000190734863,13.600000381469727,13.9399995803833,0.0
2019-12-13,26.899999618530273,26.899999618530273,26.780000686645508,26.827999114990234,4900.0,316.8699951171875,318.6700134277344,316.0199890136719,317.32000732421875,81503900.0,206.39999389648438,207.91000366210938,205.9600067138672,207.19000244140625,32519400.0,44.404998779296875,44.845001220703125,44.31999969482422,44.744998931884766,26256200.0,1.878000020980835,1.906000018119812,1.815999984741211,1.819000005722046,0.0,96.77999877929688,97.23999786376953,96.72000122070312,97.16999816894531,0.0,13.180000305175781,14.350000381469727,12.539999961853027,12.630000114440918,0.0
2019-12-16,27.079999923706055,27.135000228881836,27.04599952697754,27.04599952697754,3800.0,319.2200012207031,320.1499938964844,317.25,319.5,82749700.0,208.5500030517578,209.52999877929688,208.47999572753906,209.27000427246094,21296600.0,45.084999084472656,45.29999923706055,45.07500076293945,45.14500045776367,19744600.0,1.8489999771118164,1.8940000534057617,1.8450000286102295,1.8919999599456787,0.0,97.18000030517578,97.18000030517578,96.93000030517578,97.06999969482422,0.0,12.470000267028809,12.529999732971191,11.710000038146973,12.140000343322754,0.0
2019-12-17,27.079999923706055,27.079999923706055,27.017000198364258,27.017000198364258,6100.0,319.9200134277344,320.25,319.4800109863281,319.57000732421875,61097700.0,209.5399932861328,209.7100067138672,209.0399932861328,209.38999938964844,15996100.0,45.224998474121094,45.244998931884766,44.97999954223633,45.040000915527344,14919400.0,1.8609999418258667,1.8940000534057617,1.8559999465942383,1.8890000581741333,0.0,97.13999938964844,97.30000305175781,97.02999877929688,97.20999908447266,0.0,12.229999542236328,12.470000267028809,11.899999618530273,12.289999961853027,0.0
2019-12-18,26.93000030517578,27.0,26.920000076293945,26.954999923706055,4800.0,320.0,320.25,319.5299987792969,319.5899963378906,48133000.0,209.57000732421875,210.1300048828125,209.3300018310547,209.5500030517578,15443300.0,45.095001220703125,45.209999084472656,45.02000045776367,45.03499984741211,12970200.0,1.8910000324249268,1.934000015258789,1.8839999437332153,1.9240000247955322,0.0,97.23999786376953,97.4800033569336,97.22000122070312,97.41000366210938,0.0,12.239999771118164,12.699999809265137,11.930000305175781,12.579999923706055,0.0
2019-12-19,26.899999618530273,27.110000610351562,26.899999618530273,27.079999923706055,16700.0,319.79998779296875,320.9800109863281,319.5199890136719,320.8999938964844,85310500.0,209.63999938964844,210.92999267578125,209.6199951171875,210.86000061035156,17865900.0,45.064998626708984,45.3650016784668,45.04999923706055,45.36000061035156,13724000.0,1.9470000267028809,1.9470000267028809,1.8980000019073486,1.9079999923706055,0.0,97.4000015258789,97.48999786376953,97.22000122070312,97.41999816894531,0.0,12.550000190734863,12.779999732971191,12.430000305175781,12.5,0.0
2019-12-20,27.190000534057617,27.2549991607666,27.190000534057617,27.253000259399414,5200.0,320.4599914550781,321.9700012207031,319.3900146484375,320.7300109863281,147142100.0,211.86000061035156,212.52000427246094,211.27000427246094,211.7100067138672,27672600.0,45.47999954223633,45.529998779296875,45.36000061035156,45.474998474121094,23400800.0,1.934999942779541,1.940000057220459,1.9149999618530273,1.9170000553131104,0.0,97.4000015258789,97.76000213623047,97.37999725341797,97.70999908447266,0.0,12.550000190734863,12.609999656677246,12.039999961853027,12.510000228881836,0.0
2019-12-23,27.459999084472656,27.459999084472656,27.22599983215332,27.22599983215332,4400.0,321.5899963378906,321.6499938964844,321.05999755859375,321.2200012207031,52990000.0,212.0,212.14999389648438,211.6300048828125,211.80999755859375,23774700.0,45.6150016784668,45.720001220703125,45.54999923706055,45.60499954223633,15530400.0,1.9119999408721924,1.940000057220459,1.8980000019073486,1.934999942779541,0.0,97.66999816894531,97.81999969482422,97.58000183105469,97.66000366210938,0.0,12.8100004196167,12.899999618530273,12.40999984741211,12.609999656677246,0.0
2019-12-24,27.200000762939453,27.233999252319336,27.200000762939453,27.233999252319336,800.0,321.4700012207031,321.5199890136719,320.8999938964844,321.2300109863281,20270000.0,212.0,212.08999633789062,211.44000244140625,211.9199981689453,7089000.0,45.685001373291016,45.685001373291016,45.51499938964844,45.619998931884766,4890800.0,1.934999942779541,1.9490000009536743,1.9010000228881836,1.909999966621399,0.0,97.66000366210938,97.80000305175781,97.62000274658203,97.6500015258789,0.0,12.649999618530273,12.84000015258789,12.5600004196167,12.670000076293945,0.0
2019-12-26,27.43000030517578,27.43000030517578,27.31999969482422,27.371999740600586,6700.0,321.6499938964844,322.95001220703125,321.6400146484375,322.94000244140625,30911200.0,212.25999450683594,213.80999755859375,212.22999572753906,213.7899932861328,17067500.0,45.71500015258789,45.970001220703125,45.685001373291016,45.959999084472656,8269200.0,1.9119999408721924,1.9210000038146973,1.8960000276565552,1.9049999713897705,0.0,97.62999725341797,97.70999908447266,97.48999786376953,97.58999633789062,0.0,12.739999771118164,12.75,11.720000267028809,12.649999618530273,0.0
2019-12-27,27.43000030517578,27.440000534057617,27.34000015258789,27.395000457763672,4100.0,323.739990234375,323.79998779296875,322.2799987792969,322.8599853515625,42528800.0,214.5399932861328,214.55999755859375,213.0399932861328,213.61000061035156,18134100.0,46.14500045776367,46.14500045776367,45.84000015258789,45.95500183105469,19332200.0,1.8930000066757202,1.8930000066757202,1.8700000047683716,1.8739999532699585,0.0,97.54000091552734,97.55000305175781,96.91999816894531,96.91999816894531,0.0,12.609999656677246,13.720000267028809,11.890000343322754,13.430000305175781,0.0
2019-12-30,27.520000457763672,27.520000457763672,27.190000534057617,27.204999923706055,9600.0,322.95001220703125,323.1000061035156,320.54998779296875,321.0799865722656,49729100.0,213.5,213.6300048828125,211.16000366210938,212.2100067138672,21815500.0,45.94499969482422,45.95000076293945,45.34000015258789,45.689998626708984,16491200.0,1.9229999780654907,1.940000057220459,1.8949999809265137,1.8949999809265137,0.0,97.0,97.0,96.61000061035156,96.73999786376953,0.0,13.739999771118164,15.140000343322754,13.4399995803833,14.819999694824219,0.0
2019-12-31,28.559999465942383,28.559999465942383,27.163000106811523,27.283000946044922,6800.0,320.5299987792969,322.1300048828125,320.1499938964844,321.8599853515625,57077300.0,211.52999877929688,212.75999450683594,211.1999969482422,212.61000061035156,18170900.0,45.53499984741211,45.8849983215332,45.474998474121094,45.834999084472656,11601800.0,1.8980000019073486,1.9299999475479126,1.8949999809265137,1.9190000295639038,0.0,96.7300033569336,96.7300033569336,96.36000061035156,96.38999938964844,0.0,14.84000015258789,15.390000343322754,13.75,13.779999732971191,0.0
2020-01-02,27.559999465942383,27.565000534057617,27.43000030517578,27.565000534057617,3900.0,323.5400085449219,324.8900146484375,322.5299987792969,324.8699951171875,59151200.0,214.39999389648438,216.16000366210938,213.97999572753906,216.16000366210938,30969400.0,46.25,46.69499969482422,46.15999984741211,46.69499969482422,26567000.0,1.902999997138977,1.902999997138977,1.8509999513626099,1.8819999694824219,0.0,96.4800033569336,96.87000274658203,96.43000030517578,96.8499984741211,0.0,13.460000038146973,13.720000267028809,12.420000076293945,12.470000267028809,0.0
2020-01-03,27.559999465942383,27.559999465942383,27.34000015258789,27.420000076293945,8200.0,321.1600036621094,323.6400146484375,321.1000061035156,322.4100036621094,77709700.0,213.3000030517578,215.47000122070312,213.27999877929688,214.17999267578125,27518900.0,46.01499938964844,46.4900016784668,46.0099983215332,46.16999816894531,30023600.0,1.8279999494552612,1.840000033378601,1.7860000133514404,1.7879999876022339,0.0,96.79000091552734,97.11000061035156,96.70999908447266,96.83999633789062,0.0,15.010000228881836,16.200000762939453,13.130000114440918,14.020000457763672,0.0
2020-01-06,27.329999923706055,27.451000213623047,27.229999542236328,27.451000213623047,4800.0,320.489990234375,323.7300109863281,320.3599853515625,323.6400146484375,55653900.0,212.5,215.58999633789062,212.24000549316406,215.55999755859375,21655300.0,45.709999084472656,46.33000183105469,45.625,46.279998779296875,15630000.0,1.784999966621399,1.815999984741211,1.7660000324249268,1.8109999895095825,0.0,96.9000015258789,96.9000015258789,96.54000091552734,96.66999816894531,0.0,15.449999809265137,16.389999389648438,13.539999961853027,13.850000381469727,0.0
2020-01-07,27.469999313354492,27.531999588012695,27.42099952697754,27.42099952697754,10300.0,323.0199890136719,323.5400085449219,322.239990234375,322.7300109863281,40496400.0,215.63999938964844,216.13999938964844,214.85000610351562,215.52999877929688,22139300.0,46.36000061035156,46.4900016784668,46.189998626708984,46.2599983215332,15363600.0,1.7970000505447388,1.8279999494552612,1.7970000505447388,1.8270000219345093,0.0,96.6500015258789,97.08999633789062,96.62000274658203,96.9800033569336,0.0,13.84000015258789,14.460000038146973,13.390000343322754,13.789999961853027,0.0
2020-01-08,27.399999618530273,27.680999755859375,27.399999618530273,27.649999618530273,7900.0,322.94000244140625,325.7799987792969,322.6700134277344,324.45001220703125,68296000.0,215.5,218.13999938964844,215.16000366210938,217.14999389648438,26397300.0,46.310001373291016,46.959999084472656,46.224998474121094,46.755001068115234,23254400.0,1.8229999542236328,1.8760000467300415,1.8020000457763672,1.8739999532699585,0.0,96.83000183105469,97.33000183105469,96.81999969482422,97.30000305175781,0.0,15.15999984741211,15.239999771118164,12.829999923706055,13.449999809265137,0.0
2020-01-09,27.829999923706055,27.850000381469727,27.739999771118164,27.832000732421875,5000.0,326.1600036621094,326.7300109863281,325.5199890136719,326.6499938964844,48473300.0,218.94000244140625,219.41000366210938,217.7100067138672,218.99000549316406,23547000.0,47.185001373291016,47.314998626708984,46.94499969482422,47.28499984741211,15554800.0,1.86899995803833,1.899999976158142,1.8509999513626099,1.8580000400543213,0.0,97.2699966430664,97.55999755859375,97.25,97.44999694824219,0.0,12.949999809265137,13.239999771118164,12.529999732971191,12.539999961853027,0.0
2020-01-10,28.09000015258789,28.09000015258789,27.78700065612793,27.78700065612793,6500.0,327.2900085449219,327.4599914550781,325.20001220703125,325.7099914550781,53029300.0,219.85000610351562,219.8699951171875,218.0399932861328,218.42999267578125,21898500.0,47.4900016784668,47.55500030517578,47.095001220703125,47.17499923706055,15330600.0,1.8530000448226929,1.8630000352859497,1.815999984741211,1.8250000476837158,0.0,97.43000030517578,97.58000183105469,97.30000305175781,97.36000061035156,0.0,12.420000076293945,12.869999885559082,12.09000015258789,12.5600004196167,0.0
2020-01-13,28.0,28.017000198364258,27.88800048828125,28.017000198364258,12400.0,326.3900146484375,327.9599914550781,325.9200134277344,327.95001220703125,47086800.0,219.3300018310547,220.97999572753906,218.97999572753906,220.9499969482422,22756900.0,47.38999938964844,47.81999969482422,47.3650016784668,47.76499938964844,15524400.0,1.8339999914169312,1.8580000400543213,1.8339999914169312,1.8480000495910645,0.0,97.3499984741211,97.52999877929688,97.30999755859375,97.3499984741211,0.0,12.84000015258789,13.09000015258789,12.319999694824219,12.319999694824219,0.0
2020-01-14,28.360000610351562,28.360000610351562,27.93899917602539,27.93899917602539,9900.0,327.4700012207031,328.6199951171875,326.8399963378906,327.45001220703125,62832800.0,220.83999633789062,221.2100067138672,219.74000549316406,220.0800018310547,24418100.0,47.82500076293945,47.869998931884766,47.46500015258789,47.540000915527344,16134600.0,1.8420000076293945,1.8530000448226929,1.812999963760376,1.8179999589920044,0.0,97.36000061035156,97.55999755859375,97.33000183105469,97.37000274658203,0.0,12.720000267028809,13.819999694824219,12.050000190734863,12.390000343322754,0.0
2020-01-15,27.950000762939453,28.100000381469727,27.950000762939453,28.0,12100.0,327.3500061035156,329.0199890136719,327.260009765625,328.19000244140625,72056600.0,220.1999969482422,221.1999969482422,219.4499969482422,220.1699981689453,25742100.0,47.56999969482422,47.82500076293945,47.435001373291016,47.595001220703125,14417000.0,1.7949999570846558,1.8020000457763672,1.7799999713897705,1.7879999876022339,0.0,97.37999725341797,97.44000244140625,97.16000366210938,97.2300033569336,0.0,12.789999961853027,12.829999923706055,11.949999809265137,12.420000076293945,0.0
2020-01-16,28.280000686645508,28.283000946044922,28.139999389648438,28.283000946044922,7500.0,329.70001220703125,330.9200134277344,329.45001220703125,330.9200134277344,54050300.0,221.27000427246094,222.32000732421875,220.8000030517578,222.27999877929688,18805000.0,47.900001525878906,48.244998931884766,47.834999084472656,48.23500061035156,11543200.0,1.781000018119812,1.8200000524520874,1.7799999713897705,1.809000015258789,0.0,97.18000030517578,97.36000061035156,97.08999633789062,97.31999969482422,0.0,12.199999809265137,12.420000076293945,11.779999732971191,12.319999694824219,0.0
2020-01-17,28.459999084472656,28.459999084472656,28.343000411987305,28.45599937438965,6500.0,331.70001220703125,332.17999267578125,330.8500061035156,331.95001220703125,95846000.0,223.27999877929688,223.55999755859375,222.1199951171875,223.3800048828125,24325200.0,48.459999084472656,48.60499954223633,48.20000076293945,48.560001373291016,21661000.0,1.8179999589920044,1.850000023841858,1.815999984741211,1.8359999656677246,0.0,97.30999755859375,97.66000366210938,97.2699966430664,97.61000061035156,0.0,12.210000038146973,12.479999542236328,11.75,12.100000381469727,0.0
2020-01-21,28.510000228881836,28.540000915527344,28.3799991607666,28.469999313354492,16500.0,330.8999938964844,332.17999267578125,330.82000732421875,331.29998779296875,77742400.0,222.75999450683594,223.83999633789062,222.66000366210938,223.27999877929688,21146300.0,48.40999984741211,48.81999969482422,48.400001525878906,48.540000915527344,17975000.0,1.7970000505447388,1.7970000505447388,1.7660000324249268,1.7690000534057617,0.0,97.62999725341797,97.66000366210938,97.38999938964844,97.52999877929688,0.0,13.229999542236328,13.329999923706055,12.319999694824219,12.850000381469727,0.0
2020-01-22,28.700000762939453,28.700000762939453,28.549999237060547,28.572999954223633,29700.0,332.239990234375,332.95001220703125,331.1700134277344,331.3399963378906,48914900.0,224.41000366210938,225.14999389648438,223.58999633789062,223.8699951171875,20736400.0,48.845001220703125,49.05500030517578,48.67499923706055,48.71500015258789,15491600.0,1.784999966621399,1.784999966621399,1.7589999437332153,1.7690000534057617,0.0,97.62000274658203,97.69000244140625,97.44000244140625,97.52999877929688,0.0,12.449999809265137,13.010000228881836,12.3100004196167,12.90999984741211,0.0
2020-01-23,28.6200008392334,28.6200008392334,28.420000076293945,28.589000701904297,12600.0,330.6300048828125,332.1700134277344,329.4100036621094,331.7200012207031,51963000.0,223.74000549316406,224.69000244140625,222.6999969482422,224.58999633789062,26496100.0,48.76499938964844,48.98500061035156,48.55500030517578,48.94499969482422,14956400.0,1.7400000095367432,1.7519999742507935,1.715000033378601,1.7400000095367432,0.0,97.4800033569336,97.80000305175781,97.43000030517578,97.69000244140625,0.0,13.260000228881836,14.149999618530273,12.9399995803833,12.979999542236328,0.0
2020-01-24,28.729999542236328,28.729999542236328,28.290000915527344,28.38800048828125,6800.0,332.44000244140625,332.5299987792969,327.3599853515625,328.7699890136719,87578400.0,225.63999938964844,225.8800048828125,221.6699981689453,222.6999969482422,37436500.0,49.30500030517578,49.415000915527344,48.54499816894531,48.71500015258789,23617400.0,1.7339999675750732,1.7389999628067017,1.6699999570846558,1.680999994277954,0.0,97.72000122070312,97.94999694824219,97.66999816894531,97.8499984741211,0.0,12.75,15.979999542236328,12.619999885559082,14.5600004196167,0.0
2020-01-27,27.979999542236328,27.981000900268555,27.729999542236328,27.85099983215332,14600.0,323.0299987792969,325.1199951171875,322.6600036621094,323.5,84062500.0,217.6699981689453,219.27999877929688,217.17999267578125,218.10000610351562,42264400.0,47.58000183105469,47.93000030517578,47.35499954223633,47.55500030517578,35574600.0,1.6119999885559082,1.6269999742507935,1.6050000190734863,1.6050000190734863,0.0,97.87999725341797,98.0,97.77999877929688,97.95999908447266,0.0,17.420000076293945,19.020000457763672,16.81999969482422,18.229999542236328,0.0
2020-01-28,27.899999618530273,28.270000457763672,27.899999618530273,28.231000900268555,12700.0,325.05999755859375,327.8500061035156,323.6000061035156,326.8900146484375,63834000.0,219.63999938964844,221.9600067138672,219.05999755859375,221.4499969482422,26731900.0,47.970001220703125,48.595001220703125,47.869998931884766,48.46500015258789,31184400.0,1.6239999532699585,1.6549999713897705,1.6130000352859497,1.6410000324249268,0.0,97.94999694824219,98.16000366210938,97.9000015258789,98.0199966430664,0.0,16.940000534057617,18.030000686645508,15.6899995803833,16.280000686645508,0.0
2020-01-29,28.40999984741211,28.40999984741211,28.145999908447266,28.150999069213867,5000.0,328.3800048828125,328.6300048828125,326.3999938964844,326.6199951171875,53888900.0,222.67999267578125,222.92999267578125,220.8300018310547,221.80999755859375,28924500.0,48.8650016784668,48.935001373291016,48.39500045776367,48.59000015258789,21126600.0,1.6369999647140503,1.6369999647140503,1.5889999866485596,1.593999981880188,0.0,97.94999694824219,98.19000244140625,97.94000244140625,97.98999786376953,0.0,15.680000305175781,16.649999618530273,14.9399995803833,16.389999389648438,0.0
2020-01-30,28.0,28.215999603271484,27.860000610351562,28.215999603271484,7100.0,324.3599853515625,327.9100036621094,323.5400085449219,327.67999267578125,75491800.0,220.3800048828125,222.6999969482422,219.69000244140625,222.60000610351562,39568100.0,48.56999969482422,49.05500030517578,48.275001525878906,49.0099983215332,19933600.0,1.5700000524520874,1.5870000123977661,1.534000039100647,1.5579999685287476,0.0,98.02999877929688,98.06999969482422,97.79000091552734,97.87000274658203,0.0,17.81999969482422,18.389999389648438,15.300000190734863,15.489999771118164,0.0
2020-01-31,27.93000030517578,27.93000030517578,27.559999465942383,27.63800048828125,10600.0,327.0,327.1700134277344,320.7300109863281,321.7300109863281,113845600.0,223.52999877929688,223.55999755859375,218.2899932861328,219.07000732421875,52015800.0,48.724998474121094,48.75,47.494998931884766,47.665000915527344,26964600.0,1.5499999523162842,1.555999994277954,1.5119999647140503,1.5199999809265137,0.0,97.87000274658203,97.97000122070312,97.36000061035156,97.38999938964844,0.0,16.25,19.989999771118164,16.18000030517578,18.84000015258789,0.0
2020-02-03,27.770000457763672,27.950000762939453,27.770000457763672,27.913000106811523,11300.0,323.3500061035156,326.1600036621094,323.2200012207031,324.1199951171875,69083000.0,220.13999938964844,222.88999938964844,219.99000549316406,222.3800048828125,25408600.0,47.720001220703125,48.415000915527344,47.665000915527344,48.29499816894531,25075600.0,1.5549999475479126,1.5750000476837158,1.5149999856948853,1.5199999809265137,0.0,97.37000274658203,97.88999938964844,97.37000274658203,97.80000305175781,0.0,18.639999389648438,18.8799991607666,17.100000381469727,17.969999313354492,0.0
2020-02-04,28.360000610351562,28.489999771118164,28.350000381469727,28.409000396728516,6400.0,328.07000732421875,330.010009765625,327.7200012207031,329.05999755859375,62573200.0,225.4199981689453,227.86000061035156,224.64999389648438,227.47000122070312,30691200.0,49.1349983215332,49.665000915527344,49.01499938964844,49.560001373291016,19097800.0,1.5770000219345093,1.6180000305175781,1.5750000476837158,1.6030000448226929,0.0,97.81999969482422,98.01000213623047,97.79000091552734,97.95999908447266,0.0,16.450000762939453,16.459999084472656,15.630000114440918,16.049999237060547,0.0
2020-02-05,28.729999542236328,28.729999542236328,28.542999267578125,28.625,19000.0,332.2699890136719,333.0899963378906,330.6700134277344,332.8599853515625,65951100.0,230.2100067138672,230.25,226.85000610351562,228.22000122070312,38534800.0,50.375,50.400001525878906,49.4900016784668,49.849998474121094,32697000.0,1.652999997138977,1.656000018119812,1.628000020980835,1.6490000486373901,0.0,97.94000244140625,98.31999969482422,97.9000015258789,98.2699966430664,0.0,16.290000915527344,16.31999969482422,15.020000457763672,15.149999618530273,0.0
2020-02-06,28.729999542236328,28.809999465942383,28.69300079345703,28.790000915527344,25400.0,333.9100036621094,334.19000244140625,332.79998779296875,333.9800109863281,50359700.0,228.7899932861328,230.25,227.97999572753906,230.19000244140625,22467100.0,50.05500030517578,50.31999969482422,49.83000183105469,50.30500030517578,13505600.0,1.6369999647140503,1.6679999828338623,1.6369999647140503,1.6440000534057617,0.0,98.29000091552734,98.56999969482422,98.20999908447266,98.5,0.0,15.130000114440918,15.65999984741211,14.699999809265137,14.960000038146973,0.0
2020-02-07,28.809999465942383,28.809999465942383,28.639999389648438,28.65999984741211,19200.0,332.82000732421875,333.989990234375,331.6000061035156,332.20001220703125,64139400.0,229.16000366210938,230.44000244140625,228.5399932861328,229.1999969482422,25884900.0,50.06999969482422,50.26499938964844,49.744998931884766,49.845001220703125,16598000.0,1.6160000562667847,1.6349999904632568,1.5709999799728394,1.5779999494552612,0.0,98.45999908447266,98.70999908447266,98.41999816894531,98.68000030517578,0.0,15.069999694824219,16.15999984741211,14.8100004196167,15.470000267028809,0.0
2020-02-10,28.65999984741211,28.8799991607666,28.645000457763672,28.8799991607666,12200.0,331.2300109863281,334.75,331.19000244140625,334.67999267578125,42070000.0,228.44000244140625,231.97999572753906,228.3800048828125,231.97000122070312,21478900.0,49.55500030517578,50.529998779296875,49.54499816894531,50.52000045776367,16347600.0,1.5700000524520874,1.5750000476837158,1.5440000295639038,1.5470000505447388,0.0,98.69999694824219,98.87999725341797,98.5999984741211,98.83000183105469,0.0,15.880000114440918,16.43000030517578,15.010000228881836,15.039999961853027,0.0
2020-02-11,29.139999389648438,29.139999389648438,28.882999420166016,28.920000076293945,9300.0,336.1600036621094,337.0199890136719,334.67999267578125,335.260009765625,54864500.0,233.25,234.02000427246094,231.39999389648438,232.00999450683594,30198000.0,50.904998779296875,50.95000076293945,50.20000076293945,50.349998474121094,15105800.0,1.5950000286102295,1.6009999513626099,1.5729999542236328,1.590000033378601,0.0,98.86000061035156,98.94999694824219,98.70999908447266,98.72000122070312,0.0,14.90999984741211,15.270000457763672,14.380000114440918,15.180000305175781,0.0
2020-02-12,29.18000030517578,29.190000534057617,29.049999237060547,29.190000534057617,27500.0,336.8299865722656,337.6499938964844,336.42999267578125,337.4200134277344,43992700.0,233.3800048828125,234.3800048828125,232.8000030517578,234.27000427246094,24471300.0,50.69499969482422,50.915000915527344,50.40999984741211,50.89500045776367,12152800.0,1.625,1.6390000581741333,1.6180000305175781,1.6299999952316284,0.0,98.7699966430664,99.05000305175781,98.70999908447266,99.05000305175781,0.0,14.859999656677246,14.880000114440918,13.729999542236328,13.739999771118164,0.0
2020-02-13,29.170000076293945,29.290000915527344,29.040000915527344,29.200000762939453,27800.0,335.8599853515625,338.1199951171875,335.55999755859375,337.05999755859375,54501900.0,232.63999938964844,234.92999267578125,232.36000061035156,233.97000122070312,22773200.0,50.494998931884766,51.025001525878906,50.41999816894531,50.7599983215332,14802800.0,1.6019999980926514,1.6260000467300415,1.600000023841858,1.6169999837875366,0.0,98.98999786376953,99.11000061035156,98.8499984741211,99.06999969482422,0.0,14.430000305175781,15.4399995803833,14.0,14.149999618530273,0.0
2020-02-14,29.34000015258789,29.34000015258789,29.180999755859375,29.299999237060547,7200.0,337.510009765625,337.7300109863281,336.20001220703125,337.6000061035156,64582200.0,234.33999633789062,234.86000061035156,233.5500030517578,234.63999938964844,23438500.0,50.86000061035156,51.064998626708984,50.70000076293945,50.97999954223633,12392400.0,1.5989999771118164,1.6050000190734863,1.5729999542236328,1.5880000591278076,0.0,99.12000274658203,99.16000366210938,99.0,99.12000274658203,0.0,14.119999885559082,14.539999961853027,13.380000114440918,13.680000305175781,0.0
2020-02-18,29.270000457763672,29.270999908447266,29.207000732421875,29.23900032043457,7900.0,336.510009765625,337.6700134277344,335.2099914550781,336.7300109863281,57226200.0,233.5,235.1699981689453,233.25,234.72999572753906,24394500.0,50.56999969482422,50.900001525878906,50.51499938964844,50.790000915527344,20633200.0,1.5440000295639038,1.5759999752044678,1.5410000085830688,1.555999994277954,0.0,99.19000244140625,99.47000122070312,99.13999938964844,99.45999908447266,0.0,14.979999542236328,15.489999771118164,14.529999732971191,14.829999923706055,0.0
2020-02-19,29.40999984741211,29.5,29.357999801635742,29.459999084472656,15400.0,337.7900085449219,339.0799865722656,337.4800109863281,338.3399963378906,48814700.0,236.1300048828125,237.47000122070312,235.85000610351562,236.97999572753906,22230500.0,51.119998931884766,51.470001220703125,51.084999084472656,51.39500045776367,16615600.0,1.562999963760376,1.5870000123977661,1.555999994277954,1.5700000524520874,0.0,99.43000030517578,99.72000122070312,99.37999725341797,99.5999984741211,0.0,14.65999984741211,14.739999771118164,14.210000038146973,14.380000114440918,0.0
2020-02-20,29.530000686645508,29.530000686645508,29.27400016784668,29.309999465942383,8100.0,337.739990234375,338.6400146484375,333.67999267578125,336.95001220703125,74163400.0,236.4600067138672,236.9499969482422,231.8800048828125,234.77999877929688,42604000.0,51.28499984741211,51.40999984741211,50.165000915527344,50.86000061035156,26324600.0,1.5369999408721924,1.5479999780654907,1.5069999694824219,1.524999976158142,0.0,99.54000091552734,99.91000366210938,99.52999877929688,99.87000274658203,0.0,14.539999961853027,17.209999084472656,14.489999771118164,15.5600004196167,0.0
2020-02-21,29.239999771118164,29.239999771118164,28.84000015258789,28.924999237060547,10500.0,335.4700012207031,335.80999755859375,332.5799865722656,333.4800109863281,113788200.0,233.61000061035156,234.00999450683594,229.32000732421875,230.27000427246094,66017200.0,50.599998474121094,50.64500045776367,49.40999984741211,49.720001220703125,29899000.0,1.4850000143051147,1.4919999837875366,1.4390000104904175,1.4709999561309814,0.0,99.86000061035156,99.87000274658203,99.2300033569336,99.26000213623047,0.0,17.329999923706055,18.209999084472656,16.190000534057617,17.079999923706055,0.0
2020-02-24,28.020000457763672,28.15999984741211,27.75200080871582,27.8700008392334,19800.0,323.1400146484375,333.55999755859375,321.239990234375,322.4200134277344,161088400.0,221.67999267578125,224.25,220.25999450683594,221.38999938964844,84522600.0,47.334999084472656,48.35499954223633,46.900001525878906,47.665000915527344,42365200.0,1.3960000276565552,1.4019999504089355,1.3519999980926514,1.3769999742507935,0.0,99.33999633789062,99.63999938964844,99.11000061035156,99.29000091552734,0.0,22.25,26.350000381469727,22.0,25.030000686645508,0.0
2020-02-25,28.15999984741211,28.15999984741211,26.889999389648438,26.959999084472656,22400.0,323.94000244140625,324.6099853515625,311.69000244140625,312.6499938964844,218913200.0,223.25,223.99000549316406,214.74000549316406,215.3699951171875,97743000.0,48.095001220703125,48.27000045776367,45.970001220703125,46.13999938964844,62934400.0,1.3739999532699585,1.3769999742507935,1.3070000410079956,1.3300000429153442,0.0,99.33000183105469,99.38999938964844,98.87999725341797,98.97000122070312,0.0,22.190000534057617,30.25,22.190000534057617,27.850000381469727,0.0
2020-02-26,26.969999313354492,27.329999923706055,26.799999237060547,26.8799991607666,15300.0,314.17999267578125,318.1099853515625,310.70001220703125,311.5,194773800.0,216.7100067138672,220.27999877929688,214.89999389648438,216.47999572753906,79537700.0,46.314998626708984,47.35499954223633,46.0,46.349998474121094,55759600.0,1.36899995803833,1.38100004196167,1.3020000457763672,1.309999942779541,0.0,99.08000183105469,99.2699966430664,98.91000366210938,99.0,0.0,26.6299991607666,29.56999969482422,24.760000228881836,27.559999465942383,0.0
2020-02-27,26.520000457763672,26.6200008392334,25.738000869750977,25.738000869750977,19000.0,305.4599914550781,311.55999755859375,297.510009765625,297.510009765625,284353500.0,210.89999389648438,216.4199981689453,205.5,205.63999938964844,121822600.0,44.83000183105469,45.779998779296875,43.81999969482422,43.849998474121094,67825800.0,1.2719999551773071,1.3270000219345093,1.2430000305175781,1.2990000247955322,0.0,99.0199966430664,99.05000305175781,98.36000061035156,98.44000244140625,0.0,28.950000762939453,39.310001373291016,27.790000915527344,39.15999984741211,0.0
2020-02-28,24.770000457763672,25.409000396728516,24.6299991607666,25.33099937438965,29800.0,288.70001220703125,297.8900146484375,285.5400085449219,296.260009765625,384975800.0,198.63999938964844,207.1699981689453,198.1699981689453,205.8000030517578,148173700.0,42.10499954223633,44.60499954223633,42.029998779296875,44.185001373291016,111854400.0,1.2109999656677246,1.2230000495910645,1.1269999742507935,1.1269999742507935,0.0,98.41999816894531,98.66000366210938,97.95999908447266,98.12999725341797,0.0,42.02000045776367,49.47999954223633,39.369998931884766,40.11000061035156,0.0
2020-03-02,25.5,26.729999542236328,25.5,26.729999542236328,8400.0,298.2099914550781,309.1600036621094,294.4599914550781,309.0899963378906,238703600.0,208.8800048828125,216.57000732421875,205.94000244140625,216.4199981689453,112933900.0,44.97999954223633,46.75,44.189998626708984,46.7400016784668,70008600.0,1.0670000314712524,1.1030000448226929,1.059000015258789,1.0880000591278076,0.0,98.08000183105469,98.08999633789062,97.18000030517578,97.36000061035156,0.0,38.540000915527344,40.40999984741211,31.5,33.41999816894531,0.0
2020-03-03,26.84000015258789,26.899999618530273,25.684999465942383,25.893999099731445,11000.0,309.5,313.8399963378906,297.57000732421875,300.239990234375,300139100.0,217.11000061035156,219.61000061035156,207.6199951171875,209.47999572753906,131953500.0,47.005001068115234,47.33000183105469,44.4900016784668,44.96500015258789,94989200.0,1.1299999952316284,1.1629999876022339,0.9079999923706055,1.0099999904632568,0.0,97.55999755859375,97.69999694824219,96.9800033569336,97.1500015258789,0.0,33.650001525878906,41.060001373291016,24.93000030517578,36.81999969482422,0.0
2020-03-04,26.56999969482422,26.961000442504883,26.28499984741211,26.961000442504883,12100.0,306.1199951171875,313.1000061035156,303.3299865722656,312.8599853515625,176613400.0,213.32000732421875,218.3300018310547,211.3699951171875,218.22000122070312,73086200.0,45.935001373291016,46.90999984741211,45.29999923706055,46.89500045776367,44727600.0,0.9919999837875366,1.0149999856948853,0.9509999752044678,0.9919999837875366,0.0,97.16999816894531,97.58999633789062,97.12000274658203,97.33999633789062,0.0,34.439998626708984,35.58000183105469,30.299999237060547,31.989999771118164,0.0
2020-03-05,26.1299991607666,26.56999969482422,25.950000762939453,26.020000457763672,11700.0,304.9800109863281,308.4700012207031,300.010009765625,302.4599914550781,186366800.0,212.69000244140625,216.36000061035156,210.10000610351562,211.58999633789062,78705500.0,45.64500045776367,46.51499938964844,45.119998931884766,45.415000915527344,49019000.0,0.9520000219345093,0.9570000171661377,0.8989999890327454,0.9259999990463257,0.0,97.37999725341797,97.44000244140625,96.5199966430664,96.81999969482422,0.0,33.61000061035156,42.84000015258789,33.540000915527344,39.619998931884766,0.0
2020-03-06,25.329999923706055,25.600000381469727,25.0,25.559999465942383,19600.0,293.1499938964844,298.7799987792969,290.2300109863281,297.4599914550781,228667200.0,204.6699981689453,209.14999389648438,202.91000366210938,208.02000427246094,89828400.0,43.89500045776367,44.720001220703125,43.244998931884766,44.45500183105469,57631800.0,0.7139999866485596,0.7889999747276306,0.6600000262260437,0.7059999704360962,0.0,96.61000061035156,96.69999694824219,95.70999908447266,95.94999694824219,0.0,48.93000030517578,54.38999938964844,40.84000015258789,41.939998626708984,0.0
2020-03-09,25.600000381469727,25.600000381469727,23.398000717163086,23.719999313354492,54600.0,275.29998779296875,284.19000244140625,273.45001220703125,274.2300109863281,309417300.0,193.47999572753906,201.16000366210938,192.11000061035156,193.57000732421875,116424000.0,40.790000915527344,43.0,40.75,41.08000183105469,59119800.0,0.48399999737739563,0.6010000109672546,0.39800000190734863,0.49900001287460327,0.0,95.79000091552734,95.79000091552734,94.6500015258789,94.9000015258789,0.0,41.939998626708984,62.119998931884766,41.939998626708984,54.459999084472656,0.0
2020-03-10,24.489999771118164,24.81599998474121,23.670000076293945,24.81599998474121,7400.0,284.6400146484375,288.5199890136719,273.5,288.4200134277344,276444100.0,201.11000061035156,204.3000030517578,193.67999267578125,204.11000061035156,100599200.0,42.84000015258789,43.82500076293945,41.310001373291016,43.81999969482422,71164600.0,0.6539999842643738,0.7559999823570251,0.5649999976158142,0.7480000257492065,0.0,95.33999633789062,96.58000183105469,95.2300033569336,96.41000366210938,0.0,49.68000030517578,55.65999984741211,43.560001373291016,47.29999923706055,0.0
2020-03-11,24.25,24.350000381469727,23.437999725341797,23.65999984741211,12500.0,280.70001220703125,281.94000244140625,270.8800048828125,274.3599853515625,255316300.0,199.35000610351562,200.75,192.72999572753906,195.22000122070312,89168800.0,42.64500045776367,42.90999984741211,41.154998779296875,41.75,63304200.0,0.7070000171661377,0.8619999885559082,0.675000011920929,0.8199999928474426,0.0,96.33000183105469,96.62000274658203,95.91000366210938,96.51000213623047,0.0,52.2400016784668,55.81999969482422,49.97999954223633,53.900001525878906,0.0
2020-03-12,21.969999313354492,23.065000534057617,21.579999923706055,21.579999923706055,29100.0,256.0,266.6600036621094,247.67999267578125,248.11000061035156,392220700.0,182.08999633789062,190.77999877929688,176.94000244140625,177.32000732421875,137820700.0,38.720001220703125,40.95000076293945,37.5,37.67499923706055,65490600.0,0.675000011920929,0.8489999771118164,0.6380000114440918,0.8489999771118164,0.0,96.6500015258789,98.30999755859375,96.08000183105469,97.47000122070312,0.0,61.459999084472656,76.83000183105469,59.90999984741211,75.47000122070312,0.0
2020-03-13,22.649999618530273,23.799999237060547,21.799999237060547,23.790000915527344,21800.0,263.0899963378906,271.4800109863281,248.52000427246094,269.32000732421875,329566100.0,187.07000732421875,194.47999572753906,178.1300048828125,192.33999633789062,134882000.0,40.04499816894531,42.189998626708984,38.150001525878906,42.095001220703125,65849600.0,0.9440000057220459,0.9860000014305115,0.8370000123977661,0.9509999752044678,0.0,97.44999694824219,98.80999755859375,97.33999633789062,98.75,0.0,71.30999755859375,77.56999969482422,55.16999816894531,57.83000183105469,0.0
2020-03-16,23.309999465942383,23.309999465942383,20.75,20.75,19300.0,241.17999267578125,256.8999938964844,237.36000061035156,239.85000610351562,297240000.0,174.14999389648438,184.67999267578125,169.16000366210938,169.3000030517578,92054400.0,35.86000061035156,39.60499954223633,35.595001220703125,36.279998779296875,81244800.0,0.777999997138977,0.859000027179718,0.703000009059906,0.7279999852180481,0.0,98.47000122070312,98.47000122070312,97.44999694824219,98.08999633789062,0.0,57.83000183105469,83.55999755859375,57.83000183105469,82.69000244140625,0.0
2020-03-17,20.780000686645508,21.534000396728516,20.459999084472656,21.52899932861328,3600.0,245.0399932861328,256.1700134277344,237.07000732421875,252.8000030517578,262070500.0,175.47000122070312,184.38999938964844,169.77999877929688,182.13999938964844,121257100.0,37.1349983215332,39.220001220703125,35.970001220703125,38.75,100814600.0,0.7940000295639038,0.996999979019165,0.7429999709129333,0.996999979019165,0.0,98.13999938964844,99.83000183105469,97.9800033569336,99.58000183105469,0.0,82.69000244140625,84.83000183105469,70.37000274658203,75.91000366210938,0.0
2020-03-18,20.420000076293945,20.979999542236328,19.26099967956543,20.889999389648438,16000.0,236.25,248.3699951171875,228.02000427246094,240.0,327597100.0,171.61000061035156,179.22000122070312,166.8000030517578,176.60000610351562,114156300.0,36.17499923706055,37.90999984741211,35.1349983215332,37.290000915527344,107412400.0,1.0820000171661377,1.2660000324249268,0.9990000128746033,1.2660000324249268,0.0,99.37999725341797,101.73999786376953,99.1500015258789,101.16000366210938,0.0,69.37000274658203,85.47000122070312,69.37000274658203,76.44999694824219,0.0
2020-03-19,20.110000610351562,21.1299991607666,20.110000610351562,20.770000457763672,5300.0,239.25,247.3800048828125,232.22000122070312,240.50999450683594,289322000.0,175.69000244140625,183.49000549316406,171.6300048828125,177.66000366210938,120896500.0,36.94499969482422,38.69499969482422,36.060001373291016,37.42499923706055,123454200.0,1.1369999647140503,1.225000023841858,1.0069999694824219,1.11899995803833,0.0,100.79000091552734,102.83999633789062,100.7699966430664,102.76000213623047,0.0,80.62000274658203,84.26000213623047,68.56999969482422,72.0,0.0
2020-03-20,20.770000457763672,20.850000381469727,19.67099952697754,19.722000122070312,6700.0,242.52999877929688,244.47000122070312,228.5,228.8000030517578,347158800.0,181.74000549316406,182.8699951171875,170.10000610351562,170.6999969482422,118983900.0,38.130001068115234,38.52000045776367,35.59000015258789,35.709999084472656,90444000.0,1.0160000324249268,1.031000018119812,0.9160000085830688,0.9380000233650208,0.0,102.94000244140625,102.98999786376953,101.08999633789062,102.81999969482422,0.0,67.86000061035156,69.51000213623047,57.41999816894531,66.04000091552734,0.0
2020-03-23,19.649999618530273,19.649999618530273,18.854999542236328,19.34000015258789,9400.0,228.19000244140625,229.67999267578125,218.25999450683594,222.9499969482422,326025200.0,170.9199981689453,174.2100067138672,164.92999267578125,170.4600067138672,124639800.0,35.345001220703125,36.11000061035156,34.04999923706055,35.20000076293945,84958400.0,0.7149999737739563,0.8790000081062317,0.7149999737739563,0.7639999985694885,0.0,101.94999694824219,102.9800033569336,101.6500015258789,102.48999786376953,0.0,74.08000183105469,76.73999786376953,60.459999084472656,61.59000015258789,0.0
2020-03-24,20.07900047302246,21.082000732421875,20.07900047302246,21.082000732421875,11600.0,234.4199981689453,244.10000610351562,233.8000030517578,243.14999389648438,235494500.0,179.91000366210938,183.8300018310547,177.9499969482422,183.66000366210938,94881800.0,37.33000183105469,38.834999084472656,37.18000030517578,38.80500030517578,75329000.0,0.8230000138282776,0.8960000276565552,0.8100000023841858,0.8159999847412109,0.0,102.12999725341797,102.20999908447266,101.05000305175781,101.73999786376953,0.0,58.7599983215332,61.880001068115234,36.2400016784668,61.66999816894531,0.0
2020-03-25,21.5,22.231000900268555,20.795000076293945,21.430999755859375,28500.0,244.8699951171875,256.3500061035156,239.75,246.7899932861328,299430300.0,184.4199981689453,189.50999450683594,179.97999572753906,182.3000030517578,88754900.0,39.099998474121094,40.54499816894531,38.0099983215332,38.755001068115234,57480800.0,0.8450000286102295,0.8610000014305115,0.7829999923706055,0.8579999804496765,0.0,101.5999984741211,101.91000366210938,100.83999633789062,101.05000305175781,0.0,61.439998626708984,68.86000061035156,58.029998779296875,63.95000076293945,0.0
2020-03-26,21.81599998474121,22.829999923706055,21.780000686645508,22.829999923706055,12400.0,249.52000427246094,262.79998779296875,249.0500030517578,261.20001220703125,257632800.0,183.8699951171875,192.72000122070312,183.61000061035156,191.89999389648438,79887600.0,39.244998931884766,41.255001068115234,39.150001525878906,41.154998779296875,56425800.0,0.7870000004768372,0.8270000219345093,0.7699999809265137,0.8109999895095825,0.0,100.95999908447266,101.0199966430664,99.23999786376953,99.41999816894531,0.0,65.66999816894531,67.05999755859375,57.65999984741211,61.0,0.0
2020-03-27,22.170000076293945,22.440000534057617,21.820999145507812,21.902999877929688,5400.0,253.27000427246094,260.80999755859375,251.0500030517578,253.4199981689453,224341200.0,186.92999267578125,190.50999450683594,184.66000366210938,185.3000030517578,58845000.0,39.880001068115234,40.630001068115234,39.125,39.29499816894531,58485400.0,0.7760000228881836,0.7820000052452087,0.7310000061988831,0.7490000128746033,0.0,99.29000091552734,99.80999755859375,98.2699966430664,98.37000274658203,0.0,64.94999694824219,69.0999984741211,61.79999923706055,65.54000091552734,0.0
2020-03-30,22.1200008392334,22.638999938964844,22.040000915527344,22.638999938964844,3000.0,255.6999969482422,262.42999267578125,253.52999877929688,261.6499938964844,171369500.0,187.05999755859375,192.49000549316406,186.33999633789062,192.0399932861328,49356900.0,39.81999969482422,41.04499816894531,39.69499969482422,40.95000076293945,47480200.0,0.6570000052452087,0.6809999942779541,0.5989999771118164,0.6700000166893005,0.0,98.30999755859375,99.31999969482422,98.29000091552734,99.18000030517578,0.0,66.30000305175781,67.69000244140625,56.599998474121094,57.08000183105469,0.0
2020-03-31,22.59000015258789,22.652000427246094,22.194000244140625,22.194000244140625,2200.0,260.55999755859375,263.3299865722656,256.2200012207031,257.75,194881100.0,191.72000122070312,195.25,189.1999969482422,190.39999389648438,62659300.0,40.85499954223633,41.59000015258789,39.974998474121094,40.185001373291016,39988800.0,0.7009999752044678,0.7200000286102295,0.6510000228881836,0.6980000138282776,0.0,99.25,99.94999694824219,98.88999938964844,99.05000305175781,0.0,56.689998626708984,58.75,50.880001068115234,53.540000915527344,0.0
2020-04-01,21.540000915527344,21.549999237060547,21.110000610351562,21.110000610351562,4300.0,247.97999572753906,257.6600036621094,243.89999389648438,246.14999389648438,189554600.0,184.77000427246094,187.66000366210938,180.86000061035156,182.30999755859375,53715400.0,38.79499816894531,39.625,37.98500061035156,38.27000045776367,54984800.0,0.6100000143051147,0.6430000066757202,0.5789999961853027,0.6349999904632568,0.0,99.01000213623047,99.83999633789062,98.91000366210938,99.66999816894531,0.0,57.380001068115234,60.59000015258789,52.7599983215332,57.060001373291016,0.0
2020-04-02,20.940000534057617,21.52899932861328,20.940000534057617,21.52899932861328,2700.0,245.19000244140625,252.67999267578125,244.58999633789062,251.8300018310547,177660400.0,181.24000549316406,190.10000610351562,180.97000122070312,186.00999450683594,56465300.0,38.1349983215332,39.21500015258789,37.97999954223633,39.165000915527344,44223600.0,0.5920000076293945,0.6349999904632568,0.578000009059906,0.6269999742507935,0.0,99.51000213623047,100.41000366210938,99.33999633789062,100.18000030517578,0.0,54.459999084472656,57.2400016784668,50.45000076293945,50.90999984741211,0.0
2020-04-03,21.520000457763672,21.559999465942383,20.940000534057617,21.16200065612793,5400.0,250.75999450683594,253.32000732421875,245.22000122070312,248.19000244140625,135561200.0,185.5500030517578,187.07000732421875,181.2899932861328,183.3699951171875,47487600.0,38.994998931884766,39.415000915527344,38.07500076293945,38.560001373291016,31572000.0,0.5889999866485596,0.6069999933242798,0.5680000185966492,0.5870000123977661,0.0,100.19999694824219,100.8499984741211,100.13999938964844,100.58000183105469,0.0,51.11000061035156,52.290000915527344,46.7400016784668,46.79999923706055,0.0
2020-04-06,22.170000076293945,22.888999938964844,22.170000076293945,22.799999237060547,4200.0,257.8399963378906,267.0,248.1699981689453,264.8599853515625,188061200.0,190.47999572753906,197.64999389648438,189.19000244140625,196.47999572753906,64763500.0,40.255001068115234,42.125,40.0,41.849998474121094,35987200.0,0.6449999809265137,0.6759999990463257,0.6420000195503235,0.6759999990463257,0.0,100.66000366210938,100.93000030517578,100.4800033569336,100.69000244140625,0.0,44.16999816894531,45.72999954223633,43.45000076293945,45.2400016784668,0.0
2020-04-07,23.68000030517578,23.68000030517578,22.979999542236328,22.979999542236328,3200.0,274.2099914550781,275.0299987792969,264.8900146484375,265.1300048828125,201427200.0,202.3699951171875,202.66000366210938,196.0,196.39999389648438,69904500.0,43.32500076293945,43.34000015258789,41.43000030517578,41.474998474121094,44298800.0,0.734000027179718,0.7839999794960022,0.7250000238418579,0.7360000014305115,0.0,100.75,100.79000091552734,99.7699966430664,99.9800033569336,0.0,44.83000183105469,47.5099983215332,43.5099983215332,46.70000076293945,0.0
2020-04-08,23.360000610351562,23.69499969482422,22.979999542236328,23.69499969482422,10400.0,267.9599914550781,276.0,265.25,274.0299987792969,153774500.0,198.14999389648438,201.1699981689453,196.1699981689453,200.57000732421875,45940400.0,42.02000045776367,42.76499938964844,41.625,42.59000015258789,27428600.0,0.7630000114440918,0.7680000066757202,0.7289999723434448,0.7639999985694885,0.0,99.91000366210938,100.43000030517578,99.9000015258789,100.12000274658203,0.0,45.900001525878906,47.279998779296875,42.529998779296875,43.349998474121094,0.0
2020-04-09,24.219999313354492,24.219999313354492,23.90999984741211,23.989999771118164,39200.0,277.5799865722656,281.20001220703125,275.4700012207031,278.20001220703125,189999200.0,202.35000610351562,203.22000122070312,199.02999877929688,200.86000061035156,68252600.0,43.095001220703125,43.314998626708984,42.29999923706055,42.599998474121094,39259800.0,0.7269999980926514,0.7730000019073486,0.7129999995231628,0.7289999723434448,0.0,100.12999725341797,100.30000305175781,99.36000061035156,99.5199966430664,0.0,43.0,45.72999954223633,41.38999938964844,41.66999816894531,0.0
2020-04-13,24.110000610351562,24.110000610351562,23.43000030517578,23.75,10400.0,277.1400146484375,277.510009765625,271.4100036621094,275.6600036621094,114839100.0,200.0,203.4199981689453,198.75,203.02999877929688,42853900.0,42.43000030517578,42.755001068115234,41.82500076293945,42.69499969482422,25301600.0,0.7409999966621399,0.7590000033378601,0.722000002861023,0.7490000128746033,0.0,99.48999786376953,99.62999725341797,99.13999938964844,99.3499984741211,0.0,44.599998474121094,45.040000915527344,41.16999816894531,41.16999816894531,0.0
2020-04-14,24.299999237060547,24.5,24.284000396728516,24.454999923706055,4800.0,280.9800109863281,284.8999938964844,275.510009765625,283.7900085449219,134143400.0,207.22999572753906,212.5,206.4199981689453,211.86000061035156,63959600.0,43.64500045776367,44.564998626708984,43.470001220703125,44.48500061035156,31779000.0,0.746999979019165,0.7570000290870667,0.7300000190734863,0.7519999742507935,0.0,99.37999725341797,99.43000030517578,98.83000183105469,98.88999938964844,0.0,40.2400016784668,40.56999969482422,37.310001373291016,37.7599983215332,0.0
2020-04-15,23.950000762939453,24.020000457763672,23.7450008392334,23.8700008392334,3700.0,277.57000732421875,283.94000244140625,275.4599914550781,277.760009765625,121775000.0,208.47999572753906,211.8300018310547,207.1199951171875,209.42999267578125,47036000.0,43.599998474121094,43.869998931884766,43.189998626708984,43.51499938964844,25858200.0,0.6869999766349792,0.6880000233650208,0.6269999742507935,0.6380000114440918,0.0,98.81999969482422,99.9800033569336,98.81999969482422,99.45999908447266,0.0,42.56999969482422,43.22999954223633,40.04999923706055,40.84000015258789,0.0
2020-04-16,24.100000381469727,24.100000381469727,23.759000778198242,24.055999755859375,2000.0,279.1499938964844,280.0299987792969,275.760009765625,279.1000061035156,131798300.0,211.69000244140625,214.3699951171875,209.69000244140625,213.25,64657400.0,44.084999084472656,44.154998779296875,43.32500076293945,44.04499816894531,23667600.0,0.6140000224113464,0.6240000128746033,0.593999981880188,0.609000027179718,0.0,99.62999725341797,100.30000305175781,99.61000061035156,100.02999877929688,0.0,41.91999816894531,43.02000045776367,39.869998931884766,40.11000061035156,0.0
2020-04-17,24.59000015258789,24.610000610351562,24.226999282836914,24.545000076293945,3200.0,285.3800048828125,287.29998779296875,282.3999938964844,286.6400146484375,146684800.0,216.1699981689453,216.50999450683594,212.0800018310547,215.2899932861328,62863200.0,44.82500076293945,44.834999084472656,43.98500061035156,44.630001068115234,28284800.0,0.6430000066757202,0.6579999923706055,0.5870000123977661,0.6539999842643738,0.0,99.86000061035156,100.29000091552734,99.62000274658203,99.77999877929688,0.0,39.5,40.2599983215332,37.630001068115234,38.150001525878906,0.0
2020-04-20,24.469999313354492,24.469999313354492,24.1299991607666,24.194000244140625,7800.0,282.6099853515625,286.7900085449219,281.3500061035156,281.5899963378906,100109300.0,213.36000061035156,215.8800048828125,212.57000732421875,212.74000549316406,38249100.0,44.025001525878906,44.61000061035156,43.85499954223633,43.915000915527344,20407000.0,0.6240000128746033,0.6430000066757202,0.6119999885559082,0.6259999871253967,0.0,99.70999908447266,100.06999969482422,99.6500015258789,99.95999908447266,0.0,40.68000030517578,43.83000183105469,39.880001068115234,43.83000183105469,0.0
2020-04-21,24.079999923706055,24.079999923706055,23.325000762939453,23.325000762939453,2500.0,276.7300109863281,278.0400085449219,272.0199890136719,273.0400085449219,126385700.0,210.60000610351562,211.16000366210938,203.6300048828125,204.88999938964844,72932800.0,43.29499816894531,43.400001525878906,41.81999969482422,42.07500076293945,32765000.0,0.550000011920929,0.578000009059906,0.5429999828338623,0.5709999799728394,0.0,99.94000244140625,100.4800033569336,99.93000030517578,100.26000213623047,0.0,44.279998779296875,47.77000045776367,43.77000045776367,45.40999984741211,0.0
2020-04-22,23.75,23.993999481201172,23.729000091552734,23.993999481201172,900.0,278.3500061035156,281.0,276.9100036621094,279.1000061035156,92951600.0,209.10000610351562,212.35000610351562,208.3300018310547,210.97000122070312,40089100.0,43.095001220703125,43.935001373291016,42.939998626708984,43.69499969482422,24032000.0,0.5830000042915344,0.6359999775886536,0.5809999704360962,0.6190000176429749,0.0,100.20999908447266,100.5,99.9000015258789,100.38999938964844,0.0,44.90999984741211,45.06999969482422,41.40999984741211,41.97999954223633,0.0
2020-04-23,24.190000534057617,24.309999465942383,23.94099998474121,23.94099998474121,2500.0,280.489990234375,283.94000244140625,278.75,279.0799865722656,104709700.0,211.7899932861328,214.44000244140625,210.10000610351562,210.52000427246094,43278500.0,43.79499816894531,44.290000915527344,43.36000061035156,43.39500045776367,21169600.0,0.621999979019165,0.6299999952316284,0.593999981880188,0.6129999756813049,0.0,100.44999694824219,100.69000244140625,100.04000091552734,100.43000030517578,0.0,41.29999923706055,42.470001220703125,39.060001373291016,41.380001068115234,0.0
2020-04-24,24.190000534057617,24.315000534057617,23.860000610351562,24.315000534057617,3200.0,280.7300109863281,283.70001220703125,278.5,282.9700012207031,85063200.0,210.97000122070312,214.3000030517578,209.5,213.83999633789062,34231900.0,43.57500076293945,44.32500076293945,43.29499816894531,44.314998626708984,16885000.0,0.6019999980926514,0.6209999918937683,0.5910000205039978,0.5960000157356262,0.0,100.5,100.87000274658203,100.22000122070312,100.37999725341797,0.0,38.79999923706055,40.16999816894531,35.599998474121094,35.93000030517578,0.0
2020-04-27,24.420000076293945,24.770000457763672,24.420000076293945,24.770000457763672,5900.0,285.1199951171875,288.2699890136719,284.6199951171875,287.04998779296875,77896600.0,216.19000244140625,216.6300048828125,214.5,215.55999755859375,36451700.0,44.71500015258789,44.845001220703125,44.42499923706055,44.69499969482422,15598600.0,0.6209999918937683,0.6620000004768372,0.6209999918937683,0.656000018119812,0.0,100.2300033569336,100.31999969482422,99.83000183105469,100.04000091552734,0.0,36.290000915527344,36.439998626708984,32.5099983215332,33.290000915527344,0.0
2020-04-28,25.0,25.1200008392334,24.57699966430664,24.57699966430664,3800.0,291.0199890136719,291.3999938964844,285.3999938964844,285.7300109863281,105270000.0,217.32000732421875,217.32000732421875,211.2100067138672,211.5,46862800.0,45.25,45.279998779296875,44.040000915527344,44.099998474121094,25267600.0,0.6510000228881836,0.6520000100135803,0.593999981880188,0.6100000143051147,0.0,100.05999755859375,100.20999908447266,99.44999694824219,99.87000274658203,0.0,33.209999084472656,35.38999938964844,30.540000915527344,33.56999969482422,0.0
2020-04-29,25.0,25.499000549316406,25.0,25.441999435424805,4900.0,291.5299987792969,294.8800048828125,290.4100036621094,293.2099914550781,118745600.0,216.19000244140625,219.97000122070312,215.13999938964844,219.0,48716400.0,45.040000915527344,46.06999969482422,44.880001068115234,45.90999984741211,22925800.0,0.593999981880188,0.640999972820282,0.5839999914169312,0.6269999742507935,0.0,99.87999725341797,99.88999938964844,99.47000122070312,99.56999969482422,0.0,32.47999954223633,33.189998626708984,30.709999084472656,31.229999542236328,0.0
2020-04-30,25.459999084472656,25.459999084472656,25.049999237060547,25.191999435424805,8100.0,291.7099914550781,293.32000732421875,288.5899963378906,290.4800109863281,122901700.0,219.9499969482422,220.0399932861328,217.35000610351562,218.91000366210938,43359500.0,46.005001068115234,46.005001068115234,45.3650016784668,45.70500183105469,30861200.0,0.6110000014305115,0.625,0.5809999704360962,0.621999979019165,0.0,99.4800033569336,99.7300033569336,98.80999755859375,99.0199966430664,0.0,30.989999771118164,35.939998626708984,30.93000030517578,34.150001525878906,0.0
2020-05-01,25.0,25.0,24.40999984741211,24.42099952697754,2300.0,285.30999755859375,290.6600036621094,281.5199890136719,282.7900085449219,125180000.0,214.5,216.6699981689453,211.67999267578125,212.74000549316406,48795000.0,44.70000076293945,45.32500076293945,44.279998779296875,44.45000076293945,23990200.0,0.6129999756813049,0.6480000019073486,0.609000027179718,0.6420000195503235,0.0,99.12999725341797,99.20999908447266,98.77999877929688,98.80000305175781,0.0,38.16999816894531,39.56999969482422,36.59000015258789,37.189998626708984,0.0
2020-05-04,24.209999084472656,24.58799934387207,24.170000076293945,24.58799934387207,7600.0,280.739990234375,283.8999938964844,279.1300048828125,283.57000732421875,80873200.0,211.4600067138672,215.4499969482422,211.1199951171875,215.22000122070312,32841000.0,44.244998931884766,45.084999084472656,44.040000915527344,45.040000915527344,21458000.0,0.6159999966621399,0.6510000228881836,0.6150000095367432,0.6370000243186951,0.0,99.08999633789062,99.5999984741211,99.08999633789062,99.4800033569336,0.0,39.130001068115234,40.31999969482422,35.529998779296875,35.970001220703125,0.0
2020-05-05,25.0,25.1200008392334,24.905000686645508,24.905000686645508,1800.0,286.6400146484375,289.25,283.7099914550781,286.19000244140625,79569900.0,217.44000244140625,220.13999938964844,216.85000610351562,217.66000366210938,37783100.0,45.55500030517578,46.2400016784668,45.474998474121094,45.65999984741211,17374600.0,0.6589999794960022,0.6729999780654907,0.6430000066757202,0.6570000052452087,0.0,99.51000213623047,99.97000122070312,99.30000305175781,99.70999908447266,0.0,34.81999969482422,36.220001220703125,31.950000762939453,33.61000061035156,0.0
2020-05-06,25.25,25.25,24.808000564575195,24.808000564575195,2800.0,288.0400085449219,288.4599914550781,283.7799987792969,284.25,73632600.0,219.39999389648438,221.0399932861328,218.11000061035156,219.0,36455200.0,46.099998474121094,46.459999084472656,45.810001373291016,46.01499938964844,16941000.0,0.6819999814033508,0.7429999709129333,0.6809999942779541,0.7110000252723694,0.0,99.80000305175781,100.19999694824219,99.75,100.08999633789062,0.0,32.689998626708984,35.689998626708984,31.68000030517578,34.119998931884766,0.0
2020-05-07,25.174999237060547,25.277000427246094,25.136999130249023,25.136999130249023,3700.0,287.75,289.7799987792969,287.1300048828125,287.67999267578125,75250400.0,221.82000732421875,222.72999572753906,220.4199981689453,221.82000732421875,38624800.0,46.63999938964844,46.970001220703125,46.56999969482422,46.70500183105469,21088800.0,0.6949999928474426,0.7009999752044678,0.621999979019165,0.6309999823570251,0.0,100.20999908447266,100.4000015258789,99.80999755859375,99.88999938964844,0.0,32.119998931884766,32.279998779296875,30.3700008392334,31.440000534057617,0.0
2020-05-08,25.329999923706055,25.590999603271484,25.329999923706055,25.590999603271484,6300.0,291.0899963378906,292.95001220703125,289.8599853515625,292.44000244140625,76452400.0,223.5500030517578,225.0,222.47999572753906,224.86000061035156,31852300.0,47.150001525878906,47.45500183105469,46.875,47.38999938964844,15221600.0,0.6309999823570251,0.6830000281333923,0.6230000257492065,0.6819999814033508,0.0,99.83999633789062,99.94000244140625,99.45999908447266,99.7300033569336,0.0,30.139999389648438,30.389999389648438,27.889999389648438,27.979999542236328,0.0
2020-05-11,25.5,25.701000213623047,25.34000015258789,25.615999221801758,7100.0,290.3399963378906,294.0,289.8800048828125,292.5,79514200.0,223.49000549316406,227.92999267578125,223.25,226.8699951171875,35714100.0,47.064998626708984,47.98500061035156,46.970001220703125,47.70500183105469,20768800.0,0.6830000281333923,0.7260000109672546,0.671999990940094,0.7260000109672546,0.0,99.66999816894531,100.27999877929688,99.66999816894531,100.23999786376953,0.0,28.459999084472656,31.459999084472656,26.969999313354492,27.56999969482422,0.0
2020-05-12,25.5,25.554000854492188,25.06100082397461,25.06100082397461,9600.0,293.7900085449219,294.239990234375,286.5199890136719,286.6700134277344,95870800.0,227.49000549316406,228.10000610351562,222.08999633789062,222.1199951171875,41054100.0,47.900001525878906,48.03499984741211,46.685001373291016,46.720001220703125,27042000.0,0.7110000252723694,0.7239999771118164,0.6679999828338623,0.6779999732971191,0.0,100.2300033569336,100.44000244140625,99.66000366210938,99.93000030517578,0.0,28.469999313354492,33.040000915527344,26.0,33.040000915527344,0.0
2020-05-13,24.75,24.75,24.309999465942383,24.309999465942383,8600.0,286.05999755859375,287.19000244140625,278.9599914550781,281.6000061035156,144721100.0,222.66000366210938,224.61000061035156,216.7100067138672,219.33999633789062,65521200.0,46.744998931884766,47.10499954223633,45.310001373291016,45.915000915527344,33942200.0,0.6639999747276306,0.671999990940094,0.6349999904632568,0.6489999890327454,0.0,100.01000213623047,100.27999877929688,99.58000183105469,100.23999786376953,0.0,32.7400016784668,37.41999816894531,30.770000457763672,35.279998779296875,0.0
2020-05-14,24.200000762939453,24.826000213623047,24.149999618530273,24.826000213623047,2900.0,278.95001220703125,285.1099853515625,272.989990234375,284.9700012207031,121977900.0,217.97000122070312,221.8699951171875,215.99000549316406,221.8300018310547,51549300.0,45.595001220703125,46.529998779296875,45.095001220703125,46.5,30475200.0,0.6169999837875366,0.628000020980835,0.6039999723434448,0.6190000176429749,0.0,100.19000244140625,100.55999755859375,100.1500015258789,100.47000122070312,0.0,35.15999984741211,39.279998779296875,32.33000183105469,32.61000061035156,0.0
2020-05-15,24.700000762939453,24.95199966430664,24.635000228881836,24.95199966430664,4500.0,282.3699951171875,286.3299865722656,281.3399963378906,286.2799987792969,111146300.0,218.77999877929688,223.3300018310547,218.3300018310547,223.27000427246094,55747200.0,45.76499938964844,46.744998931884766,45.6349983215332,46.73500061035156,28032800.0,0.6039999723434448,0.6489999890327454,0.5899999737739563,0.6399999856948853,0.0,100.26000213623047,100.48999786376953,100.08000183105469,100.4000015258789,0.0,32.5,35.130001068115234,31.040000915527344,31.889999389648438,0.0
2020-05-18,25.399999618530273,25.81999969482422,25.399999618530273,25.780000686645508,3300.0,293.04998779296875,296.75,292.70001220703125,295.0,119703800.0,226.27999877929688,228.67999267578125,225.47000122070312,227.42999267578125,42398100.0,47.654998779296875,48.150001525878906,47.4900016784668,47.880001068115234,20033400.0,0.6660000085830688,0.7440000176429749,0.6610000133514404,0.7440000176429749,0.0,100.36000061035156,100.47000122070312,99.58000183105469,99.66999816894531,0.0,30.709999084472656,31.079999923706055,28.350000381469727,29.299999237060547,0.0
2020-05-19,25.75,25.882999420166016,25.617000579833984,25.617000579833984,2200.0,294.3500061035156,296.2099914550781,291.95001220703125,291.9700012207031,95189300.0,227.6999969482422,229.85000610351562,226.7100067138672,226.86000061035156,36237300.0,47.900001525878906,48.44499969482422,47.685001373291016,47.70500183105469,20092800.0,0.7289999723434448,0.7450000047683716,0.7049999833106995,0.7110000252723694,0.0,99.62000274658203,99.7300033569336,99.2300033569336,99.37000274658203,0.0,28.729999542236328,30.739999771118164,28.3700008392334,30.530000686645508,0.0
2020-05-20,25.790000915527344,26.1200008392334,25.790000915527344,26.094999313354492,25000.0,295.82000732421875,297.8699951171875,295.57000732421875,296.92999267578125,85861700.0,229.5,231.75999450683594,229.47999572753906,231.38999938964844,37417000.0,48.3650016784668,48.84000015258789,48.34000015258789,48.75,18192000.0,0.703000009059906,0.7210000157356262,0.6700000166893005,0.6800000071525574,0.0,99.55000305175781,99.55999755859375,99.0,99.12000274658203,0.0,29.520000457763672,29.829999923706055,27.829999923706055,27.989999771118164,0.0
2020-05-21,26.100000381469727,26.12700080871582,25.895999908447266,25.895999908447266,7400.0,296.7900085449219,297.6700134277344,293.69000244140625,294.8800048828125,78293900.0,231.44000244140625,232.13999938964844,228.33999633789062,228.8699951171875,43642900.0,48.70000076293945,48.845001220703125,48.04499816894531,48.06999969482422,20581600.0,0.6800000071525574,0.6819999814033508,0.6539999842643738,0.6769999861717224,0.0,99.18000030517578,99.51000213623047,99.0199966430664,99.37000274658203,0.0,28.969999313354492,30.200000762939453,27.670000076293945,29.530000686645508,0.0
2020-05-22,25.81999969482422,26.014999389648438,25.809999465942383,26.014999389648438,8000.0,294.57000732421875,295.6300048828125,293.2200012207031,295.44000244140625,63958200.0,228.4499969482422,229.8699951171875,227.5,229.66000366210938,28762400.0,48.0,48.30500030517578,47.80500030517578,48.244998931884766,18489600.0,0.6570000052452087,0.671999990940094,0.6480000019073486,0.6570000052452087,0.0,99.41999816894531,99.87000274658203,99.38999938964844,99.86000061035156,0.0,31.360000610351562,31.549999237060547,28.030000686645508,28.15999984741211,0.0
2020-05-26,26.979999542236328,26.979999542236328,26.34000015258789,26.349000930786133,7800.0,301.92999267578125,302.19000244140625,295.4599914550781,299.0799865722656,88951400.0,233.36000061035156,233.57000732421875,228.7899932861328,229.0399932861328,33055300.0,49.209999084472656,49.244998931884766,48.154998779296875,48.19499969482422,26001400.0,0.6970000267028809,0.7080000042915344,0.6899999976158142,0.6980000138282776,0.0,99.7699966430664,99.7699966430664,98.9000015258789,98.91000366210938,0.0,27.719999313354492,28.579999923706055,27.18000030517578,28.010000228881836,0.0
2020-05-27,26.739999771118164,26.739999771118164,26.15999984741211,26.711000442504883,3700.0,302.1199951171875,303.57000732421875,296.8699951171875,303.5299987792969,104817400.0,228.69000244140625,230.41000366210938,223.94000244140625,230.2899932861328,55665600.0,48.189998626708984,48.4900016784668,47.165000915527344,48.470001220703125,38856800.0,0.7229999899864197,0.7229999899864197,0.6610000133514404,0.6800000071525574,0.0,99.0199966430664,99.33999633789062,98.72000122070312,99.05999755859375,0.0,27.6200008392334,30.530000686645508,25.920000076293945,27.6200008392334,0.0
2020-05-28,26.600000381469727,27.0,26.600000381469727,26.648000717163086,5500.0,304.6499938964844,306.8399963378906,302.239990234375,302.9700012207031,90405200.0,229.11000061035156,233.47000122070312,229.0500030517578,229.99000549316406,42784300.0,48.290000915527344,49.2599983215332,48.255001068115234,48.375,21147400.0,0.6869999766349792,0.7129999995231628,0.6850000023841858,0.7049999833106995,0.0,98.91000366210938,99.08999633789062,98.3499984741211,98.37999725341797,0.0,27.81999969482422,29.889999389648438,27.43000030517578,28.59000015258789,0.0
2020-05-29,26.5049991607666,26.82900047302246,26.447999954223633,26.82900047302246,2500.0,302.4599914550781,304.9599914550781,299.4700012207031,304.32000732421875,119090800.0,230.3800048828125,233.60000610351562,228.75999450683594,233.36000061035156,50691800.0,48.52000045776367,49.099998474121094,48.1150016784668,48.98500061035156,35555000.0,0.6639999747276306,0.6850000023841858,0.6480000019073486,0.6480000019073486,0.0,98.5199966430664,98.55000305175781,97.94999694824219,98.33999633789062,0.0,29.299999237060547,30.15999984741211,27.290000915527344,27.510000228881836,0.0
2020-06-01,26.899999618530273,26.979999542236328,26.783000946044922,26.927000045776367,2300.0,303.6199951171875,306.2099914550781,303.05999755859375,305.54998779296875,55758300.0,232.4600067138672,234.4499969482422,232.0,234.05999755859375,25776000.0,48.755001068115234,49.07500076293945,48.540000915527344,48.970001220703125,26719400.0,0.6669999957084656,0.6869999766349792,0.6620000004768372,0.6620000004768372,0.0,98.30000305175781,98.31999969482422,97.79000091552734,97.83000183105469,0.0,28.940000534057617,30.600000381469727,28.110000610351562,28.229999542236328,0.0
2020-06-02,27.350000381469727,27.350000381469727,26.899999618530273,27.110000610351562,15400.0,306.54998779296875,308.1300048828125,305.1000061035156,308.0799865722656,74267200.0,234.5,235.69000244140625,232.00999450683594,235.6300048828125,33383400.0,49.06999969482422,49.43000030517578,48.60499954223633,49.43000030517578,22415200.0,0.6850000023841858,0.6869999766349792,0.6610000133514404,0.6800000071525574,0.0,97.83999633789062,97.91000366210938,97.43000030517578,97.66999816894531,0.0,28.399999618530273,28.520000457763672,26.65999984741211,26.84000015258789,0.0
2020-06-03,27.450000762939453,27.489999771118164,27.440000534057617,27.485000610351562,1300.0,310.239990234375,313.2200012207031,309.94000244140625,312.17999267578125,92567600.0,236.25999450683594,237.47000122070312,235.35000610351562,236.69000244140625,37228700.0,49.630001068115234,49.974998474121094,49.415000915527344,49.814998626708984,22035800.0,0.7080000042915344,0.7710000276565552,0.7049999833106995,0.7609999775886536,0.0,97.56999969482422,97.62999725341797,97.19000244140625,97.27999877929688,0.0,26.75,26.979999542236328,25.040000915527344,25.65999984741211,0.0
2020-06-04,27.540000915527344,27.540000915527344,27.239999771118164,27.299999237060547,4100.0,311.1099853515625,313.0,309.0799865722656,311.3599853515625,75794400.0,236.3300018310547,237.7899932861328,233.67999267578125,235.02999877929688,38716100.0,49.619998931884766,49.96500015258789,49.130001068115234,49.404998779296875,15138800.0,0.7540000081062317,0.8230000138282776,0.7440000176429749,0.8199999928474426,0.0,97.31999969482422,97.62999725341797,96.56999969482422,96.68000030517578,0.0,26.229999542236328,26.43000030517578,24.3799991607666,25.809999465942383,0.0
2020-06-05,27.649999618530273,28.104000091552734,27.649999618530273,27.9950008392334,5400.0,317.2300109863281,321.2699890136719,317.1600036621094,319.3399963378906,150524700.0,236.22000122070312,240.3000030517578,235.6300048828125,239.69000244140625,47365600.0,49.755001068115234,50.849998474121094,49.66999816894531,50.70500183105469,20756400.0,0.8669999837875366,0.9570000171661377,0.8619999885559082,0.9039999842643738,0.0,96.73999786376953,97.02999877929688,96.44000244140625,96.94000244140625,0.0,24.790000915527344,25.09000015258789,23.540000915527344,24.520000457763672,0.0
2020-06-08,28.200000762939453,28.229999542236328,27.940000534057617,28.229999542236328,29200.0,320.2200012207031,323.4100036621094,319.6300048828125,323.20001220703125,73641200.0,239.5399932861328,241.67999267578125,237.91000366210938,241.5500030517578,32937300.0,50.6150016784668,50.97999954223633,50.150001525878906,50.959999084472656,16130200.0,0.9100000262260437,0.9150000214576721,0.8619999885559082,0.8840000033378601,0.0,96.83999633789062,97.06999969482422,96.5999984741211,96.62000274658203,0.0,25.559999465942383,25.979999542236328,24.649999618530273,25.809999465942383,0.0
2020-06-09,28.170000076293945,28.229999542236328,28.0,28.1299991607666,6200.0,320.29998779296875,323.2799987792969,319.3599853515625,320.7900085449219,77479200.0,240.66000366210938,244.17999267578125,240.47000122070312,243.3000030517578,35046300.0,50.70500183105469,51.45000076293945,50.65999984741211,51.20000076293945,14707800.0,0.8370000123977661,0.8399999737739563,0.8019999861717224,0.8289999961853027,0.0,96.62999725341797,97.05999755859375,96.2300033569336,96.31999969482422,0.0,25.93000030517578,27.700000762939453,25.709999084472656,27.56999969482422,0.0
2020-06-10,28.3700008392334,28.3700008392334,27.950000762939453,28.17300033569336,6200.0,321.4200134277344,322.3900146484375,318.2200012207031,319.0,95000800.0,245.0500030517578,247.82000732421875,244.50999450683594,246.22000122070312,58084400.0,51.56999969482422,52.44499969482422,51.474998474121094,52.05500030517578,24389600.0,0.8069999814033508,0.8119999766349792,0.7429999709129333,0.7480000257492065,0.0,96.43000030517578,96.45999908447266,95.72000122070312,95.95999908447266,0.0,26.729999542236328,29.010000228881836,26.059999465942383,27.56999969482422,0.0
2020-06-11,27.59000015258789,27.59000015258789,26.440000534057617,26.440000534057617,11100.0,311.4599914550781,312.1499938964844,300.010009765625,300.6099853515625,209243600.0,242.16000366210938,243.58999633789062,233.9600067138672,234.02000427246094,72919400.0,51.150001525878906,51.224998474121094,49.05500030517578,49.06999969482422,39742000.0,0.6970000267028809,0.699999988079071,0.6510000228881836,0.652999997138977,0.0,96.08999633789062,96.83000183105469,95.94999694824219,96.7300033569336,0.0,30.450000762939453,42.58000183105469,29.489999771118164,40.790000915527344,0.0
2020-06-12,27.190000534057617,27.200000762939453,26.40999984741211,26.829999923706055,18000.0,308.239990234375,309.0799865722656,298.6000061035156,304.2099914550781,194678900.0,239.08999633789062,240.39999389648438,231.74000549316406,235.8800048828125,72034800.0,50.3849983215332,50.6349983215332,48.84000015258789,49.70500183105469,43287000.0,0.7020000219345093,0.7129999995231628,0.6740000247955322,0.6990000009536743,0.0,96.80999755859375,97.44999694824219,96.48999786376953,97.31999969482422,0.0,37.68000030517578,44.15999984741211,34.970001220703125,36.09000015258789,0.0
2020-06-15,26.5,27.16200065612793,26.290000915527344,27.09000015258789,3200.0,298.0199890136719,308.2799987792969,296.739990234375,307.04998779296875,135782700.0,232.44000244140625,239.4499969482422,231.47000122070312,238.75,45307400.0,48.79999923706055,50.40999984741211,48.63999938964844,50.185001373291016,29924000.0,0.6690000295639038,0.7149999737739563,0.6610000133514404,0.7020000219345093,0.0,97.08999633789062,97.38999938964844,96.5999984741211,96.68000030517578,0.0,44.09000015258789,44.439998626708984,34.279998779296875,34.400001525878906,0.0
2020-06-16,27.6299991607666,27.799999237060547,27.344999313354492,27.434999465942383,8700.0,315.4800109863281,315.6400146484375,307.6700134277344,312.9599914550781,137627500.0,243.77999877929688,244.38999938964844,239.10000610351562,242.85000610351562,48890100.0,51.3849983215332,51.69499969482422,50.459999084472656,51.255001068115234,27935800.0,0.7609999775886536,0.7839999794960022,0.7229999899864197,0.7559999823570251,0.0,96.55999755859375,97.25,96.43000030517578,96.95999908447266,0.0,34.279998779296875,37.45000076293945,31.729999542236328,33.66999816894531,0.0
2020-06-17,27.510000228881836,27.68000030517578,27.440000534057617,27.479999542236328,10900.0,314.07000732421875,314.3900146484375,310.8599853515625,311.6600036621094,83398900.0,244.39999389648438,245.5,242.72999572753906,243.6199951171875,34749300.0,51.54499816894531,51.72999954223633,51.15999984741211,51.244998931884766,17324200.0,0.7559999823570251,0.7630000114440918,0.7279999852180481,0.7329999804496765,0.0,97.01000213623047,97.33999633789062,96.80000305175781,97.16000366210938,0.0,33.279998779296875,35.16999816894531,32.25,33.470001220703125,0.0
2020-06-18,27.530000686645508,27.530000686645508,27.47800064086914,27.47800064086914,700.0,310.010009765625,312.29998779296875,309.510009765625,311.7799987792969,80828700.0,243.2899932861328,244.52999877929688,242.49000549316406,244.27999877929688,30578600.0,51.150001525878906,51.529998779296875,51.040000915527344,51.474998474121094,13717200.0,0.7039999961853027,0.7080000042915344,0.6940000057220459,0.6940000057220459,0.0,97.08000183105469,97.58000183105469,96.94999694824219,97.41999816894531,0.0,33.83000183105469,36.25,32.2400016784668,32.939998626708984,0.0
2020-06-19,27.719999313354492,27.729000091552734,27.239999771118164,27.378999710083008,8800.0,314.1700134277344,314.3800048828125,306.5299987792969,308.6400146484375,135549600.0,246.72999572753906,247.0,242.4499969482422,244.24000549316406,49422100.0,52.095001220703125,52.154998779296875,50.875,51.119998931884766,31280000.0,0.7329999804496765,0.7450000047683716,0.6869999766349792,0.6970000267028809,0.0,97.41999816894531,97.72000122070312,97.16000366210938,97.62000274658203,0.0,32.06999969482422,35.119998931884766,30.399999618530273,35.119998931884766,0.0
2020-06-22,27.440000534057617,27.555999755859375,27.440000534057617,27.555999755859375,1600.0,307.989990234375,311.04998779296875,306.75,310.6199951171875,74649400.0,243.67999267578125,246.8699951171875,243.3800048828125,246.74000549316406,24068700.0,51.04499816894531,51.98500061035156,50.96500015258789,51.939998626708984,14738000.0,0.6949999928474426,0.7089999914169312,0.6740000247955322,0.7039999961853027,0.0,97.66000366210938,97.73999786376953,97.01000213623047,97.04000091552734,0.0,35.220001220703125,35.38999938964844,31.639999389648438,31.770000457763672,0.0
2020-06-23,27.65999984741211,27.87700080871582,27.65999984741211,27.68199920654297,2100.0,313.489990234375,314.5,311.6099853515625,312.04998779296875,68471200.0,248.38999938964844,251.14999389648438,247.82000732421875,248.83999633789062,32767400.0,52.404998779296875,52.915000915527344,52.2400016784668,52.314998626708984,19028000.0,0.7250000238418579,0.7300000190734863,0.7070000171661377,0.7089999914169312,0.0,96.93000030517578,97.25,96.38999938964844,96.69000244140625,0.0,31.709999084472656,31.709999084472656,29.260000228881836,31.3700008392334,0.0
2020-06-24,27.6200008392334,27.6200008392334,26.860000610351562,26.93899917602539,6900.0,309.8399963378906,310.510009765625,302.1000061035156,304.0899963378906,132813500.0,248.05999755859375,249.3300018310547,242.16000366210938,243.7100067138672,46032400.0,52.099998474121094,52.38999938964844,50.85499954223633,51.1349983215332,25425600.0,0.7300000190734863,0.7300000190734863,0.6790000200271606,0.6840000152587891,0.0,96.66000366210938,97.23999786376953,96.55000305175781,97.1500015258789,0.0,31.049999237060547,37.119998931884766,30.950000762939453,33.84000015258789,0.0
2020-06-25,27.09000015258789,27.280000686645508,26.969999313354492,27.280000686645508,5800.0,303.4700012207031,307.6400146484375,301.2799987792969,307.3500061035156,89468000.0,243.8000030517578,246.33999633789062,241.13999938964844,246.02999877929688,36940800.0,51.209999084472656,51.845001220703125,50.654998779296875,51.790000915527344,20534400.0,0.6639999747276306,0.6769999861717224,0.6579999923706055,0.6740000247955322,0.0,97.23999786376953,97.5999984741211,97.16000366210938,97.43000030517578,0.0,36.59000015258789,36.93000030517578,31.59000015258789,32.220001220703125,0.0
2020-06-26,27.34000015258789,27.34000015258789,26.611000061035156,26.611000061035156,4300.0,306.1600036621094,306.3900146484375,299.4200134277344,300.04998779296875,127961000.0,245.77999877929688,245.9600067138672,239.67999267578125,240.22000122070312,52824600.0,51.689998626708984,51.76499938964844,50.6150016784668,50.77000045776367,44275600.0,0.6690000295639038,0.6710000038146973,0.6320000290870667,0.6359999775886536,0.0,97.3499984741211,97.68000030517578,97.26000213623047,97.5,0.0,33.0099983215332,36.25,31.040000915527344,34.72999954223633,0.0
2020-06-29,26.809999465942383,26.950000762939453,26.510000228881836,26.950000762939453,8000.0,301.4100036621094,304.6099853515625,298.92999267578125,304.4599914550781,79773300.0,239.97000122070312,242.85000610351562,237.35000610351562,242.83999633789062,34377800.0,50.76499938964844,51.33000183105469,50.154998779296875,51.32500076293945,18547200.0,0.6510000228881836,0.6539999842643738,0.6320000290870667,0.6359999775886536,0.0,97.5,97.6500015258789,97.11000061035156,97.54000091552734,0.0,35.04999923706055,36.310001373291016,31.780000686645508,31.780000686645508,0.0
2020-06-30,27.000999450683594,27.45599937438965,27.000999450683594,27.45599937438965,2100.0,303.989990234375,310.20001220703125,303.82000732421875,308.3599853515625,113394800.0,242.77000427246094,248.16000366210938,242.5800018310547,247.60000610351562,38909200.0,51.33000183105469,52.45500183105469,51.2599983215332,52.244998931884766,16500000.0,0.625,0.6660000085830688,0.6190000176429749,0.652999997138977,0.0,97.4000015258789,97.80000305175781,97.2300033569336,97.38999938964844,0.0,32.540000915527344,32.939998626708984,29.559999465942383,30.43000030517578,0.0
2020-07-01,27.53499984741211,27.65999984741211,27.510000228881836,27.613000869750977,3200.0,309.57000732421875,311.8900146484375,309.07000732421875,310.5199890136719,72396500.0,247.63999938964844,251.52000427246094,247.0800018310547,250.49000549316406,34689200.0,52.279998779296875,52.6349983215332,52.040000915527344,52.33000183105469,21709200.0,0.6809999942779541,0.7020000219345093,0.6679999828338623,0.6819999814033508,0.0,97.38999938964844,97.62000274658203,97.02999877929688,97.19999694824219,0.0,30.959999084472656,31.760000228881836,28.200000762939453,28.6200008392334,0.0
2020-07-02,28.0,28.0,27.70599937438965,27.70599937438965,3400.0,314.239990234375,315.70001220703125,311.510009765625,312.2300109863281,69344200.0,253.02000427246094,254.27000427246094,251.7100067138672,252.19000244140625,31956500.0,52.82500076293945,53.11000061035156,52.525001525878906,52.6349983215332,19144600.0,0.6790000200271606,0.7239999771118164,0.6639999747276306,0.6690000295639038,0.0,97.1500015258789,97.33999633789062,96.80999755859375,97.31999969482422,0.0,28.329999923706055,28.440000534057617,25.899999618530273,27.68000030517578,0.0
2020-07-06,28.010000228881836,28.239999771118164,28.010000228881836,28.163000106811523,16100.0,316.3699951171875,317.67999267578125,315.55999755859375,317.04998779296875,61713800.0,255.4499969482422,258.92999267578125,255.42999267578125,258.3900146484375,34589000.0,53.314998626708984,53.80500030517578,53.28499984741211,53.55500030517578,16046200.0,0.6959999799728394,0.7120000123977661,0.6840000152587891,0.6840000152587891,0.0,97.1500015258789,97.19999694824219,96.56999969482422,96.79000091552734,0.0,27.760000228881836,28.329999923706055,24.920000076293945,27.940000534057617,0.0
2020-07-07,28.209999084472656,28.315000534057617,27.899999618530273,27.899999618530273,2800.0,315.3800048828125,317.5199890136719,313.3699951171875,313.7799987792969,82910000.0,258.1300048828125,260.8800048828125,256.29998779296875,256.6099853515625,36578200.0,53.494998931884766,54.03499984741211,52.939998626708984,52.994998931884766,15863600.0,0.6740000247955322,0.6809999942779541,0.6399999856948853,0.6499999761581421,0.0,96.75,97.1500015258789,96.5999984741211,96.87999725341797,0.0,28.770000457763672,29.6299991607666,27.25,29.43000030517578,0.0
2020-07-08,27.979999542236328,28.170000076293945,27.979999542236328,28.170000076293945,7600.0,314.6099853515625,316.29998779296875,312.70001220703125,316.17999267578125,54638600.0,257.9800109863281,260.0199890136719,256.5,259.989990234375,30426300.0,53.415000915527344,53.8650016784668,53.130001068115234,53.86000061035156,13327000.0,0.6549999713897705,0.6740000247955322,0.6449999809265137,0.652999997138977,0.0,96.98999786376953,97.05000305175781,96.4000015258789,96.43000030517578,0.0,28.950000762939453,30.200000762939453,27.239999771118164,28.079999923706055,0.0
2020-07-09,28.149999618530273,28.149999618530273,27.86199951171875,28.076000213623047,4500.0,316.8399963378906,317.1000061035156,310.67999267578125,314.3800048828125,83354200.0,261.9700012207031,262.8699951171875,257.6300048828125,262.17999267578125,40312900.0,54.29999923706055,54.310001373291016,53.279998779296875,54.05500030517578,17767800.0,0.6549999713897705,0.6549999713897705,0.5989999771118164,0.6050000190734863,0.0,96.44999694824219,96.80999755859375,96.23999786376953,96.69999694824219,0.0,28.18000030517578,31.479999542236328,26.110000610351562,29.260000228881836,0.0
2020-07-10,28.18000030517578,28.28499984741211,27.829999923706055,28.28499984741211,9300.0,314.30999755859375,317.8800048828125,312.760009765625,317.5899963378906,57550400.0,262.0299987792969,264.2300109863281,259.260009765625,263.9700012207031,32885300.0,53.93000030517578,54.064998626708984,53.400001525878906,54.040000915527344,14724600.0,0.5839999914169312,0.6370000243186951,0.5730000138282776,0.6330000162124634,0.0,96.75,96.97000122070312,96.44000244140625,96.6500015258789,0.0,30.860000610351562,30.90999984741211,27.1299991607666,27.290000915527344,0.0
2020-07-13,28.549999237060547,28.631999969482422,27.8700008392334,27.8700008392334,17800.0,320.1300048828125,322.7099914550781,314.1300048828125,314.8399963378906,102997500.0,266.9100036621094,269.7900085449219,257.69000244140625,258.5400085449219,64108100.0,54.5,54.86000061035156,52.78499984741211,52.91999816894531,28910400.0,0.6480000019073486,0.6629999876022339,0.6349999904632568,0.6399999856948853,0.0,96.66000366210938,96.68000030517578,96.2699966430664,96.45999908447266,0.0,27.850000381469727,32.45000076293945,26.8700008392334,32.189998626708984,0.0
2020-07-14,27.860000610351562,28.243999481201172,27.709999084472656,28.243999481201172,3900.0,313.29998779296875,319.760009765625,312.0,318.9200134277344,93657000.0,255.92999267578125,260.7900085449219,252.75999450683594,260.3699951171875,72230500.0,52.5,53.60499954223633,51.939998626708984,53.529998779296875,30053200.0,0.6269999742507935,0.6320000290870667,0.6000000238418579,0.6150000095367432,0.0,96.54000091552734,96.69999694824219,96.18000030517578,96.26000213623047,0.0,31.139999389648438,33.66999816894531,29.209999084472656,29.520000457763672,0.0
2020-07-15,28.549999237060547,28.549999237060547,28.26099967956543,28.464000701904297,7500.0,322.4100036621094,323.0400085449219,319.2699890136719,321.8500061035156,87196500.0,261.8299865722656,262.69000244140625,257.489990234375,260.8999938964844,54523900.0,54.02000045776367,54.28499984741211,53.189998626708984,53.81999969482422,23779200.0,0.6499999761581421,0.6579999923706055,0.6179999709129333,0.6299999952316284,0.0,96.16999816894531,96.25,95.77999877929688,96.08000183105469,0.0,29.149999618530273,30.09000015258789,27.170000076293945,27.760000228881836,0.0
2020-07-16,28.989999771118164,28.989999771118164,28.215999603271484,28.32900047302246,6500.0,319.7900085449219,321.2799987792969,319.0899963378906,320.7900085449219,54622500.0,258.0199890136719,259.7799987792969,255.6199951171875,259.1199951171875,47594100.0,53.244998931884766,53.39500045776367,52.744998931884766,53.154998779296875,17180600.0,0.6179999709129333,0.6200000047683716,0.6000000238418579,0.6119999885559082,0.0,96.0,96.4000015258789,95.88999938964844,96.3499984741211,0.0,28.40999984741211,29.290000915527344,26.979999542236328,28.0,0.0
2020-07-17,28.360000610351562,28.579999923706055,28.360000610351562,28.516000747680664,8200.0,321.8800048828125,322.57000732421875,319.739990234375,321.7200012207031,62774900.0,259.5899963378906,260.30999755859375,257.1700134277344,259.4200134277344,35137900.0,53.470001220703125,53.564998626708984,52.92499923706055,53.415000915527344,12710400.0,0.6039999723434448,0.6320000290870667,0.6000000238418579,0.628000020980835,0.0,96.27999877929688,96.33000183105469,95.9000015258789,95.94000244140625,0.0,27.149999618530273,27.540000915527344,25.40999984741211,25.68000030517578,0.0
2020-07-20,28.610000610351562,28.889999389648438,28.610000610351562,28.889999389648438,6700.0,321.42999267578125,325.1300048828125,320.6199951171875,324.32000732421875,56308800.0,260.0799865722656,267.42999267578125,258.7900085449219,266.7799987792969,40610100.0,53.564998626708984,54.90999984741211,53.26499938964844,54.779998779296875,17018400.0,0.6069999933242798,0.625,0.6019999980926514,0.6200000047683716,0.0,96.01000213623047,96.18000030517578,95.7300033569336,95.83000183105469,0.0,26.940000534057617,27.079999923706055,24.350000381469727,24.459999084472656,0.0
2020-07-21,29.149999618530273,29.149999618530273,28.780000686645508,28.780000686645508,4100.0,326.45001220703125,326.92999267578125,323.94000244140625,325.010009765625,57292200.0,268.3999938964844,268.4100036621094,263.1300048828125,264.0,43243800.0,55.16999816894531,55.189998626708984,54.029998779296875,54.22999954223633,18794800.0,0.6169999837875366,0.621999979019165,0.593999981880188,0.6069999933242798,0.0,95.75,95.91999816894531,95.05000305175781,95.12000274658203,0.0,24.079999923706055,25.649999618530273,23.610000610351562,24.84000015258789,0.0
2020-07-22,28.790000915527344,28.965999603271484,28.790000915527344,28.965999603271484,2200.0,324.6199951171875,327.20001220703125,324.5,326.8599853515625,57792900.0,264.510009765625,265.8900146484375,262.54998779296875,264.92999267578125,29865500.0,54.279998779296875,54.834999084472656,54.23500061035156,54.665000915527344,15028000.0,0.5910000205039978,0.5989999771118164,0.5820000171661377,0.5950000286102295,0.0,95.12999725341797,95.41000366210938,94.83000183105469,94.97000122070312,0.0,24.559999465942383,26.260000228881836,24.1299991607666,24.31999969482422,0.0
2020-07-23,29.09000015258789,29.09000015258789,28.507999420166016,28.579999923706055,3300.0,326.4700012207031,327.2300109863281,321.4800109863281,322.9599914550781,75738000.0,264.510009765625,265.239990234375,256.54998779296875,258.010009765625,51363500.0,54.375,54.73500061035156,53.005001068115234,53.244998931884766,23349600.0,0.5839999914169312,0.5920000076293945,0.5740000009536743,0.5820000171661377,0.0,94.9800033569336,95.18000030517578,94.58999633789062,94.69000244140625,0.0,23.969999313354492,26.950000762939453,23.600000381469727,26.079999923706055,0.0
2020-07-24,28.34000015258789,28.350000381469727,28.139999389648438,28.25,7100.0,320.95001220703125,321.989990234375,319.25,320.8800048828125,73766600.0,254.0399932861328,256.92999267578125,251.32000732421875,255.55999755859375,54054500.0,52.35499954223633,52.94499969482422,51.73500061035156,52.599998474121094,22911600.0,0.5860000252723694,0.597000002861023,0.5770000219345093,0.5889999866485596,0.0,94.7699966430664,94.83000183105469,94.33000183105469,94.44000244140625,0.0,27.959999084472656,28.579999923706055,25.530000686645508,25.84000015258789,0.0
2020-07-27,28.450000762939453,28.510000228881836,28.375999450683594,28.503999710083008,2800.0,321.6300048828125,323.4100036621094,320.7699890136719,323.2200012207031,48293000.0,257.260009765625,260.5199890136719,256.45001220703125,260.1199951171875,36445700.0,52.91999816894531,53.48500061035156,52.814998626708984,53.43000030517578,16908000.0,0.5789999961853027,0.6100000143051147,0.5740000009536743,0.609000027179718,0.0,94.3499984741211,94.41999816894531,93.4800033569336,93.66999816894531,0.0,26.600000381469727,26.940000534057617,24.549999237060547,24.739999771118164,0.0
2020-07-28,28.5,28.5,28.27400016784668,28.27400016784668,5100.0,322.42999267578125,323.6400146484375,320.8500061035156,321.1700134277344,57495000.0,259.30999755859375,259.8500061035156,256.510009765625,256.80999755859375,31302400.0,53.26499938964844,53.43000030517578,52.76499938964844,52.80500030517578,17825400.0,0.6050000190734863,0.6069999933242798,0.5770000219345093,0.5809999704360962,0.0,93.58000183105469,94.01000213623047,93.48999786376953,93.76000213623047,0.0,24.860000610351562,25.850000381469727,24.049999237060547,25.440000534057617,0.0
2020-07-29,28.56999969482422,28.69300079345703,28.56999969482422,28.69300079345703,1900.0,322.1199951171875,325.7300109863281,322.0799865722656,325.1199951171875,48454200.0,258.3999938964844,260.6600036621094,257.9100036621094,259.7699890136719,27556900.0,53.005001068115234,53.71500015258789,53.005001068115234,53.56999969482422,13187000.0,0.5839999914169312,0.5950000286102295,0.5709999799728394,0.5789999961853027,0.0,93.75,93.80000305175781,93.18000030517578,93.26000213623047,0.0,25.15999984741211,25.420000076293945,23.729999542236328,24.100000381469727,0.0
2020-07-30,28.496999740600586,28.718000411987305,28.3799991607666,28.718000411987305,1400.0,321.8999938964844,324.4100036621094,319.6400146484375,323.9599914550781,61861700.0,257.739990234375,261.7099914550781,256.54998779296875,261.1300048828125,41774500.0,53.084999084472656,53.904998779296875,52.79999923706055,53.869998931884766,21556800.0,0.5609999895095825,0.5609999895095825,0.5379999876022339,0.5410000085830688,0.0,93.31999969482422,93.68000030517578,92.93000030517578,93.0199966430664,0.0,25.040000915527344,28.290000915527344,24.639999389648438,24.760000228881836,0.0
2020-07-31,28.799999237060547,28.959999084472656,28.524999618530273,28.959999084472656,6400.0,325.8999938964844,326.6300048828125,321.3299865722656,326.5199890136719,84986800.0,265.9100036621094,265.95001220703125,260.8500061035156,265.7900085449219,53686300.0,54.720001220703125,55.23500061035156,53.83000183105469,55.21500015258789,25185800.0,0.5299999713897705,0.5640000104904175,0.527999997138977,0.5360000133514404,0.0,92.81999969482422,93.54000091552734,92.55000305175781,93.48999786376953,0.0,24.790000915527344,26.40999984741211,23.549999237060547,24.459999084472656,0.0
2020-08-03,29.049999237060547,29.280000686645508,29.049999237060547,29.22800064086914,5400.0,328.32000732421875,329.6199951171875,327.7300109863281,328.7900085449219,53077900.0,268.0,270.1499938964844,267.8699951171875,269.3800048828125,32081600.0,55.96500015258789,56.755001068115234,55.939998626708984,56.57500076293945,24327000.0,0.5590000152587891,0.5720000267028809,0.5529999732971191,0.5630000233650208,0.0,93.45999908447266,93.98999786376953,93.31999969482422,93.5,0.0,25.75,26.010000228881836,22.170000076293945,24.280000686645508,0.0
2020-08-04,29.280000686645508,29.309999465942383,29.18000030517578,29.302000045776367,4700.0,327.8599853515625,330.05999755859375,327.8599853515625,330.05999755859375,41917900.0,268.8599853515625,270.4800109863281,268.0899963378906,270.3800048828125,24911300.0,56.45500183105469,56.724998474121094,56.209999084472656,56.720001220703125,17971600.0,0.5379999876022339,0.5379999876022339,0.5099999904632568,0.5149999856948853,0.0,93.55999755859375,93.83000183105469,93.2300033569336,93.37999725341797,0.0,24.010000228881836,24.760000228881836,22.920000076293945,23.760000228881836,0.0
2020-08-05,29.540000915527344,29.540000915527344,29.399999618530273,29.520000457763672,5600.0,331.4700012207031,332.3900146484375,331.17999267578125,332.1099853515625,42697700.0,270.8800048828125,271.5199890136719,269.9599914550781,271.04998779296875,21612100.0,56.900001525878906,57.060001373291016,56.64500045776367,56.93000030517578,12960200.0,0.5299999713897705,0.5529999732971191,0.527999997138977,0.5429999828338623,0.0,93.2300033569336,93.25,92.55999755859375,92.83000183105469,0.0,23.440000534057617,23.610000610351562,22.860000610351562,22.989999771118164,0.0
2020-08-06,29.559999465942383,29.7450008392334,29.475000381469727,29.7450008392334,3900.0,331.4800109863281,334.4599914550781,331.1300048828125,334.3299865722656,43679400.0,270.8500061035156,274.9800109863281,270.19000244140625,274.6400146484375,28048200.0,56.8849983215332,57.78499984741211,56.7599983215332,57.72999954223633,16399400.0,0.5220000147819519,0.5429999828338623,0.5040000081062317,0.5360000133514404,0.0,92.7699966430664,93.08999633789062,92.5199966430664,92.79000091552734,0.0,23.030000686645508,24.110000610351562,20.969999313354492,22.649999618530273,0.0
2020-08-07,29.709999084472656,29.7549991607666,29.579999923706055,29.697999954223633,5700.0,333.2799987792969,334.8800048828125,332.29998779296875,334.57000732421875,57308300.0,274.0799865722656,274.8800048828125,269.25,271.4700012207031,44969400.0,57.5,57.505001068115234,56.41999816894531,56.869998931884766,27476200.0,0.531000018119812,0.5690000057220459,0.5249999761581421,0.5619999766349792,0.0,92.80999755859375,93.62000274658203,92.76000213623047,93.44000244140625,0.0,23.450000762939453,24.020000457763672,22.020000457763672,22.209999084472656,0.0
2020-08-10,29.8700008392334,29.8700008392334,29.665000915527344,29.68899917602539,1600.0,335.05999755859375,335.7699890136719,332.9599914550781,335.57000732421875,44282100.0,271.7699890136719,271.9800109863281,266.6700134277344,270.30999755859375,35088400.0,56.97999954223633,57.07500076293945,55.94499969482422,56.709999084472656,16481200.0,0.5540000200271606,0.5759999752044678,0.5460000038146973,0.5740000009536743,0.0,93.38999938964844,93.69999694824219,93.30000305175781,93.58000183105469,0.0,22.8799991607666,23.520000457763672,21.459999084472656,22.1299991607666,0.0
2020-08-11,29.850000381469727,29.850000381469727,29.375999450683594,29.375999450683594,2800.0,336.8500061035156,337.5400085449219,332.010009765625,332.79998779296875,69601100.0,269.1099853515625,270.44000244140625,264.6300048828125,265.19000244140625,43104300.0,56.525001525878906,56.76499938964844,55.57500076293945,55.689998626708984,18844400.0,0.6100000143051147,0.6610000133514404,0.6100000143051147,0.6579999923706055,0.0,93.5999984741211,93.73999786376953,93.16999816894531,93.62999725341797,0.0,21.850000381469727,24.93000030517578,20.280000686645508,24.030000686645508,0.0
2020-08-12,29.489999771118164,29.899999618530273,29.489999771118164,29.83300018310547,2600.0,335.44000244140625,338.2799987792969,335.4100036621094,337.44000244140625,53774400.0,267.4200134277344,272.8399963378906,267.3699951171875,271.8599853515625,38773400.0,56.13999938964844,57.10499954223633,56.06999969482422,56.95500183105469,14196800.0,0.675000011920929,0.6899999976158142,0.6549999713897705,0.6700000166893005,0.0,93.68000030517578,93.91000366210938,93.2699966430664,93.44000244140625,0.0,22.81999969482422,22.8799991607666,21.540000915527344,22.280000686645508,0.0
2020-08-13,29.889999389648438,29.889999389648438,29.77899932861328,29.81599998474121,1200.0,336.6099853515625,338.25,335.8299865722656,336.8299865722656,41816100.0,272.6600036621094,274.8299865722656,271.510009765625,272.4800109863281,31895700.0,57.03499984741211,57.45500183105469,56.775001525878906,56.97999954223633,11453600.0,0.6819999814033508,0.7269999980926514,0.675000011920929,0.7160000205039978,0.0,93.37000274658203,93.38999938964844,92.93000030517578,93.33999633789062,0.0,22.200000762939453,22.920000076293945,21.450000762939453,22.1299991607666,0.0
2020-08-14,29.8799991607666,29.93000030517578,29.815000534057617,29.83300018310547,1500.0,336.4100036621094,337.4200134277344,335.6199951171875,336.8399963378906,47260400.0,273.1199951171875,273.3999938964844,270.7200012207031,272.1600036621094,30799500.0,57.005001068115234,57.10499954223633,56.625,56.939998626708984,8334200.0,0.7080000042915344,0.7129999995231628,0.6909999847412109,0.7089999914169312,0.0,93.22000122070312,93.41000366210938,93.0199966430664,93.0999984741211,0.0,22.270000457763672,23.549999237060547,21.790000915527344,22.049999237060547,0.0
2020-08-17,30.139999389648438,30.139999389648438,30.010000228881836,30.08799934387207,17900.0,337.94000244140625,338.3399963378906,336.8500061035156,337.9100036621094,35481000.0,273.92999267578125,275.8399963378906,272.20001220703125,275.32000732421875,24803000.0,57.28499984741211,57.45000076293945,57.21500015258789,57.31999969482422,8174600.0,0.6869999766349792,0.6930000185966492,0.6669999957084656,0.6830000281333923,0.0,93.0999984741211,93.12000274658203,92.7699966430664,92.8499984741211,0.0,22.520000457763672,22.81999969482422,21.34000015258789,21.350000381469727,0.0
2020-08-18,30.290000915527344,30.290000915527344,30.045000076293945,30.118000030517578,3100.0,338.3399963378906,339.1000061035156,336.6099853515625,338.6400146484375,38733900.0,276.4200134277344,278.4599914550781,274.9100036621094,277.9700012207031,23529500.0,57.43000030517578,57.689998626708984,57.04999923706055,57.53499984741211,8930000.0,0.6790000200271606,0.6880000233650208,0.6570000052452087,0.6690000295639038,0.0,92.81999969482422,92.81999969482422,92.12999725341797,92.2699966430664,0.0,21.690000534057617,22.549999237060547,21.18000030517578,21.510000228881836,0.0
2020-08-19,30.200000762939453,30.270000457763672,30.024999618530273,30.030000686645508,5600.0,339.04998779296875,339.6099853515625,336.6199951171875,337.2300109863281,68054200.0,277.92999267578125,279.0199890136719,275.57000732421875,276.1000061035156,31999400.0,57.68000030517578,57.935001373291016,57.369998931884766,57.46500015258789,14239400.0,0.656000018119812,0.6880000233650208,0.6480000019073486,0.675000011920929,0.0,92.27999877929688,93.05000305175781,92.1500015258789,92.88999938964844,0.0,21.600000381469727,22.979999542236328,20.989999771118164,22.540000915527344,0.0
2020-08-20,29.799999237060547,30.31999969482422,29.799999237060547,30.29199981689453,4000.0,335.3599853515625,338.79998779296875,335.2200012207031,338.2799987792969,42207800.0,275.2799987792969,280.42999267578125,274.8599853515625,279.92999267578125,27723400.0,57.25,58.345001220703125,57.189998626708984,58.22999954223633,12803000.0,0.6480000019073486,0.652999997138977,0.6380000114440918,0.6439999938011169,0.0,92.95999908447266,93.23999786376953,92.7300033569336,92.79000091552734,0.0,24.100000381469727,24.600000381469727,22.3700008392334,22.719999313354492,0.0
2020-08-21,30.350000381469727,30.42300033569336,30.270000457763672,30.42300033569336,2900.0,337.9200134277344,339.7200012207031,337.54998779296875,339.4800109863281,55106600.0,280.1300048828125,282.3399963378906,279.4599914550781,281.8699951171875,34748900.0,58.28499984741211,59.03499984741211,58.255001068115234,58.970001220703125,15288600.0,0.6320000290870667,0.656000018119812,0.6230000257492065,0.6399999856948853,0.0,92.72000122070312,93.47000122070312,92.58000183105469,93.25,0.0,22.579999923706055,24.469999313354492,22.059999465942383,22.540000915527344,0.0
2020-08-24,30.770000457763672,30.770000457763672,30.524999618530273,30.610000610351562,8400.0,342.1199951171875,343.0,339.45001220703125,342.9200134277344,48588700.0,285.25,286.0,281.2699890136719,283.6300048828125,36418500.0,59.81999969482422,59.84000015258789,58.98500061035156,59.47999954223633,16440600.0,0.6330000162124634,0.6510000228881836,0.621999979019165,0.6460000276565552,0.0,93.19999694824219,93.33999633789062,92.83999633789062,93.30000305175781,0.0,22.8700008392334,23.18000030517578,21.25,22.3700008392334,0.0
2020-08-25,30.90999984741211,30.90999984741211,30.59000015258789,30.829999923706055,3200.0,343.5299987792969,344.2099914550781,342.2699890136719,344.1199951171875,38463400.0,282.8299865722656,286.05999755859375,282.3699951171875,285.8599853515625,34866600.0,59.345001220703125,59.80500030517578,59.255001068115234,59.779998779296875,18628200.0,0.6850000023841858,0.7160000205039978,0.6790000200271606,0.6819999814033508,0.0,93.27999877929688,93.3499984741211,92.97000122070312,93.0199966430664,0.0,22.15999984741211,23.43000030517578,21.530000686645508,22.030000686645508,0.0
2020-08-26,30.959999084472656,31.309999465942383,30.899999618530273,31.28499984741211,4000.0,344.760009765625,347.8599853515625,344.1700134277344,347.57000732421875,50790200.0,287.1499938964844,292.2200012207031,285.8299865722656,291.9599914550781,42216700.0,60.404998779296875,61.154998779296875,60.27000045776367,60.994998931884766,16463000.0,0.7160000205039978,0.7210000157356262,0.6850000023841858,0.6869999766349792,0.0,93.0199966430664,93.36000061035156,92.8499984741211,93.01000213623047,0.0,22.139999389648438,23.270000457763672,20.920000076293945,23.270000457763672,0.0
2020-08-27,31.299999237060547,31.479999542236328,31.190000534057617,31.31399917602539,18400.0,348.510009765625,349.8999938964844,346.5299987792969,348.3299865722656,58034100.0,292.9700012207031,293.8500061035156,288.7099914550781,291.04998779296875,49482700.0,61.25,61.529998779296875,60.494998931884766,61.04499816894531,18174200.0,0.675000011920929,0.7459999918937683,0.6489999890327454,0.7459999918937683,0.0,92.8499984741211,93.31999969482422,92.41999816894531,93.01000213623047,0.0,23.420000076293945,27.09000015258789,21.440000534057617,24.469999313354492,0.0
2020-08-28,31.399999618530273,31.565000534057617,31.399999618530273,31.565000534057617,2700.0,349.44000244140625,350.7200012207031,348.1499938964844,350.5799865722656,48588900.0,292.3299865722656,293.17999267578125,290.92999267578125,292.5299987792969,28021000.0,61.28499984741211,61.779998779296875,61.20500183105469,61.58000183105469,13092600.0,0.7390000224113464,0.7459999918937683,0.7129999995231628,0.7289999723434448,0.0,93.0199966430664,93.0999984741211,92.19999694824219,92.37000274658203,0.0,24.59000015258789,26.299999237060547,22.639999389648438,22.959999084472656,0.0
2020-08-31,31.40999984741211,31.735000610351562,31.40999984741211,31.655000686645508,5300.0,350.3500061035156,351.29998779296875,349.05999755859375,349.30999755859375,66099200.0,293.07000732421875,296.75,292.6199951171875,294.8800048828125,36321000.0,61.82500076293945,62.17499923706055,61.439998626708984,61.775001525878906,19040000.0,0.7329999804496765,0.7390000224113464,0.6919999718666077,0.6930000185966492,0.0,92.30000305175781,92.4800033569336,91.98999786376953,92.13999938964844,0.0,23.90999984741211,26.5,21.770000457763672,26.40999984741211,0.0
2020-09-01,31.81999969482422,31.90999984741211,31.604999542236328,31.899999618530273,4200.0,350.2099914550781,352.7099914550781,349.239990234375,352.6000061035156,54908700.0,297.6199951171875,300.0400085449219,295.7900085449219,299.9200134277344,36216200.0,62.33000183105469,63.03499984741211,61.939998626708984,62.95500183105469,25612600.0,0.7200000286102295,0.7289999723434448,0.6710000038146973,0.671999990940094,0.0,92.18000030517578,92.4000015258789,91.75,92.33999633789062,0.0,25.860000610351562,26.59000015258789,25.020000457763672,26.1200008392334,0.0
2020-09-02,32.349998474121094,32.41400146484375,31.989999771118164,32.41400146484375,5800.0,354.6700134277344,358.75,353.42999267578125,357.70001220703125,69540000.0,303.2799987792969,303.5,296.8900146484375,302.760009765625,50836800.0,63.85499954223633,63.86000061035156,62.404998779296875,63.51499938964844,40395000.0,0.6769999861717224,0.6869999766349792,0.6430000066757202,0.6510000228881836,0.0,92.27999877929688,92.87000274658203,92.20999908447266,92.8499984741211,0.0,26.010000228881836,27.06999969482422,25.530000686645508,26.56999969482422,0.0
2020-09-03,32.150001525878906,32.150001525878906,31.0,31.08099937438965,10700.0,355.8699951171875,356.3800048828125,342.5899963378906,345.3900146484375,148011100.0,298.1000061035156,298.6199951171875,284.4100036621094,287.4100036621094,110083300.0,62.5,62.54999923706055,59.400001525878906,59.89500045776367,54162000.0,0.6510000228881836,0.6579999923706055,0.6060000061988831,0.621999979019165,0.0,92.66000366210938,93.06999969482422,92.6500015258789,92.73999786376953,0.0,26.280000686645508,35.939998626708984,25.65999984741211,33.599998474121094,0.0
2020-09-04,31.170000076293945,31.170000076293945,29.924999237060547,30.700000762939453,18900.0,346.1300048828125,347.8299865722656,334.8699951171875,342.57000732421875,139156300.0,285.55999755859375,288.92999267578125,271.79998779296875,283.5799865722656,123959000.0,59.560001373291016,60.40999984741211,56.525001525878906,59.060001373291016,62544200.0,0.6489999890327454,0.7210000157356262,0.6430000066757202,0.7210000157356262,0.0,92.80000305175781,93.23999786376953,92.66000366210938,92.72000122070312,0.0,34.619998931884766,38.279998779296875,29.5,30.75,0.0
2020-09-08,29.8799991607666,30.139999389648438,29.5,29.690000534057617,12900.0,336.7099914550781,342.6400146484375,332.8800048828125,333.2099914550781,114465300.0,272.2200012207031,278.2200012207031,269.6600036621094,269.95001220703125,99568600.0,56.814998626708984,58.165000915527344,56.290000915527344,56.38999938964844,47860400.0,0.6790000200271606,0.6850000023841858,0.6639999747276306,0.6840000152587891,0.0,93.05000305175781,93.5,93.0,93.4800033569336,0.0,30.610000610351562,35.93000030517578,30.520000457763672,31.459999084472656,0.0
2020-09-09,30.329999923706055,30.559999465942383,30.040000915527344,30.447999954223633,3800.0,337.54998779296875,342.4599914550781,336.6099853515625,339.7900085449219,91462300.0,275.6400146484375,280.04998779296875,273.0,277.8800048828125,64837900.0,57.76499938964844,58.79999923706055,57.1349983215332,58.22999954223633,36783800.0,0.6899999976158142,0.7099999785423279,0.6740000247955322,0.703000009059906,0.0,93.58000183105469,93.66000366210938,93.13999938964844,93.26000213623047,0.0,31.68000030517578,31.780000686645508,28.1200008392334,28.809999465942383,0.0
2020-09-10,30.739999771118164,30.739999771118164,29.740999221801758,29.91699981689453,10200.0,341.82000732421875,342.5299987792969,332.8500061035156,333.8900146484375,90569500.0,280.94000244140625,282.20001220703125,270.55999755859375,272.3399963378906,69667500.0,59.029998779296875,59.119998931884766,56.56999969482422,56.915000915527344,32109800.0,0.7049999833106995,0.7229999899864197,0.6790000200271606,0.6850000023841858,0.0,93.2300033569336,93.44999694824219,92.69999694824219,93.33999633789062,0.0,28.670000076293945,30.559999465942383,27.59000015258789,29.709999084472656,0.0
2020-09-11,30.010000228881836,30.030000686645508,29.459999084472656,29.785999298095703,7200.0,335.82000732421875,336.9700012207031,331.0,334.05999755859375,84680200.0,274.1499938964844,275.2200012207031,266.8999938964844,270.45001220703125,71809000.0,57.45000076293945,57.66999816894531,55.7599983215332,56.47999954223633,37166400.0,0.6919999718666077,0.6970000267028809,0.6639999747276306,0.6690000295639038,0.0,93.33000183105469,93.37999725341797,93.0999984741211,93.33000183105469,0.0,28.6299991607666,29.729999542236328,26.510000228881836,26.8700008392334,0.0
2020-09-14,30.329999923706055,30.53499984741211,30.290000915527344,30.367000579833984,5300.0,337.489990234375,340.3800048828125,334.2200012207031,338.4599914550781,65605700.0,274.3599853515625,277.2200012207031,272.9599914550781,275.1600036621094,38525200.0,57.41999816894531,57.974998474121094,57.150001525878906,57.665000915527344,24730200.0,0.6759999990463257,0.6759999990463257,0.652999997138977,0.6710000038146973,0.0,93.29000091552734,93.33000183105469,92.87000274658203,93.06999969482422,0.0,25.860000610351562,26.790000915527344,25.3799991607666,25.850000381469727,0.0
2020-09-15,30.530000686645508,30.729999542236328,30.489999771118164,30.5939998626709,10000.0,341.1199951171875,342.0199890136719,338.4700012207031,340.1700134277344,52920900.0,279.0299987792969,280.45001220703125,275.1300048828125,279.05999755859375,41849900.0,58.54499816894531,58.650001525878906,57.845001220703125,58.23500061035156,18260400.0,0.6850000023841858,0.6890000104904175,0.6740000247955322,0.6790000200271606,0.0,93.05999755859375,93.13999938964844,92.79000091552734,93.05000305175781,0.0,25.920000076293945,26.0,24.920000076293945,25.59000015258789,0.0
2020-09-16,30.850000381469727,30.850000381469727,30.413000106811523,30.413000106811523,5300.0,341.510009765625,343.05999755859375,338.5199890136719,338.82000732421875,82096000.0,279.8800048828125,280.3599853515625,274.25,274.6099853515625,42321000.0,58.494998931884766,58.57500076293945,57.279998779296875,57.334999084472656,19637000.0,0.6690000295639038,0.7020000219345093,0.656000018119812,0.6869999766349792,0.0,93.08000183105469,93.27999877929688,92.77999877929688,93.20999908447266,0.0,25.309999465942383,26.59000015258789,24.84000015258789,26.040000915527344,0.0
2020-09-17,29.989999771118164,30.209999084472656,29.91900062561035,30.083999633789062,14400.0,333.55999755859375,337.70001220703125,332.989990234375,335.8399963378906,91523300.0,267.54998779296875,274.3999938964844,266.67999267578125,270.32000732421875,81570800.0,55.994998931884766,57.255001068115234,55.904998779296875,56.86000061035156,30403600.0,0.6629999876022339,0.6890000104904175,0.6460000276565552,0.6840000152587891,0.0,93.1500015258789,93.58999633789062,92.87000274658203,92.97000122070312,0.0,28.219999313354492,28.920000076293945,26.260000228881836,26.459999084472656,0.0
2020-09-18,30.121000289916992,30.121000289916992,29.700000762939453,29.847000122070312,2800.0,335.3699951171875,335.489990234375,327.9700012207031,330.6499938964844,105877900.0,271.7900085449219,272.0899963378906,262.6300048828125,266.8699951171875,86251100.0,56.95500183105469,57.05500030517578,55.189998626708984,55.880001068115234,41837600.0,0.6690000295639038,0.6970000267028809,0.6690000295639038,0.6940000057220459,0.0,92.86000061035156,93.01000213623047,92.7699966430664,92.93000030517578,0.0,26.649999618530273,28.100000381469727,25.280000686645508,25.829999923706055,0.0
2020-09-21,29.610000610351562,29.639999389648438,29.079999923706055,29.639999389648438,14000.0,325.70001220703125,327.1300048828125,321.7300109863281,326.9700012207031,99450800.0,262.4700012207031,267.6499938964844,260.1099853515625,267.510009765625,57168600.0,54.75,56.244998931884766,54.55500030517578,56.220001220703125,38381800.0,0.6610000133514404,0.6710000038146973,0.6480000019073486,0.6710000038146973,0.0,93.01000213623047,93.77999877929688,92.75,93.54000091552734,0.0,28.040000915527344,31.18000030517578,27.389999389648438,27.780000686645508,0.0
2020-09-22,29.899999618530273,29.93000030517578,29.600000381469727,29.920000076293945,4600.0,328.57000732421875,330.8999938964844,325.8599853515625,330.29998779296875,63612100.0,269.989990234375,273.0799865722656,266.5400085449219,272.4800109863281,41128900.0,56.85499954223633,57.255001068115234,55.88999938964844,57.11000061035156,25537400.0,0.6690000295639038,0.6790000200271606,0.6610000133514404,0.6639999747276306,0.0,93.55000305175781,94.08000183105469,93.47000122070312,93.98999786376953,0.0,28.610000610351562,28.780000686645508,26.479999542236328,26.860000610351562,0.0
2020-09-23,29.989999771118164,29.989999771118164,29.139999389648438,29.139999389648438,7700.0,330.8999938964844,331.20001220703125,322.1000061035156,322.6400146484375,93112200.0,272.1499938964844,272.3399963378906,263.25,264.1600036621094,48837300.0,57.13999938964844,57.19499969482422,55.15999984741211,55.33000183105469,23707800.0,0.6790000200271606,0.6919999718666077,0.6710000038146973,0.6759999990463257,0.0,93.98999786376953,94.43000030517578,93.93000030517578,94.38999938964844,0.0,27.020000457763672,29.729999542236328,25.190000534057617,28.579999923706055,0.0
2020-09-24,29.0,29.389999389648438,28.969999313354492,29.21299934387207,7100.0,321.2200012207031,326.79998779296875,319.79998779296875,323.5,76681300.0,261.3900146484375,268.70001220703125,261.2200012207031,265.3900146484375,70631700.0,54.814998626708984,56.33000183105469,54.744998931884766,55.63999938964844,31838600.0,0.6679999828338623,0.6740000247955322,0.6610000133514404,0.6660000085830688,0.0,94.37999725341797,94.58999633789062,94.19999694824219,94.3499984741211,0.0,29.540000915527344,30.489999771118164,27.940000534057617,28.510000228881836,0.0
2020-09-25,29.15999984741211,29.860000610351562,29.136999130249023,29.799999237060547,10900.0,322.5799865722656,329.5799865722656,321.6400146484375,328.7300109863281,71069400.0,265.9100036621094,272.3999938964844,264.29998779296875,271.55999755859375,55242400.0,55.66999816894531,57.13999938964844,55.31999969482422,56.970001220703125,19326600.0,0.6589999794960022,0.6639999747276306,0.6510000228881836,0.6589999794960022,0.0,94.31999969482422,94.73999786376953,94.19000244140625,94.58000183105469,0.0,28.170000076293945,30.43000030517578,26.020000457763672,26.3799991607666,0.0
2020-09-28,30.360000610351562,30.360000610351562,30.149999618530273,30.25,7200.0,333.2200012207031,334.9599914550781,332.1499938964844,334.19000244140625,64584600.0,276.5799865722656,277.20001220703125,271.6700134277344,277.20001220703125,58438300.0,57.915000915527344,58.064998626708984,57.435001373291016,58.060001373291016,17473200.0,0.6710000038146973,0.6710000038146973,0.656000018119812,0.6629999876022339,0.0,94.58000183105469,94.63999938964844,94.1500015258789,94.26000213623047,0.0,27.149999618530273,27.190000534057617,24.899999618530273,26.190000534057617,0.0
2020-09-29,30.315000534057617,30.315000534057617,30.239999771118164,30.239999771118164,4200.0,333.9700012207031,334.7699890136719,331.6199951171875,332.3699951171875,51304000.0,276.6199951171875,277.7099914550781,275.3699951171875,275.95001220703125,27050000.0,57.98500061035156,58.22999954223633,57.7400016784668,57.8650016784668,20851000.0,0.6499999761581421,0.6589999794960022,0.640999972820282,0.6449999809265137,0.0,94.23999786376953,94.30000305175781,93.81999969482422,93.88999938964844,0.0,26.809999465942383,27.43000030517578,25.979999542236328,26.270000457763672,0.0
2020-09-30,30.40999984741211,30.71500015258789,30.360000610351562,30.5,6100.0,333.0899963378906,338.2900085449219,332.8800048828125,334.8900146484375,104081100.0,276.1499938964844,281.0899963378906,275.8699951171875,277.8399963378906,49380800.0,57.834999084472656,58.94499969482422,57.810001373291016,58.349998474121094,22318400.0,0.6449999809265137,0.7039999961853027,0.6449999809265137,0.6769999861717224,0.0,93.8499984741211,94.19000244140625,93.66999816894531,93.88999938964844,0.0,26.690000534057617,27.1200008392334,25.059999465942383,26.3700008392334,0.0
2020-10-01,30.600000381469727,30.790000915527344,30.600000381469727,30.790000915527344,6800.0,337.69000244140625,338.739990234375,335.010009765625,337.0400085449219,88698700.0,281.7900085449219,282.8800048828125,279.8399963378906,282.25,50020200.0,59.15999984741211,59.2400016784668,58.59000015258789,58.96500015258789,27076400.0,0.7009999752044678,0.7200000286102295,0.6690000295639038,0.6769999861717224,0.0,93.80000305175781,93.91999816894531,93.52999877929688,93.70999908447266,0.0,25.780000686645508,27.110000610351562,25.329999923706055,26.700000762939453,0.0
2020-10-02,30.200000762939453,30.56999969482422,30.200000762939453,30.395000457763672,6600.0,331.70001220703125,337.010009765625,331.19000244140625,333.8399963378906,89431100.0,276.0199890136719,282.239990234375,273.44000244140625,274.30999755859375,75497400.0,57.51499938964844,58.470001220703125,57.2400016784668,57.470001220703125,37251600.0,0.6660000085830688,0.7039999961853027,0.652999997138977,0.6959999799728394,0.0,93.7300033569336,94.02999877929688,93.69000244140625,93.83999633789062,0.0,28.8700008392334,29.899999618530273,26.93000030517578,27.6299991607666,0.0
2020-10-05,30.739999771118164,30.940000534057617,30.665000915527344,30.93000030517578,17600.0,336.05999755859375,339.9599914550781,336.010009765625,339.760009765625,45713100.0,276.3399963378906,280.489990234375,276.2300109863281,280.1600036621094,28184600.0,57.880001068115234,58.76499938964844,57.845001220703125,58.72999954223633,12270600.0,0.7110000252723694,0.7620000243186951,0.7110000252723694,0.7620000243186951,0.0,93.80999755859375,93.87000274658203,93.37000274658203,93.51000213623047,0.0,29.520000457763672,29.690000534057617,27.270000457763672,27.959999084472656,0.0
2020-10-06,31.040000915527344,31.079999923706055,30.600000381469727,30.600000381469727,3500.0,339.9100036621094,342.1700134277344,334.3800048828125,334.92999267578125,90128900.0,279.45001220703125,281.19000244140625,274.25,275.1600036621094,49704200.0,58.59000015258789,59.14500045776367,57.6150016784668,57.81999969482422,26862200.0,0.7850000262260437,0.7919999957084656,0.7269999980926514,0.7419999837875366,0.0,93.44000244140625,93.8499984741211,93.33999633789062,93.83000183105469,0.0,28.049999237060547,30.0,26.010000228881836,29.479999542236328,0.0
2020-10-07,31.190000534057617,31.190000534057617,30.89699935913086,31.06999969482422,7700.0,338.1199951171875,341.6300048828125,338.0899963378906,340.760009765625,56999600.0,277.8900146484375,280.739990234375,277.2799987792969,279.9200134277344,27539700.0,58.42499923706055,58.994998931884766,58.380001068115234,58.880001068115234,12992400.0,0.7799999713897705,0.7889999747276306,0.7599999904632568,0.7850000262260437,0.0,93.83000183105469,93.9000015258789,93.55999755859375,93.62999725341797,0.0,29.260000228881836,29.760000228881836,27.940000534057617,28.059999465942383,0.0
2020-10-08,31.25,31.290000915527344,31.209999084472656,31.290000915527344,8300.0,342.8500061035156,343.8500061035156,341.8599853515625,343.7799987792969,45242500.0,282.3999938964844,282.4700012207031,280.30999755859375,281.4100036621094,25443300.0,59.39500045776367,59.39500045776367,58.98500061035156,59.185001373291016,10109600.0,0.7799999713897705,0.7799999713897705,0.7620000243186951,0.7649999856948853,0.0,93.61000061035156,93.77999877929688,93.5,93.61000061035156,0.0,27.649999618530273,27.989999771118164,24.8799991607666,26.360000610351562,0.0
2020-10-09,31.459999084472656,31.59000015258789,31.44499969482422,31.503000259399414,4200.0,345.55999755859375,347.3500061035156,344.8900146484375,346.8500061035156,59528600.0,283.1099853515625,285.7900085449219,282.7099914550781,285.7099914550781,30201100.0,59.46500015258789,60.10499954223633,59.45000076293945,60.09000015258789,14425400.0,0.7739999890327454,0.7990000247955322,0.7599999904632568,0.7749999761581421,0.0,93.55999755859375,93.58999633789062,93.01000213623047,93.05999755859375,0.0,26.200000762939453,26.219999313354492,24.030000686645508,25.0,0.0
2020-10-12,31.940000534057617,32.22999954223633,31.790000915527344,32.04999923706055,22200.0,349.5899963378906,354.0199890136719,349.05999755859375,352.42999267578125,80388500.0,290.54998779296875,297.4599914550781,289.4700012207031,294.5299987792969,79370700.0,60.974998474121094,62.1349983215332,60.66999816894531,61.72999954223633,19163800.0,0.7770000100135803,0.7770000100135803,0.7770000100135803,0.7770000100135803,0.0,93.05999755859375,93.23999786376953,93.01000213623047,93.06999969482422,0.0,25.649999618530273,25.649999618530273,24.139999389648438,25.06999969482422,0.0
2020-10-13,32.18000030517578,32.18000030517578,31.899999618530273,31.94300079345703,3300.0,352.2799987792969,352.4700012207031,349.0899963378906,350.1300048828125,73255500.0,296.3900146484375,297.04998779296875,293.1099853515625,294.5199890136719,64240000.0,61.93000030517578,62.040000915527344,61.099998474121094,61.334999084472656,17613800.0,0.7570000290870667,0.7570000290870667,0.7260000109672546,0.7269999980926514,0.0,93.02999877929688,93.5999984741211,93.02999877929688,93.52999877929688,0.0,25.670000076293945,26.93000030517578,25.15999984741211,26.06999969482422,0.0
2020-10-14,32.11000061035156,32.11000061035156,31.604999542236328,31.71299934387207,5600.0,350.75,351.92999267578125,347.1400146484375,347.92999267578125,57727900.0,295.3500061035156,296.3500061035156,290.260009765625,292.05999755859375,36949100.0,61.48500061035156,61.810001373291016,60.55500030517578,61.0099983215332,14534000.0,0.7170000076293945,0.7269999980926514,0.7089999914169312,0.722000002861023,0.0,93.54000091552734,93.66999816894531,93.25,93.37999725341797,0.0,25.719999313354492,27.229999542236328,25.530000686645508,26.399999618530273,0.0
2020-10-15,31.729999542236328,31.729999542236328,31.23200035095215,31.5939998626709,15600.0,343.7099914550781,348.0199890136719,343.1300048828125,347.5,60357700.0,287.20001220703125,290.7099914550781,286.5400085449219,290.1000061035156,42514200.0,60.0,60.85499954223633,59.84000015258789,60.73500061035156,13185000.0,0.6980000138282776,0.734000027179718,0.6930000185966492,0.7310000061988831,0.0,93.43000030517578,93.9000015258789,93.37000274658203,93.86000061035156,0.0,27.100000381469727,29.059999465942383,26.81999969482422,26.969999313354492,0.0
2020-10-16,31.760000228881836,31.834999084472656,31.61400032043457,31.61400032043457,3900.0,348.9599914550781,350.75,347.1000061035156,347.2900085449219,89501900.0,291.79998779296875,293.2699890136719,288.1499938964844,288.510009765625,40570700.0,61.06999969482422,61.314998626708984,60.505001068115234,60.560001373291016,11544200.0,0.7269999980926514,0.7570000290870667,0.7210000157356262,0.7440000176429749,0.0,93.80000305175781,93.87999725341797,93.52999877929688,93.68000030517578,0.0,27.15999984741211,27.459999084472656,26.190000534057617,27.40999984741211,0.0
2020-10-19,31.8700008392334,31.8700008392334,31.1200008392334,31.1200008392334,4500.0,348.6499938964844,349.3299865722656,341.0400085449219,342.010009765625,68425600.0,290.489990234375,291.4800109863281,282.7900085449219,283.79998779296875,36756800.0,60.8650016784668,61.095001220703125,59.26499938964844,59.45000076293945,16616400.0,0.7710000276565552,0.781000018119812,0.7570000290870667,0.7609999775886536,0.0,93.72000122070312,93.7699966430664,93.20999908447266,93.43000030517578,0.0,27.360000610351562,29.690000534057617,27.040000915527344,29.18000030517578,0.0
2020-10-20,31.420000076293945,31.490999221801758,31.202999114990234,31.243999481201172,21300.0,343.4599914550781,346.8800048828125,342.6400146484375,343.3800048828125,60051900.0,284.55999755859375,287.6199951171875,282.95001220703125,284.4100036621094,32195400.0,59.67499923706055,60.28499984741211,59.290000915527344,59.654998779296875,14566600.0,0.7789999842643738,0.7990000247955322,0.7760000228881836,0.796999990940094,0.0,93.41999816894531,93.5,93.0,93.06999969482422,0.0,28.809999465942383,29.600000381469727,28.290000915527344,29.350000381469727,0.0
2020-10-21,31.780000686645508,31.780000686645508,31.25,31.270000457763672,14300.0,343.3299865722656,345.6700134277344,342.3999938964844,342.7300109863281,63575000.0,284.6700134277344,287.32000732421875,283.69000244140625,284.19000244140625,29306100.0,59.5099983215332,60.1349983215332,59.43000030517578,59.564998626708984,12171800.0,0.8209999799728394,0.8230000138282776,0.7990000247955322,0.8159999847412109,0.0,93.05000305175781,93.06999969482422,92.47000122070312,92.61000061035156,0.0,29.1200008392334,30.549999237060547,28.3700008392334,28.649999618530273,0.0
2020-10-22,31.3700008392334,31.399999618530273,31.15999984741211,31.34000015258789,7600.0,342.9599914550781,345.239990234375,340.6499938964844,344.6099853515625,55399300.0,285.04998779296875,285.9800109863281,280.82000732421875,284.17999267578125,32196200.0,59.59000015258789,59.78499984741211,58.60499954223633,59.28499984741211,13486400.0,0.8130000233650208,0.8529999852180481,0.8040000200271606,0.8479999899864197,0.0,92.66999816894531,92.97000122070312,92.61000061035156,92.94999694824219,0.0,30.100000381469727,30.1200008392334,27.68000030517578,28.110000610351562,0.0
2020-10-23,31.25,31.389999389648438,31.204999923706055,31.389999389648438,4600.0,345.92999267578125,345.989990234375,343.1300048828125,345.7799987792969,49143900.0,284.7699890136719,284.9100036621094,281.7799987792969,284.739990234375,24658500.0,59.369998931884766,59.380001068115234,58.724998474121094,59.220001220703125,10312800.0,0.8600000143051147,0.871999979019165,0.8309999704360962,0.8410000205039978,0.0,92.93000030517578,93.12999725341797,92.66000366210938,92.7699966430664,0.0,28.469999313354492,28.670000076293945,27.260000228881836,27.549999237060547,0.0
2020-10-26,31.260000228881836,31.260000228881836,30.3799991607666,30.690000534057617,9800.0,342.1300048828125,342.9800109863281,335.6199951171875,339.3900146484375,91473000.0,282.3800048828125,285.29998779296875,276.760009765625,280.4700012207031,38421100.0,58.564998626708984,59.03499984741211,57.21500015258789,57.935001373291016,18189200.0,0.8180000185966492,0.8180000185966492,0.7910000085830688,0.8009999990463257,0.0,92.76000213623047,93.11000061035156,92.73999786376953,93.05000305175781,0.0,29.3799991607666,33.68000030517578,29.219999313354492,32.459999084472656,0.0
2020-10-27,30.829999923706055,30.829999923706055,30.6200008392334,30.6200008392334,7300.0,339.760009765625,340.1199951171875,337.989990234375,338.2200012207031,65994100.0,281.5,283.510009765625,280.20001220703125,282.6600036621094,30559100.0,58.21500015258789,58.470001220703125,57.89500045776367,58.224998474121094,19064800.0,0.7940000295639038,0.7940000295639038,0.7689999938011169,0.777999997138977,0.0,93.06999969482422,93.12999725341797,92.79000091552734,92.94000244140625,0.0,32.040000915527344,33.77000045776367,31.850000381469727,33.349998474121094,0.0
2020-10-28,30.0,30.0,29.488000869750977,29.488000869750977,6600.0,332.1000061035156,338.25,326.1300048828125,326.6600036621094,127094300.0,278.010009765625,278.6400146484375,271.3800048828125,271.6400146484375,53413500.0,57.119998931884766,57.154998779296875,55.65999984741211,55.755001068115234,32756600.0,0.7609999775886536,0.7829999923706055,0.7459999918937683,0.781000018119812,0.0,93.1500015258789,93.6500015258789,93.05000305175781,93.41000366210938,0.0,34.689998626708984,40.77000045776367,34.68000030517578,40.279998779296875,0.0
2020-10-29,29.809999465942383,30.05699920654297,29.65999984741211,29.95800018310547,3700.0,326.9100036621094,333.3999938964844,325.0899963378906,329.9800109863281,90597700.0,273.0,279.489990234375,272.5199890136719,276.3900146484375,43246300.0,55.970001220703125,57.34000015258789,55.935001373291016,56.685001373291016,19409000.0,0.7689999938011169,0.8420000076293945,0.7689999938011169,0.8349999785423279,0.0,93.45999908447266,94.0999984741211,93.33999633789062,93.95999908447266,0.0,38.79999923706055,41.15999984741211,35.630001068115234,37.59000015258789,0.0
2020-10-30,29.950000762939453,29.950000762939453,29.190000534057617,29.469999313354492,10200.0,328.2799987792969,329.69000244140625,322.6000061035156,326.5400085449219,120287300.0,274.3399963378906,275.239990234375,267.07000732421875,269.3800048828125,65838300.0,55.88999938964844,56.2400016784668,54.78499984741211,55.43000030517578,25848600.0,0.8199999928474426,0.8650000095367432,0.8159999847412109,0.8600000143051147,0.0,93.91999816894531,94.08000183105469,93.6500015258789,94.04000091552734,0.0,40.810001373291016,41.09000015258789,36.5,38.02000045776367,0.0
2020-11-02,29.989999771118164,29.989999771118164,29.520999908447266,29.719999313354492,6400.0,330.20001220703125,332.3599853515625,327.239990234375,330.20001220703125,86068300.0,271.8500061035156,273.5199890136719,266.9700012207031,269.9800109863281,39987400.0,55.85499954223633,56.310001373291016,55.040000915527344,55.56999969482422,24039800.0,0.8539999723434448,0.8550000190734863,0.828000009059906,0.8489999771118164,0.0,93.88999938964844,94.29000091552734,93.88999938964844,94.05000305175781,0.0,38.56999969482422,38.779998779296875,36.130001068115234,37.130001068115234,0.0
2020-11-03,30.31999969482422,30.479999542236328,30.239999771118164,30.374000549316406,4900.0,333.69000244140625,338.25,330.2900085449219,336.0299987792969,93294200.0,271.9599914550781,276.82000732421875,270.8399963378906,274.6499938964844,43604100.0,56.005001068115234,57.04999923706055,55.775001525878906,56.54999923706055,20970200.0,0.8709999918937683,0.8960000276565552,0.8709999918937683,0.8820000290870667,0.0,94.05000305175781,94.05000305175781,93.29000091552734,93.55000305175781,0.0,36.439998626708984,36.439998626708984,34.189998626708984,35.54999923706055,0.0
2020-11-04,31.280000686645508,31.559999465942383,31.260000228881836,31.260000228881836,11500.0,340.8599853515625,347.94000244140625,339.5899963378906,343.5400085449219,126959700.0,283.5899963378906,288.7699890136719,281.8699951171875,286.9100036621094,75728200.0,58.27000045776367,59.189998626708984,57.685001373291016,58.75,30763800.0,0.7860000133514404,0.8009999990463257,0.7559999823570251,0.7680000066757202,0.0,93.08999633789062,94.30000305175781,93.08999633789062,93.41000366210938,0.0,36.790000915527344,36.849998474121094,28.030000686645508,29.56999969482422,0.0
2020-11-05,32.130001068115234,32.130001068115234,31.81999969482422,32.02000045776367,10400.0,349.239990234375,352.19000244140625,348.8599853515625,350.239990234375,82039700.0,293.5299987792969,295.3900146484375,292.0,294.3900146484375,52054200.0,60.29499816894531,60.75,60.04499816894531,60.57500076293945,22189800.0,0.7630000114440918,0.7900000214576721,0.7480000257492065,0.7760000228881836,0.0,93.33999633789062,93.55000305175781,92.48999786376953,92.52999877929688,0.0,27.559999465942383,28.139999389648438,26.040000915527344,27.579999923706055,0.0
2020-11-06,33.0,33.0,31.704999923706055,32.025001525878906,4300.0,349.92999267578125,351.510009765625,347.6499938964844,350.1600036621094,74973000.0,293.7099914550781,295.3599853515625,289.8299865722656,294.6099853515625,40959800.0,60.43000030517578,60.98500061035156,59.60499954223633,60.790000915527344,19455200.0,0.7829999923706055,0.8370000123977661,0.7820000052452087,0.8199999928474426,0.0,92.56999969482422,92.81999969482422,92.18000030517578,92.2300033569336,0.0,27.8700008392334,29.440000534057617,24.559999465942383,24.860000610351562,0.0
2020-11-09,33.650001525878906,35.0,32.21200180053711,32.21200180053711,10500.0,363.9700012207031,364.3800048828125,354.05999755859375,354.55999755859375,172304200.0,297.6499938964844,299.1400146484375,288.1199951171875,288.5899963378906,86537100.0,62.08000183105469,62.68000030517578,60.29499816894531,60.349998474121094,39768200.0,0.9179999828338623,0.9750000238418579,0.902999997138977,0.9580000042915344,0.0,92.23999786376953,92.95999908447266,92.12999725341797,92.7300033569336,0.0,24.799999237060547,25.81999969482422,22.40999984741211,25.75,0.0
2020-11-10,32.0,32.0,31.604999542236328,31.8799991607666,3800.0,353.489990234375,355.17999267578125,350.510009765625,354.0400085449219,85552000.0,285.1700134277344,286.6600036621094,280.6199951171875,283.4200134277344,69024900.0,59.82500076293945,60.244998931884766,58.744998931884766,59.224998474121094,23538400.0,0.9490000009536743,0.9729999899864197,0.9390000104904175,0.972000002861023,0.0,92.76000213623047,92.97000122070312,92.5999984741211,92.75,0.0,25.360000610351562,26.770000457763672,24.350000381469727,24.799999237060547,0.0
2020-11-11,32.029998779296875,32.2599983215332,32.029998779296875,32.237998962402344,1900.0,356.3999938964844,357.55999755859375,355.05999755859375,356.6700134277344,58649000.0,286.0299987792969,290.25,283.3800048828125,289.760009765625,36102900.0,59.82500076293945,60.79499816894531,59.70500183105469,60.630001068115234,14488600.0,0.9580000042915344,0.9580000042915344,0.9580000042915344,0.9580000042915344,0.0,92.69999694824219,93.20999908447266,92.61000061035156,93.04000091552734,0.0,25.010000228881836,25.1200008392334,22.56999969482422,23.450000762939453,0.0
2020-11-12,32.20000076293945,32.20000076293945,31.8799991607666,31.961999893188477,4400.0,355.5799865722656,356.7200012207031,351.260009765625,353.2099914550781,67546200.0,290.760009765625,292.07000732421875,287.25,288.3999938964844,34414600.0,60.630001068115234,60.93000030517578,59.810001373291016,60.09000015258789,14352800.0,0.9369999766349792,0.9369999766349792,0.8830000162124634,0.8849999904632568,0.0,93.01000213623047,93.13999938964844,92.77999877929688,92.95999908447266,0.0,24.389999389648438,27.270000457763672,23.530000686645508,25.350000381469727,0.0
2020-11-13,32.38999938964844,32.38999938964844,32.20000076293945,32.349998474121094,2400.0,355.2699890136719,358.8999938964844,354.7099914550781,358.1000061035156,62892200.0,290.1700134277344,291.57000732421875,287.8699951171875,290.92999267578125,24806900.0,60.54499816894531,60.724998474121094,59.974998474121094,60.599998474121094,11851600.0,0.8880000114440918,0.8980000019073486,0.871999979019165,0.8930000066757202,0.0,92.94999694824219,93.01000213623047,92.70999908447266,92.76000213623047,0.0,24.940000534057617,25.030000686645508,22.739999771118164,23.100000381469727,0.0
2020-11-16,32.81999969482422,32.81999969482422,32.55400085449219,32.5880012512207,3700.0,360.9800109863281,362.7799987792969,359.5899963378906,362.57000732421875,74541100.0,290.6199951171875,293.510009765625,289.989990234375,293.20001220703125,30168400.0,60.60499954223633,61.29499816894531,60.47999954223633,61.185001373291016,14864200.0,0.9160000085830688,0.9210000038146973,0.8960000276565552,0.906000018119812,0.0,92.72000122070312,92.83999633789062,92.45999908447266,92.56999969482422,0.0,23.65999984741211,24.079999923706055,22.43000030517578,22.450000762939453,0.0
2020-11-17,32.540000915527344,32.68000030517578,32.5,32.5890007019043,3600.0,359.9700012207031,361.9200134277344,358.3399963378906,360.6199951171875,66111000.0,293.3999938964844,293.739990234375,291.6099853515625,292.2699890136719,21843500.0,60.880001068115234,61.17499923706055,60.584999084472656,60.845001220703125,9939400.0,0.878000020980835,0.8849999904632568,0.8650000095367432,0.871999979019165,0.0,92.48999786376953,92.61000061035156,92.2699966430664,92.41999816894531,0.0,22.84000015258789,24.09000015258789,22.34000015258789,22.709999084472656,0.0
2020-11-18,32.79999923706055,32.79999923706055,32.369998931884766,32.369998931884766,4500.0,360.9100036621094,361.5,356.239990234375,356.2799987792969,70591300.0,291.70001220703125,293.3699951171875,290.0199890136719,290.1099853515625,28069600.0,60.7400016784668,61.029998779296875,60.16999816894531,60.19499969482422,9542800.0,0.8539999723434448,0.8930000066757202,0.8510000109672546,0.8820000290870667,0.0,92.44000244140625,92.51000213623047,92.20999908447266,92.31999969482422,0.0,22.860000610351562,23.920000076293945,21.65999984741211,23.84000015258789,0.0
2020-11-19,32.779998779296875,32.779998779296875,32.290000915527344,32.529998779296875,5400.0,355.6000061035156,358.17999267578125,354.1499938964844,357.7799987792969,59940900.0,289.5400085449219,292.70001220703125,288.8500061035156,292.3800048828125,22718400.0,60.07500076293945,60.790000915527344,59.810001373291016,60.68000030517578,12155200.0,0.8569999933242798,0.8650000095367432,0.8420000076293945,0.8539999723434448,0.0,92.55999755859375,92.72000122070312,92.23999786376953,92.29000091552734,0.0,23.6200008392334,24.520000457763672,22.559999465942383,23.110000610351562,0.0
2020-11-20,32.540000915527344,32.540000915527344,32.242000579833984,32.242000579833984,3500.0,357.5,357.7200012207031,355.25,355.3299865722656,70417300.0,292.29998779296875,293.07000732421875,290.2900085449219,290.3800048828125,25907300.0,60.73500061035156,60.75,60.03499984741211,60.05500030517578,9915800.0,0.8289999961853027,0.8500000238418579,0.8259999752044678,0.8289999961853027,0.0,92.33999633789062,92.43000030517578,92.20999908447266,92.38999938964844,0.0,23.43000030517578,23.729999542236328,22.1299991607666,23.700000762939453,0.0
2020-11-23,32.439998626708984,32.779998779296875,32.22700119018555,32.560001373291016,4800.0,357.2799987792969,358.82000732421875,354.8699951171875,357.4599914550781,63230600.0,291.4100036621094,292.75,288.07000732421875,290.3900146484375,26875600.0,60.2400016784668,60.6349983215332,59.52000045776367,60.040000915527344,9807000.0,0.8539999723434448,0.8619999885559082,0.8460000157356262,0.8569999933242798,0.0,92.4000015258789,92.80000305175781,92.0199966430664,92.51000213623047,0.0,23.65999984741211,23.959999084472656,22.450000762939453,22.65999984741211,0.0
2020-11-24,32.77000045776367,32.97999954223633,32.630001068115234,32.939998626708984,6800.0,360.2099914550781,363.80999755859375,359.2900085449219,363.2200012207031,62415900.0,291.489990234375,294.9800109863281,289.6300048828125,294.4700012207031,24516800.0,60.27000045776367,60.994998931884766,59.834999084472656,60.875,13634000.0,0.8730000257492065,0.8880000114440918,0.8650000095367432,0.8820000290870667,0.0,92.52999877929688,92.55999755859375,92.12999725341797,92.2300033569336,0.0,22.040000915527344,22.479999542236328,20.799999237060547,21.639999389648438,0.0
2020-11-25,33.45000076293945,33.45000076293945,32.8650016784668,32.93000030517578,4300.0,363.1300048828125,363.1600036621094,361.4800109863281,362.6600036621094,45330900.0,295.57000732421875,296.94000244140625,294.5899963378906,296.2799987792969,23326800.0,61.084999084472656,61.2599983215332,60.775001525878906,61.005001068115234,12186400.0,0.8799999952316284,0.8849999904632568,0.8550000190734863,0.878000020980835,0.0,92.11000061035156,92.26000213623047,91.93000030517578,91.98999786376953,0.0,21.649999618530273,22.5,21.1299991607666,21.25,0.0
2020-11-27,34.0,34.0,33.0620002746582,33.0620002746582,5300.0,363.8399963378906,364.17999267578125,362.5799865722656,363.6700134277344,28514100.0,298.30999755859375,300.1700134277344,297.8999938964844,299.010009765625,17163100.0,61.33000183105469,61.59000015258789,61.21500015258789,61.33000183105469,7025800.0,0.8569999933242798,0.8640000224113464,0.8389999866485596,0.8420000076293945,0.0,92.0199966430664,92.05000305175781,91.76000213623047,91.79000091552734,0.0,21.520000457763672,21.600000381469727,19.510000228881836,20.84000015258789,0.0
2020-11-30,33.27000045776367,33.27000045776367,32.76499938964844,32.97700119018555,8100.0,362.8299865722656,363.1199951171875,359.1700134277344,362.05999755859375,83872700.0,299.3399963378906,299.9700012207031,294.7799987792969,299.6199951171875,27836200.0,61.310001373291016,61.83000183105469,60.6150016784668,61.7400016784668,32229200.0,0.8500000238418579,0.859000027179718,0.8370000123977661,0.843999981880188,0.0,91.77999877929688,92.05000305175781,91.51000213623047,91.87000274658203,0.0,22.639999389648438,22.889999389648438,20.479999542236328,20.56999969482422,0.0
2020-12-01,33.34000015258789,33.5,33.34000015258789,33.400001525878906,5000.0,365.57000732421875,367.67999267578125,364.92999267578125,366.0199890136719,74231400.0,301.9700012207031,305.1400146484375,300.8299865722656,303.4599914550781,27521300.0,62.25,62.875,61.9900016784668,62.529998779296875,22681200.0,0.8569999933242798,0.9380000233650208,0.8569999933242798,0.9340000152587891,0.0,91.94999694824219,91.94999694824219,91.16000366210938,91.30999755859375,0.0,20.209999084472656,20.920000076293945,20.0,20.770000457763672,0.0
2020-12-02,33.41999816894531,33.41999816894531,33.20100021362305,33.375999450683594,2900.0,364.82000732421875,366.9599914550781,364.20001220703125,366.7900085449219,45927000.0,302.25,304.20001220703125,300.3500061035156,303.8500061035156,23620000.0,62.26499938964844,62.505001068115234,61.79499816894531,62.435001373291016,16038800.0,0.9229999780654907,0.9660000205039978,0.9200000166893005,0.9480000138282776,0.0,91.19000244140625,91.5,90.98999786376953,91.12000274658203,0.0,21.0,21.25,20.040000915527344,21.170000076293945,0.0
2020-12-03,33.54999923706055,33.599998474121094,33.430999755859375,33.430999755859375,5300.0,366.67999267578125,368.19000244140625,365.5,366.69000244140625,62882000.0,304.1700134277344,305.8800048828125,303.5299987792969,304.2799987792969,22828700.0,62.505001068115234,62.814998626708984,62.22999954223633,62.39500045776367,13775400.0,0.9390000104904175,0.9409999847412109,0.9100000262260437,0.9200000166893005,0.0,91.05999755859375,91.08999633789062,90.51000213623047,90.70999908447266,0.0,21.239999771118164,21.8799991607666,20.719999313354492,21.280000686645508,0.0
2020-12-04,33.58000183105469,33.823001861572266,33.58000183105469,33.823001861572266,1200.0,367.32000732421875,369.8500061035156,367.2200012207031,369.8500061035156,50749900.0,304.3299865722656,305.6700134277344,303.6300048828125,305.5199890136719,19332100.0,62.48500061035156,63.029998779296875,62.349998474121094,63.02000045776367,10358800.0,0.925000011920929,0.9860000014305115,0.9010000228881836,0.968999981880188,0.0,90.70999908447266,90.87000274658203,90.4800033569336,90.69999694824219,0.0,21.049999237060547,21.149999618530273,19.969999313354492,20.790000915527344,0.0
2020-12-07,34.189998626708984,34.189998626708984,33.880001068115234,33.93000030517578,5500.0,369.0199890136719,369.6199951171875,367.7200012207031,369.0899963378906,48944300.0,305.7099914550781,307.6300048828125,305.5199890136719,307.25,20851000.0,63.05500030517578,63.3849983215332,62.94499969482422,63.20000076293945,8905400.0,0.9480000138282776,0.9480000138282776,0.925000011920929,0.9279999732971191,0.0,90.80999755859375,91.23999786376953,90.62000274658203,90.79000091552734,0.0,22.040000915527344,22.6200008392334,21.170000076293945,21.299999237060547,0.0
2020-12-08,34.0,34.060001373291016,33.7859992980957,34.029998779296875,4000.0,367.7200012207031,370.7799987792969,367.6700134277344,370.1700134277344,42458900.0,306.760009765625,308.6000061035156,304.95001220703125,308.2900085449219,18341500.0,63.13999938964844,63.60499954223633,62.869998931884766,63.404998779296875,7886800.0,0.925000011920929,0.9279999732971191,0.8930000066757202,0.9129999876022339,0.0,90.9000015258789,91.0199966430664,90.75,90.97000122070312,0.0,21.649999618530273,22.25,20.520000457763672,20.68000030517578,0.0
2020-12-09,34.56999969482422,34.56999969482422,33.45000076293945,33.534000396728516,6500.0,370.8800048828125,371.04998779296875,365.95001220703125,366.8500061035156,74098300.0,308.07000732421875,308.3599853515625,300.2099914550781,301.30999755859375,48839300.0,63.3650016784668,63.55500030517578,61.974998474121094,62.189998626708984,17271800.0,0.9430000185966492,0.9589999914169312,0.925000011920929,0.9409999847412109,0.0,90.91999816894531,91.19999694824219,90.69000244140625,91.08999633789062,0.0,20.65999984741211,22.93000030517578,20.100000381469727,22.270000457763672,0.0
2020-12-10,33.52000045776367,33.689998626708984,33.349998474121094,33.52000045776367,5400.0,365.3699951171875,367.8599853515625,364.42999267578125,366.7300109863281,57735400.0,299.2099914550781,303.67999267578125,298.0899963378906,302.5199890136719,27519500.0,61.810001373291016,62.57500076293945,61.665000915527344,62.279998779296875,9997400.0,0.9259999990463257,0.9409999847412109,0.9079999923706055,0.9079999923706055,0.0,91.05999755859375,91.1500015258789,90.66999816894531,90.79000091552734,0.0,22.1200008392334,23.459999084472656,21.530000686645508,22.520000457763672,0.0
2020-12-11,33.439998626708984,33.439998626708984,33.130001068115234,33.400001525878906,5200.0,364.8999938964844,366.739990234375,363.260009765625,366.29998779296875,57698600.0,300.80999755859375,301.9800109863281,298.4700012207031,301.8500061035156,26760400.0,61.904998779296875,62.150001525878906,61.45000076293945,62.150001525878906,13023200.0,0.8930000066757202,0.8999999761581421,0.8730000257492065,0.8930000066757202,0.0,90.73999786376953,91.04000091552734,90.62000274658203,90.9800033569336,0.0,22.489999771118164,25.139999389648438,22.479999542236328,23.309999465942383,0.0
2020-12-14,33.90999984741211,34.01900100708008,33.505001068115234,33.505001068115234,9000.0,368.6400146484375,369.79998779296875,364.4700012207031,364.6600036621094,69216200.0,303.0799865722656,306.04998779296875,303.010009765625,304.0400085449219,28804800.0,62.34000015258789,62.935001373291016,62.29999923706055,62.375,11055800.0,0.9300000071525574,0.9359999895095825,0.8880000114440918,0.8920000195503235,0.0,90.9800033569336,90.9800033569336,90.41999816894531,90.70999908447266,0.0,22.670000076293945,24.81999969482422,21.950000762939453,24.719999313354492,0.0
2020-12-15,33.70000076293945,33.70000076293945,33.5099983215332,33.683998107910156,6000.0,367.3999938964844,369.5899963378906,365.9200134277344,369.5899963378906,63865300.0,306.3699951171875,307.2900085449219,304.1099853515625,307.2900085449219,25709000.0,63.04999923706055,63.415000915527344,62.64500045776367,63.415000915527344,9099200.0,0.9010000228881836,0.925000011920929,0.9010000228881836,0.9229999780654907,0.0,90.69000244140625,90.81999969482422,90.41999816894531,90.47000122070312,0.0,24.0,24.06999969482422,22.729999542236328,22.889999389648438,0.0
2020-12-16,34.0,34.0,33.70000076293945,33.78499984741211,13500.0,369.82000732421875,371.1600036621094,368.8699951171875,370.1700134277344,58420500.0,307.70001220703125,309.7900085449219,306.6199951171875,308.9800109863281,25461900.0,63.5,64.06999969482422,63.290000915527344,63.845001220703125,10309200.0,0.9430000185966492,0.953000009059906,0.9129999876022339,0.9200000166893005,0.0,90.48999786376953,90.69999694824219,90.12999725341797,90.44999694824219,0.0,22.510000228881836,23.670000076293945,22.290000915527344,22.5,0.0
2020-12-17,33.97999954223633,34.12699890136719,33.97999954223633,34.12699890136719,6600.0,371.94000244140625,372.4599914550781,371.04998779296875,372.239990234375,64119500.0,310.6300048828125,311.239990234375,309.3900146484375,311.0,23730500.0,64.30999755859375,64.48999786376953,64.04499816894531,64.3499984741211,11505000.0,0.9210000038146973,0.9449999928474426,0.8920000195503235,0.9300000071525574,0.0,90.2699966430664,90.2699966430664,89.7300033569336,89.81999969482422,0.0,21.979999542236328,22.270000457763672,21.520000457763672,21.93000030517578,0.0
2020-12-18,34.43000030517578,34.43000030517578,33.90999984741211,34.06399917602539,9400.0,370.9700012207031,371.1499938964844,367.0199890136719,369.17999267578125,136542300.0,311.6600036621094,311.9800109863281,307.6099853515625,310.05999755859375,41173400.0,64.44499969482422,64.45500183105469,63.71500015258789,64.125,17693400.0,0.9259999990463257,0.9509999752044678,0.9200000166893005,0.9480000138282776,0.0,89.83000183105469,90.12999725341797,89.83000183105469,90.0199966430664,0.0,22.149999618530273,23.770000457763672,21.56999969482422,21.56999969482422,0.0
2020-12-21,33.869998931884766,34.040000915527344,33.5,33.909000396728516,8600.0,364.9700012207031,378.4599914550781,362.0299987792969,367.8599853515625,96386700.0,306.4599914550781,309.4700012207031,303.6000061035156,308.9200134277344,37095500.0,63.165000915527344,64.06999969482422,62.599998474121094,64.04000091552734,15232200.0,0.8999999761581421,0.9480000138282776,0.8949999809265137,0.9409999847412109,0.0,89.91999816894531,91.0199966430664,89.91999816894531,90.04000091552734,0.0,24.25,31.459999084472656,24.229999542236328,25.15999984741211,0.0
2020-12-22,34.0,34.0,33.909000396728516,33.95600128173828,4200.0,368.2099914550781,368.3299865722656,366.0299987792969,367.239990234375,47949000.0,309.8500061035156,310.7099914550781,306.8500061035156,309.760009765625,26176300.0,64.3949966430664,64.88500213623047,64.0999984741211,64.59500122070312,14334200.0,0.9309999942779541,0.9330000281333923,0.9160000085830688,0.9179999828338623,0.0,90.08999633789062,90.72000122070312,90.05999755859375,90.6500015258789,0.0,25.239999771118164,25.559999465942383,23.530000686645508,24.229999542236328,0.0
2020-12-23,34.27000045776367,34.27000045776367,33.900001525878906,33.900001525878906,13600.0,368.2799987792969,369.6199951171875,367.2200012207031,367.57000732421875,46201400.0,309.80999755859375,310.17999267578125,308.0400085449219,308.20001220703125,21201300.0,64.66999816894531,64.71499633789062,64.01000213623047,64.1050033569336,11300800.0,0.9200000166893005,0.9729999899864197,0.9179999828338623,0.9549999833106995,0.0,90.5199966430664,90.66999816894531,90.16000366210938,90.41000366210938,0.0,23.489999771118164,23.68000030517578,22.1299991607666,23.309999465942383,0.0
2020-12-24,34.029998779296875,34.09000015258789,34.0,34.08599853515625,1700.0,368.0799865722656,369.0299987792969,367.45001220703125,369.0,26457900.0,308.4700012207031,310.0199890136719,308.3900146484375,309.55999755859375,16785000.0,64.21499633789062,64.69000244140625,64.16999816894531,64.52999877929688,4384600.0,0.9399999976158142,0.9409999847412109,0.9229999780654907,0.9279999732971191,0.0,90.27999877929688,90.37999725341797,90.1500015258789,90.33000183105469,0.0,22.469999313354492,22.829999923706055,21.389999389648438,21.530000686645508,0.0
2020-12-28,34.5,34.5,34.20399856567383,34.209999084472656,10800.0,371.739990234375,372.5899963378906,371.07000732421875,372.1700134277344,39000400.0,312.25,313.1700134277344,310.3599853515625,312.67999267578125,22497700.0,65.16999816894531,65.38999938964844,64.86499786376953,65.26000213623047,8171000.0,0.953000009059906,0.9580000042915344,0.9309999942779541,0.9330000281333923,0.0,90.22000122070312,90.37999725341797,89.9800033569336,90.33999633789062,0.0,22.110000610351562,22.1200008392334,21.149999618530273,21.700000762939453,0.0
2020-12-29,34.18000030517578,34.27000045776367,34.07500076293945,34.124000549316406,6600.0,373.80999755859375,374.0,370.8299865722656,371.4599914550781,53680500.0,314.04998779296875,314.69000244140625,312.0299987792969,312.9599914550781,25871900.0,65.61499786376953,65.69999694824219,64.83499908447266,64.94999694824219,8841400.0,0.949999988079071,0.949999988079071,0.9279999732971191,0.9350000023841858,0.0,90.20999908447266,90.2300033569336,89.8499984741211,90.01000213623047,0.0,21.610000610351562,23.719999313354492,20.989999771118164,23.079999923706055,0.0
2020-12-30,34.290000915527344,34.36000061035156,34.2400016784668,34.347999572753906,7400.0,372.3399963378906,373.1000061035156,371.57000732421875,371.989990234375,49455300.0,314.1600036621094,314.489990234375,312.3299865722656,312.9700012207031,18138100.0,65.17500305175781,65.30999755859375,64.81999969482422,64.91500091552734,8141400.0,0.9430000185966492,0.9449999928474426,0.925000011920929,0.9259999990463257,0.0,89.9800033569336,89.9800033569336,89.55999755859375,89.62999725341797,0.0,22.579999923706055,23.149999618530273,22.40999984741211,22.770000457763672,0.0
2020-12-31,34.470001220703125,34.529998779296875,34.31999969482422,34.529998779296875,9300.0,371.7799987792969,374.6600036621094,371.2300109863281,373.8800048828125,78520700.0,312.8699951171875,314.239990234375,311.760009765625,313.739990234375,21611400.0,64.94499969482422,65.19499969482422,64.48500061035156,65.01000213623047,11058400.0,0.9269999861717224,0.9369999766349792,0.9120000004768372,0.9169999957084656,0.0,89.61000061035156,89.9800033569336,89.5199966430664,89.94000244140625,0.0,22.989999771118164,23.25,21.239999771118164,22.75,0.0
2021-01-04,34.939998626708984,37.45000076293945,33.88999938964844,34.18000030517578,11100.0,375.30999755859375,375.45001220703125,364.82000732421875,368.7900085449219,110210800.0,315.1099853515625,315.2900085449219,305.17999267578125,309.30999755859375,45305900.0,65.33999633789062,65.3550033569336,63.119998931884766,63.95000076293945,21017200.0,0.9350000023841858,0.953000009059906,0.9070000052452087,0.9169999957084656,0.0,89.93000030517578,89.94000244140625,89.41999816894531,89.87999725341797,0.0,23.040000915527344,29.190000534057617,22.559999465942383,26.969999313354492,0.0
2021-01-05,34.13999938964844,34.369998931884766,34.13999938964844,34.2869987487793,11200.0,368.1000061035156,372.5,368.04998779296875,371.3299865722656,66426200.0,308.2900085449219,312.1400146484375,308.2900085449219,311.8599853515625,29323400.0,63.80500030517578,64.47000122070312,63.76499938964844,64.36499786376953,12361400.0,0.9369999766349792,0.9629999995231628,0.9269999861717224,0.9549999833106995,0.0,89.9000015258789,89.9000015258789,89.43000030517578,89.44000244140625,0.0,26.940000534057617,28.600000381469727,24.799999237060547,25.34000015258789,0.0
2021-01-06,34.349998474121094,34.779998779296875,34.349998474121094,34.43000030517578,9000.0,369.7099914550781,376.9800109863281,369.1199951171875,373.54998779296875,107997700.0,307.0,311.8800048828125,305.9800109863281,307.5400085449219,52809600.0,63.44499969482422,64.48999786376953,63.060001373291016,63.255001068115234,27258000.0,1.0,1.0540000200271606,1.0,1.0420000553131104,0.0,89.4800033569336,89.80000305175781,89.20999908447266,89.52999877929688,0.0,25.479999542236328,26.770000457763672,22.139999389648438,25.06999969482422,0.0
2021-01-07,34.720001220703125,35.27000045776367,34.720001220703125,35.23699951171875,10400.0,376.1000061035156,379.8999938964844,375.9100036621094,379.1000061035156,68766800.0,310.2799987792969,315.8399963378906,310.25,314.9800109863281,30394800.0,63.8650016784668,65.08499908447266,63.84000015258789,64.95999908447266,19652000.0,1.055999994277954,1.0880000591278076,1.0540000200271606,1.0709999799728394,0.0,89.31999969482422,89.97000122070312,89.31999969482422,89.83000183105469,0.0,23.670000076293945,23.90999984741211,22.25,22.3700008392334,0.0
2021-01-08,36.0,36.0,35.20000076293945,35.59400177001953,10800.0,380.5899963378906,381.489990234375,377.1000061035156,381.260009765625,71677200.0,317.3399963378906,319.3900146484375,315.0799865722656,319.0299987792969,33955800.0,65.27999877929688,65.55500030517578,64.63999938964844,65.37999725341797,12387600.0,1.0880000591278076,1.1260000467300415,1.0750000476837158,1.1050000190734863,0.0,89.83000183105469,90.25,89.66000366210938,90.0999984741211,0.0,22.43000030517578,23.34000015258789,21.420000076293945,21.559999465942383,0.0
2021-01-11,35.849998474121094,35.849998474121094,35.165000915527344,35.189998626708984,8900.0,377.8500061035156,380.5799865722656,377.7200012207031,378.69000244140625,51034700.0,315.9800109863281,317.19000244140625,313.75,314.4200134277344,32746400.0,64.74500274658203,65.30000305175781,64.56999969482422,64.83999633789062,17853200.0,1.1150000095367432,1.1380000114440918,1.100000023841858,1.1319999694824219,0.0,90.06999969482422,90.7300033569336,90.02999877929688,90.54000091552734,0.0,23.309999465942383,24.809999465942383,23.229999542236328,24.079999923706055,0.0
2021-01-12,35.16999816894531,35.38999938964844,35.09700012207031,35.29999923706055,7900.0,378.8900146484375,379.8599853515625,376.3599853515625,378.7699890136719,52547700.0,314.4599914550781,315.5799865722656,311.20001220703125,313.9200134277344,29266800.0,64.76000213623047,64.84500122070312,63.915000915527344,64.52999877929688,17089200.0,1.1649999618530273,1.187000036239624,1.13100004196167,1.1380000114440918,0.0,90.5199966430664,90.62000274658203,90.02999877929688,90.05000305175781,0.0,23.489999771118164,25.149999618530273,22.829999923706055,23.329999923706055,0.0
2021-01-13,35.380001068115234,35.400001525878906,35.20000076293945,35.34700012207031,5600.0,378.69000244140625,380.8599853515625,377.8500061035156,379.7900085449219,45303600.0,314.19000244140625,316.8599853515625,313.57000732421875,316.0400085449219,22898400.0,64.61499786376953,65.13999938964844,64.48999786376953,64.94000244140625,13605200.0,1.128999948501587,1.1330000162124634,1.0729999542236328,1.0880000591278076,0.0,90.0,90.44999694824219,89.91999816894531,90.31999969482422,0.0,23.06999969482422,24.18000030517578,21.920000076293945,22.209999084472656,0.0
2021-01-14,35.56999969482422,35.56999969482422,35.040000915527344,35.04100036621094,7500.0,380.5899963378906,381.1300048828125,378.1000061035156,378.4599914550781,49989100.0,316.5,317.5299987792969,313.8599853515625,314.3500061035156,23500100.0,65.0999984741211,65.23500061035156,64.2750015258789,64.37000274658203,15624800.0,1.1050000190734863,1.1330000162124634,1.0870000123977661,1.128999948501587,0.0,90.27999877929688,90.58000183105469,90.08000183105469,90.23999786376953,0.0,22.219999313354492,23.469999313354492,21.65999984741211,23.25,0.0
2021-01-15,35.060001373291016,35.060001373291016,34.65999984741211,34.762001037597656,9800.0,376.7200012207031,377.5799865722656,373.70001220703125,375.70001220703125,107160000.0,314.1300048828125,315.1199951171875,310.5799865722656,311.8599853515625,35118700.0,64.2750015258789,64.55999755859375,63.58000183105469,63.709999084472656,12641200.0,1.1039999723434448,1.11899995803833,1.0850000381469727,1.097000002861023,0.0,90.22000122070312,90.80000305175781,90.22000122070312,90.77999877929688,0.0,23.520000457763672,25.799999237060547,23.079999923706055,24.34000015258789,0.0
2021-01-19,35.029998779296875,35.150001525878906,34.900001525878906,35.13999938964844,13800.0,378.3399963378906,379.2300109863281,376.75,378.6499938964844,51233300.0,314.25,316.92999267578125,313.1199951171875,316.4100036621094,24537000.0,64.1500015258789,64.6500015258789,63.92499923706055,64.54000091552734,11569600.0,1.1130000352859497,1.1180000305175781,1.0889999866485596,1.0920000076293945,0.0,90.7300033569336,90.76000213623047,90.4000015258789,90.5,0.0,23.030000686645508,23.559999465942383,22.530000686645508,23.239999771118164,0.0
2021-01-20,35.54999923706055,35.65999984741211,35.35499954223633,35.63999938964844,13200.0,381.1099853515625,384.7900085449219,380.69000244140625,383.8900146484375,61836100.0,320.1400146484375,324.739990234375,316.510009765625,323.7699890136719,30728100.0,65.03500366210938,66.05000305175781,64.94499969482422,65.81999969482422,11770000.0,1.1059999465942383,1.1059999465942383,1.0870000123977661,1.090000033378601,0.0,90.41000366210938,90.69999694824219,90.27999877929688,90.47000122070312,0.0,22.81999969482422,22.860000610351562,21.3700008392334,21.579999923706055,0.0
2021-01-21,35.84000015258789,35.84000015258789,35.5,35.72600173950195,9600.0,384.489990234375,384.95001220703125,383.25,384.239990234375,47840100.0,325.1499938964844,327.1300048828125,323.7300109863281,326.3599853515625,25130600.0,66.17500305175781,66.88999938964844,65.81999969482422,66.66999816894531,8945200.0,1.1019999980926514,1.1230000257492065,1.0959999561309814,1.1089999675750732,0.0,90.41999816894531,90.44999694824219,90.05000305175781,90.12999725341797,0.0,21.34000015258789,22.219999313354492,21.09000015258789,21.31999969482422,0.0
2021-01-22,35.810001373291016,35.810001373291016,35.494998931884766,35.53499984741211,4200.0,382.25,384.1300048828125,381.8399963378906,382.8800048828125,52860500.0,325.2900085449219,326.4599914550781,324.7099914550781,325.4200134277344,21609400.0,66.38999938964844,66.75,66.25499725341797,66.41500091552734,11243600.0,1.0870000123977661,1.1009999513626099,1.0820000171661377,1.090999960899353,0.0,90.05000305175781,90.30999755859375,90.05000305175781,90.23999786376953,0.0,22.239999771118164,23.729999542236328,21.270000457763672,21.90999984741211,0.0
2021-01-25,35.650001525878906,35.6879997253418,35.0,35.62300109863281,8300.0,383.6700134277344,384.7699890136719,378.4599914550781,384.3900146484375,70402000.0,328.9100036621094,330.32000732421875,321.4100036621094,328.1099853515625,39080600.0,67.16500091552734,67.3949966430664,65.3499984741211,66.97000122070312,18205200.0,1.0670000314712524,1.0700000524520874,1.034999966621399,1.0399999618530273,0.0,90.2300033569336,90.5199966430664,90.08000183105469,90.38999938964844,0.0,22.309999465942383,26.6299991607666,22.200000762939453,23.190000534057617,0.0
2021-01-26,35.869998931884766,35.869998931884766,35.46799850463867,35.46799850463867,10100.0,385.4100036621094,385.8500061035156,383.5400085449219,383.7900085449219,42665300.0,328.8500061035156,329.760009765625,327.2200012207031,328.5899963378906,25498100.0,67.20500183105469,67.30999755859375,66.76000213623047,67.01499938964844,8593400.0,1.0479999780654907,1.0499999523162842,1.0329999923706055,1.0399999618530273,0.0,90.38999938964844,90.61000061035156,90.12000274658203,90.16999816894531,0.0,23.90999984741211,23.940000534057617,22.549999237060547,23.020000457763672,0.0
2021-01-27,35.31999969482422,35.31999969482422,34.400001525878906,34.470001220703125,21800.0,380.2200012207031,380.32000732421875,372.010009765625,374.4100036621094,123351100.0,326.260009765625,326.2699890136719,317.3599853515625,319.42999267578125,55264000.0,66.69499969482422,66.91000366210938,65.15499877929688,65.75,24484600.0,1.0230000019073486,1.0230000019073486,1.0010000467300415,1.0140000581741333,0.0,90.1500015258789,90.87999725341797,90.1500015258789,90.6500015258789,0.0,23.81999969482422,37.209999084472656,23.709999084472656,37.209999084472656,0.0
2021-01-28,34.619998931884766,35.22999954223633,34.619998931884766,34.90800094604492,14600.0,376.3599853515625,381.92999267578125,375.8900146484375,377.6300048828125,94198100.0,320.6700134277344,326.4200134277344,320.0299987792969,321.32000732421875,42836300.0,66.08499908447266,67.12000274658203,65.86000061035156,66.0199966430664,16181600.0,1.0080000162124634,1.0700000524520874,1.0080000162124634,1.0570000410079956,0.0,90.7300033569336,90.86000061035156,90.41000366210938,90.45999908447266,0.0,33.25,36.290000915527344,27.389999389648438,30.209999084472656,0.0
2021-01-29,34.91999816894531,34.91999816894531,33.98899841308594,34.2869987487793,26900.0,375.6300048828125,376.6700134277344,368.2699890136719,370.07000732421875,126765100.0,319.5799865722656,320.7200012207031,312.760009765625,314.55999755859375,55259000.0,65.69000244140625,65.94999694824219,64.11499786376953,64.46499633789062,19023200.0,1.0839999914169312,1.1050000190734863,1.065999984741211,1.093000054359436,0.0,90.55999755859375,90.77999877929688,90.36000061035156,90.58000183105469,0.0,35.15999984741211,37.5099983215332,29.239999771118164,33.09000015258789,0.0
2021-02-01,34.599998474121094,34.9900016784668,34.470001220703125,34.957000732421875,4900.0,373.7200012207031,377.3399963378906,370.3800048828125,376.2300109863281,75817600.0,318.1099853515625,323.5400085449219,316.0199890136719,322.4200134277344,35646000.0,65.2300033569336,66.4000015258789,64.75,66.08000183105469,11232600.0,1.0789999961853027,1.0880000591278076,1.059999942779541,1.0770000219345093,0.0,90.52999877929688,91.05999755859375,90.5,91.0199966430664,0.0,31.450000762939453,33.959999084472656,29.030000686645508,30.239999771118164,0.0
2021-02-02,35.439998626708984,35.70000076293945,35.400001525878906,35.63100051879883,6300.0,379.6499938964844,383.2200012207031,376.32000732421875,381.54998779296875,64450700.0,325.4800109863281,328.8699951171875,325.30999755859375,327.67999267578125,33930800.0,66.72000122070312,67.16999816894531,66.625,66.9749984741211,8595000.0,1.1100000143051147,1.1169999837875366,1.0959999561309814,1.1050000190734863,0.0,91.0,91.29000091552734,90.80000305175781,91.19999694824219,0.0,28.010000228881836,28.079999923706055,25.309999465942383,25.559999465942383,0.0
2021-02-03,35.68000030517578,35.77399826049805,35.566001892089844,35.61600112915039,5900.0,382.44000244140625,383.70001220703125,380.4800109863281,381.8500061035156,52427100.0,329.82000732421875,330.20001220703125,326.32000732421875,326.3800048828125,24824500.0,67.11000061035156,67.25,66.54499816894531,66.74500274658203,11574800.0,1.1239999532699585,1.1319999694824219,1.1130000352859497,1.13100004196167,0.0,91.05000305175781,91.30999755859375,90.98999786376953,91.12000274658203,0.0,24.59000015258789,25.43000030517578,22.90999984741211,22.90999984741211,0.0
2021-02-04,35.88999938964844,36.0,35.689998626708984,36.0,9200.0,382.9599914550781,386.239990234375,381.9700012207031,386.19000244140625,47142600.0,327.82000732421875,330.3299865722656,326.4599914550781,330.239990234375,22350900.0,67.1050033569336,67.80999755859375,66.91000366210938,67.80999755859375,8134200.0,1.1460000276565552,1.1619999408721924,1.1360000371932983,1.1390000581741333,0.0,91.08999633789062,91.58000183105469,91.08999633789062,91.52999877929688,0.0,23.440000534057617,23.440000534057617,21.68000030517578,21.770000457763672,0.0
2021-02-05,36.38999938964844,36.38999938964844,36.0,36.053001403808594,8500.0,388.20001220703125,388.4700012207031,386.1400146484375,387.7099914550781,48669800.0,331.2200012207031,332.3999938964844,329.5299987792969,331.3599853515625,22732000.0,68.01499938964844,68.0250015258789,67.46499633789062,67.66000366210938,9413800.0,1.1720000505447388,1.187999963760376,1.1360000371932983,1.1699999570846558,0.0,91.48999786376953,91.5999984741211,90.9800033569336,91.04000091552734,0.0,21.989999771118164,22.15999984741211,20.860000610351562,20.8700008392334,0.0
2021-02-08,36.400001525878906,36.400001525878906,36.189998626708984,36.38999938964844,8000.0,389.2699890136719,390.55999755859375,388.3500061035156,390.510009765625,38365200.0,333.1000061035156,333.739990234375,331.4100036621094,333.5799865722656,20462800.0,67.93499755859375,68.4000015258789,67.83999633789062,68.37000274658203,11713200.0,1.190999984741211,1.1929999589920044,1.149999976158142,1.159999966621399,0.0,91.0,91.23999786376953,90.9000015258789,90.93000030517578,0.0,21.889999389648438,22.06999969482422,21.229999542236328,21.239999771118164,0.0
2021-02-09,36.59000015258789,36.59000015258789,36.36000061035156,36.400001525878906,8600.0,389.6099853515625,390.8900146484375,389.1700134277344,390.25,35551100.0,332.6199951171875,334.80999755859375,332.6099853515625,333.510009765625,17597500.0,68.19000244140625,68.61499786376953,68.16999816894531,68.29000091552734,10552200.0,1.149999976158142,1.159000039100647,1.1399999856948853,1.156999945640564,0.0,90.91000366210938,90.93000030517578,90.43000030517578,90.44000244140625,0.0,21.56999969482422,22.260000228881836,20.649999618530273,21.6299991607666,0.0
2021-02-10,36.790000915527344,36.790000915527344,36.16999816894531,36.33000183105469,11100.0,392.1199951171875,392.2799987792969,387.5,390.0799865722656,59154400.0,334.989990234375,335.4599914550781,329.5,332.75,28068700.0,68.56500244140625,68.6500015258789,67.61000061035156,68.19000244140625,9464400.0,1.1740000247955322,1.1759999990463257,1.13100004196167,1.1330000162124634,0.0,90.48999786376953,90.52999877929688,90.25,90.37000274658203,0.0,21.639999389648438,23.850000381469727,19.690000534057617,21.989999771118164,0.0
2021-02-11,36.70000076293945,36.70000076293945,36.40999984741211,36.58100128173828,22600.0,391.239990234375,391.69000244140625,388.1000061035156,390.7099914550781,42913300.0,334.3299865722656,335.0,332.1199951171875,334.5799865722656,22046100.0,68.6500015258789,68.98500061035156,68.38500213623047,68.94000244140625,7565800.0,1.1519999504089355,1.1649999618530273,1.1380000114440918,1.1579999923706055,0.0,90.45999908447266,90.47000122070312,90.26000213623047,90.41999816894531,0.0,22.09000015258789,23.25,21.110000610351562,21.25,0.0
2021-02-12,36.75,36.75,36.5,36.720001220703125,15600.0,389.8500061035156,392.8999938964844,389.7699890136719,392.6400146484375,50593300.0,333.7099914550781,336.6199951171875,332.6300048828125,336.45001220703125,20346800.0,68.76000213623047,69.33999633789062,68.56999969482422,69.29499816894531,6755600.0,1.1829999685287476,1.2020000219345093,1.1779999732971191,1.2000000476837158,0.0,90.41000366210938,90.73999786376953,90.37999725341797,90.4800033569336,0.0,21.600000381469727,22.450000762939453,19.950000762939453,19.969999313354492,0.0
2021-02-16,37.0,37.0,36.599998474121094,36.6510009765625,8100.0,393.9599914550781,394.1700134277344,391.5299987792969,392.29998779296875,50972400.0,337.2699890136719,338.19000244140625,334.3399963378906,335.5400085449219,27080800.0,69.56999969482422,69.62000274658203,68.88999938964844,69.06999969482422,9722200.0,1.2450000047683716,1.3009999990463257,1.2450000047683716,1.2990000247955322,0.0,90.29000091552734,90.63999938964844,90.12000274658203,90.51000213623047,0.0,21.1299991607666,22.459999084472656,20.8799991607666,21.459999084472656,0.0
2021-02-17,36.689998626708984,36.689998626708984,36.279998779296875,36.53799819946289,7500.0,390.4200134277344,392.6600036621094,389.3299865722656,392.3900146484375,52290600.0,332.4700012207031,335.6600036621094,330.1700134277344,333.92999267578125,31360300.0,68.43499755859375,68.61000061035156,67.7699966430664,68.45999908447266,15274800.0,1.3140000104904175,1.3309999704360962,1.2690000534057617,1.3009999990463257,0.0,90.70999908447266,91.05999755859375,90.62000274658203,90.94999694824219,0.0,22.020000457763672,23.440000534057617,21.09000015258789,21.5,0.0
2021-02-18,36.5099983215332,36.5099983215332,36.119998931884766,36.38999938964844,5000.0,389.5899963378906,391.5199890136719,387.739990234375,390.7200012207031,59712800.0,330.2300109863281,333.8699951171875,328.3599853515625,332.4700012207031,32236200.0,67.75,68.23999786376953,67.26499938964844,68.125,10954800.0,1.3009999990463257,1.3179999589920044,1.2769999504089355,1.2869999408721924,0.0,90.9000015258789,90.9800033569336,90.54000091552734,90.58999633789062,0.0,21.979999542236328,24.229999542236328,21.799999237060547,22.489999771118164,0.0
2021-02-19,36.880001068115234,36.880001068115234,36.37099838256836,36.37099838256836,5700.0,392.07000732421875,392.3800048828125,389.54998779296875,390.0299987792969,83241000.0,333.8599853515625,333.989990234375,329.9700012207031,331.0199890136719,39157700.0,68.4749984741211,68.53500366210938,67.72000122070312,68.0250015258789,11685600.0,1.312999963760376,1.3619999885559082,1.3079999685287476,1.3450000286102295,0.0,90.56999969482422,90.6500015258789,90.18000030517578,90.36000061035156,0.0,23.100000381469727,23.190000534057617,20.84000015258789,22.049999237060547,0.0
2021-02-22,36.36000061035156,36.36000061035156,35.7859992980957,35.7859992980957,12900.0,387.05999755859375,389.6199951171875,386.739990234375,387.0299987792969,67414200.0,326.5,327.79998779296875,322.2300109863281,322.44000244140625,47256900.0,67.19000244140625,67.41000366210938,66.48500061035156,66.5250015258789,14262600.0,1.3589999675750732,1.3700000047683716,1.3259999752044678,1.3700000047683716,0.0,90.33999633789062,90.58000183105469,90.0,90.01000213623047,0.0,24.459999084472656,25.09000015258789,21.959999084472656,23.450000762939453,0.0
2021-02-23,35.5,35.88999938964844,34.810001373291016,35.77000045776367,14600.0,384.6600036621094,388.95001220703125,380.20001220703125,387.5,107284100.0,317.0,323.20001220703125,311.0,321.4800109863281,97241900.0,65.41999816894531,66.75,64.30500030517578,66.33999633789062,24198400.0,1.3589999675750732,1.3890000581741333,1.3420000076293945,1.3619999885559082,0.0,90.0199966430664,90.26000213623047,89.94000244140625,90.16999816894531,0.0,22.81999969482422,27.010000228881836,22.5,23.110000610351562,0.0
2021-02-24,35.9900016784668,36.400001525878906,35.584999084472656,36.400001525878906,6600.0,386.3299865722656,392.2300109863281,385.2699890136719,391.7699890136719,72433900.0,318.739990234375,324.45001220703125,315.9599914550781,324.1300048828125,58206300.0,65.84500122070312,67.41500091552734,65.33999633789062,67.3550033569336,16472200.0,1.3960000276565552,1.434999942779541,1.36899995803833,1.3890000581741333,0.0,90.0999984741211,90.43000030517578,89.9800033569336,90.18000030517578,0.0,23.760000228881836,25.040000915527344,21.309999465942383,21.34000015258789,0.0
2021-02-25,36.38999938964844,36.38999938964844,35.029998779296875,35.220001220703125,9300.0,390.4100036621094,391.8800048828125,380.7799987792969,382.3299865722656,146670500.0,321.3900146484375,324.0299987792969,311.239990234375,312.8299865722656,110182600.0,66.75499725341797,67.19999694824219,64.70999908447266,65.0,34313800.0,1.4559999704360962,1.6139999628067017,1.4320000410079956,1.5180000066757202,0.0,90.06999969482422,90.29000091552734,89.68000030517578,90.12999725341797,0.0,21.729999542236328,31.15999984741211,21.520000457763672,28.889999389648438,0.0
2021-02-26,35.2400016784668,35.52000045776367,35.0,35.18000030517578,6800.0,384.3500061035156,385.5799865722656,378.2300109863281,380.3599853515625,152701600.0,315.8500061035156,319.1099853515625,310.8800048828125,314.1400146484375,104739800.0,65.6449966430664,66.3499984741211,64.76499938964844,65.34500122070312,35511600.0,1.4700000286102295,1.5190000534057617,1.4390000104904175,1.4600000381469727,0.0,90.36000061035156,90.97000122070312,90.12999725341797,90.93000030517578,0.0,28.729999542236328,30.81999969482422,25.229999542236328,27.950000762939453,0.0
2021-03-01,35.869998931884766,36.150001525878906,35.85499954223633,36.099998474121094,10400.0,385.5899963378906,390.9200134277344,380.57000732421875,389.5799865722656,105348800.0,319.2699890136719,323.94000244140625,317.94000244140625,323.5899963378906,49164500.0,66.45500183105469,67.48999786376953,66.03500366210938,67.44999694824219,24773800.0,1.4509999752044678,1.4600000381469727,1.406999945640564,1.4459999799728394,0.0,90.93000030517578,91.13999938964844,90.69000244140625,91.04000091552734,0.0,25.200000762939453,25.389999389648438,23.170000076293945,23.350000381469727,0.0
2021-03-02,36.459999084472656,36.470001220703125,35.599998474121094,35.599998474121094,7100.0,389.82000732421875,390.07000732421875,386.0,386.5400085449219,79595300.0,324.25,324.3299865722656,318.1400146484375,318.3999938964844,48370000.0,67.54499816894531,67.58999633789062,66.28500366210938,66.37999725341797,24802800.0,1.4459999799728394,1.4509999752044678,1.402999997138977,1.4149999618530273,0.0,91.02999877929688,91.38999938964844,90.7300033569336,90.79000091552734,0.0,23.579999923706055,24.600000381469727,22.799999237060547,24.100000381469727,0.0
2021-03-03,35.61000061035156,35.61000061035156,34.944000244140625,34.944000244140625,13500.0,385.7900085449219,386.8299865722656,381.30999755859375,381.4200134277344,119940200.0,317.2699890136719,318.239990234375,309.1000061035156,309.1600036621094,86301100.0,66.05999755859375,66.25,64.63999938964844,64.70999908447266,29889600.0,1.465000033378601,1.4980000257492065,1.4550000429153442,1.4700000286102295,0.0,90.79000091552734,91.05999755859375,90.62999725341797,90.94999694824219,0.0,22.799999237060547,26.790000915527344,22.450000762939453,26.670000076293945,0.0
2021-03-04,35.189998626708984,35.189998626708984,33.81999969482422,34.119998931884766,9100.0,381.2200012207031,384.0,371.8800048828125,376.70001220703125,183433000.0,308.7799987792969,312.0400085449219,300.1099853515625,304.1000061035156,139131600.0,64.51000213623047,64.9800033569336,62.47999954223633,63.279998779296875,76955600.0,1.468999981880188,1.5549999475479126,1.4579999446868896,1.5499999523162842,0.0,91.01000213623047,91.66999816894531,90.97000122070312,91.62999725341797,0.0,26.520000457763672,31.899999618530273,24.93000030517578,28.56999969482422,0.0
2021-03-05,34.810001373291016,34.83000183105469,33.75,34.83000183105469,11100.0,380.4599914550781,384.760009765625,372.6400146484375,383.6300048828125,152039600.0,306.79998779296875,309.6099853515625,297.45001220703125,308.67999267578125,121523700.0,64.06999969482422,64.65499877929688,62.35499954223633,64.4749984741211,46085800.0,1.5770000219345093,1.6260000467300415,1.5399999618530273,1.5540000200271606,0.0,91.66000366210938,92.19000244140625,91.62000274658203,91.9800033569336,0.0,29.479999542236328,30.030000686645508,24.329999923706055,24.65999984741211,0.0
2021-03-08,35.150001525878906,35.150001525878906,34.35900115966797,34.35900115966797,9100.0,384.6600036621094,387.67999267578125,381.4200134277344,381.7200012207031,123149200.0,308.1199951171875,310.05999755859375,299.510009765625,299.94000244140625,88409800.0,64.41500091552734,64.7249984741211,62.849998474121094,62.915000915527344,35242400.0,1.5920000076293945,1.6059999465942383,1.5770000219345093,1.5959999561309814,0.0,91.98999786376953,92.41999816894531,91.83999633789062,92.30999755859375,0.0,27.610000610351562,28.389999389648438,24.06999969482422,25.469999313354492,0.0
2021-03-09,35.27000045776367,35.529998779296875,35.029998779296875,35.33599853515625,10800.0,385.8500061035156,389.9100036621094,385.30999755859375,387.1700134277344,113633600.0,307.4700012207031,313.7300109863281,306.9200134277344,311.7699890136719,80391100.0,64.38500213623047,65.45500183105469,64.30000305175781,65.05500030517578,22987200.0,1.5440000295639038,1.562999963760376,1.527999997138977,1.5460000038146973,0.0,92.45999908447266,92.5,91.91000366210938,91.95999908447266,0.0,25.110000610351562,25.25,22.899999618530273,24.030000686645508,0.0
2021-03-10,36.02000045776367,36.02000045776367,35.439998626708984,35.439998626708984,7400.0,389.69000244140625,391.3999938964844,388.1700134277344,389.5799865722656,109899400.0,316.1600036621094,316.4700012207031,310.1700134277344,310.8800048828125,76798100.0,65.75499725341797,65.76499938964844,64.74500274658203,64.79499816894531,18459000.0,1.5609999895095825,1.562999963760376,1.50600004196167,1.5199999809265137,0.0,92.05000305175781,92.23999786376953,91.7699966430664,91.79000091552734,0.0,23.760000228881836,23.8700008392334,22.3799991607666,22.559999465942383,0.0
2021-03-11,35.779998779296875,36.18000030517578,35.762001037597656,36.040000915527344,3700.0,392.2300109863281,395.6499938964844,391.739990234375,393.5299987792969,86245000.0,315.7699890136719,319.8599853515625,314.8500061035156,318.0400085449219,53484800.0,65.7699966430664,66.58999633789062,65.62999725341797,66.18000030517578,13362800.0,1.496999979019165,1.5470000505447388,1.496999979019165,1.5269999504089355,0.0,91.79000091552734,91.87999725341797,91.37000274658203,91.41999816894531,0.0,22.5,22.5,21.450000762939453,21.90999984741211,0.0
2021-03-12,36.06999969482422,36.06999969482422,35.744998931884766,36.0,6900.0,392.07000732421875,394.2099914550781,391.20001220703125,394.05999755859375,64653600.0,313.8599853515625,318.2300109863281,311.3900146484375,315.4599914550781,69315600.0,65.38999938964844,65.7249984741211,64.97000122070312,65.70500183105469,12442200.0,1.590999960899353,1.6419999599456787,1.5839999914169312,1.6349999904632568,0.0,91.43000030517578,91.95999908447266,91.4000015258789,91.68000030517578,0.0,22.56999969482422,22.989999771118164,20.6299991607666,20.690000534057617,0.0
2021-03-15,36.2599983215332,36.290000915527344,35.86000061035156,36.290000915527344,7100.0,394.3299865722656,396.69000244140625,392.0299987792969,396.4100036621094,73427200.0,315.7900085449219,319.0,314.1000061035156,318.8299865722656,42955700.0,65.75499725341797,66.44499969482422,65.49500274658203,66.40499877929688,16585000.0,1.6269999742507935,1.6269999742507935,1.5950000286102295,1.6069999933242798,0.0,91.66000366210938,91.97000122070312,91.54000091552734,91.83000183105469,0.0,21.84000015258789,21.860000610351562,19.8700008392334,20.030000686645508,0.0
2021-03-16,36.61000061035156,36.61000061035156,36.13999938964844,36.150001525878906,22800.0,397.07000732421875,397.8299865722656,395.0799865722656,395.9100036621094,73722500.0,321.0899963378906,324.20001220703125,319.1000061035156,320.5799865722656,54925900.0,66.91500091552734,67.54499816894531,66.62000274658203,66.90499877929688,13106800.0,1.593000054359436,1.628999948501587,1.5850000381469727,1.621000051498413,0.0,91.83000183105469,92.02999877929688,91.68000030517578,91.87000274658203,0.0,20.139999389648438,20.309999465942383,19.329999923706055,19.790000915527344,0.0
2021-03-17,36.099998474121094,36.2599983215332,35.81999969482422,36.2599983215332,2900.0,394.5299987792969,398.1199951171875,393.29998779296875,397.260009765625,97959300.0,317.45001220703125,323.8500061035156,315.67999267578125,321.8999938964844,78258700.0,66.36499786376953,67.25,65.86000061035156,66.8499984741211,19366400.0,1.6619999408721924,1.6890000104904175,1.6319999694824219,1.6410000324249268,0.0,91.86000061035156,92.0,91.37000274658203,91.4000015258789,0.0,20.100000381469727,20.950000762939453,19.18000030517578,19.229999542236328,0.0
2021-03-18,36.150001525878906,36.150001525878906,35.400001525878906,35.47999954223633,9100.0,394.4800109863281,396.7200012207031,390.75,391.4800109863281,115349100.0,316.8699951171875,317.8800048828125,311.57000732421875,312.0400085449219,82718100.0,65.93499755859375,66.05000305175781,64.91500091552734,64.99500274658203,17584800.0,1.7300000190734863,1.753999948501587,1.7239999771118164,1.7300000190734863,0.0,91.4000015258789,91.9000015258789,91.30000305175781,91.8499984741211,0.0,18.950000762939453,22.600000381469727,18.950000762939453,21.579999923706055,0.0
2021-03-19,35.61000061035156,35.61000061035156,35.25,35.362998962402344,3900.0,389.8800048828125,391.57000732421875,387.1499938964844,389.4800109863281,113624500.0,311.8699951171875,314.7300109863281,309.6600036621094,313.1400146484375,78446200.0,65.01000213623047,65.29499816894531,64.48999786376953,64.80000305175781,27224800.0,1.6890000104904175,1.75,1.6820000410079956,1.7319999933242798,0.0,91.83000183105469,92.16999816894531,91.66000366210938,91.91999816894531,0.0,21.43000030517578,23.170000076293945,19.899999618530273,20.950000762939453,0.0
2021-03-22,35.77000045776367,35.959999084472656,35.529998779296875,35.959999084472656,6300.0,390.0299987792969,394.07000732421875,389.9700012207031,392.5899963378906,73778600.0,315.2099914550781,320.739990234375,315.2099914550781,318.6099853515625,56194800.0,65.01000213623047,66.25499725341797,64.90499877929688,65.93499755859375,15984200.0,1.6979999542236328,1.7020000219345093,1.6749999523162842,1.684000015258789,0.0,91.73999786376953,92.1500015258789,91.70999908447266,91.80000305175781,0.0,21.90999984741211,22.290000915527344,18.8700008392334,18.8799991607666,0.0
2021-03-23,36.150001525878906,36.15999984741211,35.400001525878906,35.720001220703125,9000.0,391.9100036621094,393.4599914550781,388.6600036621094,389.5,90686600.0,319.7300109863281,321.0899963378906,316.3800048828125,317.2200012207031,53455400.0,66.11499786376953,66.40499877929688,65.3499984741211,65.5250015258789,12929200.0,1.6490000486373901,1.6649999618530273,1.6380000114440918,1.6380000114440918,0.0,91.80000305175781,92.4000015258789,91.76000213623047,92.33999633789062,0.0,19.459999084472656,21.579999923706055,18.799999237060547,20.299999237060547,0.0
2021-03-24,36.029998779296875,36.029998779296875,35.150001525878906,35.40999984741211,5600.0,391.0,392.75,387.4700012207031,387.5199890136719,97588600.0,318.6300048828125,318.6700134277344,311.7200012207031,311.8699951171875,64803700.0,65.91999816894531,65.93000030517578,64.72000122070312,64.7300033569336,14209400.0,1.628000020980835,1.6510000228881836,1.6119999885559082,1.6139999628067017,0.0,92.38999938964844,92.61000061035156,92.33999633789062,92.52999877929688,0.0,20.639999389648438,21.489999771118164,19.299999237060547,21.200000762939453,0.0
2021-03-25,35.22999954223633,35.279998779296875,34.72999954223633,35.279998779296875,8700.0,385.9800109863281,390.54998779296875,383.8999938964844,389.70001220703125,116128600.0,309.9700012207031,312.8900146484375,307.3900146484375,311.3299865722656,78729000.0,64.34500122070312,64.9800033569336,63.86000061035156,64.69000244140625,22573000.0,1.6019999980926514,1.6419999599456787,1.590999960899353,1.6139999628067017,0.0,92.5999984741211,92.91999816894531,92.51000213623047,92.87999725341797,0.0,20.799999237060547,23.549999237060547,19.809999465942383,19.809999465942383,0.0
2021-03-26,35.529998779296875,35.757999420166016,35.349998474121094,35.757999420166016,2700.0,390.92999267578125,396.4100036621094,390.2900085449219,395.9800109863281,114409100.0,311.1099853515625,316.3299865722656,309.6700134277344,316.0,63519600.0,64.65499877929688,66.40499877929688,64.62999725341797,66.33499908447266,14883200.0,1.6720000505447388,1.6759999990463257,1.6339999437332153,1.659999966621399,0.0,92.80999755859375,92.87000274658203,92.6500015258789,92.7699966430664,0.0,19.31999969482422,21.489999771118164,18.68000030517578,18.860000610351562,0.0
2021-03-29,35.709999084472656,35.790000915527344,35.5,35.72999954223633,5800.0,394.3999938964844,396.75,392.80999755859375,395.7799987792969,108107600.0,315.45001220703125,316.989990234375,312.4700012207031,315.9100036621094,54608000.0,66.13500213623047,66.31999969482422,65.48999786376953,65.98999786376953,17317800.0,1.6460000276565552,1.7280000448226929,1.6410000324249268,1.7209999561309814,0.0,92.72000122070312,92.95999908447266,92.72000122070312,92.94000244140625,0.0,20.399999618530273,21.600000381469727,19.420000076293945,20.739999771118164,0.0
2021-03-30,35.77000045776367,35.77000045776367,35.55500030517578,35.63999938964844,10200.0,394.4200134277344,395.45001220703125,393.0199890136719,394.7300109863281,76262200.0,313.8900146484375,314.9100036621094,311.5400085449219,314.32000732421875,44635700.0,65.5250015258789,65.59500122070312,64.97000122070312,65.36499786376953,13235400.0,1.7510000467300415,1.7649999856948853,1.7170000076293945,1.7259999513626099,0.0,92.91000366210938,93.3499984741211,92.87999725341797,93.30000305175781,0.0,20.760000228881836,21.75,19.469999313354492,19.610000610351562,0.0
2021-03-31,35.882999420166016,36.189998626708984,35.882999420166016,36.029998779296875,8700.0,395.3399963378906,398.0,395.30999755859375,396.3299865722656,112734200.0,316.1600036621094,320.739990234375,315.80999755859375,319.1300048828125,55032500.0,65.86499786376953,66.80999755859375,65.80999755859375,66.40499877929688,15430400.0,1.718999981880188,1.7510000467300415,1.7079999446868896,1.746000051498413,0.0,93.23999786376953,93.44000244140625,92.98999786376953,93.2300033569336,0.0,19.799999237060547,20.110000610351562,18.850000381469727,19.399999618530273,0.0
2021-04-01,36.5,36.540000915527344,36.400001525878906,36.540000915527344,10400.0,398.3999938964844,400.6700134277344,398.17999267578125,400.6099853515625,99682900.0,323.07000732421875,324.7099914550781,322.80999755859375,324.57000732421875,55685600.0,67.12999725341797,67.74500274658203,67.06500244140625,67.73999786376953,14351600.0,1.7050000429153442,1.7070000171661377,1.6720000505447388,1.6790000200271606,0.0,93.22000122070312,93.33999633789062,92.87999725341797,92.93000030517578,0.0,18.600000381469727,18.639999389648438,17.290000915527344,17.329999923706055,0.0
2021-04-05,37.040000915527344,37.15999984741211,36.88999938964844,37.119998931884766,9800.0,403.4599914550781,406.94000244140625,403.3800048828125,406.3599853515625,91684800.0,327.1300048828125,331.8399963378906,326.8800048828125,331.04998779296875,42172500.0,68.13500213623047,69.26000213623047,68.04499816894531,69.13999938964844,12866800.0,1.7430000305175781,1.7450000047683716,1.7039999961853027,1.7200000286102295,0.0,93.01000213623047,93.11000061035156,92.54000091552734,92.5999984741211,0.0,18.15999984741211,18.399999618530273,17.350000381469727,17.90999984741211,0.0
2021-04-06,37.0,37.15999984741211,36.9900016784668,37.060001373291016,16500.0,405.760009765625,407.239990234375,405.3999938964844,406.1199951171875,62021000.0,330.7300109863281,332.8299865722656,330.0199890136719,330.82000732421875,33537200.0,69.02999877929688,69.25499725341797,68.61499786376953,68.84500122070312,11315600.0,1.6950000524520874,1.6950000524520874,1.652999997138977,1.656000018119812,0.0,92.56999969482422,92.79000091552734,92.2699966430664,92.33999633789062,0.0,18.06999969482422,18.299999237060547,17.3700008392334,18.1200008392334,0.0
2021-04-07,37.16999816894531,37.16999816894531,37.0,37.02399826049805,4100.0,405.94000244140625,406.9599914550781,405.45001220703125,406.5899963378906,55836300.0,330.3299865722656,332.4800109863281,329.3699951171875,331.6199951171875,32046400.0,68.79000091552734,69.33499908447266,68.54000091552734,69.20999908447266,10085200.0,1.659999966621399,1.6699999570846558,1.6349999904632568,1.652999997138977,0.0,92.31999969482422,92.5,92.13999938964844,92.45999908447266,0.0,17.989999771118164,18.170000076293945,16.8700008392334,17.15999984741211,0.0
2021-04-08,37.029998779296875,37.38999938964844,37.029998779296875,37.13999938964844,13200.0,407.92999267578125,408.5799865722656,406.92999267578125,408.5199890136719,57863100.0,334.55999755859375,335.2699890136719,333.739990234375,335.0799865722656,29940800.0,69.86000061035156,70.2249984741211,69.73999786376953,70.20999908447266,14144600.0,1.6619999408721924,1.6619999408721924,1.628000020980835,1.6319999694824219,0.0,92.41999816894531,92.4800033569336,92.0,92.05999755859375,0.0,16.920000076293945,17.360000610351562,16.549999237060547,16.950000762939453,0.0
2021-04-09,38.0,38.0,37.29999923706055,37.60900115966797,8100.0,408.3900146484375,411.6700134277344,408.260009765625,411.489990234375,61104600.0,333.67999267578125,337.32000732421875,332.9200134277344,337.1099853515625,36664900.0,69.95500183105469,70.90499877929688,69.83000183105469,70.88500213623047,9401000.0,1.6690000295639038,1.687000036239624,1.6369999647140503,1.6660000085830688,0.0,92.06999969482422,92.41000366210938,92.02999877929688,92.16000366210938,0.0,17.049999237060547,17.34000015258789,16.200000762939453,16.690000534057617,0.0
2021-04-12,37.779998779296875,37.779998779296875,37.56999969482422,37.75,11300.0,410.8500061035156,411.92999267578125,410.20001220703125,411.6400146484375,56704900.0,336.0400085449219,337.1000061035156,334.7300109863281,336.6700134277344,25833000.0,70.59500122070312,70.7699966430664,70.19999694824219,70.54499816894531,15907000.0,1.6749999523162842,1.684999942779541,1.6640000343322754,1.6749999523162842,0.0,92.18000030517578,92.33000183105469,92.01000213623047,92.13999938964844,0.0,17.43000030517578,17.90999984741211,16.809999465942383,16.90999984741211,0.0
2021-04-13,37.880001068115234,38.12799835205078,37.86600112915039,38.0989990234375,5900.0,411.5299987792969,413.5299987792969,411.1199951171875,412.8599853515625,56551000.0,338.239990234375,341.0799865722656,338.0199890136719,340.6000061035156,30374000.0,70.81500244140625,71.26499938964844,70.68499755859375,71.20999908447266,11315800.0,1.6799999475479126,1.6959999799728394,1.621999979019165,1.6230000257492065,0.0,92.08000183105469,92.33000183105469,91.79000091552734,91.8499984741211,0.0,16.989999771118164,17.860000610351562,16.43000030517578,16.649999618530273,0.0
2021-04-14,38.0,38.220001220703125,37.755001068115234,37.790000915527344,4700.0,412.8299865722656,413.9599914550781,410.8699951171875,411.45001220703125,61659900.0,340.8500061035156,340.9800109863281,335.6700134277344,336.510009765625,42564300.0,71.19999694824219,71.23500061035156,70.31999969482422,70.45500183105469,11216200.0,1.63100004196167,1.649999976158142,1.628999948501587,1.6380000114440918,0.0,91.83000183105469,91.83000183105469,91.56999969482422,91.69000244140625,0.0,16.709999084472656,17.690000534057617,15.380000114440918,16.989999771118164,0.0
2021-04-15,38.279998779296875,38.400001525878906,38.12900161743164,38.367000579833984,11300.0,413.739990234375,416.1600036621094,413.69000244140625,415.8699951171875,60229800.0,339.4700012207031,342.010009765625,336.2200012207031,341.6099853515625,36342800.0,71.0999984741211,71.72000122070312,71.08999633789062,71.66500091552734,11028800.0,1.6109999418258667,1.6180000305175781,1.5290000438690186,1.5299999713897705,0.0,91.62999725341797,91.75,91.48999786376953,91.66999816894531,0.0,16.780000686645508,16.920000076293945,15.9399995803833,16.56999969482422,0.0
2021-04-16,38.66999816894531,38.66999816894531,38.31999969482422,38.39699935913086,10100.0,417.25,417.9100036621094,415.7300109863281,417.260009765625,82037300.0,342.1499938964844,342.2300109863281,340.0799865722656,342.010009765625,40860100.0,71.72000122070312,71.78500366210938,71.3499984741211,71.6500015258789,11695600.0,1.5640000104904175,1.5980000495910645,1.5640000104904175,1.5729999542236328,0.0,91.66000366210938,91.80999755859375,91.48999786376953,91.55999755859375,0.0,16.649999618530273,16.8799991607666,16.049999237060547,16.25,0.0
2021-04-19,38.529998779296875,38.529998779296875,37.939998626708984,38.029998779296875,20800.0,416.260009765625,416.739990234375,413.7900085449219,415.2099914550781,78498500.0,340.3900146484375,341.5799865722656,336.8999938964844,338.8800048828125,34533100.0,71.33000183105469,71.66000366210938,70.62999725341797,71.05500030517578,10254000.0,1.5870000123977661,1.6150000095367432,1.5800000429153442,1.6009999513626099,0.0,91.54000091552734,91.75,91.02999877929688,91.06999969482422,0.0,17.040000915527344,18.610000610351562,16.780000686645508,17.290000915527344,0.0
2021-04-20,38.290000915527344,38.290000915527344,37.689998626708984,37.81999969482422,10600.0,413.9100036621094,415.0899963378906,410.5899963378906,412.1700134277344,81851800.0,338.20001220703125,339.5199890136719,334.3800048828125,336.4100036621094,38081800.0,70.90499877929688,71.21499633789062,70.02999877929688,70.42500305175781,9873400.0,1.593999981880188,1.6119999885559082,1.5570000410079956,1.562000036239624,0.0,91.05000305175781,91.27999877929688,90.86000061035156,91.23999786376953,0.0,17.360000610351562,19.700000762939453,17.239999771118164,18.68000030517578,0.0
2021-04-21,37.90999984741211,38.220001220703125,37.90999984741211,38.20800018310547,4200.0,411.510009765625,416.2900085449219,411.3599853515625,416.07000732421875,66793000.0,335.0899963378906,339.4800109863281,333.9700012207031,339.2900085449219,36598100.0,70.30000305175781,71.16000366210938,70.1050033569336,71.13500213623047,9254200.0,1.5679999589920044,1.5839999914169312,1.5540000200271606,1.5640000104904175,0.0,91.20999908447266,91.43000030517578,91.08999633789062,91.16000366210938,0.0,18.479999542236328,19.290000915527344,16.90999984741211,17.5,0.0
2021-04-22,38.11000061035156,38.38999938964844,37.88999938964844,37.900001525878906,12500.0,415.8900146484375,416.7799987792969,411.1300048828125,412.2699890136719,97582800.0,338.8900146484375,339.8999938964844,334.010009765625,335.20001220703125,45936100.0,71.01000213623047,71.31500244140625,69.98999786376953,70.30000305175781,11652200.0,1.5770000219345093,1.5870000123977661,1.5429999828338623,1.5540000200271606,0.0,91.11000061035156,91.41999816894531,91.0,91.33000183105469,0.0,17.280000686645508,19.899999618530273,16.989999771118164,18.709999084472656,0.0
2021-04-23,38.0,38.459999084472656,38.0,38.380001068115234,2900.0,412.8699951171875,418.25,412.7900085449219,416.739990234375,73209200.0,335.8500061035156,340.7699890136719,335.8500061035156,339.4200134277344,36381900.0,70.43000030517578,71.57499694824219,70.41500091552734,71.3499984741211,8886000.0,1.5440000295639038,1.5809999704360962,1.531000018119812,1.5670000314712524,0.0,91.29000091552734,91.30000305175781,90.80999755859375,90.86000061035156,0.0,18.559999465942383,18.780000686645508,16.799999237060547,17.329999923706055,0.0
2021-04-26,38.630001068115234,38.630001068115234,38.459999084472656,38.529998779296875,12200.0,417.44000244140625,418.2200012207031,416.80999755859375,417.6099853515625,52182400.0,339.6700134277344,341.9200134277344,338.8999938964844,341.6300048828125,30812000.0,71.375,71.79000091552734,71.32499694824219,71.71499633789062,7735000.0,1.5950000286102295,1.5950000286102295,1.555999994277954,1.5700000524520874,0.0,90.83000183105469,90.98999786376953,90.68000030517578,90.80999755859375,0.0,17.940000534057617,18.170000076293945,16.8700008392334,17.639999389648438,0.0
2021-04-27,38.65999984741211,38.65999984741211,38.349998474121094,38.43000030517578,7200.0,417.92999267578125,418.1400146484375,416.29998779296875,417.5199890136719,51303100.0,341.92999267578125,342.1499938964844,339.1700134277344,340.1499938964844,33187200.0,71.83000183105469,71.88500213623047,71.28500366210938,71.54000091552734,10822000.0,1.5809999704360962,1.6269999742507935,1.5700000524520874,1.621999979019165,0.0,90.87999725341797,91.06999969482422,90.80999755859375,90.91000366210938,0.0,17.6200008392334,18.15999984741211,16.969999313354492,17.559999465942383,0.0
2021-04-28,38.4900016784668,38.5,38.29999923706055,38.310001373291016,12300.0,417.80999755859375,419.010009765625,416.8999938964844,417.3999938964844,51238900.0,339.80999755859375,340.8500061035156,338.3299865722656,339.0,33615700.0,71.125,71.22000122070312,70.70500183105469,70.875,10691200.0,1.6380000114440918,1.659000039100647,1.6130000352859497,1.6200000047683716,0.0,90.9000015258789,91.12999725341797,90.55000305175781,90.61000061035156,0.0,17.469999313354492,17.84000015258789,16.670000076293945,17.280000686645508,0.0
2021-04-29,38.529998779296875,38.54999923706055,38.130001068115234,38.422000885009766,7300.0,420.32000732421875,420.7200012207031,416.44000244140625,420.05999755859375,78544300.0,342.3699951171875,342.79998779296875,336.8999938964844,340.2200012207031,37708900.0,71.45500183105469,71.54499816894531,70.09500122070312,70.81500244140625,13416600.0,1.6649999618530273,1.687999963760376,1.6399999856948853,1.6399999856948853,0.0,90.55000305175781,90.79000091552734,90.41999816894531,90.61000061035156,0.0,16.8799991607666,18.8700008392334,16.770000457763672,17.610000610351562,0.0
2021-04-30,38.380001068115234,38.380001068115234,38.11000061035156,38.16999816894531,25700.0,417.6300048828125,418.5400085449219,416.3399963378906,417.29998779296875,85527000.0,337.70001220703125,340.260009765625,337.04998779296875,337.989990234375,38263400.0,70.09500122070312,70.4749984741211,69.68499755859375,69.8499984741211,10583400.0,1.6419999599456787,1.652999997138977,1.621999979019165,1.63100004196167,0.0,90.62999725341797,91.31999969482422,90.58999633789062,91.27999877929688,0.0,17.670000076293945,19.25,17.639999389648438,18.610000610351562,0.0
2021-05-03,38.47999954223633,38.47999954223633,38.03499984741211,38.03499984741211,7000.0,419.42999267578125,419.8399963378906,417.6700134277344,418.20001220703125,68128300.0,339.2300109863281,340.0,335.7300109863281,336.19000244140625,29729700.0,70.2249984741211,70.36499786376953,69.4800033569336,69.65499877929688,10805800.0,1.6510000228881836,1.6510000228881836,1.5779999494552612,1.6069999933242798,0.0,91.30000305175781,91.38999938964844,90.87000274658203,90.94999694824219,0.0,18.649999618530273,19.1200008392334,17.799999237060547,18.309999465942383,0.0
2021-05-04,38.0,38.0,37.369998931884766,37.709999084472656,15200.0,416.07000732421875,416.6000061035156,411.6700134277344,415.6199951171875,101591200.0,333.55999755859375,333.8900146484375,326.2099914550781,330.1400146484375,65147000.0,69.13500213623047,69.15499877929688,67.6449966430664,68.40499877929688,19919600.0,1.6030000448226929,1.6030000448226929,1.5570000410079956,1.5920000076293945,0.0,91.0,91.4000015258789,90.98999786376953,91.29000091552734,0.0,18.15999984741211,21.850000381469727,18.110000610351562,19.479999542236328,0.0
2021-05-05,37.93000030517578,37.93000030517578,37.630001068115234,37.630001068115234,9800.0,417.3800048828125,417.6300048828125,415.1499938964844,415.75,60162200.0,332.25,333.1400146484375,328.2300109863281,329.0299987792969,46219300.0,68.96499633789062,68.99500274658203,68.11000061035156,68.23999786376953,11245800.0,1.6069999933242798,1.6260000467300415,1.5820000171661377,1.5839999914169312,0.0,91.27999877929688,91.44000244140625,91.16999816894531,91.30999755859375,0.0,18.84000015258789,19.579999923706055,17.889999389648438,19.149999618530273,0.0
2021-05-06,37.63999938964844,37.779998779296875,37.380001068115234,37.775001525878906,7100.0,415.8299865722656,419.2099914550781,413.67999267578125,419.07000732421875,74321400.0,328.760009765625,331.6700134277344,326.45001220703125,331.510009765625,46814300.0,68.20999908447266,68.96499633789062,67.72000122070312,68.92500305175781,14338600.0,1.5770000219345093,1.590999960899353,1.5570000410079956,1.5609999895095825,0.0,91.2699966430664,91.37999725341797,90.87999725341797,90.94999694824219,0.0,18.40999984741211,20.600000381469727,18.209999084472656,18.389999389648438,0.0
2021-05-07,38.0,38.279998779296875,37.9900016784668,38.183998107910156,10400.0,419.8900146484375,422.82000732421875,419.1600036621094,422.1199951171875,67733800.0,334.3699951171875,336.6499938964844,331.69000244140625,334.20001220703125,53324500.0,69.61499786376953,69.92500305175781,69.21499633789062,69.51499938964844,19196600.0,1.5700000524520874,1.5839999914169312,1.4709999561309814,1.5770000219345093,0.0,90.87999725341797,90.95999908447266,90.19000244140625,90.2300033569336,0.0,18.450000762939453,18.56999969482422,16.68000030517578,16.690000534057617,0.0
2021-05-10,38.58000183105469,38.58000183105469,37.52000045776367,37.81999969482422,70300.0,422.5,422.739990234375,417.80999755859375,417.94000244140625,81852400.0,332.7799987792969,332.9599914550781,325.54998779296875,325.760009765625,60700500.0,69.18000030517578,69.21499633789062,67.73500061035156,67.76000213623047,20281000.0,1.5770000219345093,1.6069999933242798,1.559999942779541,1.6019999980926514,0.0,90.2300033569336,90.33999633789062,90.04000091552734,90.20999908447266,0.0,17.34000015258789,19.75,17.06999969482422,19.65999984741211,0.0
2021-05-11,37.220001220703125,37.290000915527344,36.68000030517578,37.224998474121094,12100.0,413.1000061035156,415.2699890136719,410.05999755859375,414.2099914550781,116888000.0,319.70001220703125,326.1300048828125,319.0199890136719,325.30999755859375,71963600.0,66.46499633789062,67.69499969482422,66.30500030517578,67.55500030517578,27046800.0,1.6039999723434448,1.63100004196167,1.6019999980926514,1.6239999532699585,0.0,90.23999786376953,90.36000061035156,89.9800033569336,90.13999938964844,0.0,21.170000076293945,23.729999542236328,20.709999084472656,21.84000015258789,0.0
2021-05-12,37.099998474121094,37.099998474121094,36.268001556396484,36.268001556396484,24900.0,411.2300109863281,412.5899963378906,404.0,405.4100036621094,134811000.0,320.2300109863281,322.6199951171875,316.0,316.8900146484375,91164900.0,66.55999755859375,66.92500305175781,65.4800033569336,65.65499877929688,29414600.0,1.6169999837875366,1.6950000524520874,1.6169999837875366,1.6950000524520874,0.0,90.19000244140625,90.80000305175781,90.16000366210938,90.70999908447266,0.0,22.420000076293945,28.3799991607666,21.65999984741211,27.59000015258789,0.0
2021-05-13,36.78499984741211,36.78499984741211,36.560001373291016,36.632999420166016,1800.0,407.07000732421875,412.3500061035156,407.0199890136719,410.2799987792969,106394000.0,319.9200134277344,322.3999938964844,316.8999938964844,319.3399963378906,69877800.0,66.375,67.125,66.08000183105469,66.5250015258789,22610400.0,1.690000057220459,1.7000000476837158,1.656999945640564,1.6679999828338623,0.0,90.75,90.91000366210938,90.58999633789062,90.75,0.0,26.030000686645508,28.93000030517578,22.229999542236328,23.1299991607666,0.0
2021-05-14,37.13999938964844,37.52000045776367,36.89500045776367,37.30500030517578,18900.0,413.2099914550781,417.489990234375,413.17999267578125,416.5799865722656,82201600.0,322.6000061035156,327.3299865722656,322.0799865722656,326.3900146484375,44370000.0,67.2699966430664,68.2249984741211,67.13999938964844,67.98999786376953,16823000.0,1.6390000581741333,1.6510000228881836,1.625,1.6349999904632568,0.0,90.76000213623047,90.80000305175781,90.27999877929688,90.31999969482422,0.0,21.770000457763672,22.100000381469727,18.65999984741211,18.809999465942383,0.0
2021-05-17,37.38999938964844,37.38999938964844,36.810001373291016,37.04999923706055,6000.0,415.3900146484375,416.3900146484375,413.3599853515625,415.5199890136719,65129200.0,324.6300048828125,326.3699951171875,321.45001220703125,324.4100036621094,39395000.0,67.58999633789062,67.61000061035156,66.875,67.48999786376953,16267200.0,1.6349999904632568,1.6469999551773071,1.628000020980835,1.6399999856948853,0.0,90.30000305175781,90.43000030517578,90.1500015258789,90.22000122070312,0.0,19.889999389648438,21.579999923706055,19.670000076293945,19.719999313354492,0.0
2021-05-18,37.290000915527344,37.290000915527344,36.810001373291016,36.810001373291016,3500.0,415.79998779296875,416.05999755859375,411.7699890136719,411.94000244140625,59810200.0,325.3900146484375,326.6499938964844,321.94000244140625,322.2200012207031,36528500.0,67.68499755859375,67.82499694824219,66.90499877929688,66.94999694824219,11737200.0,1.6390000581741333,1.656999945640564,1.628000020980835,1.6419999599456787,0.0,90.18000030517578,90.19999694824219,89.69000244140625,89.75,0.0,18.889999389648438,21.450000762939453,18.809999465942383,21.34000015258789,0.0
2021-05-19,36.4900016784668,36.70000076293945,36.12900161743164,36.70000076293945,7000.0,406.9200134277344,411.04998779296875,405.3299865722656,410.8599853515625,106467100.0,316.6600036621094,322.8999938964844,316.29998779296875,322.5899963378906,66319100.0,65.91000366210938,67.23500061035156,65.75,67.18499755859375,30581200.0,1.656000018119812,1.6920000314712524,1.6200000047683716,1.6829999685287476,0.0,89.77999877929688,90.29000091552734,89.69000244140625,90.19000244140625,0.0,22.459999084472656,25.959999084472656,21.8799991607666,22.18000030517578,0.0
2021-05-20,37.0,37.33000183105469,36.970001220703125,37.27000045776367,16500.0,411.79998779296875,416.6300048828125,411.6700134277344,415.2799987792969,78022200.0,324.1199951171875,329.7099914550781,323.8900146484375,328.8299865722656,46466100.0,67.45500183105469,68.69999694824219,67.44499969482422,68.47000122070312,16828200.0,1.6640000343322754,1.6660000085830688,1.6269999742507935,1.6339999437332153,0.0,90.20999908447266,90.2300033569336,89.76000213623047,89.80999755859375,0.0,22.329999923706055,23.5,20.190000534057617,20.670000076293945,0.0
2021-05-21,37.70000076293945,37.70000076293945,37.25899887084961,37.25899887084961,3800.0,416.8699951171875,418.20001220703125,414.45001220703125,414.94000244140625,76578700.0,330.42999267578125,330.8599853515625,326.6400146484375,327.010009765625,50330400.0,68.81999969482422,68.88500213623047,68.03500366210938,68.09500122070312,14148400.0,1.621999979019165,1.6390000581741333,1.6130000352859497,1.6319999694824219,0.0,89.77999877929688,90.1500015258789,89.6500015258789,90.0199966430664,0.0,20.420000076293945,20.889999389648438,19.530000686645508,20.149999618530273,0.0
2021-05-24,37.59000015258789,37.880001068115234,37.56999969482422,37.7599983215332,4900.0,417.3399963378906,420.32000732421875,417.0799865722656,419.1700134277344,51376700.0,329.3699951171875,333.6700134277344,326.8999938964844,332.510009765625,32475800.0,68.66000366210938,69.54499816894531,68.625,69.30500030517578,13229000.0,1.6109999418258667,1.621999979019165,1.5980000495910645,1.6080000400543213,0.0,90.02999877929688,90.0999984741211,89.76000213623047,89.83000183105469,0.0,20.5,20.510000228881836,18.3799991607666,18.399999618530273,0.0
2021-05-25,38.02000045776367,38.02000045776367,37.7599983215332,37.939998626708984,7800.0,420.3299865722656,420.7099914550781,417.6199951171875,418.239990234375,57451400.0,334.07000732421875,334.80999755859375,331.760009765625,332.9700012207031,31280300.0,69.58499908447266,69.74500274658203,69.16999816894531,69.32499694824219,11245800.0,1.590999960899353,1.600000023841858,1.562000036239624,1.5640000104904175,0.0,89.8499984741211,89.87000274658203,89.54000091552734,89.63999938964844,0.0,18.350000381469727,19.290000915527344,16.8700008392334,18.84000015258789,0.0
2021-05-26,38.16999816894531,38.16999816894531,37.83700180053711,37.83700180053711,6400.0,418.8699951171875,419.6099853515625,417.760009765625,419.07000732421875,43088600.0,333.6600036621094,334.6099853515625,332.95001220703125,334.1300048828125,25444900.0,69.42500305175781,69.625,69.09500122070312,69.31999969482422,13311400.0,1.559999942779541,1.5829999446868896,1.5520000457763672,1.5740000009536743,0.0,89.69000244140625,90.11000061035156,89.58999633789062,90.04000091552734,0.0,18.3700008392334,18.920000076293945,17.350000381469727,17.360000610351562,0.0
2021-05-27,37.970001220703125,37.970001220703125,37.849998474121094,37.900001525878906,6800.0,420.1700134277344,420.7200012207031,418.989990234375,419.2900085449219,56707700.0,333.6700134277344,334.5400085449219,332.6700134277344,332.8800048828125,27931700.0,69.26000213623047,69.54499816894531,68.94000244140625,68.95500183105469,11354600.0,1.6109999418258667,1.625,1.6050000190734863,1.6100000143051147,0.0,90.08000183105469,90.18000030517578,89.88999938964844,89.97000122070312,0.0,18.030000686645508,18.170000076293945,16.520000457763672,16.739999771118164,0.0
2021-05-28,38.18000030517578,38.18000030517578,38.0099983215332,38.020999908447266,8400.0,420.9700012207031,421.25,419.7900085449219,420.0400085449219,58520200.0,334.1199951171875,335.57000732421875,333.6000061035156,333.92999267578125,29927400.0,69.30500030517578,69.5999984741211,69.16500091552734,69.19999694824219,9222600.0,1.6100000143051147,1.6180000305175781,1.5789999961853027,1.5809999704360962,0.0,90.02999877929688,90.44000244140625,89.9800033569336,90.02999877929688,0.0,16.799999237060547,16.860000610351562,15.899999618530273,16.760000228881836,0.0
2021-06-01,38.5,38.5,37.95500183105469,37.96799850463867,5900.0,422.57000732421875,422.7200012207031,419.20001220703125,419.6700134277344,54216600.0,335.29998779296875,335.7900085449219,331.42999267578125,332.82000732421875,31145400.0,69.51000213623047,69.58499908447266,68.73500061035156,68.86000061035156,12907400.0,1.625,1.6390000581741333,1.6080000400543213,1.6150000095367432,0.0,89.80999755859375,89.94000244140625,89.66000366210938,89.83000183105469,0.0,17.239999771118164,18.530000686645508,15.680000305175781,17.899999618530273,0.0
2021-06-02,38.13999938964844,38.13999938964844,38.02399826049805,38.02399826049805,5100.0,420.3699951171875,421.2300109863281,419.2900085449219,420.3299865722656,49097100.0,333.25,334.3399963378906,331.70001220703125,333.4700012207031,22047900.0,69.0,69.61499786376953,68.87000274658203,69.33499908447266,10098200.0,1.6050000190734863,1.6059999465942383,1.5880000591278076,1.590999960899353,0.0,89.91999816894531,90.25,89.86000061035156,89.9000015258789,0.0,17.860000610351562,18.309999465942383,16.739999771118164,17.479999542236328,0.0
2021-06-03,37.9900016784668,37.9900016784668,37.724998474121094,37.724998474121094,2100.0,417.8500061035156,419.989990234375,416.2799987792969,418.7699890136719,58138800.0,330.54998779296875,331.8599853515625,328.2799987792969,330.0,37057800.0,68.7750015258789,69.05000305175781,68.2699966430664,68.69000244140625,12721200.0,1.6009999513626099,1.6299999952316284,1.5959999561309814,1.625,0.0,89.93000030517578,90.55000305175781,89.88999938964844,90.5,0.0,17.729999542236328,19.270000457763672,17.450000762939453,18.040000915527344,0.0
2021-06-04,37.95000076293945,38.2400016784668,37.95000076293945,38.207000732421875,1300.0,420.75,422.9200134277344,418.8399963378906,422.6000061035156,55938800.0,331.8500061035156,336.05999755859375,331.7799987792969,335.6000061035156,38736500.0,69.11000061035156,70.08999633789062,69.11000061035156,70.01000213623047,11182600.0,1.6269999742507935,1.6349999904632568,1.5570000410079956,1.559999942779541,0.0,90.47000122070312,90.62999725341797,90.02999877929688,90.13999938964844,0.0,18.09000015258789,18.420000076293945,16.18000030517578,16.420000076293945,0.0
2021-06-07,38.400001525878906,38.400001525878906,38.029998779296875,38.20800018310547,5900.0,422.5899963378906,422.7799987792969,421.19000244140625,422.19000244140625,51555000.0,335.04998779296875,336.6600036621094,334.3399963378906,336.6000061035156,32611900.0,69.94999694824219,70.07499694824219,69.65499877929688,69.99500274658203,11784000.0,1.5809999704360962,1.5820000171661377,1.5640000104904175,1.569000005722046,0.0,90.12999725341797,90.30000305175781,89.91000366210938,89.94999694824219,0.0,17.34000015258789,17.350000381469727,15.779999732971191,16.420000076293945,0.0
2021-06-08,38.45000076293945,38.45000076293945,37.9900016784668,38.198001861572266,10500.0,423.1099853515625,423.2099914550781,420.32000732421875,422.2799987792969,47134300.0,338.3999938964844,339.2900085449219,335.0299987792969,336.760009765625,27282800.0,70.33000183105469,70.625,69.80500030517578,70.0,8902600.0,1.5360000133514404,1.5360000133514404,1.5130000114440918,1.527999997138977,0.0,89.98999786376953,90.18000030517578,89.95999908447266,90.08000183105469,0.0,16.579999923706055,17.75,15.149999618530273,17.06999969482422,0.0
2021-06-09,38.220001220703125,38.22999954223633,38.08000183105469,38.08000183105469,2600.0,423.17999267578125,423.260009765625,421.4100036621094,421.6499938964844,48436300.0,338.1700134277344,338.9700012207031,336.6499938964844,336.8399963378906,21485300.0,70.33999633789062,70.45999908447266,70.01000213623047,70.05000305175781,9763400.0,1.503000020980835,1.5080000162124634,1.472000002861023,1.4889999628067017,0.0,90.12999725341797,90.16999816894531,89.83999633789062,90.12000274658203,0.0,17.18000030517578,17.959999084472656,15.550000190734863,17.889999389648438,0.0
2021-06-10,38.15999984741211,38.349998474121094,37.970001220703125,38.310001373291016,4500.0,422.9599914550781,424.6300048828125,421.54998779296875,423.6099853515625,51020100.0,337.19000244140625,340.4599914550781,336.7300109863281,340.3500061035156,33702100.0,70.19499969482422,70.73999786376953,69.94499969482422,70.56500244140625,11275400.0,1.503000020980835,1.5329999923706055,1.4589999914169312,1.4589999914169312,0.0,90.13999938964844,90.30999755859375,89.9800033569336,90.08000183105469,0.0,18.18000030517578,18.290000915527344,16.010000228881836,16.100000381469727,0.0
2021-06-11,38.5,38.5,38.380001068115234,38.4739990234375,3900.0,424.20001220703125,424.42999267578125,422.82000732421875,424.30999755859375,45570800.0,340.3599853515625,341.25,339.69000244140625,341.239990234375,21222800.0,70.65499877929688,70.98500061035156,70.58999633789062,70.98500061035156,12100600.0,1.4520000219345093,1.472000002861023,1.4500000476837158,1.4620000123977661,0.0,90.06999969482422,90.61000061035156,89.95999908447266,90.55999755859375,0.0,16.18000030517578,16.200000762939453,15.149999618530273,15.649999618530273,0.0
2021-06-14,38.630001068115234,38.630001068115234,38.439998626708984,38.61399841308594,7500.0,424.42999267578125,425.3699951171875,423.1000061035156,425.260009765625,42358500.0,341.67999267578125,344.5199890136719,340.4599914550781,344.510009765625,27827700.0,71.05500030517578,71.70999908447266,70.76499938964844,71.70500183105469,11426600.0,1.4639999866485596,1.5019999742507935,1.4589999914169312,1.5010000467300415,0.0,90.51000213623047,90.5999984741211,90.41000366210938,90.5199966430664,0.0,16.040000915527344,17.040000915527344,15.039999961853027,16.389999389648438,0.0
2021-06-15,38.880001068115234,38.900001525878906,38.417999267578125,38.417999267578125,3700.0,425.4200134277344,425.4599914550781,423.5400085449219,424.4800109863281,51508500.0,344.1499938964844,344.4700012207031,341.5199890136719,342.260009765625,35963800.0,71.6500015258789,71.6500015258789,71.13500213623047,71.26499938964844,15079600.0,1.49399995803833,1.5130000114440918,1.4859999418258667,1.4989999532699585,0.0,90.4800033569336,90.68000030517578,90.3499984741211,90.54000091552734,0.0,16.270000457763672,17.350000381469727,16.139999389648438,17.020000457763672,0.0
2021-06-16,38.52000045776367,38.52000045776367,38.029998779296875,38.20100021362305,3800.0,424.6300048828125,424.8699951171875,419.9200134277344,422.1099853515625,80386100.0,342.739990234375,343.8399963378906,337.45001220703125,341.010009765625,55399500.0,71.4000015258789,71.53500366210938,70.18499755859375,70.87999725341797,19202800.0,1.4889999628067017,1.593999981880188,1.4839999675750732,1.569000005722046,0.0,90.54000091552734,91.4000015258789,90.44000244140625,91.12999725341797,0.0,16.989999771118164,19.110000610351562,16.420000076293945,18.149999618530273,0.0
2021-06-17,38.189998626708984,38.540000915527344,38.189998626708984,38.46500015258789,17000.0,421.6700134277344,423.0199890136719,419.32000732421875,421.9700012207031,90949700.0,339.9700012207031,346.3800048828125,339.9200134277344,345.3399963378906,59722700.0,70.67500305175781,71.99500274658203,70.67500305175781,71.69999694824219,15864200.0,1.569000005722046,1.5750000476837158,1.472000002861023,1.5110000371932983,0.0,91.43000030517578,92.01000213623047,91.30999755859375,91.88999938964844,0.0,18.489999771118164,19.219999313354492,16.709999084472656,17.75,0.0
2021-06-18,38.459999084472656,38.459999084472656,38.11000061035156,38.130001068115234,5700.0,417.0899963378906,417.8299865722656,414.70001220703125,414.9200134277344,118676300.0,343.6300048828125,344.80999755859375,341.8599853515625,342.6300048828125,55414900.0,71.3550033569336,71.63500213623047,70.95999908447266,71.04499816894531,20816600.0,1.5069999694824219,1.5210000276565552,1.437999963760376,1.4500000476837158,0.0,91.87999725341797,92.41000366210938,91.80999755859375,92.2300033569336,0.0,16.959999084472656,21.040000915527344,16.920000076293945,20.700000762939453,0.0
2021-06-21,38.349998474121094,38.560001373291016,38.02000045776367,38.560001373291016,4200.0,416.79998779296875,421.05999755859375,415.92999267578125,420.8599853515625,72822000.0,342.42999267578125,344.69000244140625,340.1499938964844,344.3599853515625,32992600.0,70.94499969482422,71.71499633789062,70.48500061035156,71.67500305175781,12276000.0,1.4520000219345093,1.4919999837875366,1.4520000219345093,1.4839999675750732,0.0,92.31999969482422,92.37000274658203,91.83000183105469,91.86000061035156,0.0,21.739999771118164,21.81999969482422,17.809999465942383,17.889999389648438,0.0
2021-06-22,38.65999984741211,38.810001373291016,38.60200119018555,38.810001373291016,3000.0,420.8500061035156,424.0,420.0799865722656,423.1099853515625,57700300.0,344.1499938964844,348.0299987792969,343.8399963378906,347.57000732421875,28941600.0,71.62999725341797,72.36499786376953,71.55000305175781,72.32499694824219,9253200.0,1.4950000047683716,1.5089999437332153,1.4700000286102295,1.472000002861023,0.0,91.87999725341797,92.13999938964844,91.6500015258789,91.7300033569336,0.0,17.90999984741211,18.31999969482422,15.760000228881836,16.65999984741211,0.0
2021-06-23,38.95000076293945,38.9900016784668,38.84000015258789,38.856998443603516,5200.0,423.19000244140625,424.04998779296875,422.510009765625,422.6000061035156,49445400.0,347.510009765625,348.9200134277344,346.8800048828125,347.739990234375,27188500.0,72.33499908447266,72.5,72.08499908447266,72.24500274658203,8271000.0,1.468000054359436,1.4989999532699585,1.465000033378601,1.4869999885559082,0.0,91.7300033569336,91.9000015258789,91.51000213623047,91.80000305175781,0.0,16.25,16.84000015258789,14.859999656677246,16.31999969482422,0.0
2021-06-24,39.11000061035156,39.25,39.11000061035156,39.18299865722656,4800.0,424.8900146484375,425.54998779296875,424.6199951171875,425.1000061035156,45110300.0,349.7300109863281,351.4599914550781,349.1700134277344,349.8900146484375,32581600.0,72.70999908447266,72.91999816894531,72.55500030517578,72.69999694824219,12279000.0,1.4839999675750732,1.496999979019165,1.4769999980926514,1.4869999885559082,0.0,91.80000305175781,91.91000366210938,91.66000366210938,91.81999969482422,0.0,15.989999771118164,16.049999237060547,14.1899995803833,15.970000267028809,0.0
2021-06-25,39.2400016784668,39.31999969482422,39.209999084472656,39.28200149536133,5900.0,425.8999938964844,427.0899963378906,425.54998779296875,426.6099853515625,58129500.0,350.4700012207031,350.7200012207031,348.8399963378906,349.4599914550781,28682800.0,72.76499938964844,72.81999969482422,72.49500274658203,72.61499786376953,14385800.0,1.4869999885559082,1.5449999570846558,1.4780000448226929,1.5360000133514404,0.0,91.83000183105469,91.87999725341797,91.52999877929688,91.80999755859375,0.0,16.040000915527344,16.170000076293945,15.210000038146973,15.619999885559082,0.0
2021-06-28,39.349998474121094,39.68000030517578,39.349998474121094,39.68000030517578,6000.0,427.1700134277344,427.6499938964844,425.8900146484375,427.4700012207031,53159600.0,350.7799987792969,353.8500061035156,350.7200012207031,353.7099914550781,39130300.0,72.91500091552734,73.45999908447266,72.9000015258789,73.375,12557400.0,1.5089999437332153,1.5119999647140503,1.4709999561309814,1.4780000448226929,0.0,91.80999755859375,92.0199966430664,91.69999694824219,91.87999725341797,0.0,16.06999969482422,16.459999084472656,15.390000343322754,15.760000228881836,0.0
2021-06-29,39.77000045776367,39.77000045776367,39.45500183105469,39.54800033569336,3300.0,427.8800048828125,428.55999755859375,427.1300048828125,427.70001220703125,35970500.0,353.5299987792969,355.0199890136719,352.6700134277344,354.989990234375,29426000.0,73.41500091552734,73.94499969482422,73.24500274658203,73.91000366210938,9829200.0,1.4919999837875366,1.5099999904632568,1.4780000448226929,1.4800000190734863,0.0,91.87999725341797,92.19000244140625,91.86000061035156,92.05000305175781,0.0,15.6899995803833,16.309999465942383,14.100000381469727,16.020000457763672,0.0
2021-06-30,39.38999938964844,39.4900016784668,39.38999938964844,39.400001525878906,4200.0,427.2099914550781,428.7799987792969,427.17999267578125,428.05999755859375,64827900.0,354.8299865722656,355.2300109863281,353.8299865722656,354.42999267578125,32724000.0,73.79499816894531,74.01000213623047,73.5999984741211,73.83000183105469,11013600.0,1.4529999494552612,1.465999960899353,1.437999963760376,1.4429999589920044,0.0,92.08000183105469,92.44999694824219,92.0,92.44000244140625,0.0,16.18000030517578,17.309999465942383,15.579999923706055,15.829999923706055,0.0
2021-07-01,39.790000915527344,39.790000915527344,39.45000076293945,39.54800033569336,5200.0,428.8699951171875,430.6000061035156,428.79998779296875,430.42999267578125,53441000.0,354.07000732421875,355.0899963378906,352.67999267578125,354.57000732421875,29290000.0,73.7300033569336,73.95500183105469,73.45500183105469,73.95500183105469,11636600.0,1.4709999561309814,1.4850000143051147,1.4539999961853027,1.4800000190734863,0.0,92.3499984741211,92.5999984741211,92.26000213623047,92.5999984741211,0.0,15.619999885559082,16.010000228881836,15.3100004196167,15.479999542236328,0.0
2021-07-02,39.72999954223633,39.869998931884766,39.72999954223633,39.83000183105469,18000.0,431.6700134277344,434.1000061035156,430.5199890136719,433.7200012207031,57697700.0,356.5199890136719,358.9700012207031,356.2799987792969,358.6400146484375,32727200.0,74.30999755859375,75.00499725341797,74.29000091552734,74.93000030517578,12780000.0,1.444000005722046,1.468000054359436,1.4259999990463257,1.430999994277954,0.0,92.56999969482422,92.73999786376953,92.18000030517578,92.2300033569336,0.0,15.529999732971191,15.539999961853027,14.25,15.069999694824219,0.0
2021-07-06,40.029998779296875,40.029998779296875,39.599998474121094,39.832000732421875,10500.0,433.7799987792969,434.010009765625,430.010009765625,432.92999267578125,68710400.0,359.260009765625,360.4800109863281,356.489990234375,360.19000244140625,38842400.0,75.08999633789062,75.56999969482422,74.49500274658203,75.21499633789062,11870600.0,1.4240000247955322,1.4270000457763672,1.3519999980926514,1.3700000047683716,0.0,92.23999786376953,92.66000366210938,92.0,92.55000305175781,0.0,15.770000457763672,17.940000534057617,15.729999542236328,16.440000534057617,0.0
2021-07-07,39.959999084472656,39.959999084472656,39.79499816894531,39.854000091552734,7500.0,433.6600036621094,434.760009765625,431.510009765625,434.4599914550781,63549500.0,362.45001220703125,362.760009765625,358.94000244140625,360.95001220703125,35265200.0,75.69499969482422,75.77999877929688,75.0199966430664,75.625,14883800.0,1.3250000476837158,1.343000054359436,1.2960000038146973,1.3209999799728394,0.0,92.52999877929688,92.8499984741211,92.43000030517578,92.63999938964844,0.0,16.43000030517578,17.639999389648438,16.079999923706055,16.200000762939453,0.0
2021-07-08,39.13999938964844,39.560001373291016,39.13999938964844,39.45000076293945,6000.0,428.7799987792969,431.7300109863281,427.5199890136719,430.9200134277344,97595200.0,355.739990234375,359.6499938964844,354.4200134277344,358.7699890136719,50890000.0,74.43499755859375,75.12000274658203,74.0999984741211,74.91000366210938,17086200.0,1.281000018119812,1.305999994277954,1.2680000066757202,1.2879999876022339,0.0,92.69999694824219,92.79000091552734,92.23999786376953,92.36000061035156,0.0,17.739999771118164,21.290000915527344,17.739999771118164,19.0,0.0
2021-07-09,39.61000061035156,39.91999816894531,39.61000061035156,39.86000061035156,6000.0,432.5299987792969,435.8399963378906,430.7099914550781,435.5199890136719,76238600.0,358.1700134277344,361.5,357.57000732421875,361.010009765625,35184500.0,74.81999969482422,75.66999816894531,74.70999908447266,75.5999984741211,9775800.0,1.3380000591278076,1.3600000143051147,1.3329999446868896,1.3559999465942383,0.0,92.36000061035156,92.54000091552734,92.08999633789062,92.12999725341797,0.0,17.8799991607666,18.1299991607666,16.079999923706055,16.18000030517578,0.0
2021-07-12,39.95000076293945,40.18000030517578,39.95000076293945,40.130001068115234,9300.0,435.42999267578125,437.3500061035156,434.9700012207031,437.0799865722656,52889600.0,362.45001220703125,362.8900146484375,360.8299865722656,362.4200134277344,25717700.0,75.9000015258789,75.93499755859375,75.41500091552734,75.66000366210938,9619600.0,1.343000054359436,1.3760000467300415,1.3380000591278076,1.3630000352859497,0.0,92.0999984741211,92.41999816894531,92.08000183105469,92.2300033569336,0.0,16.850000381469727,17.520000457763672,16.139999389648438,16.170000076293945,0.0
2021-07-13,40.06999969482422,40.220001220703125,39.948001861572266,39.948001861572266,7100.0,436.239990234375,437.8399963378906,435.30999755859375,435.5899963378906,52911300.0,362.0299987792969,365.4700012207031,361.5400085449219,362.4200134277344,39723000.0,75.52999877929688,76.5199966430664,75.46499633789062,75.97000122070312,15202800.0,1.3509999513626099,1.4199999570846558,1.343000054359436,1.4149999618530273,0.0,92.2300033569336,92.80999755859375,92.13999938964844,92.75,0.0,16.389999389648438,17.229999542236328,15.9399995803833,17.1200008392334,0.0
2021-07-14,40.369998931884766,40.369998931884766,39.84000015258789,39.84000015258789,5100.0,437.3999938964844,437.9200134277344,434.9100036621094,436.239990234375,64130400.0,364.8299865722656,365.489990234375,362.2200012207031,363.07000732421875,35336400.0,76.58000183105469,76.91999816894531,76.19499969482422,76.52999877929688,12886800.0,1.38100004196167,1.3860000371932983,1.3539999723434448,1.3559999465942383,0.0,92.80000305175781,92.83000183105469,92.3499984741211,92.41000366210938,0.0,17.34000015258789,17.510000228881836,15.949999809265137,16.329999923706055,0.0
2021-07-15,39.790000915527344,39.970001220703125,39.560001373291016,39.970001220703125,14000.0,434.80999755859375,435.5299987792969,432.7200012207031,434.75,55126400.0,362.9800109863281,363.19000244140625,358.4599914550781,360.5199890136719,53391600.0,76.44000244140625,76.5,75.49500274658203,75.9000015258789,12506200.0,1.3289999961853027,1.3489999771118164,1.2920000553131104,1.2970000505447388,0.0,92.4000015258789,92.69000244140625,92.2699966430664,92.62000274658203,0.0,16.700000762939453,18.09000015258789,16.559999465942383,17.010000228881836,0.0
2021-07-16,40.04999923706055,40.04999923706055,39.380001068115234,39.380001068115234,14500.0,436.010009765625,436.05999755859375,430.9200134277344,431.3399963378906,75874700.0,361.3999938964844,362.4100036621094,357.239990234375,357.6000061035156,47262000.0,76.05000305175781,76.41000366210938,75.07499694824219,75.1500015258789,15080400.0,1.315000057220459,1.3359999656677246,1.2990000247955322,1.2999999523162842,0.0,92.58999633789062,92.76000213623047,92.52999877929688,92.69000244140625,0.0,16.799999237060547,18.700000762939453,16.030000686645508,18.450000762939453,0.0
2021-07-19,39.18000030517578,39.18000030517578,38.72200012207031,38.88100051879883,8100.0,426.19000244140625,431.4100036621094,421.9700012207031,424.9700012207031,147987000.0,354.04998779296875,355.17999267578125,352.0400085449219,354.6700134277344,64404600.0,74.25499725341797,74.45999908447266,73.68499755859375,74.11499786376953,24254000.0,1.2269999980926514,1.2269999980926514,1.1759999990463257,1.180999994277954,0.0,92.70999908447266,93.04000091552734,92.63999938964844,92.88999938964844,0.0,19.610000610351562,25.09000015258789,19.270000457763672,22.5,0.0
2021-07-20,39.20000076293945,39.68000030517578,39.20000076293945,39.56999969482422,2300.0,425.67999267578125,432.4200134277344,424.8299865722656,431.05999755859375,99608200.0,355.6300048828125,360.2799987792969,353.79998779296875,358.7900085449219,42183700.0,74.48500061035156,75.62999725341797,74.05500030517578,75.21499633789062,14715600.0,1.1799999475479126,1.2239999771118164,1.128000020980835,1.2089999914169312,0.0,92.87999725341797,93.16999816894531,92.80000305175781,92.97000122070312,0.0,20.889999389648438,22.969999313354492,19.3700008392334,19.729999542236328,0.0
2021-07-21,39.77000045776367,39.9900016784668,39.77000045776367,39.98699951171875,18500.0,432.3399963378906,434.70001220703125,431.010009765625,434.54998779296875,64724400.0,358.3500061035156,361.55999755859375,358.1199951171875,361.55999755859375,30259900.0,75.18499755859375,75.95500183105469,75.04499816894531,75.94000244140625,12234000.0,1.2430000305175781,1.3029999732971191,1.2330000400543213,1.2799999713897705,0.0,92.97000122070312,93.19000244140625,92.7300033569336,92.75,0.0,19.729999542236328,19.81999969482422,17.809999465942383,17.90999984741211,0.0
2021-07-22,40.0,40.06999969482422,39.84000015258789,40.06800079345703,3000.0,434.739990234375,435.7200012207031,433.69000244140625,435.4599914550781,47878500.0,361.7699890136719,363.9599914550781,361.7699890136719,363.95001220703125,30252200.0,76.0999984741211,76.55999755859375,76.0999984741211,76.5,9577800.0,1.2869999408721924,1.2949999570846558,1.2330000400543213,1.2649999856948853,0.0,92.80000305175781,92.91999816894531,92.51000213623047,92.81999969482422,0.0,17.59000015258789,18.450000762939453,17.399999618530273,17.690000534057617,0.0
2021-07-23,40.31999969482422,40.470001220703125,40.29999923706055,40.470001220703125,2100.0,437.5199890136719,440.29998779296875,436.7900085449219,439.94000244140625,63766600.0,365.30999755859375,368.489990234375,363.9200134277344,368.20001220703125,31960800.0,76.83999633789062,77.30000305175781,76.56500244140625,77.26000213623047,12576200.0,1.2999999523162842,1.312000036239624,1.281000018119812,1.2860000133514404,0.0,92.80999755859375,93.0199966430664,92.77999877929688,92.91000366210938,0.0,16.979999542236328,17.479999542236328,16.329999923706055,17.200000762939453,0.0
2021-07-26,40.439998626708984,40.47999954223633,40.34000015258789,40.45800018310547,10400.0,439.30999755859375,441.0299987792969,439.260009765625,441.0199890136719,43719200.0,367.489990234375,368.8900146484375,366.6000061035156,368.489990234375,28438100.0,77.06500244140625,77.36000061035156,76.7750015258789,77.22000122070312,8993400.0,1.2549999952316284,1.284999966621399,1.2510000467300415,1.2760000228881836,0.0,92.91000366210938,92.95999908447266,92.52999877929688,92.6500015258789,0.0,18.670000076293945,19.389999389648438,17.530000686645508,17.579999923706055,0.0
2021-07-27,40.459999084472656,40.459999084472656,39.849998474121094,40.13199996948242,5900.0,439.9100036621094,439.94000244140625,435.989990234375,439.010009765625,67397100.0,368.2200012207031,368.2200012207031,360.1600036621094,364.42999267578125,57933100.0,77.125,77.1500015258789,75.5250015258789,76.48999786376953,18089800.0,1.253000020980835,1.253999948501587,1.2289999723434448,1.2339999675750732,0.0,92.62999725341797,92.83999633789062,92.31999969482422,92.43000030517578,0.0,18.6200008392334,20.440000534057617,18.25,19.360000610351562,0.0
2021-07-28,40.5,40.5,40.1150016784668,40.198001861572266,9500.0,439.67999267578125,440.29998779296875,437.30999755859375,438.8299865722656,52472400.0,365.6000061035156,367.45001220703125,363.239990234375,365.8299865722656,42066200.0,76.51499938964844,76.80000305175781,75.66500091552734,76.3949966430664,13941200.0,1.2660000324249268,1.277999997138977,1.246000051498413,1.2610000371932983,0.0,92.45999908447266,92.75,92.23999786376953,92.31999969482422,0.0,19.40999984741211,19.6200008392334,17.520000457763672,18.309999465942383,0.0
2021-07-29,40.36000061035156,40.5,40.36000061035156,40.36399841308594,2100.0,439.82000732421875,441.79998779296875,439.80999755859375,440.6499938964844,47435300.0,365.25,367.67999267578125,365.25,366.4800109863281,25672500.0,76.31500244140625,77.01000213623047,76.30500030517578,76.75,12030600.0,1.2640000581741333,1.284000039100647,1.24399995803833,1.2690000534057617,0.0,92.2699966430664,92.29000091552734,91.86000061035156,91.86000061035156,0.0,17.90999984741211,18.010000228881836,17.190000534057617,17.700000762939453,0.0
2021-07-30,40.08000183105469,40.459999084472656,40.08000183105469,40.22999954223633,2800.0,437.9100036621094,440.05999755859375,437.7699890136719,438.510009765625,68951200.0,362.44000244140625,365.1700134277344,362.4100036621094,364.57000732421875,36484600.0,76.26000213623047,76.77999877929688,76.23999786376953,76.69999694824219,10148800.0,1.2359999418258667,1.2510000467300415,1.2259999513626099,1.2389999628067017,0.0,91.8499984741211,92.19999694824219,91.77999877929688,92.16999816894531,0.0,19.690000534057617,19.719999313354492,17.530000686645508,18.239999771118164,0.0
2021-08-02,41.0,41.0,40.22999954223633,40.5,8700.0,440.3399963378906,440.92999267578125,437.2099914550781,437.5899963378906,58783300.0,366.2799987792969,366.8800048828125,363.8699951171875,364.6000061035156,27334100.0,77.04499816894531,77.1500015258789,76.31999969482422,76.42500305175781,12205200.0,1.2309999465942383,1.2309999465942383,1.1510000228881836,1.1740000247955322,0.0,92.08999633789062,92.16999816894531,91.91000366210938,92.05000305175781,0.0,18.15999984741211,19.8700008392334,17.989999771118164,19.459999084472656,0.0
2021-08-03,40.43000030517578,40.43000030517578,39.97999954223633,40.38999938964844,7200.0,438.44000244140625,441.2799987792969,436.1000061035156,441.1499938964844,58053900.0,365.2799987792969,366.92999267578125,362.0,366.80999755859375,35558500.0,76.56500244140625,76.95500183105469,75.94499969482422,76.91500091552734,10824800.0,1.1770000457763672,1.180999994277954,1.1540000438690186,1.1759999990463257,0.0,92.05999755859375,92.16000366210938,91.88999938964844,92.08000183105469,0.0,19.170000076293945,20.440000534057617,17.700000762939453,18.040000915527344,0.0
2021-08-04,40.400001525878906,40.47999954223633,40.31999969482422,40.45000076293945,8700.0,439.7799987792969,441.1199951171875,438.7300109863281,438.9800109863281,46732200.0,366.7699890136719,368.32000732421875,365.6300048828125,367.3399963378906,29602200.0,76.8550033569336,77.26000213623047,76.61000061035156,77.06999969482422,11322800.0,1.1720000505447388,1.215000033378601,1.128999948501587,1.184000015258789,0.0,92.04000091552734,92.30999755859375,91.81999969482422,92.2699966430664,0.0,18.229999542236328,18.899999618530273,17.670000076293945,17.969999313354492,0.0
2021-08-05,40.599998474121094,40.608001708984375,40.459999084472656,40.608001708984375,4600.0,440.2200012207031,441.8500061035156,439.8800048828125,441.760009765625,38969700.0,368.17999267578125,369.9100036621094,367.45001220703125,369.6700134277344,21443900.0,77.20999908447266,77.5199966430664,76.9800033569336,77.49500274658203,6674600.0,1.1820000410079956,1.2269999980926514,1.1790000200271606,1.2170000076293945,0.0,92.27999877929688,92.3499984741211,92.12000274658203,92.23999786376953,0.0,17.729999542236328,17.84000015258789,17.229999542236328,17.280000686645508,0.0
2021-08-06,40.599998474121094,40.66999816894531,40.540000915527344,40.5880012512207,7500.0,442.1000061035156,442.94000244140625,441.79998779296875,442.489990234375,46930000.0,368.3699951171875,369.3699951171875,366.9100036621094,368.04998779296875,33332100.0,77.2249984741211,77.5199966430664,77.20500183105469,77.43000030517578,7602800.0,1.2519999742507935,1.2999999523162842,1.246999979019165,1.2899999618530273,0.0,92.2699966430664,92.83999633789062,92.26000213623047,92.80000305175781,0.0,17.459999084472656,17.5,16.139999389648438,16.149999618530273,0.0
2021-08-09,40.599998474121094,40.619998931884766,40.5,40.52899932861328,6600.0,442.4599914550781,442.79998779296875,441.30999755859375,442.1300048828125,41222600.0,368.5199890136719,369.2699890136719,367.3900146484375,368.7300109863281,25960200.0,77.5199966430664,77.66000366210938,77.1050033569336,77.18000030517578,7198200.0,1.277999997138977,1.3240000009536743,1.2680000066757202,1.3170000314712524,0.0,92.77999877929688,92.98999786376953,92.72000122070312,92.94999694824219,0.0,17.1200008392334,17.389999389648438,16.59000015258789,16.719999313354492,0.0
2021-08-10,40.529998779296875,40.59000015258789,40.33000183105469,40.33000183105469,8500.0,442.6099853515625,443.44000244140625,441.8800048828125,442.67999267578125,43339300.0,369.260009765625,369.55999755859375,365.6199951171875,366.8399963378906,35130800.0,77.31999969482422,77.38999938964844,76.40499877929688,76.625,10421400.0,1.3200000524520874,1.3489999771118164,1.312000036239624,1.3420000076293945,0.0,92.9800033569336,93.13999938964844,92.94000244140625,93.05999755859375,0.0,16.81999969482422,17.049999237060547,16.34000015258789,16.790000915527344,0.0
2021-08-11,40.29999923706055,40.40999984741211,40.2599983215332,40.369998931884766,3600.0,443.82000732421875,443.8800048828125,442.6199951171875,443.7799987792969,44034300.0,368.1400146484375,368.6499938964844,364.8399963378906,366.2099914550781,34249800.0,76.88999938964844,77.02999877929688,76.24500274658203,76.63500213623047,10831600.0,1.3680000305175781,1.371000051498413,1.3020000457763672,1.3289999961853027,0.0,93.06999969482422,93.19000244140625,92.80000305175781,92.91000366210938,0.0,16.809999465942383,17.09000015258789,16.06999969482422,16.170000076293945,0.0
2021-08-12,40.470001220703125,40.7400016784668,40.25,40.7400016784668,5500.0,443.6199951171875,445.260009765625,442.6600036621094,445.1099853515625,38909400.0,365.69000244140625,367.8999938964844,364.29998779296875,367.5299987792969,25969200.0,76.55500030517578,77.12000274658203,76.23999786376953,77.07499694824219,6947800.0,1.3569999933242798,1.378999948501587,1.3509999513626099,1.3669999837875366,0.0,92.88999938964844,93.04000091552734,92.8499984741211,93.04000091552734,0.0,16.329999923706055,16.420000076293945,15.489999771118164,15.59000015258789,0.0
2021-08-13,40.779998779296875,40.84000015258789,40.494998931884766,40.84000015258789,5900.0,445.5899963378906,445.94000244140625,445.07000732421875,445.9200134277344,39470300.0,367.8900146484375,369.1600036621094,367.3800048828125,368.82000732421875,19336200.0,77.125,77.51499938964844,77.04000091552734,77.49500274658203,5630800.0,1.3519999980926514,1.3589999675750732,1.2929999828338623,1.2970000505447388,0.0,92.97000122070312,93.01000213623047,92.47000122070312,92.5199966430664,0.0,15.680000305175781,15.720000267028809,15.1899995803833,15.449999809265137,0.0
2021-08-16,40.720001220703125,40.720001220703125,40.20000076293945,40.529998779296875,7000.0,444.5299987792969,447.1099853515625,442.8699951171875,446.9700012207031,73740000.0,367.6700134277344,369.0199890136719,363.70001220703125,368.9800109863281,34856900.0,77.30999755859375,77.8550033569336,76.65499877929688,77.84500122070312,9493800.0,1.2730000019073486,1.281999945640564,1.225000023841858,1.2569999694824219,0.0,92.5199966430664,92.66000366210938,92.4800033569336,92.62999725341797,0.0,17.049999237060547,17.709999084472656,16.020000457763672,16.1200008392334,0.0
2021-08-17,40.529998779296875,40.529998779296875,39.97999954223633,40.17100143432617,6200.0,444.239990234375,444.9599914550781,440.8500061035156,444.0400085449219,92673900.0,366.1499938964844,367.1499938964844,363.2300109863281,365.7300109863281,44793900.0,77.37000274658203,77.49500274658203,76.72000122070312,77.19999694824219,19052600.0,1.2269999980926514,1.2719999551773071,1.2230000495910645,1.2580000162124634,0.0,92.62000274658203,93.16999816894531,92.61000061035156,93.12999725341797,0.0,17.309999465942383,19.559999465942383,16.709999084472656,17.90999984741211,0.0
2021-08-18,40.2400016784668,40.25,39.874000549316406,39.874000549316406,9200.0,442.9599914550781,444.6300048828125,438.9200134277344,439.17999267578125,89351900.0,365.17999267578125,366.6199951171875,361.8699951171875,362.2099914550781,38541900.0,77.0199966430664,77.36499786376953,76.05000305175781,76.13500213623047,13481200.0,1.2769999504089355,1.2990000247955322,1.2630000114440918,1.2730000019073486,0.0,93.13999938964844,93.26000213623047,92.95999908447266,93.13999938964844,0.0,17.559999465942383,21.639999389648438,17.309999465942383,21.56999969482422,0.0
2021-08-19,39.709999084472656,40.13999938964844,39.630001068115234,39.9640007019043,10900.0,436.2699890136719,441.1400146484375,436.1199951171875,439.8599853515625,92812200.0,360.2200012207031,365.67999267578125,359.9599914550781,363.9599914550781,48499400.0,75.71499633789062,77.16500091552734,75.6050033569336,76.87999725341797,19291000.0,1.2369999885559082,1.2569999694824219,1.2319999933242798,1.2419999837875366,0.0,93.13999938964844,93.58000183105469,93.13999938964844,93.56999969482422,0.0,23.1200008392334,24.739999771118164,20.3700008392334,21.670000076293945,0.0
2021-08-20,40.04999923706055,40.38999938964844,40.04999923706055,40.31999969482422,2800.0,440.2300109863281,443.7099914550781,439.7099914550781,443.3599853515625,72008700.0,365.05999755859375,368.1400146484375,364.739990234375,367.7300109863281,39486000.0,77.16999816894531,77.94000244140625,76.98500061035156,77.87000274658203,14769400.0,1.2300000190734863,1.2669999599456787,1.2280000448226929,1.2599999904632568,0.0,93.55999755859375,93.7300033569336,93.43000030517578,93.5,0.0,22.739999771118164,23.899999618530273,18.18000030517578,18.559999465942383,0.0
2021-08-23,42.34000015258789,43.0,40.54499816894531,40.88800048828125,9600.0,445.1600036621094,448.2300109863281,443.44000244140625,447.260009765625,54973000.0,368.79998779296875,373.94000244140625,368.7900085449219,373.2300109863281,34034700.0,78.07499694824219,78.98500061035156,78.06999969482422,78.875,10802400.0,1.2669999599456787,1.2730000019073486,1.2519999742507935,1.2549999952316284,0.0,93.45999908447266,93.51000213623047,92.94999694824219,92.95999908447266,0.0,18.829999923706055,18.950000762939453,16.950000762939453,17.149999618530273,0.0
2021-08-24,40.779998779296875,41.0099983215332,40.779998779296875,40.91999816894531,8400.0,447.9700012207031,448.5400085449219,447.4200134277344,447.9700012207031,38744700.0,373.8399963378906,374.989990234375,373.3599853515625,374.3699951171875,21732900.0,78.9749984741211,79.06500244140625,78.71499633789062,78.78500366210938,9537000.0,1.2630000114440918,1.2920000553131104,1.2599999904632568,1.2899999618530273,0.0,92.98999786376953,93.08000183105469,92.80999755859375,92.88999938964844,0.0,16.959999084472656,17.510000228881836,16.940000534057617,17.219999313354492,0.0
2021-08-25,41.099998474121094,41.38999938964844,41.040000915527344,41.38999938964844,5800.0,448.1700134277344,449.4599914550781,447.7699890136719,448.9100036621094,40529700.0,374.6300048828125,375.3900146484375,373.8599853515625,374.79998779296875,20441900.0,78.97000122070312,79.18000030517578,78.61000061035156,78.73999786376953,9430400.0,1.3070000410079956,1.3509999513626099,1.2899999618530273,1.3420000076293945,0.0,92.87999725341797,93.12999725341797,92.80999755859375,92.83000183105469,0.0,17.420000076293945,17.5,16.459999084472656,16.790000915527344,0.0
2021-08-26,41.189998626708984,41.189998626708984,40.79999923706055,40.82699966430664,5100.0,448.6099853515625,448.8599853515625,446.1600036621094,446.260009765625,57829600.0,373.9200134277344,374.6199951171875,371.9700012207031,372.4200134277344,29133300.0,78.6449966430664,78.80500030517578,78.18000030517578,78.24500274658203,12056600.0,1.3609999418258667,1.375,1.340999960899353,1.3420000076293945,0.0,92.83000183105469,93.08000183105469,92.80999755859375,93.05999755859375,0.0,17.459999084472656,19.270000457763672,17.15999984741211,18.84000015258789,0.0
2021-08-27,40.97999954223633,41.29999923706055,40.959999084472656,41.26100158691406,3600.0,447.1199951171875,450.6499938964844,447.05999755859375,450.25,77235100.0,373.07000732421875,376.55999755859375,372.57000732421875,376.0400085449219,27104700.0,78.31500244140625,79.05500030517578,78.18000030517578,79.0,14088800.0,1.343999981880188,1.3589999675750732,1.309999942779541,1.312000036239624,0.0,93.02999877929688,93.18000030517578,92.62999725341797,92.69000244140625,0.0,17.950000762939453,18.219999313354492,16.110000610351562,16.389999389648438,0.0
2021-08-30,41.369998931884766,41.470001220703125,41.36000061035156,41.400001525878906,4900.0,450.9700012207031,453.07000732421875,450.7099914550781,452.2300109863281,48357400.0,376.8500061035156,380.760009765625,376.8299865722656,380.260009765625,27295700.0,79.23500061035156,79.94499969482422,79.23500061035156,79.8499984741211,10026800.0,1.309999942779541,1.312000036239624,1.284999966621399,1.284999966621399,0.0,92.68000030517578,92.79000091552734,92.5999984741211,92.6500015258789,0.0,16.770000457763672,16.799999237060547,15.979999542236328,16.190000534057617,0.0
2021-08-31,41.470001220703125,41.470001220703125,41.29999923706055,41.38999938964844,1900.0,452.1300048828125,452.489990234375,450.9200134277344,451.55999755859375,59300200.0,380.510009765625,380.5799865722656,378.3599853515625,379.95001220703125,29628200.0,79.9000015258789,79.92500305175781,79.27999877929688,79.43000030517578,21971000.0,1.2920000553131104,1.3140000104904175,1.2699999809265137,1.3040000200271606,0.0,92.70999908447266,92.75,92.4000015258789,92.62999725341797,0.0,15.979999542236328,17.06999969482422,15.90999984741211,16.479999542236328,0.0
2021-09-01,41.70000076293945,41.70000076293945,41.38999938964844,41.540000915527344,6800.0,452.55999755859375,453.1099853515625,451.54998779296875,451.79998779296875,48721400.0,381.0400085449219,382.7099914550781,380.3699951171875,380.5799865722656,28138300.0,79.70500183105469,80.06500244140625,79.38500213623047,79.44999694824219,20289800.0,1.3109999895095825,1.3220000267028809,1.284000039100647,1.3020000457763672,0.0,92.66000366210938,92.79000091552734,92.37999725341797,92.44999694824219,0.0,16.059999465942383,16.709999084472656,15.680000305175781,16.110000610351562,0.0
2021-09-02,41.709999084472656,41.709999084472656,41.29999923706055,41.380001068115234,4600.0,453.32000732421875,454.04998779296875,451.9100036621094,453.19000244140625,42501000.0,381.9700012207031,382.30999755859375,379.1499938964844,380.3999938964844,25453400.0,79.74500274658203,79.8499984741211,79.04499816894531,79.36499786376953,21769600.0,1.2869999408721924,1.3040000200271606,1.284999966621399,1.2940000295639038,0.0,92.51000213623047,92.54000091552734,92.20999908447266,92.2300033569336,0.0,16.270000457763672,16.979999542236328,15.729999542236328,16.40999984741211,0.0
2021-09-03,41.310001373291016,41.7599983215332,41.310001373291016,41.7599983215332,2400.0,451.9800109863281,453.6300048828125,451.54998779296875,453.0799865722656,47170500.0,379.2200012207031,381.9800109863281,379.20001220703125,381.57000732421875,24605400.0,79.2699966430664,79.88999938964844,79.24500274658203,79.68000030517578,21204800.0,1.2970000505447388,1.3359999656677246,1.2699999809265137,1.3220000267028809,0.0,92.22000122070312,92.26000213623047,91.94999694824219,92.04000091552734,0.0,16.270000457763672,17.059999465942383,16.079999923706055,16.40999984741211,0.0
2021-09-07,41.720001220703125,42.9900016784668,41.279998779296875,41.2859992980957,16700.0,452.7099914550781,452.80999755859375,450.739990234375,451.4599914550781,51671500.0,381.67999267578125,382.7799987792969,380.489990234375,382.1099853515625,23970200.0,79.7750015258789,79.87000274658203,79.32499694824219,79.69999694824219,19721800.0,1.3660000562667847,1.3849999904632568,1.3580000400543213,1.3700000047683716,0.0,92.19999694824219,92.56999969482422,92.0999984741211,92.5199966430664,0.0,16.940000534057617,18.389999389648438,16.889999389648438,18.139999389648438,0.0
2021-09-08,41.209999084472656,41.25,41.0,41.143001556396484,3100.0,450.8900146484375,451.6700134277344,448.8599853515625,450.9100036621094,56181900.0,381.92999267578125,381.92999267578125,378.45001220703125,380.7799987792969,32949200.0,79.69000244140625,79.71499633789062,78.83000183105469,79.3949966430664,11466400.0,1.3480000495910645,1.3630000352859497,1.3270000219345093,1.3339999914169312,0.0,92.54000091552734,92.86000061035156,92.47000122070312,92.6500015258789,0.0,18.969999313354492,19.639999389648438,17.780000686645508,17.959999084472656,0.0
2021-09-09,41.25,41.290000915527344,41.03900146484375,41.03900146484375,8700.0,450.70001220703125,452.57000732421875,448.7200012207031,448.9800109863281,57970400.0,381.010009765625,382.1499938964844,379.2200012207031,379.4700012207031,29399000.0,79.44999694824219,79.7249984741211,79.02999877929688,79.09500122070312,11161000.0,1.3380000591278076,1.3459999561309814,1.2869999408721924,1.2990000247955322,0.0,92.70999908447266,92.76000213623047,92.37999725341797,92.4800033569336,0.0,19.440000534057617,19.540000915527344,17.170000076293945,18.799999237060547,0.0
2021-09-10,41.27000045776367,41.27000045776367,40.7400016784668,40.7400016784668,9500.0,451.0400085449219,451.489990234375,445.30999755859375,445.44000244140625,89948200.0,381.2300109863281,381.9700012207031,376.25,376.5899963378906,40249400.0,79.53500366210938,79.7300033569336,78.23500061035156,78.31500244140625,17080200.0,1.319000005722046,1.3550000190734863,1.3170000314712524,1.340999960899353,0.0,92.52999877929688,92.6500015258789,92.33000183105469,92.58000183105469,0.0,17.940000534057617,21.1299991607666,16.989999771118164,20.950000762939453,0.0
2021-09-13,40.900001525878906,40.90999984741211,40.599998474121094,40.779998779296875,5100.0,448.6400146484375,448.9200134277344,444.1099853515625,446.5799865722656,83738600.0,378.989990234375,379.42999267578125,374.2200012207031,376.3299865722656,48741800.0,78.91000366210938,79.11499786376953,77.82499694824219,78.33999633789062,22637800.0,1.3380000591278076,1.3380000591278076,1.315999984741211,1.3240000009536743,0.0,92.61000061035156,92.88999938964844,92.56999969482422,92.62000274658203,0.0,19.639999389648438,21.18000030517578,18.760000228881836,19.3700008392334,0.0
2021-09-14,40.970001220703125,40.970001220703125,40.529998779296875,40.560001373291016,2700.0,448.1199951171875,448.3399963378906,443.2200012207031,444.1700134277344,78197100.0,377.8599853515625,378.6099853515625,374.2799987792969,375.260009765625,41826600.0,78.67500305175781,78.83499908447266,78.02999877929688,78.23999786376953,18431600.0,1.3459999561309814,1.350000023841858,1.2649999856948853,1.2769999504089355,0.0,92.62000274658203,92.68000030517578,92.31999969482422,92.6500015258789,0.0,19.579999923706055,20.469999313354492,18.389999389648438,19.459999084472656,0.0
2021-09-15,40.66999816894531,40.91999816894531,40.66999816894531,40.91999816894531,3300.0,444.6199951171875,448.4100036621094,443.44000244140625,447.8800048828125,78792200.0,375.7300109863281,378.4100036621094,373.3699951171875,378.04998779296875,34097900.0,78.50499725341797,78.98999786376953,78.06500244140625,78.92500305175781,16339200.0,1.2740000486373901,1.319000005722046,1.2599999904632568,1.3040000200271606,0.0,92.68000030517578,92.68000030517578,92.41999816894531,92.48999786376953,0.0,19.299999237060547,20.270000457763672,18.010000228881836,18.18000030517578,0.0
2021-09-16,41.04999923706055,41.04999923706055,40.72999954223633,40.9900016784668,3300.0,447.32000732421875,448.3599853515625,444.0199890136719,447.1700134277344,77786700.0,376.67999267578125,378.8999938964844,374.70001220703125,378.30999755859375,35193100.0,78.6449966430664,79.05000305175781,78.16000366210938,78.97000122070312,16148600.0,1.312000036239624,1.3509999513626099,1.309000015258789,1.3309999704360962,0.0,92.45999908447266,92.95999908447266,92.45999908447266,92.86000061035156,0.0,18.40999984741211,19.760000228881836,17.649999618530273,18.690000534057617,0.0
2021-09-17,41.060001373291016,41.060001373291016,40.61000061035156,40.619998931884766,4300.0,444.9200134277344,445.3699951171875,441.0199890136719,441.3999938964844,118425000.0,377.82000732421875,377.8699951171875,372.760009765625,373.8299865722656,60912300.0,78.76499938964844,78.7699966430664,77.625,77.73999786376953,22663000.0,1.340000033378601,1.3860000371932983,1.3359999656677246,1.3700000047683716,0.0,92.87999725341797,93.25,92.7699966430664,93.19999694824219,0.0,18.3700008392334,21.510000228881836,18.350000381469727,20.809999465942383,0.0
2021-09-20,40.20000076293945,40.20000076293945,39.470001220703125,40.150001525878906,13400.0,434.8800048828125,436.55999755859375,428.8599853515625,434.0400085449219,166445500.0,367.4599914550781,369.25,360.92999267578125,365.70001220703125,76203200.0,76.46499633789062,76.8550033569336,75.17500305175781,76.19000244140625,35669400.0,1.309000015258789,1.3380000591278076,1.2970000505447388,1.309000015258789,0.0,93.25,93.44999694824219,93.19000244140625,93.23999786376953,0.0,24.25,28.790000915527344,23.899999618530273,25.709999084472656,0.0
2021-09-21,40.2400016784668,40.2400016784668,39.90999984741211,39.91999816894531,3900.0,436.5299987792969,437.9100036621094,433.07000732421875,433.6300048828125,92526100.0,367.5799865722656,368.80999755859375,364.989990234375,366.1499938964844,41927500.0,76.65499877929688,76.84500122070312,75.92500305175781,76.22000122070312,18455000.0,1.3240000009536743,1.3259999752044678,1.305999994277954,1.3240000009536743,0.0,93.23999786376953,93.29000091552734,93.05000305175781,93.19999694824219,0.0,23.40999984741211,25.600000381469727,21.709999084472656,24.360000610351562,0.0
2021-09-22,39.970001220703125,40.37900161743164,39.93000030517578,40.32400131225586,7000.0,436.04998779296875,440.0299987792969,433.75,437.8599853515625,102350100.0,367.0899963378906,371.07000732421875,365.9599914550781,369.57000732421875,46972900.0,76.63500213623047,77.56500244140625,76.29499816894531,77.26499938964844,27990600.0,1.3359999656677246,1.3380000591278076,1.2970000505447388,1.3359999656677246,0.0,93.2300033569336,93.51000213623047,92.98999786376953,93.45999908447266,0.0,22.719999313354492,23.399999618530273,20.75,20.8700008392334,0.0
2021-09-23,40.59000015258789,40.95000076293945,40.59000015258789,40.95000076293945,2400.0,439.8500061035156,444.8900146484375,439.6000061035156,443.17999267578125,76396000.0,370.760009765625,374.0400085449219,370.1000061035156,372.9800109863281,44652000.0,77.66500091552734,78.48500061035156,77.42500305175781,78.30000305175781,19534000.0,1.3380000591278076,1.4110000133514404,1.3359999656677246,1.409999966621399,0.0,93.4800033569336,93.5199966430664,92.9800033569336,93.0999984741211,0.0,19.90999984741211,20.209999084472656,18.420000076293945,18.6299991607666,0.0
2021-09-24,40.79999923706055,40.959999084472656,40.650001525878906,40.93000030517578,4000.0,441.44000244140625,444.6700134277344,441.2099914550781,443.9100036621094,62094800.0,370.6499938964844,373.760009765625,370.2699890136719,373.3299865722656,36056800.0,77.82499694824219,78.48500061035156,77.79000091552734,78.3550033569336,11652400.0,1.4229999780654907,1.465999960899353,1.4220000505447388,1.4600000381469727,0.0,93.06999969482422,93.41999816894531,93.05000305175781,93.33000183105469,0.0,19.329999923706055,20.40999984741211,17.6299991607666,17.75,0.0
2021-09-27,40.97999954223633,40.97999954223633,40.70000076293945,40.970001220703125,3700.0,442.80999755859375,444.04998779296875,441.8999938964844,442.6400146484375,61371100.0,370.20001220703125,371.25,367.7300109863281,370.3500061035156,43338100.0,77.69499969482422,77.875,77.0999984741211,77.59500122070312,15015000.0,1.496000051498413,1.5169999599456787,1.4700000286102295,1.4839999675750732,0.0,93.27999877929688,93.48999786376953,93.20999908447266,93.37999725341797,0.0,17.780000686645508,19.31999969482422,17.739999771118164,18.760000228881836,0.0
2021-09-28,40.65999984741211,40.65999984741211,39.6609992980957,39.6609992980957,5300.0,439.69000244140625,440.0400085449219,432.94000244140625,433.7200012207031,130436300.0,365.6700134277344,370.29998779296875,359.3500061035156,359.8699951171875,97701600.0,76.5999984741211,76.7750015258789,75.23500061035156,75.29499816894531,38190600.0,1.5369999408721924,1.5670000314712524,1.5149999856948853,1.534000039100647,0.0,93.41000366210938,93.80999755859375,93.36000061035156,93.7699966430664,0.0,19.739999771118164,24.81999969482422,19.709999084472656,23.25,0.0
2021-09-29,39.83000183105469,39.900001525878906,39.590999603271484,39.77000045776367,6800.0,435.19000244140625,437.0400085449219,433.8500061035156,434.45001220703125,82329200.0,361.1700134277344,363.3699951171875,358.6400146484375,359.2799987792969,58076600.0,75.6050033569336,76.0,75.06999969482422,75.19999694824219,25012000.0,1.5169999599456787,1.5529999732971191,1.4980000257492065,1.5410000085830688,0.0,93.72000122070312,94.43000030517578,93.66999816894531,94.33999633789062,0.0,22.06999969482422,23.790000915527344,21.450000762939453,22.559999465942383,0.0
2021-09-30,39.77000045776367,39.77000045776367,39.34000015258789,39.34000015258789,3100.0,436.0199890136719,436.7699890136719,428.7799987792969,429.1400146484375,140506000.0,360.9700012207031,362.67999267578125,357.1000061035156,357.9599914550781,61384600.0,75.63999938964844,75.96499633789062,74.62000274658203,74.66000366210938,33415600.0,1.5379999876022339,1.5549999475479126,1.5119999647140503,1.5290000438690186,0.0,94.3499984741211,94.5,94.11000061035156,94.25,0.0,21.479999542236328,24.709999084472656,20.600000381469727,23.139999389648438,0.0
2021-10-01,39.52000045776367,39.790000915527344,39.12200164794922,39.790000915527344,2700.0,430.9800109863281,436.0299987792969,427.2300109863281,434.239990234375,129240100.0,358.6000061035156,361.25,354.3800048828125,360.17999267578125,56375500.0,74.93000030517578,75.94999694824219,74.16999816894531,75.78500366210938,45483800.0,1.496000051498413,1.5049999952316284,1.4739999771118164,1.4789999723434448,0.0,94.30999755859375,94.38999938964844,93.98999786376953,94.04000091552734,0.0,24.780000686645508,24.889999389648438,20.850000381469727,21.100000381469727,0.0
2021-10-04,39.849998474121094,39.849998474121094,38.90999984741211,39.209999084472656,7500.0,433.0,433.9599914550781,426.3599853515625,428.6400146484375,128570000.0,358.5199890136719,358.8599853515625,350.32000732421875,352.6199951171875,76766000.0,75.3499984741211,75.44000244140625,73.44000244140625,74.02999877929688,50773000.0,1.4859999418258667,1.5080000162124634,1.4630000591278076,1.4809999465942383,0.0,94.06999969482422,94.0999984741211,93.68000030517578,93.80999755859375,0.0,22.899999618530273,24.579999923706055,21.8799991607666,22.959999084472656,0.0
2021-10-05,39.59000015258789,39.7400016784668,39.58000183105469,39.58000183105469,2800.0,430.239990234375,435.489990234375,429.3900146484375,433.1000061035156,90682500.0,353.7099914550781,359.69000244140625,353.4800109863281,357.3800048828125,47232900.0,74.18000030517578,75.51499938964844,74.11000061035156,75.08499908447266,32967000.0,1.4910000562667847,1.5379999876022339,1.4889999628067017,1.5290000438690186,0.0,93.83000183105469,94.06999969482422,93.80999755859375,93.9800033569336,0.0,22.920000076293945,23.170000076293945,20.6200008392334,21.299999237060547,0.0
2021-10-06,39.310001373291016,40.47999954223633,39.310001373291016,40.47999954223633,1100.0,429.2699890136719,435.1199951171875,427.5400085449219,434.8999938964844,113032200.0,354.0799865722656,359.95001220703125,353.1499938964844,359.6700134277344,56806500.0,74.22000122070312,75.62999725341797,73.9749984741211,75.57499694824219,40004800.0,1.5429999828338623,1.5429999828338623,1.5089999437332153,1.5240000486373901,0.0,93.98999786376953,94.44999694824219,93.9800033569336,94.2699966430664,0.0,22.950000762939453,24.399999618530273,20.989999771118164,21.0,0.0
2021-10-07,40.43000030517578,40.5099983215332,40.20000076293945,40.20000076293945,8700.0,438.3900146484375,441.67999267578125,438.20001220703125,438.6600036621094,72437500.0,362.79998779296875,365.69000244140625,362.25,362.9700012207031,39411200.0,76.2300033569336,76.8550033569336,76.125,76.26499938964844,19895600.0,1.5290000438690186,1.5729999542236328,1.5290000438690186,1.5709999799728394,0.0,94.2300033569336,94.27999877929688,94.08000183105469,94.22000122070312,0.0,20.540000915527344,20.760000228881836,19.06999969482422,19.540000915527344,0.0
2021-10-08,40.20000076293945,40.31999969482422,39.9900016784668,39.9900016784668,3300.0,439.4800109863281,439.8900146484375,437.19000244140625,437.8599853515625,74557400.0,364.0799865722656,364.32000732421875,360.6099853515625,361.1600036621094,41822300.0,76.55999755859375,76.61499786376953,75.8550033569336,75.9800033569336,18426400.0,1.5750000476837158,1.6169999837875366,1.5579999685287476,1.6050000190734863,0.0,94.20999908447266,94.33999633789062,93.94000244140625,94.06999969482422,0.0,19.459999084472656,19.940000534057617,18.200000762939453,18.770000457763672,0.0
2021-10-11,40.02000045776367,40.1619987487793,39.7599983215332,39.7599983215332,5000.0,437.1600036621094,440.260009765625,434.6199951171875,434.69000244140625,65233300.0,359.5799865722656,363.20001220703125,358.29998779296875,358.3900146484375,34847200.0,75.63999938964844,76.57499694824219,75.50499725341797,75.55999755859375,14970600.0,1.6139999628067017,1.6139999628067017,1.6139999628067017,1.6139999628067017,0.0,94.0999984741211,94.4000015258789,94.02999877929688,94.31999969482422,0.0,19.93000030517578,20.450000762939453,18.110000610351562,20.0,0.0
2021-10-12,39.84000015258789,39.84000015258789,39.66999816894531,39.724998474121094,4900.0,435.6700134277344,436.1000061035156,432.7799987792969,433.6199951171875,71181200.0,359.8800048828125,360.3299865722656,356.4800109863281,357.1400146484375,43905100.0,75.8550033569336,75.94999694824219,75.04499816894531,75.16999816894531,17853400.0,1.600000023841858,1.6150000095367432,1.5770000219345093,1.5800000429153442,0.0,94.37000274658203,94.55999755859375,94.2300033569336,94.5199966430664,0.0,20.6200008392334,20.809999465942383,18.969999313354492,19.850000381469727,0.0
2021-10-13,40.06999969482422,40.099998474121094,39.810001373291016,39.92399978637695,16000.0,434.7099914550781,436.04998779296875,431.5400085449219,435.17999267578125,72974000.0,359.510009765625,360.69000244140625,357.42999267578125,360.0,40120800.0,75.49500274658203,75.79499816894531,75.00499725341797,75.62999725341797,19521600.0,1.565000057220459,1.600000023841858,1.5260000228881836,1.5490000247955322,0.0,94.5199966430664,94.52999877929688,94.01000213623047,94.08000183105469,0.0,20.139999389648438,20.229999542236328,18.440000534057617,18.639999389648438,0.0
2021-10-14,40.34000015258789,40.76599884033203,40.34000015258789,40.76599884033203,3100.0,439.0799865722656,442.6600036621094,438.5799865722656,442.5,70236800.0,363.69000244140625,366.8500061035156,363.010009765625,366.6300048828125,43433900.0,76.4000015258789,77.37000274658203,76.29000091552734,77.33499908447266,15197200.0,1.5369999408721924,1.5460000038146973,1.5069999694824219,1.5190000534057617,0.0,94.0199966430664,94.08999633789062,93.76000213623047,93.95999908447266,0.0,18.010000228881836,18.079999923706055,16.799999237060547,16.860000610351562,0.0
2021-10-15,41.060001373291016,41.150001525878906,41.060001373291016,41.12200164794922,1700.0,444.75,446.260009765625,444.0899963378906,445.8699951171875,66260200.0,367.8800048828125,369.05999755859375,366.82000732421875,368.94000244140625,40419900.0,77.6050033569336,77.97000122070312,77.37000274658203,77.95500183105469,12779200.0,1.5420000553131104,1.5770000219345093,1.5390000343322754,1.5759999752044678,0.0,94.02999877929688,94.06999969482422,93.8499984741211,93.94000244140625,0.0,16.639999389648438,16.850000381469727,15.720000267028809,16.299999237060547,0.0
2021-10-18,40.959999084472656,41.38999938964844,40.959999084472656,41.36800003051758,6100.0,443.9700012207031,447.54998779296875,443.2699890136719,447.19000244140625,62213200.0,367.6099853515625,372.8699951171875,366.989990234375,372.6499938964844,34513500.0,77.5199966430664,78.65499877929688,77.30500030517578,78.61499786376953,11630200.0,1.5989999771118164,1.6269999742507935,1.5770000219345093,1.5839999914169312,0.0,93.94999694824219,94.16999816894531,93.87000274658203,93.94999694824219,0.0,17.290000915527344,17.93000030517578,16.270000457763672,16.309999465942383,0.0
2021-10-19,41.70000076293945,41.70000076293945,41.54899978637695,41.676998138427734,3800.0,448.9200134277344,450.7099914550781,448.2699890136719,450.6400146484375,46996800.0,373.75,375.5199890136719,372.70001220703125,375.4700012207031,29091000.0,78.82499694824219,79.3949966430664,78.66500091552734,79.3949966430664,13201400.0,1.593000054359436,1.6360000371932983,1.593000054359436,1.6349999904632568,0.0,93.94999694824219,93.94999694824219,93.5,93.79000091552734,0.0,16.09000015258789,16.309999465942383,15.569999694824219,15.699999809265137,0.0
2021-10-20,41.77000045776367,41.77000045776367,41.69200134277344,41.69200134277344,4200.0,451.1300048828125,452.7300109863281,451.010009765625,452.4100036621094,49571600.0,375.94000244140625,376.57000732421875,373.4599914550781,374.9800109863281,31390300.0,79.47000122070312,79.58499908447266,78.83000183105469,79.17500305175781,12025400.0,1.6230000257492065,1.652999997138977,1.6200000047683716,1.6360000371932983,0.0,93.80999755859375,93.87999725341797,93.54000091552734,93.55999755859375,0.0,15.819999694824219,15.890000343322754,15.289999961853027,15.489999771118164,0.0
2021-10-21,41.650001525878906,41.90999984741211,41.650001525878906,41.90999984741211,2300.0,451.7699890136719,453.8299865722656,451.30999755859375,453.5899963378906,41305400.0,374.1600036621094,377.4700012207031,373.8500061035156,377.2699890136719,25469300.0,78.93499755859375,79.5199966430664,78.7699966430664,79.4800033569336,10023200.0,1.6749999523162842,1.6829999685287476,1.6449999809265137,1.6759999990463257,0.0,93.58000183105469,93.79000091552734,93.5,93.7699966430664,0.0,16.059999465942383,16.110000610351562,14.920000076293945,15.010000228881836,0.0
2021-10-22,41.9900016784668,42.0,41.720001220703125,41.893001556396484,1800.0,453.1300048828125,454.6700134277344,451.04998779296875,453.1199951171875,58845100.0,375.9800109863281,376.9700012207031,372.3900146484375,374.1000061035156,36275800.0,79.44999694824219,79.77999877929688,78.875,79.20500183105469,12490000.0,1.687000036239624,1.690999984741211,1.6360000371932983,1.6549999713897705,0.0,93.75,93.79000091552734,93.54000091552734,93.61000061035156,0.0,15.350000381469727,16.389999389648438,14.84000015258789,15.430000305175781,0.0
2021-10-25,42.040000915527344,42.3650016784668,42.0,42.29499816894531,5900.0,454.2799987792969,455.8999938964844,452.3900146484375,455.54998779296875,45214500.0,375.55999755859375,378.8699951171875,373.55999755859375,377.92999267578125,32597800.0,79.50499725341797,79.75,79.15499877929688,79.46499633789062,10336800.0,1.6540000438690186,1.6729999780654907,1.6200000047683716,1.6349999904632568,0.0,93.66000366210938,93.95999908447266,93.4800033569336,93.80999755859375,0.0,16.139999389648438,16.329999923706055,15.100000381469727,15.239999771118164,0.0
2021-10-26,42.5,42.8380012512207,42.400001525878906,42.400001525878906,4800.0,457.20001220703125,458.489990234375,455.55999755859375,455.9599914550781,56075100.0,380.2300109863281,382.7099914550781,377.9100036621094,379.1199951171875,47191300.0,80.0,80.33499908447266,79.6500015258789,79.69000244140625,13189600.0,1.6180000305175781,1.6540000438690186,1.6169999837875366,1.61899995803833,0.0,93.83999633789062,94.0199966430664,93.70999908447266,93.94999694824219,0.0,15.020000457763672,16.709999084472656,14.899999618530273,15.979999542236328,0.0
2021-10-27,42.4900016784668,42.4900016784668,42.058998107910156,42.058998107910156,5400.0,456.45001220703125,457.1600036621094,453.8599853515625,453.94000244140625,72438000.0,379.5799865722656,383.1499938964844,379.30999755859375,380.0,45760500.0,79.82499694824219,80.2300033569336,79.54000091552734,79.62000274658203,17448000.0,1.5829999446868896,1.5989999771118164,1.5199999809265137,1.5290000438690186,0.0,93.97000122070312,94.01000213623047,93.69000244140625,93.86000061035156,0.0,15.789999961853027,17.290000915527344,15.539999961853027,16.979999542236328,0.0
2021-10-28,42.29999923706055,42.39799880981445,42.27000045776367,42.39799880981445,5900.0,455.4599914550781,458.3999938964844,455.45001220703125,458.32000732421875,51437900.0,381.95001220703125,384.4800109863281,381.1600036621094,384.2200012207031,38007000.0,80.1050033569336,80.4800033569336,79.95500183105469,80.41999816894531,12756800.0,1.5410000085830688,1.5820000171661377,1.5299999713897705,1.5679999589920044,0.0,93.87999725341797,93.97000122070312,93.27999877929688,93.3499984741211,0.0,17.059999465942383,17.15999984741211,16.229999542236328,16.530000686645508,0.0
2021-10-29,42.18000030517578,42.650001525878906,42.18000030517578,42.64899826049805,2800.0,455.8699951171875,459.55999755859375,455.55999755859375,459.25,70162400.0,381.05999755859375,386.2799987792969,380.70001220703125,386.1099853515625,37310100.0,79.62999725341797,80.81500244140625,79.53500366210938,80.76499938964844,20131800.0,1.6050000190734863,1.61899995803833,1.5540000200271606,1.5570000410079956,0.0,93.36000061035156,94.30000305175781,93.31999969482422,94.12000274658203,0.0,17.399999618530273,18.059999465942383,16.1299991607666,16.260000228881836,0.0
2021-11-01,42.709999084472656,42.82899856567383,42.66999816894531,42.82899856567383,8200.0,460.29998779296875,460.70001220703125,458.20001220703125,460.0400085449219,48433600.0,386.55999755859375,387.55999755859375,384.4200134277344,387.42999267578125,30765300.0,80.76499938964844,80.80500030517578,80.23500061035156,80.6449966430664,24421200.0,1.5870000123977661,1.6050000190734863,1.5609999895095825,1.5750000476837158,0.0,94.12999725341797,94.30999755859375,93.86000061035156,93.87999725341797,0.0,16.850000381469727,17.700000762939453,16.31999969482422,16.40999984741211,0.0
2021-11-02,42.9900016784668,42.9900016784668,42.849998474121094,42.87699890136719,2800.0,460.2200012207031,462.2300109863281,460.0799865722656,461.8999938964844,48908400.0,386.79998779296875,389.5400085449219,386.75,389.04998779296875,25135300.0,80.75499725341797,81.55500030517578,80.75499725341797,81.3550033569336,26814600.0,1.555999994277954,1.5700000524520874,1.527999997138977,1.5490000247955322,0.0,93.93000030517578,94.12999725341797,93.81999969482422,94.08999633789062,0.0,16.540000915527344,16.649999618530273,15.890000343322754,16.030000686645508,0.0
2021-11-03,42.79999923706055,43.180999755859375,42.779998779296875,43.180999755859375,8800.0,461.29998779296875,465.1499938964844,460.8299865722656,464.7200012207031,52509800.0,389.54998779296875,393.6099853515625,388.4800109863281,393.17999267578125,33748900.0,81.49500274658203,82.0,81.0199966430664,81.83000183105469,25978600.0,1.534999966621399,1.6019999980926514,1.5299999713897705,1.5789999961853027,0.0,94.12000274658203,94.20999908447266,93.81999969482422,93.86000061035156,0.0,16.110000610351562,16.389999389648438,14.899999618530273,15.100000381469727,0.0
2021-11-04,43.38999938964844,43.86000061035156,43.38999938964844,43.86000061035156,6300.0,465.3599853515625,467.0,464.989990234375,466.9100036621094,52847100.0,394.4800109863281,399.20001220703125,393.9200134277344,398.2200012207031,40265300.0,82.13999938964844,83.30999755859375,81.99500274658203,83.11000061035156,28691400.0,1.5679999589920044,1.5789999961853027,1.5089999437332153,1.5240000486373901,0.0,93.86000061035156,94.47000122070312,93.83000183105469,94.3499984741211,0.0,15.0600004196167,16.139999389648438,14.729999542236328,15.4399995803833,0.0
2021-11-05,43.9900016784668,44.16999816894531,43.79999923706055,43.875,8800.0,469.2799987792969,470.6499938964844,466.9200134277344,468.5299987792969,66390600.0,400.0400085449219,400.989990234375,397.1600036621094,398.6000061035156,43383800.0,83.72000122070312,84.01000213623047,83.0199966430664,83.54000091552734,24223600.0,1.5260000228881836,1.5470000505447388,1.4500000476837158,1.4529999494552612,0.0,94.33999633789062,94.62000274658203,94.19000244140625,94.31999969482422,0.0,15.59000015258789,17.020000457763672,14.949999809265137,16.479999542236328,0.0
2021-11-08,44.0,44.279998779296875,43.880001068115234,44.279998779296875,9100.0,469.70001220703125,470.2300109863281,468.20001220703125,468.92999267578125,50405200.0,398.57000732421875,399.6199951171875,397.3999938964844,398.05999755859375,29256300.0,83.80999755859375,84.13500213623047,83.61499786376953,83.98999786376953,12781000.0,1.4830000400543213,1.503999948501587,1.4600000381469727,1.496999979019165,0.0,94.25,94.37999725341797,93.98999786376953,94.05000305175781,0.0,17.229999542236328,17.690000534057617,16.440000534057617,17.219999313354492,0.0
2021-11-09,44.279998779296875,44.279998779296875,43.47999954223633,43.55799865722656,9000.0,469.32000732421875,469.57000732421875,465.8800048828125,467.3800048828125,51149100.0,399.1600036621094,399.57000732421875,393.9200134277344,395.32000732421875,50490700.0,84.11499786376953,84.20500183105469,83.22000122070312,83.6449966430664,16823000.0,1.4639999866485596,1.468999981880188,1.4149999618530273,1.4320000410079956,0.0,94.08999633789062,94.1500015258789,93.87999725341797,93.95999908447266,0.0,17.43000030517578,18.56999969482422,17.209999084472656,17.780000686645508,0.0
2021-11-10,43.47999954223633,43.63999938964844,43.11000061035156,43.220001220703125,14800.0,465.5799865722656,467.3800048828125,462.0400085449219,463.6199951171875,69429700.0,392.4700012207031,395.3599853515625,387.5299987792969,389.510009765625,54937400.0,83.0,83.41500091552734,82.01499938964844,82.26499938964844,25788800.0,1.4730000495910645,1.5920000076293945,1.4639999866485596,1.559999942779541,0.0,93.9800033569336,94.9000015258789,93.97000122070312,94.8499984741211,0.0,17.739999771118164,19.899999618530273,17.219999313354492,18.729999542236328,0.0
2021-11-11,43.40999984741211,43.40999984741211,43.262001037597656,43.262001037597656,2000.0,465.2099914550781,465.2900085449219,463.75,463.7699890136719,34848500.0,392.57000732421875,392.75,390.239990234375,390.5899963378906,32243000.0,82.8550033569336,82.88999938964844,82.51499938964844,82.6500015258789,10103800.0,1.559999942779541,1.559999942779541,1.559999942779541,1.559999942779541,0.0,94.83999633789062,95.19999694824219,94.83999633789062,95.18000030517578,0.0,18.34000015258789,18.389999389648438,17.270000457763672,17.65999984741211,0.0
2021-11-12,43.529998779296875,43.61000061035156,43.25600051879883,43.56999969482422,8400.0,465.1199951171875,467.8599853515625,464.1099853515625,467.2699890136719,53466700.0,391.7699890136719,395.25,390.1300048828125,394.70001220703125,34730600.0,82.92500305175781,83.79499816894531,82.78500366210938,83.65499877929688,12244200.0,1.5720000267028809,1.5889999866485596,1.5410000085830688,1.5820000171661377,0.0,95.18000030517578,95.2699966430664,95.0,95.12999725341797,0.0,17.489999771118164,17.690000534057617,16.149999618530273,16.290000915527344,0.0
2021-11-15,43.86000061035156,43.86000061035156,43.29999923706055,43.42599868774414,5200.0,468.6400146484375,468.80999755859375,466.2300109863281,467.42999267578125,46980500.0,395.9100036621094,396.239990234375,392.1000061035156,394.6099853515625,33716900.0,83.98999786376953,84.11000061035156,83.09500122070312,83.56999969482422,12490200.0,1.5529999732971191,1.625,1.5490000247955322,1.6230000257492065,0.0,95.12000274658203,95.5999984741211,94.97000122070312,95.41000366210938,0.0,17.030000686645508,17.459999084472656,16.489999771118164,16.489999771118164,0.0
2021-11-16,43.310001373291016,43.91999816894531,43.310001373291016,43.845001220703125,7700.0,467.1499938964844,470.489990234375,467.07000732421875,469.2799987792969,48857500.0,393.8599853515625,397.92999267578125,393.6600036621094,397.4200134277344,27872900.0,83.47000122070312,84.56500244140625,83.41999816894531,84.44999694824219,13538800.0,1.6009999513626099,1.6369999647140503,1.5989999771118164,1.6339999437332153,0.0,95.47000122070312,95.9800033569336,95.4000015258789,95.91999816894531,0.0,16.860000610351562,17.079999923706055,16.030000686645508,16.3700008392334,0.0
2021-11-17,43.72999954223633,43.72999954223633,43.50299835205078,43.54999923706055,3800.0,469.0,469.19000244140625,467.4800109863281,468.1400146484375,47858300.0,397.75,399.7200012207031,396.6400146484375,397.6300048828125,28703300.0,84.28500366210938,84.7249984741211,83.93000030517578,84.19499969482422,15417800.0,1.6410000324249268,1.6460000276565552,1.5989999771118164,1.6039999723434448,0.0,95.94000244140625,96.23999786376953,95.7300033569336,95.83000183105469,0.0,16.360000610351562,17.190000534057617,16.280000686645508,17.110000610351562,0.0
2021-11-18,43.79999923706055,43.810001373291016,43.5,43.630001068115234,5300.0,469.239990234375,470.010009765625,466.3399963378906,469.7300109863281,50625600.0,399.7300109863281,402.2699890136719,397.45001220703125,401.75,45721500.0,84.68000030517578,85.15499877929688,84.06999969482422,85.03500366210938,19964000.0,1.5959999561309814,1.6130000352859497,1.5770000219345093,1.5889999866485596,0.0,95.80000305175781,95.83999633789062,95.5199966430664,95.54000091552734,0.0,16.809999465942383,18.149999618530273,16.3799991607666,17.59000015258789,0.0
2021-11-19,43.77000045776367,43.77000045776367,43.59600067138672,43.599998474121094,7800.0,469.6099853515625,470.94000244140625,468.5,468.8900146484375,57315600.0,403.42999267578125,405.29998779296875,402.5799865722656,403.989990234375,45191700.0,85.33999633789062,85.9800033569336,85.05500030517578,85.65499877929688,17714600.0,1.5290000438690186,1.5570000410079956,1.5210000276565552,1.5360000133514404,0.0,95.58999633789062,96.23999786376953,95.58000183105469,96.06999969482422,0.0,17.360000610351562,19.010000228881836,17.229999542236328,17.90999984741211,0.0
2021-11-22,43.86000061035156,43.959999084472656,43.209999084472656,43.209999084472656,5000.0,470.8900146484375,473.5400085449219,467.3500061035156,467.57000732421875,72762000.0,405.57000732421875,408.7099914550781,399.19000244140625,399.29998779296875,61715400.0,85.98999786376953,87.125,84.6500015258789,84.69999694824219,28451600.0,1.5750000476837158,1.6269999742507935,1.5700000524520874,1.625,0.0,96.06999969482422,96.55000305175781,96.04000091552734,96.5,0.0,18.200000762939453,19.59000015258789,17.350000381469727,19.170000076293945,0.0
2021-11-23,43.22999954223633,43.22999954223633,42.62900161743164,43.0099983215332,19100.0,467.2200012207031,469.1000061035156,464.45001220703125,468.19000244140625,73206500.0,398.1099853515625,400.2300109863281,392.9200134277344,397.4800109863281,70098700.0,84.375,84.7750015258789,83.43499755859375,84.50499725341797,29239800.0,1.6549999713897705,1.6690000295639038,1.6390000581741333,1.6670000553131104,0.0,96.45999908447266,96.61000061035156,96.30999755859375,96.48999786376953,0.0,20.239999771118164,20.90999984741211,19.030000686645508,19.3799991607666,0.0
2021-11-24,42.84000015258789,43.33000183105469,42.0,43.32699966430664,4100.0,466.05999755859375,469.57000732421875,465.19000244140625,469.44000244140625,61858800.0,394.92999267578125,399.04998779296875,392.5400085449219,398.760009765625,46954400.0,84.0,85.13999938964844,83.58999633789062,85.12000274658203,18241000.0,1.6649999618530273,1.6929999589920044,1.6390000581741333,1.6449999809265137,0.0,96.52999877929688,96.94000244140625,96.44000244140625,96.83999633789062,0.0,19.170000076293945,20.959999084472656,18.520000457763672,18.579999923706055,0.0
2021-11-26,42.75,42.75,42.31999969482422,42.32500076293945,16200.0,462.3399963378906,463.8999938964844,457.7699890136719,458.9700012207031,112669600.0,396.1099853515625,397.5400085449219,389.7699890136719,391.20001220703125,51533300.0,83.90499877929688,84.55500030517578,82.66500091552734,82.99500274658203,24767800.0,1.5379999876022339,1.5429999828338623,1.4730000495910645,1.4819999933242798,0.0,96.72000122070312,96.7699966430664,95.75,96.08999633789062,0.0,26.6200008392334,28.989999771118164,23.8799991607666,28.6200008392334,0.0
2021-11-29,42.93000030517578,43.15999984741211,42.61000061035156,43.150001525878906,5100.0,464.07000732421875,466.55999755859375,461.7300109863281,464.6000061035156,86268800.0,395.8900146484375,400.7300109863281,395.1400146484375,399.69000244140625,54447100.0,84.2300033569336,85.30000305175781,83.96499633789062,85.06999969482422,24979800.0,1.5470000505447388,1.565000057220459,1.5110000371932983,1.5299999713897705,0.0,96.13999938964844,96.44999694824219,96.13999938964844,96.33999633789062,0.0,25.309999465942383,25.690000534057617,21.709999084472656,22.959999084472656,0.0
2021-11-30,42.9900016784668,42.9900016784668,42.15999984741211,42.18199920654297,3800.0,462.0,464.0299987792969,455.29998779296875,455.55999755859375,148559600.0,398.7799987792969,401.19000244140625,391.75,393.82000732421875,81332700.0,84.75,85.5250015258789,83.63999938964844,84.36000061035156,54066800.0,1.444000005722046,1.5,1.4119999408721924,1.4429999589920044,0.0,96.22000122070312,96.63999938964844,95.5199966430664,95.98999786376953,0.0,26.229999542236328,28.559999465942383,23.709999084472656,27.190000534057617,0.0
2021-12-01,42.88999938964844,42.88999938964844,41.79100036621094,41.91999816894531,19500.0,461.6400146484375,464.6700134277344,450.2900085449219,450.5,131939200.0,398.2799987792969,400.4800109863281,386.6400146484375,387.1199951171875,77766500.0,85.25,85.8949966430664,83.12999725341797,83.20500183105469,39084200.0,1.4819999933242798,1.496999979019165,1.430999994277954,1.434000015258789,0.0,95.94000244140625,96.13999938964844,95.66999816894531,96.05000305175781,0.0,24.920000076293945,32.61000061035156,22.3799991607666,31.1200008392334,0.0
2021-12-02,41.619998931884766,42.34000015258789,41.619998931884766,42.18000030517578,15100.0,450.7300109863281,459.07000732421875,450.30999755859375,457.3999938964844,127637800.0,385.79998779296875,391.739990234375,384.3399963378906,389.9100036621094,84416600.0,82.43499755859375,84.3550033569336,82.25499725341797,83.97000122070312,46872400.0,1.4220000505447388,1.465000033378601,1.409000039100647,1.4479999542236328,0.0,96.06999969482422,96.18000030517578,95.83000183105469,96.12999725341797,0.0,29.440000534057617,30.68000030517578,27.149999618530273,27.950000762939453,0.0
2021-12-03,42.400001525878906,42.400001525878906,41.11000061035156,41.513999938964844,12500.0,459.1700134277344,460.29998779296875,448.9200134277344,453.4200134277344,137331600.0,391.30999755859375,392.3399963378906,378.8999938964844,383.1300048828125,105349100.0,84.20999908447266,84.47000122070312,81.5250015258789,82.56500244140625,48470000.0,1.4240000247955322,1.4700000286102295,1.343000054359436,1.343000054359436,0.0,96.12000274658203,96.44999694824219,95.97000122070312,96.12000274658203,0.0,26.950000762939453,35.31999969482422,25.889999389648438,30.670000076293945,0.0
2021-12-06,41.68000030517578,41.970001220703125,41.34000015258789,41.93000030517578,13300.0,456.1300048828125,460.7900085449219,453.55999755859375,458.7900085449219,98977500.0,383.6300048828125,387.6000061035156,379.29998779296875,386.20001220703125,67588800.0,82.80500030517578,83.5999984741211,81.94499969482422,83.3499984741211,37800400.0,1.3899999856948853,1.440999984741211,1.3700000047683716,1.434000015258789,0.0,96.1500015258789,96.43000030517578,96.12999725341797,96.29000091552734,0.0,28.989999771118164,30.81999969482422,26.75,27.18000030517578,0.0
2021-12-07,43.029998779296875,43.150001525878906,42.75,43.020999908447266,13000.0,464.4100036621094,468.8800048828125,458.6499938964844,468.2799987792969,95484700.0,393.0299987792969,398.4599914550781,392.989990234375,397.8299865722656,56005300.0,85.01000213623047,86.36499786376953,85.0,86.26000213623047,28691000.0,1.4529999494552612,1.4819999933242798,1.4390000104904175,1.4800000190734863,0.0,96.30000305175781,96.58999633789062,96.16999816894531,96.37000274658203,0.0,24.579999923706055,24.690000534057617,21.579999923706055,21.889999389648438,0.0
2021-12-08,43.099998474121094,43.290000915527344,42.99100112915039,43.290000915527344,5500.0,468.70001220703125,470.0,466.8299865722656,469.5199890136719,72238800.0,398.1700134277344,399.82000732421875,396.2200012207031,399.6099853515625,39204000.0,86.29000091552734,86.71499633789062,85.69499969482422,86.65499877929688,23261600.0,1.4900000095367432,1.5369999408721924,1.4889999628067017,1.5089999437332153,0.0,96.26000213623047,96.37999725341797,95.8499984741211,95.88999938964844,0.0,21.739999771118164,23.110000610351562,19.850000381469727,19.899999618530273,0.0
2021-12-09,43.22999954223633,43.22999954223633,42.630001068115234,42.630001068115234,21000.0,468.1499938964844,469.6300048828125,466.1400146484375,466.3500061035156,61272600.0,398.3500061035156,400.20001220703125,393.5299987792969,393.7300109863281,49973700.0,86.44000244140625,87.00499725341797,85.6500015258789,85.72000122070312,17201000.0,1.4839999675750732,1.5080000162124634,1.472000002861023,1.4869999885559082,0.0,95.95999908447266,96.33999633789062,95.95999908447266,96.2699966430664,0.0,20.309999465942383,22.1200008392334,19.940000534057617,21.579999923706055,0.0
2021-12-10,42.959999084472656,42.970001220703125,42.75199890136719,42.970001220703125,5700.0,469.2300109863281,470.8999938964844,466.510009765625,470.739990234375,77159800.0,396.6199951171875,398.2799987792969,393.3599853515625,398.010009765625,52545800.0,86.62000274658203,87.55000305175781,86.36499786376953,87.44000244140625,24776600.0,1.5089999437332153,1.5199999809265137,1.4509999752044678,1.4889999628067017,0.0,96.22000122070312,96.43000030517578,95.9800033569336,96.05000305175781,0.0,21.270000457763672,21.299999237060547,18.690000534057617,18.690000534057617,0.0
2021-12-13,42.9900016784668,42.9900016784668,42.400001525878906,42.4010009765625,4600.0,470.19000244140625,470.55999755859375,466.2699890136719,466.57000732421875,87724700.0,398.0,398.3299865722656,391.8800048828125,392.260009765625,50166400.0,87.62000274658203,87.79000091552734,86.01499938964844,86.13999938964844,20974000.0,1.468000054359436,1.472000002861023,1.4140000343322754,1.4240000247955322,0.0,96.05000305175781,96.44999694824219,96.05000305175781,96.31999969482422,0.0,19.290000915527344,21.18000030517578,18.959999084472656,20.309999465942383,0.0
2021-12-14,41.939998626708984,42.189998626708984,41.63999938964844,41.959999084472656,5800.0,463.0899963378906,465.739990234375,460.25,463.3599853515625,97264100.0,387.29998779296875,390.0899963378906,383.6300048828125,388.20001220703125,75199200.0,85.0999984741211,85.6449966430664,83.70500183105469,84.7249984741211,27094800.0,1.4390000104904175,1.472000002861023,1.4210000038146973,1.437999963760376,0.0,96.3499984741211,96.58999633789062,96.0999984741211,96.56999969482422,0.0,19.670000076293945,23.0,19.670000076293945,21.889999389648438,0.0
2021-12-15,42.119998931884766,42.72999954223633,41.70000076293945,42.72999954223633,6800.0,463.4200134277344,470.8599853515625,460.739990234375,470.6000061035156,116899300.0,387.94000244140625,397.4200134277344,383.8800048828125,397.04998779296875,73858000.0,84.79499816894531,87.05500030517578,83.98999786376953,86.97000122070312,28270800.0,1.4459999799728394,1.4839999675750732,1.4359999895095825,1.4630000591278076,0.0,96.55000305175781,96.91000366210938,96.30000305175781,96.51000213623047,0.0,21.600000381469727,23.469999313354492,19.020000457763672,19.290000915527344,0.0
2021-12-16,42.560001373291016,42.650001525878906,42.09000015258789,42.130001068115234,3400.0,472.57000732421875,472.8699951171875,464.79998779296875,466.45001220703125,116568600.0,398.0400085449219,398.4800109863281,385.2099914550781,386.8399963378906,82591400.0,87.29499816894531,87.43499755859375,84.00499725341797,84.50499725341797,31275600.0,1.472000002861023,1.4789999723434448,1.4160000085830688,1.4220000505447388,0.0,96.43000030517578,96.44999694824219,95.8499984741211,96.04000091552734,0.0,18.559999465942383,22.1299991607666,18.190000534057617,20.56999969482422,0.0
2021-12-17,41.90999984741211,42.15999984741211,41.88999938964844,41.88999938964844,4300.0,461.54998779296875,464.739990234375,458.05999755859375,459.8699951171875,135511600.0,383.3299865722656,389.19000244140625,381.7699890136719,384.9100036621094,80492500.0,83.57499694824219,84.76000213623047,83.13999938964844,83.94000244140625,44821600.0,1.3949999809265137,1.4119999408721924,1.371999979019165,1.4019999504089355,0.0,96.0,96.69000244140625,95.87999725341797,96.56999969482422,0.0,20.700000762939453,23.260000228881836,20.489999771118164,21.56999969482422,0.0
2021-12-20,41.79999923706055,41.79999923706055,41.029998779296875,41.34600067138672,17800.0,454.4800109863281,455.3999938964844,451.1400146484375,454.9800109863281,107134800.0,379.57000732421875,381.5,377.4700012207031,380.69000244140625,65336800.0,82.5,83.04499816894531,82.18000030517578,82.78500366210938,32649600.0,1.3869999647140503,1.4210000038146973,1.375,1.4190000295639038,0.0,96.66999816894531,96.69000244140625,96.33999633789062,96.55000305175781,0.0,25.889999389648438,27.389999389648438,22.850000381469727,22.8700008392334,0.0
2021-12-21,41.560001373291016,42.34000015258789,41.560001373291016,42.34000015258789,5700.0,458.6099853515625,463.2099914550781,456.30999755859375,463.05999755859375,69806300.0,384.04998779296875,389.5299987792969,380.20001220703125,389.2099914550781,48899500.0,83.66999816894531,84.94999694824219,82.8949966430664,84.87999725341797,16810800.0,1.4500000476837158,1.4980000257492065,1.4479999542236328,1.4869999885559082,0.0,96.54000091552734,96.63999938964844,96.33999633789062,96.48999786376953,0.0,22.280000686645508,22.68000030517578,20.899999618530273,21.010000228881836,0.0
2021-12-22,42.41999816894531,42.810001373291016,42.400001525878906,42.810001373291016,3300.0,462.7900085449219,467.80999755859375,462.5799865722656,467.69000244140625,58890200.0,388.9100036621094,394.1600036621094,388.2300109863281,393.95001220703125,37042200.0,84.76499938964844,86.05000305175781,84.54000091552734,85.98999786376953,13376200.0,1.4769999980926514,1.4809999465942383,1.4479999542236328,1.4570000171661377,0.0,96.47000122070312,96.5999984741211,96.0199966430664,96.08000183105469,0.0,21.040000915527344,21.360000610351562,18.59000015258789,18.6299991607666,0.0
2021-12-23,43.0,43.29999923706055,43.0,43.196998596191406,4400.0,468.75,472.19000244140625,468.6400146484375,470.6000061035156,56439700.0,394.30999755859375,398.42999267578125,394.1400146484375,396.9200134277344,29595500.0,86.1050033569336,86.81500244140625,86.09500122070312,86.47000122070312,9792600.0,1.4759999513626099,1.5010000467300415,1.4579999446868896,1.4930000305175781,0.0,96.02999877929688,96.27999877929688,95.98999786376953,96.0199966430664,0.0,18.809999465942383,18.93000030517578,17.6200008392334,17.959999084472656,0.0
2021-12-27,43.59000015258789,43.779998779296875,43.59000015258789,43.77799987792969,3600.0,472.05999755859375,477.30999755859375,472.010009765625,477.260009765625,56808600.0,398.25,403.4800109863281,398.2200012207031,403.4800109863281,32820700.0,86.81500244140625,88.34500122070312,86.79499816894531,88.32499694824219,13266600.0,1.4889999628067017,1.49399995803833,1.4759999513626099,1.4809999465942383,0.0,96.1500015258789,96.26000213623047,96.05000305175781,96.08999633789062,0.0,19.3700008392334,19.40999984741211,17.549999237060547,17.68000030517578,0.0
2021-12-28,43.939998626708984,43.939998626708984,43.540000915527344,43.55500030517578,5900.0,477.7200012207031,478.80999755859375,476.05999755859375,476.8699951171875,47274600.0,404.3999938964844,404.5799865722656,400.7099914550781,401.6099853515625,33113700.0,88.48999786376953,88.5199966430664,87.6449966430664,87.86499786376953,11422200.0,1.4859999418258667,1.4889999628067017,1.4550000429153442,1.4809999465942383,0.0,96.06999969482422,96.27999877929688,96.0,96.19999694824219,0.0,17.780000686645508,18.469999313354492,17.510000228881836,17.540000915527344,0.0
2021-12-29,43.56999969482422,43.650001525878906,43.470001220703125,43.63100051879883,3200.0,476.9800109863281,478.55999755859375,475.9200134277344,477.4800109863281,54503000.0,401.75,403.04998779296875,399.1099853515625,401.54998779296875,32248500.0,87.8949966430664,88.29499816894531,87.48500061035156,87.94000244140625,9687800.0,1.5049999952316284,1.5579999685287476,1.5049999952316284,1.5429999828338623,0.0,96.1500015258789,96.4000015258789,95.76000213623047,95.93000030517578,0.0,17.6299991607666,18.0,16.709999084472656,16.950000762939453,0.0
2021-12-30,43.470001220703125,43.779998779296875,43.470001220703125,43.5099983215332,8400.0,477.92999267578125,479.0,475.6700134277344,476.1600036621094,55329000.0,401.3299865722656,403.57000732421875,399.75,400.3500061035156,23850100.0,87.9749984741211,88.2699966430664,87.25499725341797,87.36000061035156,10526400.0,1.531000018119812,1.5499999523162842,1.5130000114440918,1.5149999856948853,0.0,95.88999938964844,96.22000122070312,95.86000061035156,95.97000122070312,0.0,17.299999237060547,17.790000915527344,16.6200008392334,17.329999923706055,0.0
2021-12-31,43.29999923706055,43.599998474121094,43.29999923706055,43.31700134277344,7100.0,475.6400146484375,476.8599853515625,474.6700134277344,474.9599914550781,65237400.0,399.6600036621094,401.05999755859375,397.3399963378906,397.8500061035156,34752900.0,87.2750015258789,87.48500061035156,86.8949966430664,86.93499755859375,10243000.0,1.5049999952316284,1.5219999551773071,1.4910000562667847,1.5119999647140503,0.0,95.98999786376953,96.11000061035156,95.56999969482422,95.66999816894531,0.0,17.6299991607666,18.270000457763672,16.989999771118164,17.219999313354492,0.0
2022-01-03,43.63999938964844,43.68000030517578,43.29999923706055,43.65399932861328,9500.0,476.29998779296875,477.8500061035156,473.8500061035156,477.7099914550781,72668200.0,399.04998779296875,401.94000244140625,396.8800048828125,401.67999267578125,40575900.0,87.05000305175781,87.83999633789062,86.66999816894531,87.76000213623047,20302800.0,1.534000039100647,1.6349999904632568,1.5329999923706055,1.628000020980835,0.0,95.66999816894531,96.33000183105469,95.62999725341797,96.23999786376953,0.0,17.600000381469727,18.540000915527344,16.559999465942383,16.600000381469727,0.0
2022-01-04,43.66999816894531,43.86000061035156,43.18000030517578,43.40999984741211,37900.0,479.2200012207031,479.9800109863281,475.5799865722656,477.54998779296875,71178700.0,402.239990234375,402.2799987792969,393.2900085449219,396.4700012207031,58027200.0,87.91000366210938,88.0,86.17500305175781,86.83000183105469,16648000.0,1.6629999876022339,1.6859999895095825,1.6540000438690186,1.6679999828338623,0.0,96.19000244140625,96.45999908447266,96.02999877929688,96.29000091552734,0.0,16.56999969482422,17.809999465942383,16.34000015258789,16.90999984741211,0.0
2022-01-05,43.29999923706055,43.29999923706055,42.236000061035156,42.236000061035156,19400.0,477.1600036621094,477.9800109863281,468.2799987792969,468.3800048828125,104538900.0,394.739990234375,395.8900146484375,384.0299987792969,384.2900085449219,75739800.0,86.32499694824219,86.38999938964844,84.12999725341797,84.16000366210938,23628400.0,1.659999966621399,1.7100000381469727,1.6469999551773071,1.7050000429153442,0.0,96.30999755859375,96.33000183105469,95.88999938964844,96.19000244140625,0.0,17.06999969482422,20.170000076293945,16.579999923706055,19.729999542236328,0.0
2022-01-06,42.119998931884766,42.43000030517578,41.86000061035156,42.10200119018555,5500.0,467.8900146484375,470.82000732421875,465.42999267578125,467.94000244140625,86858900.0,382.4200134277344,387.3500061035156,380.1300048828125,384.0199890136719,70814300.0,83.48999786376953,84.5999984741211,83.23500061035156,83.73500061035156,23767200.0,1.7330000400543213,1.74399995803833,1.7209999561309814,1.7330000400543213,0.0,96.19999694824219,96.38999938964844,96.04000091552734,96.25,0.0,20.290000915527344,21.059999465942383,19.079999923706055,19.610000610351562,0.0
2022-01-07,42.18000030517578,42.18000030517578,41.689998626708984,41.689998626708984,2800.0,467.95001220703125,469.20001220703125,464.6499938964844,466.0899963378906,85111600.0,384.0299987792969,385.760009765625,378.0400085449219,379.8599853515625,72652300.0,83.68000030517578,84.08000183105469,82.41999816894531,82.96499633789062,30488600.0,1.7389999628067017,1.8009999990463257,1.7269999980926514,1.7710000276565552,0.0,96.26000213623047,96.30000305175781,95.70999908447266,95.73999786376953,0.0,19.850000381469727,20.799999237060547,18.56999969482422,18.760000228881836,0.0
2022-01-10,41.5,41.75,40.630001068115234,41.75,14000.0,462.70001220703125,465.739990234375,456.6000061035156,465.510009765625,119362000.0,374.82000732421875,380.6400146484375,369.30999755859375,380.1099853515625,91770500.0,81.7300033569336,83.08499908447266,80.6449966430664,82.9800033569336,32501400.0,1.774999976158142,1.8079999685287476,1.7669999599456787,1.7799999713897705,0.0,95.73999786376953,96.2300033569336,95.73999786376953,95.98999786376953,0.0,19.579999923706055,23.329999923706055,19.290000915527344,19.399999618530273,0.0
2022-01-11,41.86000061035156,42.189998626708984,41.474998474121094,42.189998626708984,15400.0,465.2300109863281,469.8500061035156,462.04998779296875,469.75,74303100.0,379.3599853515625,385.989990234375,377.2200012207031,385.82000732421875,68295700.0,82.76499938964844,84.09500122070312,82.1500015258789,83.9749984741211,19207600.0,1.7599999904632568,1.784999966621399,1.7450000047683716,1.746000051498413,0.0,95.93000030517578,96.06999969482422,95.58000183105469,95.62000274658203,0.0,19.6200008392334,21.0,18.200000762939453,18.40999984741211,0.0
2022-01-12,42.54999923706055,42.54999923706055,42.31999969482422,42.36000061035156,3800.0,471.5899963378906,473.20001220703125,468.94000244140625,471.0199890136719,67605400.0,388.4599914550781,390.20001220703125,385.010009765625,387.3500061035156,54576400.0,84.5999984741211,85.18000030517578,83.94999694824219,84.37000274658203,18144000.0,1.7319999933242798,1.746000051498413,1.7109999656677246,1.725000023841858,0.0,95.58000183105469,95.69000244140625,94.91000366210938,95.0,0.0,18.170000076293945,18.690000534057617,17.360000610351562,17.6200008392334,0.0
2022-01-13,42.439998626708984,42.439998626708984,41.499000549316406,41.499000549316406,2700.0,472.19000244140625,472.8800048828125,463.44000244140625,464.5299987792969,91173100.0,388.7699890136719,389.4700012207031,376.70001220703125,377.6600036621094,77994000.0,84.80500030517578,85.05000305175781,81.9749984741211,82.18499755859375,20942600.0,1.7380000352859497,1.746000051498413,1.7079999446868896,1.7109999656677246,0.0,94.98999786376953,95.0199966430664,94.66000366210938,94.79000091552734,0.0,18.059999465942383,20.610000610351562,17.450000762939453,20.309999465942383,0.0
2022-01-14,41.400001525878906,41.599998474121094,41.095001220703125,41.599998474121094,6500.0,461.19000244140625,465.0899963378906,459.8999938964844,464.7200012207031,95890900.0,375.07000732421875,380.3500061035156,374.8599853515625,380.010009765625,80121200.0,81.625,82.93000030517578,81.625,82.87999725341797,22351400.0,1.7259999513626099,1.774999976158142,1.7059999704360962,1.7719999551773071,0.0,94.87000274658203,95.2699966430664,94.62999725341797,95.16999816894531,0.0,20.110000610351562,22.06999969482422,19.049999237060547,19.190000534057617,0.0
2022-01-18,41.290000915527344,41.290000915527344,40.709999084472656,40.75,12300.0,459.739990234375,459.9599914550781,455.30999755859375,456.489990234375,109709100.0,374.0400085449219,376.2200012207031,369.7699890136719,370.54998779296875,75450900.0,81.67500305175781,82.16000366210938,80.66500091552734,80.88999938964844,24694200.0,1.8270000219345093,1.8660000562667847,1.812999963760376,1.8650000095367432,0.0,95.22000122070312,95.83000183105469,95.12999725341797,95.7300033569336,0.0,21.18000030517578,23.200000762939453,21.18000030517578,22.790000915527344,0.0
2022-01-19,40.83000183105469,40.83000183105469,40.220001220703125,40.220001220703125,9400.0,458.1300048828125,459.6099853515625,451.4599914550781,451.75,109357600.0,372.1499938964844,374.69000244140625,366.2099914550781,366.4800109863281,81791500.0,81.1449966430664,82.1449966430664,79.68000030517578,79.76000213623047,24961400.0,1.8580000400543213,1.8739999532699585,1.8220000267028809,1.8270000219345093,0.0,95.7699966430664,95.79000091552734,95.48999786376953,95.51000213623047,0.0,23.1200008392334,23.989999771118164,21.850000381469727,23.850000381469727,0.0
2022-01-20,40.56999969482422,41.04999923706055,39.849998474121094,39.849998474121094,10300.0,453.75,458.739990234375,444.5,446.75,122379700.0,369.7900085449219,373.8699951171875,361.1700134277344,361.7200012207031,88610700.0,80.47000122070312,81.375,78.625,78.7300033569336,37609000.0,1.8289999961853027,1.8450000286102295,1.8200000524520874,1.8329999446868896,0.0,95.58999633789062,95.86000061035156,95.41999816894531,95.73999786376953,0.0,23.459999084472656,25.889999389648438,21.68000030517578,25.59000015258789,0.0
2022-01-21,39.63999938964844,39.93000030517578,38.9900016784668,39.0,6600.0,445.55999755859375,448.05999755859375,437.95001220703125,437.9800109863281,202271200.0,359.4700012207031,362.17999267578125,351.3999938964844,351.69000244140625,143388900.0,78.54000091552734,79.44499969482422,77.1449966430664,77.16500091552734,48016600.0,1.7719999551773071,1.784999966621399,1.7330000400543213,1.746999979019165,0.0,95.80999755859375,95.83999633789062,95.5,95.63999938964844,0.0,25.3799991607666,29.790000915527344,25.309999465942383,28.850000381469727,0.0
2022-01-24,38.27000045776367,39.68000030517578,37.29999923706055,39.279998779296875,59900.0,432.0299987792969,440.3800048828125,420.760009765625,439.8399963378906,251783900.0,345.9100036621094,353.9800109863281,334.1499938964844,353.29998779296875,198685800.0,75.87999725341797,77.62000274658203,73.12000274658203,77.56500244140625,67413400.0,1.7319999933242798,1.7369999885559082,1.7070000171661377,1.7350000143051147,0.0,95.63999938964844,96.12999725341797,95.62999725341797,95.91999816894531,0.0,28.200000762939453,38.939998626708984,28.020000457763672,29.899999618530273,0.0
2022-01-25,38.52000045776367,38.97999954223633,38.0,38.720001220703125,21100.0,433.05999755859375,439.7200012207031,427.1499938964844,434.4700012207031,167997300.0,346.6700134277344,351.0299987792969,341.67999267578125,345.1099853515625,124398400.0,76.04499816894531,77.20999908447266,74.9000015258789,75.7699966430664,48886200.0,1.7740000486373901,1.7869999408721924,1.7300000190734863,1.7829999923706055,0.0,95.93000030517578,96.2699966430664,95.9000015258789,95.94999694824219,0.0,32.290000915527344,35.849998474121094,29.1299991607666,31.15999984741211,0.0
2022-01-26,39.22999954223633,39.47999954223633,38.0,38.29999923706055,6100.0,440.7200012207031,444.0400085449219,428.8599853515625,433.3800048828125,186391100.0,352.9100036621094,356.8800048828125,340.7799987792969,344.57000732421875,146559500.0,77.83000183105469,78.73999786376953,75.30999755859375,76.21499633789062,53596200.0,1.784999966621399,1.8569999933242798,1.7710000276565552,1.8480000495910645,0.0,95.95999908447266,96.54000091552734,95.91000366210938,96.48999786376953,0.0,29.350000381469727,33.040000915527344,26.899999618530273,31.959999084472656,0.0
2022-01-27,38.880001068115234,38.880001068115234,37.72999954223633,37.77899932861328,7100.0,438.260009765625,441.5899963378906,429.45001220703125,431.239990234375,149878300.0,349.3999938964844,351.2699890136719,340.04998779296875,341.1000061035156,95255700.0,77.44999694824219,77.86000061035156,75.41500091552734,75.69000244140625,39446800.0,1.8300000429153442,1.8420000076293945,1.781999945640564,1.8070000410079956,0.0,96.55000305175781,97.29000091552734,96.52999877929688,97.26000213623047,0.0,32.189998626708984,33.0,28.420000076293945,30.489999771118164,0.0
2022-01-28,37.5,38.91999816894531,37.400001525878906,38.91999816894531,20100.0,432.67999267578125,442.0,427.82000732421875,441.95001220703125,164457400.0,343.0299987792969,352.0199890136719,337.95001220703125,351.79998779296875,108167900.0,76.62999725341797,79.0199966430664,75.48999786376953,79.0,44236000.0,1.8339999914169312,1.8480000495910645,1.7769999504089355,1.781999945640564,0.0,97.25,97.44000244140625,97.05999755859375,97.2699966430664,0.0,30.270000457763672,32.81999969482422,27.280000686645508,27.65999984741211,0.0
2022-01-31,39.29999923706055,40.00899887084961,39.15399932861328,40.00899887084961,8700.0,441.239990234375,450.2799987792969,439.80999755859375,449.9100036621094,152251400.0,353.20001220703125,363.6499938964844,351.5199890136719,363.04998779296875,94326400.0,79.0199966430664,81.08999633789062,78.63500213623047,80.98500061035156,29121000.0,1.8029999732971191,1.815999984741211,1.7730000019073486,1.781999945640564,0.0,97.22000122070312,97.30000305175781,96.5199966430664,96.54000091552734,0.0,28.360000610351562,29.40999984741211,24.709999084472656,24.829999923706055,0.0
2022-02-01,40.21500015258789,40.36000061035156,39.83000183105469,40.36000061035156,7300.0,450.67999267578125,453.6300048828125,446.94000244140625,452.95001220703125,123155400.0,364.42999267578125,366.19000244140625,359.1400146484375,365.5199890136719,74433000.0,81.09500122070312,81.33000183105469,80.0199966430664,81.19499969482422,23389800.0,1.75,1.8200000524520874,1.75,1.7999999523162842,0.0,96.69999694824219,96.72000122070312,96.23999786376953,96.38999938964844,0.0,24.56999969482422,25.329999923706055,21.959999084472656,21.959999084472656,0.0
2022-02-02,40.599998474121094,40.63999938964844,40.26100158691406,40.59000015258789,5800.0,455.5,458.1199951171875,453.04998779296875,457.3500061035156,117361000.0,369.760009765625,370.1000061035156,364.2900085449219,368.489990234375,78777100.0,81.37000274658203,81.98999786376953,80.81999969482422,81.8550033569336,25504800.0,1.7769999504089355,1.8109999895095825,1.7430000305175781,1.7660000324249268,0.0,96.2699966430664,96.30000305175781,95.80999755859375,95.94000244140625,0.0,21.559999465942383,22.729999542236328,20.459999084472656,22.09000015258789,0.0
2022-02-03,39.970001220703125,40.290000915527344,39.64099884033203,39.64099884033203,3500.0,450.95001220703125,452.9700012207031,445.7099914550781,446.6000061035156,118024400.0,358.5299987792969,361.92999267578125,352.4599914550781,353.54998779296875,95384800.0,80.69499969482422,81.24500274658203,79.18499755859375,79.4800033569336,27865400.0,1.7979999780654907,1.847000002861023,1.7970000505447388,1.8270000219345093,0.0,96.0199966430664,96.25,95.23999786376953,95.37999725341797,0.0,22.6299991607666,25.809999465942383,22.299999237060547,24.350000381469727,0.0
2022-02-04,39.4900016784668,40.20000076293945,39.42499923706055,39.930999755859375,4400.0,446.3500061035156,452.7799987792969,443.8299865722656,448.70001220703125,118454400.0,354.0799865722656,361.3999938964844,351.9700012207031,358.010009765625,86318300.0,79.05500030517578,80.5,78.72000122070312,79.80000305175781,29721400.0,1.812999963760376,1.9359999895095825,1.809999942779541,1.9299999475479126,0.0,95.30999755859375,95.69999694824219,95.13999938964844,95.4800033569336,0.0,23.770000457763672,26.260000228881836,22.06999969482422,23.219999313354492,0.0
2022-02-07,40.08000183105469,40.09000015258789,39.720001220703125,39.720001220703125,5100.0,449.510009765625,450.989990234375,445.8500061035156,447.260009765625,84472900.0,358.6199951171875,361.04998779296875,353.8399963378906,355.1300048828125,58198100.0,79.86000061035156,80.33499908447266,78.96499633789062,79.2699966430664,14622600.0,1.9210000038146973,1.9390000104904175,1.909999966621399,1.9160000085830688,0.0,95.4800033569336,95.62999725341797,95.3499984741211,95.4000015258789,0.0,24.09000015258789,24.81999969482422,22.020000457763672,22.860000610351562,0.0
2022-02-08,39.79999923706055,40.119998931884766,39.52000045776367,40.11000061035156,6000.0,446.7300109863281,451.9200134277344,445.2200012207031,450.94000244140625,81012000.0,353.9599914550781,360.239990234375,352.79998779296875,359.1199951171875,64720900.0,79.0199966430664,80.46499633789062,78.83499908447266,80.25,21139800.0,1.9429999589920044,1.9709999561309814,1.9429999589920044,1.9539999961853027,0.0,95.43000030517578,95.75,95.4000015258789,95.63999938964844,0.0,23.09000015258789,23.479999542236328,21.31999969482422,21.440000534057617,0.0
2022-02-09,40.65999984741211,41.0,40.599998474121094,41.0,2700.0,455.2200012207031,457.8800048828125,455.010009765625,457.5400085449219,92589900.0,363.760009765625,366.80999755859375,362.1199951171875,366.7300109863281,55766400.0,81.28500366210938,82.05500030517578,80.94999694824219,82.02999877929688,17795600.0,1.9359999895095825,1.9470000267028809,1.909000039100647,1.9290000200271606,0.0,95.58999633789062,95.66999816894531,95.37999725341797,95.48999786376953,0.0,21.270000457763672,21.299999237060547,19.93000030517578,19.959999084472656,0.0
2022-02-10,40.220001220703125,40.7400016784668,40.0,40.150001525878906,2700.0,451.3399963378906,457.7099914550781,447.20001220703125,449.32000732421875,140103700.0,359.5199890136719,366.489990234375,356.5400085449219,358.42999267578125,112468500.0,80.4000015258789,81.76499938964844,79.46499633789062,79.88500213623047,31692200.0,1.9290000200271606,2.049999952316284,1.9270000457763672,2.0309998989105225,0.0,95.56999969482422,96.0,95.16999816894531,95.55000305175781,0.0,20.3700008392334,24.770000457763672,20.18000030517578,23.90999984741211,0.0
2022-02-11,40.150001525878906,40.150001525878906,38.95000076293945,39.040000915527344,7600.0,449.4100036621094,451.6099853515625,438.94000244140625,440.4599914550781,153214600.0,358.42999267578125,360.07000732421875,345.79998779296875,347.05999755859375,101569100.0,79.96499633789062,80.31500244140625,77.1500015258789,77.44499969482422,34878800.0,2.006999969482422,2.062999963760376,1.934000015258789,1.9550000429153442,0.0,95.94000244140625,96.11000061035156,95.63999938964844,96.08000183105469,0.0,24.389999389648438,30.989999771118164,23.329999923706055,27.360000610351562,0.0
2022-02-14,38.95000076293945,39.183998107910156,38.66999816894531,38.97999954223633,6400.0,439.9200134277344,441.6000061035156,435.3399963378906,439.0199890136719,123006300.0,346.489990234375,350.9800109863281,343.8900146484375,347.489990234375,80254400.0,77.23999786376953,78.04499816894531,76.5199966430664,77.41999816894531,41030400.0,1.9630000591278076,2.0260000228881836,1.9550000429153442,1.996000051498413,0.0,96.02999877929688,96.44000244140625,95.91000366210938,96.37000274658203,0.0,29.170000076293945,32.040000915527344,28.329999923706055,28.329999923706055,0.0
2022-02-15,39.619998931884766,40.119998931884766,39.5,40.119998931884766,4200.0,443.7300109863281,446.2799987792969,443.17999267578125,446.1000061035156,88482700.0,352.9100036621094,356.3699951171875,351.82000732421875,356.1300048828125,55128800.0,78.58499908447266,79.51000213623047,78.30999755859375,79.45500183105469,24437400.0,2.0329999923706055,2.055999994277954,2.0239999294281006,2.0450000762939453,0.0,96.23999786376953,96.29000091552734,95.95999908447266,95.98999786376953,0.0,28.09000015258789,28.09000015258789,25.329999923706055,25.700000762939453,0.0
2022-02-16,39.9900016784668,39.9900016784668,39.4900016784668,39.89699935913086,5100.0,443.92999267578125,448.05999755859375,441.94000244140625,446.6000061035156,84863600.0,353.82000732421875,357.0899963378906,350.7099914550781,356.0400085449219,58947100.0,78.91500091552734,79.6500015258789,78.05500030517578,79.375,20318200.0,2.0350000858306885,2.065000057220459,2.006999969482422,2.046999931335449,0.0,96.01000213623047,96.05999755859375,95.68000030517578,95.69999694824219,0.0,25.190000534057617,27.09000015258789,23.8799991607666,24.290000915527344,0.0
2022-02-17,39.720001220703125,39.720001220703125,38.720001220703125,38.744998931884766,3000.0,443.2200012207031,446.57000732421875,436.4200134277344,437.05999755859375,102259100.0,352.739990234375,353.4599914550781,345.0199890136719,345.45001220703125,61801400.0,78.63500213623047,78.71499633789062,76.8550033569336,77.0,24906400.0,2.002000093460083,2.0139999389648438,1.9529999494552612,1.972000002861023,0.0,95.7699966430664,96.11000061035156,95.70999908447266,95.80000305175781,0.0,24.829999923706055,28.3700008392334,24.760000228881836,28.110000610351562,0.0
2022-02-18,38.849998474121094,38.849998474121094,38.12699890136719,38.52000045776367,6200.0,437.3299865722656,438.6600036621094,431.82000732421875,434.2300109863281,132642900.0,346.4100036621094,346.80999755859375,339.1400146484375,341.510009765625,80001500.0,77.26499938964844,77.375,75.63500213623047,76.22000122070312,25310800.0,1.9600000381469727,1.9600000381469727,1.9179999828338623,1.9320000410079956,0.0,95.83000183105469,96.16999816894531,95.7300033569336,96.04000091552734,0.0,26.65999984741211,29.709999084472656,26.3799991607666,27.75,0.0
2022-02-22,38.0,38.459999084472656,37.59000015258789,37.900001525878906,6700.0,431.8900146484375,435.5,425.8599853515625,429.57000732421875,124391800.0,338.489990234375,344.0400085449219,334.3500061035156,338.0799865722656,85967100.0,75.41999816894531,76.7249984741211,74.69000244140625,75.51499938964844,26893600.0,1.944000005722046,1.9600000381469727,1.9199999570846558,1.9479999542236328,0.0,96.08000183105469,96.26000213623047,95.83999633789062,96.02999877929688,0.0,31.799999237060547,32.040000915527344,28.399999618530273,28.809999465942383,0.0
2022-02-23,38.119998931884766,38.20000076293945,36.974998474121094,36.98500061035156,5600.0,432.6600036621094,433.260009765625,421.3500061035156,421.95001220703125,132578000.0,341.32000732421875,342.17999267578125,329.1000061035156,329.4200134277344,86215400.0,76.30000305175781,76.50499725341797,73.54499816894531,73.625,37879400.0,1.9809999465942383,2.0,1.9550000429153442,1.9769999980926514,0.0,96.04000091552734,96.23999786376953,95.8499984741211,96.19000244140625,0.0,28.040000915527344,31.06999969482422,27.200000762939453,31.020000457763672,0.0
2022-02-24,35.5099983215332,37.95000076293945,35.5099983215332,37.939998626708984,17400.0,411.0199890136719,428.760009765625,410.6400146484375,428.29998779296875,213942900.0,318.8399963378906,341.0400085449219,318.260009765625,340.489990234375,130614100.0,71.09500122070312,76.19499969482422,70.86000061035156,76.13999938964844,50967800.0,1.8819999694824219,1.968999981880188,1.8559999465942383,1.968999981880188,0.0,96.22000122070312,97.73999786376953,96.22000122070312,97.13999938964844,0.0,37.5,37.790000915527344,29.450000762939453,30.31999969482422,0.0
2022-02-25,38.150001525878906,38.709999084472656,37.86000061035156,38.709999084472656,4200.0,429.6099853515625,437.8399963378906,427.8599853515625,437.75,121804500.0,341.30999755859375,345.9800109863281,337.3900146484375,345.7699890136719,78842100.0,76.25499725341797,77.19999694824219,75.31999969482422,77.17500305175781,28301600.0,1.9980000257492065,2.010999917984009,1.9630000591278076,1.9859999418258667,0.0,97.0,97.22000122070312,96.5199966430664,96.62000274658203,0.0,31.68000030517578,32.0,26.93000030517578,27.59000015258789,0.0
2022-02-28,38.52000045776367,39.0,38.369998931884766,39.0,5700.0,432.0299987792969,438.20001220703125,430.70001220703125,436.6300048828125,145615000.0,342.510009765625,348.5400085449219,341.32000732421875,346.79998779296875,77515500.0,76.3550033569336,77.36000061035156,75.71499633789062,77.03500366210938,34822200.0,1.9170000553131104,1.9199999570846558,1.8389999866485596,1.8389999866485596,0.0,96.54000091552734,97.41999816894531,96.54000091552734,96.70999908447266,0.0,32.439998626708984,33.5099983215332,28.43000030517578,30.149999618530273,0.0
2022-03-01,38.459999084472656,38.79999923706055,37.88999938964844,37.88999938964844,8000.0,435.0400085449219,437.1700134277344,427.1099853515625,429.9800109863281,137785900.0,345.75,348.0799865722656,338.8999938964844,341.489990234375,67407000.0,76.74500274658203,77.13999938964844,74.90499877929688,75.49500274658203,29925000.0,1.7339999675750732,1.7940000295639038,1.6820000410079956,1.7070000171661377,0.0,96.7699966430664,97.58000183105469,96.62999725341797,97.41000366210938,0.0,29.450000762939453,35.189998626708984,29.440000534057617,33.31999969482422,0.0
2022-03-02,38.22999954223633,38.779998779296875,38.0,38.63999938964844,4200.0,432.3699951171875,439.7200012207031,431.57000732421875,437.8900146484375,117726500.0,343.0799865722656,348.5899963378906,340.239990234375,347.2200012207031,70609000.0,76.05000305175781,77.44999694824219,75.45999908447266,77.12999725341797,25592400.0,1.7769999504089355,1.8680000305175781,1.7599999904632568,1.8650000095367432,0.0,97.37000274658203,97.83000183105469,97.29000091552734,97.38999938964844,0.0,34.20000076293945,34.40999984741211,30.1200008392334,30.739999771118164,0.0
2022-03-03,38.95000076293945,38.95000076293945,38.145999908447266,38.145999908447266,2100.0,440.4700012207031,441.1099853515625,433.79998779296875,435.7099914550781,105501700.0,349.92999267578125,350.0400085449219,340.3500061035156,342.260009765625,71089400.0,77.77999877929688,77.78500366210938,75.81999969482422,76.20999908447266,23450600.0,1.847000002861023,1.8969999551773071,1.8300000429153442,1.843999981880188,0.0,97.47000122070312,97.94999694824219,97.43000030517578,97.79000091552734,0.0,30.520000457763672,32.0099983215332,29.309999465942383,30.479999542236328,0.0
2022-03-04,37.900001525878906,38.029998779296875,37.4900016784668,37.77000045776367,3300.0,431.75,433.3699951171875,427.8800048828125,432.1700134277344,113978200.0,339.8399963378906,341.30999755859375,334.9200134277344,337.29998779296875,76936300.0,75.61499786376953,75.93000030517578,74.27999877929688,74.875,26731200.0,1.7940000295639038,1.815999984741211,1.7000000476837158,1.7239999771118164,0.0,98.04000091552734,98.91999816894531,97.83999633789062,98.6500015258789,0.0,31.899999618530273,34.650001525878906,31.469999313354492,31.979999542236328,0.0
2022-03-07,37.7400016784668,37.7400016784668,36.2599983215332,36.2599983215332,7500.0,431.54998779296875,432.29998779296875,419.3599853515625,419.42999267578125,137896600.0,337.2900085449219,338.4800109863281,324.6499938964844,324.8599853515625,89933800.0,74.80999755859375,75.15499877929688,72.09500122070312,72.13500213623047,32864200.0,1.7730000019073486,1.805999994277954,1.718999981880188,1.7510000467300415,0.0,98.56999969482422,99.41999816894531,98.56999969482422,99.29000091552734,0.0,35.880001068115234,36.54999923706055,32.59000015258789,36.45000076293945,0.0
2022-03-08,36.18000030517578,36.959999084472656,36.0,36.189998626708984,7600.0,419.6199951171875,427.2099914550781,415.1199951171875,416.25,164772700.0,324.04998779296875,333.2099914550781,319.94000244140625,323.3500061035156,116153900.0,71.94000244140625,74.01499938964844,70.7249984741211,71.78500366210938,36898400.0,1.8509999513626099,1.8769999742507935,1.8350000381469727,1.871999979019165,0.0,99.23999786376953,99.31999969482422,98.70999908447266,99.05999755859375,0.0,36.189998626708984,37.52000045776367,32.779998779296875,35.130001068115234,0.0
2022-03-09,37.30099868774414,37.63999938964844,37.30099868774414,37.426998138427734,6800.0,425.1400146484375,429.510009765625,422.82000732421875,427.4100036621094,116990800.0,331.75,336.3800048828125,329.0899963378906,334.989990234375,64723400.0,73.73500061035156,74.96499633789062,73.1449966430664,74.625,35327400.0,1.9110000133514404,1.9500000476837158,1.8919999599456787,1.9479999542236328,0.0,99.12000274658203,99.12000274658203,97.8499984741211,97.97000122070312,0.0,33.7400016784668,34.119998931884766,31.389999389648438,32.45000076293945,0.0
2022-03-10,37.31999969482422,37.31999969482422,36.66999816894531,37.130001068115234,8200.0,422.5199890136719,426.42999267578125,420.44000244140625,425.4800109863281,93972700.0,330.82000732421875,332.510009765625,326.7099914550781,331.2699890136719,69362700.0,73.30500030517578,73.5250015258789,72.20999908447266,73.31999969482422,27448400.0,1.9739999771118164,2.0209999084472656,1.9459999799728394,2.010999917984009,0.0,98.05999755859375,98.5999984741211,97.70999908447266,98.51000213623047,0.0,33.029998779296875,34.029998779296875,30.229999542236328,30.229999542236328,0.0
2022-03-11,36.999000549316406,36.999000549316406,36.540000915527344,36.540000915527344,4800.0,428.1199951171875,428.7699890136719,419.5299987792969,420.07000732421875,95636300.0,334.32000732421875,334.6400146484375,323.8999938964844,324.3999938964844,66228400.0,73.97000122070312,74.15499877929688,71.91999816894531,72.02999877929688,21457800.0,2.010999917984009,2.0199999809265137,1.9759999513626099,2.003999948501587,0.0,98.36000061035156,99.16000366210938,98.2699966430664,99.12000274658203,0.0,30.43000030517578,31.040000915527344,28.84000015258789,30.75,0.0
2022-03-14,36.95000076293945,36.95000076293945,36.0,36.060001373291016,5300.0,420.8900146484375,424.54998779296875,415.7900085449219,417.0,95729200.0,323.1300048828125,326.5899963378906,317.45001220703125,318.1700134277344,79802600.0,71.69999694824219,72.51499938964844,70.48999786376953,70.69499969482422,27852400.0,2.078000068664551,2.140000104904175,2.069000005722046,2.140000104904175,0.0,99.12999725341797,99.29000091552734,98.68000030517578,99.05999755859375,0.0,31.030000686645508,33.18000030517578,30.059999465942383,31.770000457763672,0.0
2022-03-15,36.15999984741211,36.948001861572266,36.15999984741211,36.948001861572266,4800.0,419.7699890136719,426.8399963378906,418.4200134277344,426.1700134277344,106219100.0,320.8800048828125,328.95001220703125,319.2300109863281,328.1499938964844,76471000.0,71.25499725341797,73.21499633789062,71.0199966430664,73.06999969482422,22993800.0,2.11899995803833,2.1619999408721924,2.078000068664551,2.1600000858306885,0.0,99.12999725341797,99.19999694824219,98.63999938964844,99.06999969482422,0.0,33.130001068115234,33.83000183105469,29.56999969482422,29.829999923706055,0.0
2022-03-16,37.5,38.05799865722656,37.058998107910156,38.05799865722656,2200.0,429.8900146484375,435.67999267578125,424.79998779296875,435.6199951171875,144954800.0,332.1700134277344,340.44000244140625,328.3999938964844,340.32000732421875,105243000.0,73.99500274658203,75.4749984741211,72.81999969482422,75.44499969482422,27176000.0,2.1689999103546143,2.246000051498413,2.1489999294281006,2.187999963760376,0.0,98.88999938964844,99.08000183105469,98.30000305175781,98.37999725341797,0.0,29.020000457763672,29.799999237060547,26.290000915527344,26.670000076293945,0.0
2022-03-17,38.16999816894531,38.63999938964844,38.060001373291016,38.59400177001953,2900.0,433.5899963378906,441.07000732421875,433.19000244140625,441.07000732421875,102676900.0,338.3699951171875,344.5,337.0400085449219,344.44000244140625,67810000.0,75.04000091552734,76.02999877929688,74.63500213623047,75.9800033569336,18518800.0,2.1419999599456787,2.194000005722046,2.134999990463257,2.191999912261963,0.0,98.5,98.51000213623047,97.7300033569336,98.01000213623047,0.0,26.510000228881836,27.469999313354492,25.25,25.670000076293945,0.0
2022-03-18,38.61000061035156,39.310001373291016,38.61000061035156,39.29399871826172,3300.0,438.0,444.8599853515625,437.2200012207031,444.5199890136719,106345500.0,342.739990234375,351.7900085449219,341.54998779296875,351.489990234375,85446300.0,75.70999908447266,77.67500305175781,75.33999633789062,77.53500366210938,27897800.0,2.1510000228881836,2.177999973297119,2.13700008392334,2.1480000019073486,0.0,98.0,98.62000274658203,97.83999633789062,98.2300033569336,0.0,26.360000610351562,26.81999969482422,23.850000381469727,23.8700008392334,0.0
2022-03-21,39.68000030517578,39.68000030517578,38.90999984741211,39.0890007019043,9200.0,444.3399963378906,446.4599914550781,440.67999267578125,444.3900146484375,88349800.0,350.20001220703125,352.4800109863281,345.5799865722656,350.0799865722656,73799100.0,76.9749984741211,77.65499877929688,76.2300033569336,77.24500274658203,22341400.0,2.2070000171661377,2.315000057220459,2.2070000171661377,2.315000057220459,0.0,98.23999786376953,98.52999877929688,98.16000366210938,98.5,0.0,25.139999389648438,25.360000610351562,22.989999771118164,23.530000686645508,0.0
2022-03-22,39.439998626708984,39.70000076293945,39.400001525878906,39.650001525878906,34100.0,445.8599853515625,450.5799865722656,445.8599853515625,449.5899963378906,74650400.0,350.5899963378906,357.8500061035156,350.20001220703125,356.9599914550781,63345900.0,77.30000305175781,78.76000213623047,77.19499969482422,78.3550033569336,17485800.0,2.3550000190734863,2.390000104904175,2.3329999446868896,2.372999906539917,0.0,98.48999786376953,98.97000122070312,98.31999969482422,98.48999786376953,0.0,24.020000457763672,24.020000457763672,22.700000762939453,22.940000534057617,0.0
2022-03-23,39.599998474121094,39.599998474121094,39.0,39.0,3400.0,446.9100036621094,448.489990234375,443.7099914550781,443.79998779296875,79426100.0,354.010009765625,357.6600036621094,351.7699890136719,351.8299865722656,70615500.0,77.625,78.33999633789062,77.07499694824219,77.1500015258789,12360600.0,2.374000072479248,2.3949999809265137,2.2990000247955322,2.321000099182129,0.0,98.4800033569336,98.87999725341797,98.38999938964844,98.62000274658203,0.0,23.040000915527344,24.030000686645508,22.639999389648438,23.56999969482422,0.0
2022-03-24,39.349998474121094,39.72700119018555,39.20000076293945,39.72700119018555,3600.0,445.94000244140625,450.5,444.760009765625,450.489990234375,64736900.0,353.79998779296875,359.70001220703125,351.5899963378906,359.6499938964844,53555300.0,77.58000183105469,79.17500305175781,77.31999969482422,79.15499877929688,14263400.0,2.368000030517578,2.385999917984009,2.3259999752044678,2.3410000801086426,0.0,98.63999938964844,98.95999908447266,98.5999984741211,98.79000091552734,0.0,23.610000610351562,23.790000915527344,21.489999771118164,21.670000076293945,0.0
2022-03-25,40.060001373291016,40.060001373291016,39.51100158691406,39.70899963378906,3200.0,451.1600036621094,452.9800109863281,448.42999267578125,452.69000244140625,77101300.0,359.5899963378906,360.6700134277344,354.94000244140625,359.3500061035156,57584200.0,79.27999877929688,79.38999938964844,78.12000274658203,79.11000061035156,14874600.0,2.3589999675750732,2.503000020980835,2.3540000915527344,2.492000102996826,0.0,98.75,98.83000183105469,98.4000015258789,98.80999755859375,0.0,21.8700008392334,22.860000610351562,20.799999237060547,20.809999465942383,0.0
2022-03-28,40.20000076293945,40.215999603271484,39.72100067138672,40.215999603271484,2600.0,452.05999755859375,455.9100036621094,450.05999755859375,455.9100036621094,68529800.0,359.3399963378906,365.010009765625,358.07000732421875,364.9100036621094,56833900.0,78.74500274658203,80.08499908447266,78.54499816894531,80.05000305175781,18593000.0,2.4639999866485596,2.4809999465942383,2.4140000343322754,2.4769999980926514,0.0,98.80999755859375,99.37000274658203,98.80000305175781,99.08999633789062,0.0,22.139999389648438,23.329999923706055,19.540000915527344,19.6299991607666,0.0
2022-03-29,41.099998474121094,41.099998474121094,40.709999084472656,40.97999954223633,5400.0,460.0199890136719,462.07000732421875,457.17999267578125,461.54998779296875,86581500.0,368.8999938964844,371.8299865722656,366.05999755859375,371.19000244140625,68073000.0,80.98500061035156,81.82499694824219,80.40499877929688,81.75,18829800.0,2.496000051498413,2.496000051498413,2.380000114440918,2.4000000953674316,0.0,99.08000183105469,99.30000305175781,98.04000091552734,98.4000015258789,0.0,19.700000762939453,19.729999542236328,18.670000076293945,18.899999618530273,0.0
2022-03-30,40.970001220703125,40.970001220703125,40.45000076293945,40.46900177001953,2800.0,460.3399963378906,461.20001220703125,456.4700012207031,458.70001220703125,79666900.0,369.2799987792969,370.9800109863281,365.57000732421875,367.0899963378906,68757700.0,81.33000183105469,81.55999755859375,80.23500061035156,80.66000366210938,18680200.0,2.4019999504089355,2.434999942779541,2.3450000286102295,2.3580000400543213,0.0,98.37000274658203,98.43000030517578,97.69000244140625,97.79000091552734,0.0,19.3799991607666,20.510000228881836,18.719999313354492,19.329999923706055,0.0
2022-03-31,40.45000076293945,40.5,39.90999984741211,39.91999816894531,14700.0,457.8900146484375,458.760009765625,451.1600036621094,451.6400146484375,121699900.0,367.239990234375,367.6000061035156,361.67999267578125,362.5400085449219,67011400.0,80.6500015258789,80.80000305175781,79.34500122070312,79.46499633789062,19424000.0,2.322000026702881,2.3510000705718994,2.311000108718872,2.3269999027252197,0.0,97.83000183105469,98.4000015258789,97.69000244140625,98.30999755859375,0.0,19.68000030517578,21.479999542236328,19.540000915527344,20.559999465942383,0.0
2022-04-01,40.119998931884766,40.119998931884766,39.88999938964844,39.970001220703125,4100.0,453.30999755859375,453.4599914550781,449.1400146484375,452.9200134277344,89048800.0,362.80999755859375,363.6099853515625,358.5899963378906,361.8500061035156,54527800.0,79.54499816894531,79.7300033569336,78.34500122070312,79.2300033569336,28209600.0,2.4040000438690186,2.4560000896453857,2.3570001125335693,2.377000093460083,0.0,98.33999633789062,98.73999786376953,98.30999755859375,98.62999725341797,0.0,20.6200008392334,20.860000610351562,19.40999984741211,19.6299991607666,0.0
2022-04-04,39.849998474121094,40.42300033569336,39.849998474121094,40.42300033569336,1600.0,453.1300048828125,456.9100036621094,452.260009765625,456.79998779296875,59601000.0,362.7099914550781,369.30999755859375,362.44000244140625,369.29998779296875,45950200.0,79.43499755859375,80.7750015258789,79.40499877929688,80.73500061035156,23048200.0,2.4040000438690186,2.434000015258789,2.371000051498413,2.4119999408721924,0.0,98.56999969482422,99.08000183105469,98.5199966430664,98.98999786376953,0.0,20.75,20.780000686645508,18.450000762939453,18.56999969482422,0.0
2022-04-05,40.43000030517578,40.43000030517578,39.64500045776367,39.69499969482422,7700.0,455.2200012207031,457.8299865722656,449.82000732421875,451.0299987792969,74214500.0,367.80999755859375,368.5400085449219,359.92999267578125,361.1000061035156,62738700.0,80.38500213623047,80.56999969482422,78.76000213623047,79.03500366210938,23588200.0,2.4800000190734863,2.566999912261963,2.447000026702881,2.555999994277954,0.0,99.0,99.5199966430664,98.83999633789062,99.47000122070312,0.0,18.790000915527344,21.56999969482422,18.549999237060547,21.030000686645508,0.0
2022-04-06,39.349998474121094,39.349998474121094,38.900001525878906,39.09000015258789,2600.0,446.8900146484375,448.92999267578125,443.4700012207031,446.5199890136719,106898000.0,355.6499938964844,356.7799987792969,350.55999755859375,353.260009765625,90077100.0,77.72000122070312,77.9000015258789,76.4800033569336,77.16500091552734,34225400.0,2.628000020980835,2.6410000324249268,2.568000078201294,2.6089999675750732,0.0,99.47000122070312,99.7699966430664,99.30999755859375,99.5999984741211,0.0,21.270000457763672,24.780000686645508,21.239999771118164,22.100000381469727,0.0
2022-04-07,38.9900016784668,39.22999954223633,38.75,39.08399963378906,2500.0,445.5899963378906,450.69000244140625,443.5299987792969,448.7699890136719,78097200.0,352.239990234375,356.3500061035156,348.69000244140625,354.1000061035156,63777400.0,76.75499725341797,77.80500030517578,76.2300033569336,77.28500366210938,23200200.0,2.630000114440918,2.6730000972747803,2.6089999675750732,2.6519999504089355,0.0,99.6500015258789,99.83000183105469,99.4000015258789,99.75,0.0,21.969999313354492,23.81999969482422,21.1200008392334,21.549999237060547,0.0
2022-04-08,39.099998474121094,39.099998474121094,38.7400016784668,38.77299880981445,2000.0,447.9700012207031,450.6300048828125,445.94000244140625,447.57000732421875,79272700.0,352.32000732421875,353.0899963378906,348.5,349.1499938964844,61956100.0,76.94000244140625,77.12000274658203,76.04000091552734,76.20500183105469,26354600.0,2.688999891281128,2.7279999256134033,2.6679999828338623,2.7130000591278076,0.0,99.81999969482422,100.19000244140625,99.73999786376953,99.80000305175781,0.0,21.25,22.34000015258789,20.280000686645508,21.15999984741211,0.0
2022-04-11,38.279998779296875,38.56999969482422,37.88999938964844,37.88999938964844,8000.0,444.1099853515625,445.0,439.3900146484375,439.9200134277344,89770500.0,344.80999755859375,345.75,340.5400085449219,340.8900146484375,66107400.0,75.25,75.34500122070312,74.18499755859375,74.28500366210938,21595400.0,2.7690000534057617,2.7920000553131104,2.7339999675750732,2.7799999713897705,0.0,99.83999633789062,100.05000305175781,99.62000274658203,99.93000030517578,0.0,23.09000015258789,24.420000076293945,22.09000015258789,24.3700008392334,0.0
2022-04-12,38.959999084472656,38.959999084472656,37.861000061035156,37.9640007019043,6400.0,443.0799865722656,445.75,436.6499938964844,438.2900085449219,84363600.0,345.760009765625,347.69000244140625,338.0400085449219,339.45001220703125,72790200.0,75.20500183105469,75.7750015258789,73.67500305175781,73.95500183105469,22172200.0,2.760999917984009,2.7709999084472656,2.6740000247955322,2.7249999046325684,0.0,100.04000091552734,100.33000183105469,99.73999786376953,100.29000091552734,0.0,24.940000534057617,25.3799991607666,22.270000457763672,24.260000228881836,0.0
2022-04-13,37.56999969482422,38.50400161743164,37.56999969482422,38.50400161743164,700.0,438.0299987792969,444.1099853515625,437.8399963378906,443.30999755859375,74070400.0,339.79998779296875,347.42999267578125,339.05999755859375,346.3500061035156,61367800.0,74.0,75.375,73.7249984741211,75.1449966430664,14446800.0,2.746000051498413,2.760999917984009,2.6459999084472656,2.687000036239624,0.0,100.33999633789062,100.5199966430664,99.83000183105469,99.87999725341797,0.0,23.520000457763672,24.450000762939453,21.3700008392334,21.81999969482422,0.0
2022-04-14,38.66999816894531,38.68000030517578,37.95000076293945,37.95000076293945,6100.0,443.54998779296875,444.7300109863281,437.67999267578125,437.7900085449219,97869500.0,346.44000244140625,346.9700012207031,338.2099914550781,338.42999267578125,73519400.0,75.2249984741211,75.36000061035156,73.28500366210938,73.31999969482422,17407000.0,2.6670000553131104,2.8350000381469727,2.6670000553131104,2.828000068664551,0.0,99.79000091552734,100.76000213623047,99.56999969482422,100.31999969482422,0.0,21.719999313354492,22.700000762939453,20.850000381469727,22.700000762939453,0.0
2022-04-18,37.970001220703125,38.08000183105469,37.650001525878906,37.86199951171875,6500.0,436.80999755859375,439.75,435.6099853515625,437.9700012207031,66002500.0,337.3500061035156,341.0400085449219,335.7900085449219,338.69000244140625,58560600.0,72.95999908447266,74.03500366210938,72.94000244140625,73.55999755859375,14060600.0,2.861999988555908,2.868000030517578,2.809999942779541,2.861999988555908,0.0,100.5,100.86000061035156,100.45999908447266,100.77999877929688,0.0,24.520000457763672,24.600000381469727,21.979999542236328,22.170000076293945,0.0
2022-04-19,38.02000045776367,38.6349983215332,38.02000045776367,38.6349983215332,3400.0,437.8599853515625,445.79998779296875,437.67999267578125,445.0400085449219,77821000.0,338.0299987792969,346.8500061035156,336.9800109863281,346.260009765625,56515700.0,73.375,75.06999969482422,73.1050033569336,74.94000244140625,13562200.0,2.880000114440918,2.930000066757202,2.880000114440918,2.9130001068115234,0.0,100.83000183105469,101.02999877929688,100.69999694824219,100.95999908447266,0.0,22.549999237060547,22.920000076293945,20.360000610351562,21.3700008392334,0.0
2022-04-20,38.939998626708984,38.939998626708984,38.54600143432617,38.54600143432617,6300.0,446.9200134277344,447.57000732421875,443.4800109863281,444.7099914550781,65224400.0,347.0899963378906,347.55999755859375,339.9599914550781,341.2099914550781,65500000.0,75.66500091552734,75.86499786376953,74.6500015258789,74.87000274658203,15652600.0,2.880000114440918,2.9030001163482666,2.819000005722046,2.8399999141693115,0.0,100.9800033569336,101.04000091552734,100.22000122070312,100.38999938964844,0.0,21.1299991607666,21.31999969482422,19.75,20.31999969482422,0.0
2022-04-21,39.81999969482422,39.81999969482422,37.900001525878906,37.939998626708984,15200.0,448.5400085449219,450.010009765625,437.1000061035156,438.05999755859375,85417300.0,345.19000244140625,347.8699951171875,333.20001220703125,334.1499938964844,75801000.0,75.5999984741211,76.30999755859375,73.375,73.5999984741211,18509200.0,2.8540000915527344,2.9539999961853027,2.8459999561309814,2.9170000553131104,0.0,100.3499984741211,100.63999938964844,99.81999969482422,100.58000183105469,0.0,20.239999771118164,23.280000686645508,19.809999465942383,22.68000030517578,0.0
2022-04-22,37.95000076293945,37.95000076293945,36.84000015258789,36.84000015258789,5300.0,436.9100036621094,438.0799865722656,425.44000244140625,426.0400085449219,132471800.0,334.30999755859375,335.55999755859375,324.9599914550781,325.3999938964844,82562100.0,73.5199966430664,73.94999694824219,71.44000244140625,71.54000091552734,22094800.0,2.934000015258789,2.937999963760376,2.864000082015991,2.9059998989105225,0.0,100.62000274658203,101.33000183105469,100.47000122070312,101.22000122070312,0.0,22.709999084472656,28.270000457763672,22.6200008392334,28.209999084472656,0.0
2022-04-25,36.93000030517578,37.209999084472656,36.45199966430664,37.209999084472656,6000.0,423.6700134277344,428.69000244140625,418.8399963378906,428.510009765625,119647700.0,323.7300109863281,329.8999938964844,322.42999267578125,329.5799865722656,101755900.0,71.2249984741211,72.66500091552734,70.77999877929688,72.61499786376953,28707600.0,2.8369998931884766,2.8429999351501465,2.759999990463257,2.8259999752044678,0.0,101.12000274658203,101.86000061035156,101.04000091552734,101.75,0.0,30.040000915527344,31.600000381469727,26.799999237060547,27.020000457763672,0.0
2022-04-26,37.150001525878906,37.150001525878906,35.90999984741211,36.439998626708984,6200.0,425.8299865722656,426.0400085449219,416.07000732421875,416.1000061035156,103996300.0,327.4700012207031,327.6600036621094,316.8599853515625,317.1400146484375,105819600.0,71.95500183105469,72.06500244140625,69.875,69.91000366210938,25953200.0,2.760999917984009,2.7820000648498535,2.7239999771118164,2.7720000743865967,0.0,101.7300033569336,102.36000061035156,101.51000213623047,102.30000305175781,0.0,27.3799991607666,33.810001373291016,27.059999465942383,33.52000045776367,0.0
2022-04-27,35.79999923706055,36.5,35.79999923706055,35.95000076293945,20800.0,417.239990234375,422.9200134277344,415.010009765625,417.2699890136719,122030000.0,317.239990234375,322.8800048828125,315.0,316.760009765625,111204200.0,70.69000244140625,72.30999755859375,70.53500366210938,70.94499969482422,40048600.0,2.753000020980835,2.819999933242798,2.7300000190734863,2.818000078201294,0.0,102.27999877929688,103.27999877929688,102.22000122070312,102.94999694824219,0.0,31.110000610351562,32.77000045776367,29.81999969482422,31.600000381469727,0.0
2022-04-28,36.52000045776367,37.0,35.93000030517578,36.867000579833984,3500.0,422.2900085449219,429.6400146484375,417.6000061035156,427.80999755859375,105449100.0,321.8500061035156,329.8900146484375,317.5199890136719,328.010009765625,99450000.0,72.05999755859375,74.20500183105469,71.67500305175781,73.78500366210938,27762400.0,2.867000102996826,2.888000011444092,2.8359999656677246,2.86299991607666,0.0,103.04000091552734,103.93000030517578,102.9800033569336,103.62000274658203,0.0,29.90999984741211,32.0,28.0,29.989999771118164,0.0
2022-04-29,36.36000061035156,36.38999938964844,35.49100112915039,35.49100112915039,3900.0,423.5899963378906,425.8699951171875,411.2099914550781,412.0,145491100.0,323.70001220703125,327.2300109863281,312.6000061035156,313.25,91977900.0,72.9800033569336,73.83000183105469,70.57499694824219,70.70999908447266,29589800.0,2.8540000915527344,2.934000015258789,2.8540000915527344,2.88700008392334,0.0,103.66999816894531,103.66999816894531,102.81999969482422,102.95999908447266,0.0,28.969999313354492,34.34000015258789,28.540000915527344,33.400001525878906,0.0
2022-05-02,35.650001525878906,35.900001525878906,35.2400016784668,35.8129997253418,3300.0,412.07000732421875,415.9200134277344,405.0199890136719,414.4800109863281,158312500.0,312.8299865722656,318.7200012207031,309.6499938964844,318.4800109863281,115511800.0,70.62999725341797,71.87999725341797,69.83000183105469,71.78500366210938,37004400.0,2.921999931335449,3.002000093460083,2.9070000648498535,2.996000051498413,0.0,103.20999908447266,103.75,103.11000061035156,103.73999786376953,0.0,33.349998474121094,36.63999938964844,31.739999771118164,32.34000015258789,0.0
2022-05-03,35.66999816894531,36.06999969482422,35.66999816894531,35.90399932861328,2800.0,415.010009765625,418.92999267578125,413.3599853515625,416.3800048828125,100028200.0,318.5,321.1700134277344,315.9800109863281,318.82000732421875,78185500.0,71.7750015258789,72.3499984741211,71.24500274658203,71.91000366210938,27469800.0,2.9579999446868896,2.9690001010894775,2.9130001068115234,2.9600000381469727,0.0,103.5999984741211,103.66999816894531,103.02999877929688,103.47000122070312,0.0,31.760000228881836,32.81999969482422,29.059999465942383,29.25,0.0
2022-05-04,35.900001525878906,36.94900131225586,35.45000076293945,36.94900131225586,5400.0,417.0799865722656,429.6600036621094,413.7099914550781,429.05999755859375,144247900.0,319.30999755859375,330.2900085449219,313.8900146484375,329.6000061035156,116083400.0,72.19000244140625,74.56999969482422,70.99500274658203,74.43499755859375,28650400.0,2.9619998931884766,3.010999917984009,2.9110000133514404,2.9170000553131104,0.0,103.45999908447266,103.62000274658203,102.45999908447266,102.58999633789062,0.0,29.1200008392334,29.420000076293945,24.940000534057617,25.420000076293945,0.0
2022-05-05,36.790000915527344,36.790000915527344,35.08000183105469,35.470001220703125,8800.0,424.54998779296875,425.0,409.44000244140625,413.80999755859375,172929100.0,325.1700134277344,325.25,309.6199951171875,313.0,154607400.0,73.33999633789062,73.43000030517578,70.01000213623047,70.8550033569336,36442200.0,2.934999942779541,3.1080000400543213,2.927000045776367,3.065999984741211,0.0,102.68000030517578,103.94000244140625,102.3499984741211,103.75,0.0,25.969999313354492,33.20000076293945,25.780000686645508,31.200000762939453,0.0
2022-05-06,35.08000183105469,35.1879997253418,34.66999816894531,34.98899841308594,8000.0,411.1000061035156,414.79998779296875,405.7300109863281,411.3399963378906,151770800.0,310.95001220703125,315.0899963378906,305.1099853515625,309.25,139572800.0,70.20999908447266,71.41000366210938,69.2300033569336,70.28500366210938,34862200.0,3.0789999961853027,3.13100004196167,3.0429999828338623,3.122999906539917,0.0,103.55999755859375,104.05999755859375,103.19000244140625,103.66000366210938,0.0,32.22999954223633,35.34000015258789,29.829999923706055,30.190000534057617,0.0
2022-05-09,34.29999923706055,34.29999923706055,33.5,33.619998931884766,18800.0,405.1000061035156,406.4100036621094,396.5,398.1700134277344,155586100.0,303.4800109863281,309.3500061035156,295.7200012207031,297.1499938964844,113387300.0,69.01499938964844,69.45999908447266,67.25499725341797,67.56500244140625,41124600.0,3.1630001068115234,3.1670000553131104,3.069000005722046,3.0789999961853027,0.0,103.66000366210938,104.19000244140625,103.38999938964844,103.6500015258789,0.0,31.899999618530273,35.47999954223633,31.899999618530273,34.75,0.0
2022-05-10,34.04999923706055,34.470001220703125,33.27000045776367,33.70000076293945,8200.0,404.489990234375,406.0799865722656,394.82000732421875,399.0899963378906,132497200.0,304.510009765625,305.760009765625,296.57000732421875,300.760009765625,124124600.0,69.17500305175781,69.56500244140625,67.57499694824219,68.59500122070312,36370400.0,2.990999937057495,3.005000114440918,2.941999912261963,2.993000030517578,0.0,103.7300033569336,103.9800033569336,103.5,103.91999816894531,0.0,33.65999984741211,34.84000015258789,32.2400016784668,32.9900016784668,0.0
2022-05-11,33.650001525878906,34.04999923706055,33.0369987487793,33.0369987487793,4600.0,398.07000732421875,404.0400085449219,391.9599914550781,392.75,142361000.0,298.44000244140625,304.0899963378906,290.95001220703125,291.8399963378906,140326100.0,67.9749984741211,69.26499938964844,66.2249984741211,66.43000030517578,34781800.0,2.9539999961853027,3.0759999752044678,2.9070000648498535,2.9210000038146973,0.0,103.9000015258789,104.11000061035156,103.37000274658203,103.8499984741211,0.0,32.869998931884766,34.38999938964844,30.690000534057617,32.560001373291016,0.0
2022-05-12,32.97999954223633,33.349998474121094,32.54899978637695,33.119998931884766,10800.0,389.3699951171875,395.79998779296875,385.1499938964844,392.3399963378906,125090800.0,287.45001220703125,295.75,284.94000244140625,291.1499938964844,120910900.0,65.44499969482422,66.69999694824219,64.21499633789062,65.74500274658203,36506600.0,2.8410000801086426,2.880000114440918,2.816999912261963,2.816999912261963,0.0,104.01000213623047,104.93000030517578,103.87999725341797,104.8499984741211,0.0,33.7400016784668,34.7599983215332,31.700000762939453,31.770000457763672,0.0
2022-05-13,33.72999954223633,34.349998474121094,33.68000030517578,34.189998626708984,13700.0,396.7099914550781,403.17999267578125,395.6099853515625,401.7200012207031,104174400.0,295.7200012207031,303.0,294.0799865722656,301.94000244140625,83684900.0,66.63999938964844,68.26499938964844,66.20999908447266,67.93000030517578,24495400.0,2.9110000133514404,2.941999912261963,2.888000011444092,2.934999942779541,0.0,104.7699966430664,105.01000213623047,104.47000122070312,104.55999755859375,0.0,31.09000015258789,31.200000762939453,28.780000686645508,28.8700008392334,0.0
2022-05-16,33.869998931884766,34.060001373291016,33.7239990234375,33.7239990234375,4700.0,399.9800109863281,403.9700012207031,397.6000061035156,400.0899963378906,78622400.0,300.1499938964844,302.260009765625,297.1300048828125,298.44000244140625,59190400.0,67.36499786376953,68.23500061035156,66.75499725341797,67.33000183105469,17423400.0,2.928999900817871,2.933000087738037,2.8529999256134033,2.877000093460083,0.0,104.47000122070312,104.63999938964844,104.13999938964844,104.19000244140625,0.0,30.010000228881836,30.229999542236328,27.360000610351562,27.469999313354492,0.0
2022-05-17,34.560001373291016,34.61000061035156,34.040000915527344,34.599998474121094,16400.0,406.5299987792969,408.57000732421875,402.5799865722656,408.32000732421875,83029700.0,304.45001220703125,306.55999755859375,300.54998779296875,306.1700134277344,62715300.0,68.77999877929688,69.38500213623047,68.0,69.27999877929688,18602200.0,2.9089999198913574,2.9839999675750732,2.9089999198913574,2.9679999351501465,0.0,104.16999816894531,104.2300033569336,103.2300033569336,103.36000061035156,0.0,27.06999969482422,27.170000076293945,25.510000228881836,26.100000381469727,0.0
2022-05-18,34.36000061035156,34.36000061035156,33.13999938964844,33.220001220703125,3500.0,403.5,403.79998779296875,390.54998779296875,391.8599853515625,117674500.0,301.5400085449219,302.25,289.8500061035156,291.1400146484375,79477100.0,68.36499786376953,68.56500244140625,65.86000061035156,66.11000061035156,23670200.0,2.994999885559082,3.0139999389648438,2.878999948501587,2.885999917984009,0.0,103.33999633789062,103.93000030517578,103.19000244140625,103.80999755859375,0.0,26.739999771118164,31.489999771118164,26.209999084472656,30.959999084472656,0.0
2022-05-19,32.790000915527344,33.15700149536133,32.790000915527344,33.15700149536133,2100.0,388.6199951171875,394.1400146484375,387.1099853515625,389.4599914550781,98510700.0,289.2900085449219,294.3900146484375,287.5799865722656,289.5799865722656,79920700.0,65.61499786376953,66.51000213623047,65.07499694824219,65.38500213623047,20874800.0,2.8259999752044678,2.8589999675750732,2.7720000743865967,2.8550000190734863,0.0,103.83000183105469,103.87999725341797,102.66000366210938,102.72000122070312,0.0,31.239999771118164,33.11000061035156,29.059999465942383,29.350000381469727,0.0
2022-05-20,33.36000061035156,33.36000061035156,32.36000061035156,33.111000061035156,2100.0,393.25,397.0299987792969,380.5400085449219,389.6300048828125,131432200.0,293.1300048828125,293.79998779296875,280.2099914550781,288.67999267578125,91764200.0,66.29499816894531,66.4749984741211,63.52000045776367,65.52999877929688,20252600.0,2.8510000705718994,2.8610000610351562,2.7739999294281006,2.7869999408721924,0.0,102.9000015258789,103.26000213623047,102.7699966430664,103.1500015258789,0.0,28.780000686645508,32.90999984741211,28.059999465942383,29.43000030517578,0.0
2022-05-23,33.349998474121094,33.650001525878906,33.11000061035156,33.604000091552734,14600.0,392.8299865722656,397.7300109863281,390.3800048828125,396.9200134277344,76414900.0,289.75,293.8699951171875,287.2900085449219,293.4800109863281,63648400.0,65.73500061035156,67.12000274658203,65.52999877929688,67.03500366210938,17219600.0,2.8320000171661377,2.868000030517578,2.8010001182556152,2.8589999675750732,0.0,103.02999877929688,103.05000305175781,102.04000091552734,102.08000183105469,0.0,28.979999542236328,30.389999389648438,28.290000915527344,28.479999542236328,0.0
2022-05-24,33.45000076293945,33.45000076293945,32.720001220703125,33.06999969482422,7000.0,392.55999755859375,395.1499938964844,386.9599914550781,393.8900146484375,91448800.0,288.1300048828125,288.8599853515625,282.25,287.239990234375,73491100.0,66.0999984741211,66.43499755859375,64.88500213623047,66.04000091552734,17122000.0,2.813999891281128,2.828000068664551,2.7179999351501465,2.759999990463257,0.0,102.11000061035156,102.31999969482422,101.6500015258789,101.86000061035156,0.0,29.43000030517578,31.06999969482422,29.040000915527344,29.450000762939453,0.0
2022-05-25,33.43000030517578,33.57500076293945,33.43000030517578,33.57500076293945,400.0,392.30999755859375,399.45001220703125,391.8900146484375,397.3699951171875,91472900.0,285.7099914550781,293.3900146484375,285.5,291.260009765625,67144500.0,65.6050033569336,67.30500030517578,65.55500030517578,66.80999755859375,13656600.0,2.7360000610351562,2.7699999809265137,2.7079999446868896,2.749000072479248,0.0,101.7699966430664,102.44999694824219,101.7300033569336,102.05999755859375,0.0,29.329999923706055,30.229999542236328,28.15999984741211,28.3700008392334,0.0
2022-05-26,34.2599983215332,34.439998626708984,34.2599983215332,34.391998291015625,1500.0,398.6700134277344,407.0400085449219,398.45001220703125,405.30999755859375,82168300.0,290.44000244140625,300.9200134277344,290.1499938964844,299.3299865722656,59462200.0,66.41999816894531,68.70999908447266,66.27999877929688,68.41500091552734,15556600.0,2.743000030517578,2.7950000762939453,2.7290000915527344,2.75600004196167,0.0,102.0199966430664,102.2699966430664,101.73999786376953,101.83000183105469,0.0,28.420000076293945,28.459999084472656,27.110000610351562,27.5,0.0
2022-05-27,34.900001525878906,35.367000579833984,34.900001525878906,35.367000579833984,3300.0,407.9100036621094,415.3800048828125,407.70001220703125,415.260009765625,84768700.0,302.5400085449219,309.25,302.4200134277344,309.1000061035156,66985600.0,69.18000030517578,70.74500274658203,69.05000305175781,70.7300033569336,16281800.0,2.7239999771118164,2.752000093460083,2.7090001106262207,2.743000030517578,0.0,101.72000122070312,101.94000244140625,101.43000030517578,101.66999816894531,0.0,27.5,27.540000915527344,25.56999969482422,25.719999313354492,0.0
2022-05-31,35.11000061035156,35.63999938964844,34.84000015258789,35.09000015258789,11000.0,413.54998779296875,416.4599914550781,410.0299987792969,412.92999267578125,95937000.0,309.07000732421875,311.3299865722656,304.3299865722656,308.2799987792969,60968300.0,70.45500183105469,70.91500091552734,69.54000091552734,70.2249984741211,19420800.0,2.8299999237060547,2.877000093460083,2.828000068664551,2.8440001010894775,0.0,101.44000244140625,102.16999816894531,101.41000366210938,101.75,0.0,27.469999313354492,28.350000381469727,25.940000534057617,26.190000534057617,0.0
2022-06-01,35.560001373291016,35.560001373291016,34.650001525878906,34.810001373291016,4000.0,415.1700134277344,416.239990234375,406.92999267578125,409.5899963378906,86585800.0,310.4700012207031,312.6499938964844,303.7300109863281,306.0,65341700.0,70.9800033569336,71.45999908447266,69.49500274658203,70.01499938964844,13304800.0,2.871000051498413,2.9519999027252197,2.8329999446868896,2.930999994277954,0.0,101.76000213623047,102.7300033569336,101.73999786376953,102.55000305175781,0.0,26.049999237060547,27.729999542236328,25.3799991607666,25.690000534057617,0.0
2022-06-02,34.65999984741211,35.75,34.65999984741211,35.720001220703125,8400.0,409.4200134277344,417.44000244140625,407.0400085449219,417.3900146484375,79609600.0,304.8500061035156,314.55999755859375,303.3999938964844,314.3800048828125,59291300.0,69.5199966430664,71.71499633789062,69.19499969482422,71.70999908447266,13868400.0,2.9100000858306885,2.941999912261963,2.8889999389648438,2.9130001068115234,0.0,102.55000305175781,102.62000274658203,101.73999786376953,101.7699966430664,0.0,25.729999542236328,26.5,24.329999923706055,24.719999313354492,0.0
2022-06-03,35.189998626708984,35.189998626708984,34.959999084472656,34.959999084472656,12800.0,412.3999938964844,414.0400085449219,409.510009765625,410.5400085449219,71874300.0,309.0299987792969,310.4700012207031,304.9200134277344,306.20001220703125,60914700.0,70.3499984741211,70.83499908447266,69.66999816894531,69.99500274658203,11263800.0,2.9200000762939453,2.9860000610351562,2.9189999103546143,2.9570000171661377,0.0,101.75,102.2300033569336,101.63999938964844,102.13999938964844,0.0,24.90999984741211,25.959999084472656,24.760000228881836,24.790000915527344,0.0
2022-06-06,35.560001373291016,35.560001373291016,35.11899948120117,35.11899948120117,2100.0,414.7799987792969,416.6099853515625,410.54998779296875,411.7900085449219,57508900.0,310.75,312.3500061035156,305.6199951171875,307.2200012207031,51785000.0,70.875,71.31500244140625,69.65499877929688,70.0,12589600.0,2.9700000286102295,3.0399999618530273,2.9609999656677246,3.0380001068115234,0.0,102.16999816894531,102.47000122070312,101.8499984741211,102.44000244140625,0.0,25.3700008392334,25.809999465942383,24.81999969482422,25.06999969482422,0.0
2022-06-07,35.0,35.45899963378906,35.0,35.45899963378906,800.0,408.1000061035156,416.2200012207031,407.6099853515625,415.739990234375,59272400.0,303.80999755859375,310.6700134277344,302.69000244140625,309.8699951171875,44900300.0,69.25499725341797,70.97000122070312,69.11499786376953,70.83499908447266,11016600.0,3.0290000438690186,3.0290000438690186,2.9570000171661377,2.9719998836517334,0.0,102.48999786376953,102.83999633789062,102.26000213623047,102.31999969482422,0.0,25.540000915527344,26.239999771118164,23.8799991607666,24.020000457763672,0.0
2022-06-08,35.650001525878906,35.650001525878906,35.047000885009766,35.047000885009766,6100.0,413.92999267578125,415.82000732421875,410.3800048828125,411.2200012207031,64350000.0,309.04998779296875,311.7200012207031,306.7699890136719,307.6400146484375,38342100.0,70.625,70.96499633789062,69.83999633789062,70.03500366210938,8814200.0,3.009000062942505,3.0399999618530273,2.98799991607666,3.0290000438690186,0.0,102.38999938964844,102.77999877929688,102.2699966430664,102.54000091552734,0.0,24.3700008392334,24.780000686645508,23.739999771118164,23.959999084472656,0.0
2022-06-09,35.0,35.04899978637695,34.27399826049805,34.27399826049805,2600.0,409.3399963378906,411.739990234375,401.44000244140625,401.44000244140625,86289800.0,305.9100036621094,309.04998779296875,299.2300109863281,299.3999938964844,55900500.0,69.5250015258789,70.20500183105469,68.1500015258789,68.16500091552734,9765200.0,3.052999973297119,3.072999954223633,3.0199999809265137,3.0439999103546143,0.0,102.55999755859375,103.37000274658203,102.1500015258789,103.22000122070312,0.0,24.290000915527344,26.239999771118164,23.81999969482422,26.09000015258789,0.0
2022-06-10,34.0,34.0,33.11000061035156,33.189998626708984,19100.0,394.8800048828125,395.7799987792969,389.75,389.79998779296875,132893900.0,293.6499938964844,294.8699951171875,288.3800048828125,288.8399963378906,85963500.0,66.98999786376953,67.19999694824219,65.5250015258789,65.54499816894531,20886400.0,3.0399999618530273,3.177999973297119,2.99399995803833,3.1559998989105225,0.0,103.33999633789062,104.2300033569336,103.05000305175781,104.1500015258789,0.0,26.260000228881836,29.6299991607666,26.049999237060547,27.75,0.0
2022-06-13,32.04999923706055,32.402000427246094,31.649999618530273,31.674999237060547,23200.0,379.8500061035156,381.80999755859375,373.29998779296875,375.0,170004900.0,279.75,282.3399963378906,274.5299987792969,275.4100036621094,94442000.0,63.47999954223633,64.08499908447266,62.40999984741211,62.63999938964844,36332600.0,3.2820000648498535,3.365999937057495,3.246000051498413,3.365999937057495,0.0,104.20999908447266,105.29000091552734,104.20999908447266,105.08000183105469,0.0,31.3700008392334,35.04999923706055,31.290000915527344,34.02000045776367,0.0
2022-06-14,31.709999084472656,31.959999084472656,31.6200008392334,31.660999298095703,5200.0,376.8500061035156,377.94000244140625,370.5899963378906,373.8699951171875,104011800.0,277.6600036621094,278.6600036621094,273.3399963378906,275.9100036621094,64697500.0,63.11000061035156,63.45500183105469,62.45000076293945,63.03499984741211,18250400.0,3.3489999771118164,3.4830000400543213,3.302999973297119,3.4830000400543213,0.0,105.19000244140625,105.6500015258789,104.62000274658203,105.5199966430664,0.0,33.0099983215332,34.0,32.060001373291016,32.689998626708984,0.0
2022-06-15,32.069000244140625,32.560001373291016,32.029998779296875,32.263999938964844,7900.0,377.3599853515625,383.8999938964844,372.1199951171875,379.20001220703125,125666800.0,279.4200134277344,286.8299865722656,276.6099853515625,282.79998779296875,86051400.0,63.81999969482422,65.31500244140625,62.95500183105469,64.36499786376953,25069600.0,3.382999897003174,3.447999954223633,3.3540000915527344,3.3949999809265137,0.0,105.3499984741211,105.79000091552734,104.66000366210938,105.16000366210938,0.0,32.38999938964844,32.77000045776367,27.760000228881836,29.6200008392334,0.0
2022-06-16,31.940000534057617,31.940000534057617,30.860000610351562,30.889999389648438,11500.0,370.510009765625,370.94000244140625,364.0799865722656,366.6499938964844,134473300.0,275.5899963378906,276.05999755859375,269.2799987792969,271.3900146484375,81910300.0,62.72999954223633,62.78499984741211,61.23500061035156,61.744998931884766,32690800.0,3.438999891281128,3.450000047683716,3.306999921798706,3.306999921798706,0.0,104.9000015258789,105.48999786376953,103.41999816894531,103.62999725341797,0.0,30.350000381469727,34.81999969482422,30.350000381469727,32.95000076293945,0.0
2022-06-17,30.84000015258789,31.299999237060547,30.84000015258789,31.259000778198242,3000.0,365.510009765625,369.3800048828125,362.1700134277344,365.8599853515625,111113900.0,272.17999267578125,277.19000244140625,270.510009765625,274.69000244140625,82703400.0,61.73500061035156,62.900001525878906,61.29999923706055,62.310001373291016,27684200.0,3.2119998931884766,3.312999963760376,3.197000026702881,3.239000082015991,0.0,103.87999725341797,105.08999633789062,103.83000183105469,104.69999694824219,0.0,32.84000015258789,33.310001373291016,30.469999313354492,31.1299991607666,0.0
2022-06-21,31.84000015258789,32.150001525878906,31.84000015258789,32.04100036621094,8300.0,371.8900146484375,376.5299987792969,371.80999755859375,375.07000732421875,76811900.0,278.75,283.45001220703125,278.6400146484375,281.0799865722656,51633700.0,63.05500030517578,64.18000030517578,63.05500030517578,63.72999954223633,17245000.0,3.2829999923706055,3.316999912261963,3.257999897003174,3.306999921798706,0.0,104.44000244140625,104.54000091552734,103.94000244140625,104.44000244140625,0.0,30.6299991607666,30.649999618530273,29.329999923706055,30.190000534057617,0.0
2022-06-22,32.125,32.125,32.125,32.125,500.0,370.6199951171875,378.7200012207031,370.17999267578125,374.3900146484375,90059400.0,278.5199890136719,285.17999267578125,277.9100036621094,280.6700134277344,67472900.0,63.03499984741211,64.33999633789062,62.86000061035156,63.459999084472656,15163400.0,3.2009999752044678,3.2049999237060547,3.125999927520752,3.1559998989105225,0.0,104.43000030517578,104.94999694824219,103.86000061035156,104.19999694824219,0.0,31.450000762939453,31.56999969482422,28.780000686645508,28.950000762939453,0.0
2022-06-23,32.150001525878906,32.387001037597656,32.099998474121094,32.367000579833984,10200.0,376.6400146484375,378.8299865722656,372.8900146484375,378.05999755859375,79292100.0,283.2099914550781,285.7200012207031,280.30999755859375,284.8500061035156,57457800.0,64.00499725341797,64.53500366210938,63.41999816894531,64.41000366210938,16042200.0,3.117000102996826,3.124000072479248,3.005000114440918,3.068000078201294,0.0,104.20999908447266,104.7699966430664,104.05999755859375,104.43000030517578,0.0,29.290000915527344,29.770000457763672,28.739999771118164,29.049999237060547,0.0
2022-06-24,32.90999984741211,33.45899963378906,32.81999969482422,33.45899963378906,12100.0,381.3999938964844,390.0899963378906,381.3699951171875,390.0799865722656,98050300.0,287.739990234375,295.0400085449219,287.5,294.6099853515625,58422300.0,65.1500015258789,66.73999786376953,65.1500015258789,66.7249984741211,25492200.0,3.117000102996826,3.1410000324249268,3.056999921798706,3.125,0.0,104.37999725341797,104.51000213623047,103.94999694824219,104.19000244140625,0.0,29.06999969482422,29.719999313354492,26.829999923706055,27.229999542236328,0.0
2022-06-27,33.45000076293945,33.481998443603516,33.22999954223633,33.31999969482422,3000.0,391.04998779296875,391.3599853515625,387.44000244140625,388.5899963378906,66009600.0,296.0,296.5799865722656,291.2900085449219,292.45001220703125,54151500.0,66.94000244140625,67.13999938964844,65.9749984741211,66.2750015258789,13917200.0,3.183000087738037,3.2190001010894775,3.1530001163482666,3.194000005722046,0.0,104.12000274658203,104.20999908447266,103.66999816894531,103.94000244140625,0.0,28.299999237060547,28.65999984741211,26.93000030517578,26.950000762939453,0.0
2022-06-28,33.69499969482422,33.69499969482422,32.529998779296875,32.529998779296875,2000.0,390.2300109863281,393.1600036621094,380.5299987792969,380.6499938964844,86548900.0,293.0,295.6499938964844,283.3500061035156,283.5400085449219,61609800.0,66.33499908447266,66.99500274658203,64.26000213623047,64.29000091552734,15260800.0,3.240000009536743,3.253000020980835,3.184999942779541,3.2060000896453857,0.0,103.97000122070312,104.61000061035156,103.7699966430664,104.51000213623047,0.0,26.899999618530273,28.68000030517578,26.469999313354492,28.360000610351562,0.0
2022-06-29,32.5,32.5,32.16899871826172,32.380001068115234,1900.0,381.2300109863281,382.2699890136719,378.4200134277344,380.3399963378906,65676000.0,283.3999938964844,285.3399963378906,280.8399963378906,283.79998779296875,57302700.0,64.20999908447266,64.80500030517578,63.689998626708984,64.41999816894531,13607200.0,3.1489999294281006,3.187000036239624,3.0929999351501465,3.0929999351501465,0.0,104.45999908447266,105.1500015258789,104.36000061035156,105.11000061035156,0.0,28.799999237060547,29.360000610351562,27.850000381469727,28.15999984741211,0.0
2022-06-30,31.790000915527344,32.43000030517578,31.6299991607666,32.01599884033203,24200.0,376.239990234375,380.6600036621094,372.55999755859375,377.25,112508300.0,280.75,283.94000244140625,275.7799987792969,280.2799987792969,79313600.0,63.564998626708984,64.36000061035156,62.55500030517578,63.560001373291016,15720400.0,3.0350000858306885,3.0409998893737793,2.9719998836517334,2.9719998836517334,0.0,105.05999755859375,105.54000091552734,104.6500015258789,104.69000244140625,0.0,29.420000076293945,30.219999313354492,28.280000686645508,28.709999084472656,0.0
2022-07-01,32.12799835205078,32.22999954223633,31.790000915527344,32.22999954223633,11800.0,376.55999755859375,381.70001220703125,373.79998779296875,381.239990234375,74839700.0,278.95001220703125,282.5299987792969,277.0299987792969,282.1300048828125,56675100.0,63.15999984741211,63.8650016784668,62.6150016784668,63.70500183105469,13930600.0,2.931999921798706,2.931999921798706,2.7909998893737793,2.8889999389648438,0.0,104.77999877929688,105.63999938964844,104.73999786376953,105.13999938964844,0.0,29.530000686645508,29.59000015258789,26.690000534057617,26.700000762939453,0.0
2022-07-05,31.700000762939453,32.5099983215332,31.700000762939453,32.5099983215332,1500.0,375.8800048828125,381.9800109863281,372.8999938964844,381.9599914550781,81438000.0,278.30999755859375,287.0799865722656,276.75,286.9599914550781,61829300.0,62.84000015258789,64.5199966430664,62.47999954223633,64.50499725341797,14341000.0,2.871000051498413,2.871000051498413,2.7799999713897705,2.809000015258789,0.0,105.13999938964844,106.79000091552734,105.05000305175781,106.5,0.0,27.3700008392334,29.81999969482422,27.299999237060547,27.540000915527344,0.0
2022-07-06,32.84000015258789,32.84000015258789,32.369998931884766,32.630001068115234,2500.0,382.1099853515625,385.8699951171875,379.6000061035156,383.25,70426200.0,287.3500061035156,290.95001220703125,285.5899963378906,288.79998779296875,63194700.0,64.6449966430664,65.58000183105469,64.32499694824219,65.05999755859375,16167000.0,2.7839999198913574,2.9240000247955322,2.746000051498413,2.9130001068115234,0.0,106.48999786376953,107.26000213623047,106.36000061035156,107.0999984741211,0.0,27.84000015258789,28.06999969482422,26.43000030517578,26.729999542236328,0.0
2022-07-07,33.0,33.2400016784668,33.0,33.2400016784668,2800.0,385.1199951171875,389.8299865722656,383.2699890136719,388.989990234375,64525900.0,289.6300048828125,295.70001220703125,289.6300048828125,294.9800109863281,56620100.0,65.34500122070312,66.55500030517578,65.34500122070312,66.40499877929688,13082200.0,2.937000036239624,3.0169999599456787,2.927999973297119,3.007999897003174,0.0,107.06999969482422,107.23999786376953,106.70999908447266,107.12999725341797,0.0,26.729999542236328,26.790000915527344,25.65999984741211,26.079999923706055,0.0
2022-07-08,33.20000076293945,33.439998626708984,33.1150016784668,33.2599983215332,5200.0,387.2699890136719,390.6400146484375,385.6600036621094,388.6700134277344,72397800.0,292.0799865722656,296.75,291.1199951171875,295.3500061035156,59895500.0,65.69499969482422,66.6500015258789,65.48999786376953,66.43499755859375,12627000.0,2.9839999675750732,3.1010000705718994,2.9760000705718994,3.1010000705718994,0.0,107.04000091552734,107.79000091552734,106.80999755859375,107.01000213623047,0.0,26.40999984741211,26.610000610351562,24.43000030517578,24.639999389648438,0.0
2022-07-11,33.34000015258789,33.34000015258789,32.75,32.75,3100.0,385.8500061035156,386.8699951171875,383.5,384.2300109863281,58366900.0,292.8800048828125,293.1099853515625,288.1400146484375,289.0400085449219,55273900.0,65.8550033569336,66.13999938964844,65.06999969482422,65.5199966430664,11416600.0,3.0490000247955322,3.0490000247955322,2.9690001010894775,2.990999937057495,0.0,106.91999816894531,108.2699966430664,106.91999816894531,108.0199966430664,0.0,26.420000076293945,26.739999771118164,25.790000915527344,26.170000076293945,0.0
2022-07-12,32.650001525878906,32.724998474121094,32.43000030517578,32.441001892089844,1900.0,383.6499938964844,386.1600036621094,378.989990234375,380.8299865722656,62219200.0,290.32000732421875,292.2799987792969,284.6099853515625,286.239990234375,55797100.0,65.76000213623047,66.12999725341797,64.24500274658203,64.625,16553400.0,2.9230000972747803,2.9709999561309814,2.8989999294281006,2.9579999446868896,0.0,108.18000030517578,108.55999755859375,107.83999633789062,108.06999969482422,0.0,27.139999389648438,27.75,25.81999969482422,27.290000915527344,0.0
2022-07-13,31.947999954223633,32.439998626708984,31.947999954223633,32.34199905395508,20500.0,375.1000061035156,381.9200134277344,374.6600036621094,378.8299865722656,84224600.0,280.6000061035156,288.04998779296875,280.0199890136719,285.6499938964844,73939400.0,63.40999984741211,64.87000274658203,63.130001068115234,64.45500183105469,15162600.0,2.9560000896453857,3.071000099182129,2.9000000953674316,2.9040000438690186,0.0,108.19000244140625,108.58000183105469,107.4800033569336,107.95999908447266,0.0,27.350000381469727,29.059999465942383,26.229999542236328,26.81999969482422,0.0
2022-07-14,31.75,32.18000030517578,31.75,32.150001525878906,13200.0,373.6099853515625,379.04998779296875,371.0400085449219,377.9100036621094,89704800.0,282.989990234375,287.55999755859375,279.79998779296875,286.6700134277344,63741800.0,63.939998626708984,65.2750015258789,63.1150016784668,65.04499816894531,13728800.0,2.943000078201294,3.0280001163482666,2.943000078201294,2.9600000381469727,0.0,108.19999694824219,109.29000091552734,108.19999694824219,108.54000091552734,0.0,27.469999313354492,28.450000762939453,26.200000762939453,26.399999618530273,0.0
2022-07-15,33.650001525878906,33.650001525878906,32.79999923706055,32.86600112915039,800.0,382.54998779296875,385.25,380.5400085449219,385.1300048828125,79060400.0,289.7300109863281,291.9800109863281,288.0799865722656,291.8699951171875,63818100.0,65.66999816894531,66.22000122070312,65.3949966430664,66.19000244140625,13529200.0,2.937000036239624,2.9709999561309814,2.9010000228881836,2.930000066757202,0.0,108.66999816894531,108.70999908447266,107.91000366210938,108.05999755859375,0.0,26.719999313354492,26.719999313354492,24.1299991607666,24.229999542236328,0.0
2022-07-18,34.869998931884766,34.869998931884766,32.59000015258789,32.67499923706055,6600.0,388.3800048828125,389.0899963378906,380.6600036621094,381.95001220703125,63203600.0,294.7200012207031,296.1600036621094,288.20001220703125,289.3999938964844,59519600.0,66.83999633789062,67.08000183105469,65.30000305175781,65.55000305175781,9897600.0,2.9600000381469727,3.0190000534057617,2.9560000896453857,2.9600000381469727,0.0,107.9800033569336,108.04000091552734,106.88999938964844,107.37000274658203,0.0,24.829999923706055,25.90999984741211,24.3799991607666,25.299999237060547,0.0
2022-07-19,32.81999969482422,33.71699905395508,32.81999969482422,33.71699905395508,2100.0,386.0799865722656,392.8699951171875,385.3900146484375,392.2699890136719,78506000.0,293.1099853515625,298.6000061035156,291.4700012207031,298.29998779296875,55172600.0,66.27999877929688,67.62000274658203,65.87999725341797,67.55000305175781,12330600.0,2.9860000610351562,3.0380001068115234,2.9709999561309814,3.0190000534057617,0.0,107.48999786376953,107.62999725341797,106.4000015258789,106.68000030517578,0.0,25.1200008392334,25.40999984741211,24.229999542236328,24.5,0.0
2022-07-20,33.81999969482422,34.08000183105469,33.70000076293945,33.999000549316406,13500.0,392.4700012207031,396.260009765625,391.0299987792969,394.7699890136719,71843800.0,298.7300109863281,304.239990234375,297.92999267578125,303.0299987792969,67769400.0,67.55999755859375,68.88999938964844,67.37999725341797,68.6050033569336,12537200.0,2.9730000495910645,3.0420000553131104,2.943000078201294,3.0360000133514404,0.0,106.66999816894531,107.26000213623047,106.38999938964844,107.08000183105469,0.0,24.229999542236328,24.729999542236328,23.399999618530273,23.8799991607666,0.0
2022-07-21,33.88999938964844,34.41299819946289,33.88999938964844,34.41299819946289,1400.0,394.1600036621094,398.8399963378906,391.6300048828125,398.7900085449219,64903900.0,303.5,307.44000244140625,300.7799987792969,307.3800048828125,55049400.0,68.69000244140625,69.58499908447266,67.9749984741211,69.56999969482422,12957600.0,3.0769999027252197,3.0810000896453857,2.9100000858306885,2.9100000858306885,0.0,107.08999633789062,107.31999969482422,106.41999816894531,106.91000366210938,0.0,24.06999969482422,24.670000076293945,22.920000076293945,23.110000610351562,0.0
2022-07-22,34.63999938964844,34.63999938964844,33.900001525878906,33.95800018310547,2900.0,398.9200134277344,400.17999267578125,392.75,395.0899963378906,72197300.0,306.42999267578125,308.54998779296875,300.1199951171875,301.989990234375,57127700.0,69.54000091552734,69.82499694824219,68.21499633789062,68.61000061035156,10583600.0,2.809000015258789,2.822999954223633,2.7320001125335693,2.7829999923706055,0.0,106.58999633789062,107.36000061035156,106.11000061035156,106.7300033569336,0.0,23.299999237060547,23.809999465942383,22.40999984741211,23.030000686645508,0.0
2022-07-25,34.040000915527344,34.040000915527344,33.784000396728516,33.90999984741211,1500.0,395.75,396.4700012207031,393.2099914550781,395.57000732421875,53631500.0,302.0199890136719,302.5,298.2200012207031,300.2699890136719,40582400.0,68.58000183105469,68.65499877929688,67.66000366210938,68.17500305175781,13951200.0,2.813999891281128,2.8450000286102295,2.8010001182556152,2.819999933242798,0.0,106.55000305175781,106.87999725341797,106.19000244140625,106.4800033569336,0.0,24.329999923706055,24.56999969482422,23.190000534057617,23.360000610351562,0.0
2022-07-26,33.9900016784668,33.9900016784668,33.459999084472656,33.459999084472656,900.0,393.8399963378906,394.05999755859375,389.95001220703125,390.8900146484375,52946400.0,298.5299987792969,298.7900085449219,293.5400085449219,294.3699951171875,50074100.0,68.12000274658203,68.13999938964844,66.81999969482422,67.06999969482422,10167800.0,2.7360000610351562,2.7960000038146973,2.7070000171661377,2.7869999408721924,0.0,106.44999694824219,107.27999877929688,106.19999694824219,107.19000244140625,0.0,23.950000762939453,25.309999465942383,23.81999969482422,24.690000534057617,0.0
2022-07-27,33.599998474121094,34.4370002746582,33.599998474121094,34.4370002746582,1500.0,394.3599853515625,402.8800048828125,394.04998779296875,401.0400085449219,82342100.0,299.0400085449219,308.5400085449219,298.4599914550781,306.80999755859375,69304400.0,68.17500305175781,70.31999969482422,68.07499694824219,69.95500183105469,17076200.0,2.7829999923706055,2.802999973297119,2.7230000495910645,2.7339999675750732,0.0,107.12999725341797,107.43000030517578,106.26000213623047,106.44999694824219,0.0,24.270000457763672,24.40999984741211,23.020000457763672,23.239999771118164,0.0
2022-07-28,35.0,35.0,34.16999816894531,34.86199951171875,17400.0,401.8900146484375,406.79998779296875,398.1499938964844,406.07000732421875,73966600.0,306.5899963378906,310.3999938964844,302.75,309.80999755859375,55139900.0,70.03500366210938,71.18000030517578,69.41000366210938,71.0199966430664,12408000.0,2.7690000534057617,2.7899999618530273,2.6489999294281006,2.680999994277954,0.0,106.37000274658203,106.9800033569336,106.05999755859375,106.3499984741211,0.0,23.329999923706055,23.540000915527344,22.219999313354492,22.329999923706055,0.0
2022-07-29,35.02000045776367,35.52000045776367,34.869998931884766,35.52000045776367,8300.0,407.5799865722656,413.0299987792969,406.7699890136719,411.989990234375,87003700.0,311.3900146484375,316.3900146484375,309.92999267578125,315.4599914550781,57501000.0,71.23999786376953,72.33499908447266,70.94000244140625,72.11000061035156,10177400.0,2.7070000171661377,2.7279999256134033,2.618000030517578,2.6419999599456787,0.0,106.20999908447266,106.66000366210938,105.54000091552734,105.9000015258789,0.0,22.1299991607666,22.15999984741211,21.209999084472656,21.329999923706055,0.0
2022-08-01,35.2400016784668,35.2599983215332,34.970001220703125,35.20500183105469,3400.0,409.1499938964844,413.4100036621094,408.3999938964844,410.7699890136719,69997500.0,313.6499938964844,318.80999755859375,312.5299987792969,315.2699890136719,46358800.0,71.45999908447266,72.67500305175781,71.28500366210938,71.95500183105469,12515800.0,2.6579999923706055,2.696000099182129,2.5840001106262207,2.6059999465942383,0.0,105.83000183105469,106.02999877929688,105.23999786376953,105.44999694824219,0.0,22.40999984741211,23.270000457763672,22.260000228881836,22.84000015258789,0.0
2022-08-02,35.20000076293945,35.20000076293945,34.88999938964844,35.11000061035156,2200.0,409.1199951171875,413.0,406.82000732421875,408.05999755859375,63435400.0,312.9200134277344,318.54998779296875,311.8399963378906,314.3299865722656,48676500.0,71.33499908447266,72.2699966430664,70.83000183105469,71.44499969482422,15921800.0,2.556999921798706,2.753999948501587,2.5250000953674316,2.740999937057495,0.0,105.36000061035156,106.33999633789062,105.05000305175781,106.23999786376953,0.0,24.079999923706055,24.68000030517578,22.670000076293945,23.93000030517578,0.0
2022-08-03,35.279998779296875,35.79999923706055,35.279998779296875,35.72999954223633,1700.0,410.29998779296875,415.67999267578125,410.0,414.45001220703125,67820600.0,316.04998779296875,323.7300109863281,315.989990234375,322.8900146484375,53735700.0,71.79499816894531,73.55000305175781,71.77999877929688,73.34500122070312,14243200.0,2.7829999923706055,2.8489999771118164,2.746000051498413,2.747999906539917,0.0,106.43000030517578,106.81999969482422,105.97000122070312,106.51000213623047,0.0,23.860000610351562,23.920000076293945,21.68000030517578,21.950000762939453,0.0
2022-08-04,35.849998474121094,35.88100051879883,35.709999084472656,35.88100051879883,3100.0,414.3699951171875,415.0899963378906,412.44000244140625,414.1700134277344,45656600.0,322.9700012207031,324.7200012207031,320.7699890136719,324.3999938964844,38973700.0,73.31999969482422,73.71499633789062,72.8499984741211,73.68000030517578,11679800.0,2.683000087738037,2.7209999561309814,2.6559998989105225,2.6760001182556152,0.0,106.4800033569336,106.51000213623047,105.66999816894531,105.69000244140625,0.0,22.059999465942383,22.65999984741211,21.440000534057617,21.440000534057617,0.0
2022-08-05,35.849998474121094,35.849998474121094,35.599998474121094,35.810001373291016,2600.0,409.6600036621094,414.1499938964844,409.6000061035156,413.4700012207031,56814900.0,319.19000244140625,323.8299865722656,318.3900146484375,321.75,53894000.0,72.5,73.71499633789062,72.44000244140625,73.51000213623047,7921000.0,2.697000026702881,2.86899995803833,2.687999963760376,2.8399999141693115,0.0,105.72000122070312,106.93000030517578,105.69000244140625,106.62000274658203,0.0,21.5,22.579999923706055,20.760000228881836,21.149999618530273,0.0
2022-08-08,36.150001525878906,36.150001525878906,35.68000030517578,35.689998626708984,2100.0,415.25,417.6199951171875,411.8299865722656,412.989990234375,53886100.0,322.69000244140625,326.4700012207031,319.2099914550781,320.7099914550781,43878500.0,73.44499969482422,74.01499938964844,72.48999786376953,72.88500213623047,11102200.0,2.7920000553131104,2.806999921798706,2.760999917984009,2.765000104904175,0.0,106.58000183105469,106.80000305175781,106.08999633789062,106.44000244140625,0.0,21.739999771118164,22.010000228881836,20.829999923706055,21.290000915527344,0.0
2022-08-09,35.70000076293945,35.70000076293945,35.183998107910156,35.26499938964844,2500.0,412.2200012207031,412.75,410.2200012207031,411.3500061035156,44931800.0,318.7699890136719,319.0299987792969,315.4200134277344,317.0799865722656,39764200.0,72.29499816894531,72.44000244140625,71.76499938964844,72.15499877929688,8565600.0,2.812000036239624,2.813999891281128,2.7739999294281006,2.796999931335449,0.0,106.33999633789062,106.41000366210938,105.97000122070312,106.37000274658203,0.0,21.40999984741211,22.229999542236328,21.40999984741211,21.770000457763672,0.0
2022-08-10,36.099998474121094,36.209999084472656,36.09000015258789,36.18000030517578,3700.0,418.7799987792969,420.1400146484375,416.7200012207031,419.989990234375,68665700.0,324.5899963378906,326.2300109863281,322.05999755859375,325.92999267578125,51459600.0,73.87000274658203,74.18499755859375,73.27999877929688,74.125,19273200.0,2.812000036239624,2.818000078201294,2.6740000247955322,2.7860000133514404,0.0,106.33999633789062,106.4000015258789,104.63999938964844,105.19999694824219,0.0,22.280000686645508,22.34000015258789,19.540000915527344,19.739999771118164,0.0
2022-08-11,36.75,36.75,36.040000915527344,36.08000183105469,2400.0,422.989990234375,424.95001220703125,419.2099914550781,419.989990234375,59489700.0,328.30999755859375,330.3599853515625,323.3599853515625,324.0799865722656,45897700.0,74.58999633789062,75.0250015258789,73.69999694824219,73.83499908447266,11025800.0,2.739000082015991,2.9019999504089355,2.7300000190734863,2.888000011444092,0.0,105.20999908447266,105.45999908447266,104.6500015258789,105.08999633789062,0.0,19.84000015258789,20.850000381469727,19.709999084472656,20.200000762939453,0.0
2022-08-12,36.40999984741211,36.79800033569336,36.220001220703125,36.79800033569336,1300.0,422.0299987792969,427.2099914550781,421.0299987792969,427.1000061035156,61694500.0,326.17999267578125,330.5899963378906,325.1000061035156,330.3900146484375,40928400.0,74.31999969482422,75.30999755859375,74.08999633789062,75.30500030517578,8093600.0,2.8480000495910645,2.878999948501587,2.8369998931884766,2.8489999771118164,0.0,105.16000366210938,105.87999725341797,105.08999633789062,105.62999725341797,0.0,20.34000015258789,20.350000381469727,19.1200008392334,19.530000686645508,0.0
2022-08-15,36.540000915527344,37.04399871826172,36.540000915527344,37.04399871826172,2600.0,424.7699890136719,429.4100036621094,424.7099914550781,428.8599853515625,54048300.0,329.4200134277344,333.57000732421875,329.3999938964844,333.05999755859375,38266600.0,75.00499725341797,75.88999938964844,74.91999816894531,75.77999877929688,7162600.0,2.803999900817871,2.803999900817871,2.759000062942505,2.7909998893737793,0.0,105.66999816894531,106.55000305175781,105.55000305175781,106.55000305175781,0.0,20.739999771118164,21.15999984741211,19.809999465942383,19.950000762939453,0.0
2022-08-16,37.0,37.000999450683594,36.810001373291016,37.000999450683594,3200.0,427.7300109863281,431.7300109863281,426.8800048828125,429.70001220703125,59289000.0,332.05999755859375,334.4200134277344,329.1600036621094,332.2799987792969,41186900.0,75.43499755859375,75.93000030517578,74.87000274658203,75.57499694824219,10990600.0,2.805999994277954,2.871000051498413,2.803999900817871,2.8239998817443848,0.0,106.4800033569336,106.94000244140625,106.31999969482422,106.5,0.0,20.229999542236328,20.389999389648438,19.5,19.690000534057617,0.0
2022-08-17,36.86000061035156,36.86000061035156,36.375,36.55099868774414,2300.0,425.9100036621094,429.5,424.5400085449219,426.6499938964844,63563400.0,329.07000732421875,331.42999267578125,326.3599853515625,328.489990234375,47842200.0,74.88500213623047,75.61000061035156,74.49500274658203,75.03500366210938,12632800.0,2.8949999809265137,2.9189999103546143,2.859999895095825,2.8929998874664307,0.0,106.44999694824219,106.88999938964844,106.30999755859375,106.56999969482422,0.0,19.739999771118164,20.6299991607666,19.40999984741211,19.899999618530273,0.0
2022-08-18,36.75,36.75,36.689998626708984,36.689998626708984,1300.0,426.8599853515625,428.6099853515625,425.5,427.8900146484375,49023200.0,328.44000244140625,330.489990234375,326.7900085449219,329.2799987792969,41937200.0,75.11000061035156,75.7249984741211,74.81999969482422,75.42500305175781,9976800.0,2.865999937057495,2.8910000324249268,2.8350000381469727,2.880000114440918,0.0,106.68000030517578,107.55999755859375,106.51000213623047,107.4800033569336,0.0,20.510000228881836,20.610000610351562,19.43000030517578,19.559999465942383,0.0
2022-08-19,36.5,36.5,36.12099838256836,36.12099838256836,3300.0,424.9800109863281,425.260009765625,421.2200012207031,422.1400146484375,68016900.0,326.1700134277344,326.8399963378906,322.0799865722656,322.8599853515625,51770600.0,74.80500030517578,74.8949966430664,73.88999938964844,74.05500030517578,10146200.0,2.9609999656677246,2.997999906539917,2.9519999027252197,2.989000082015991,0.0,107.5,108.22000122070312,107.47000122070312,108.16999816894531,0.0,20.15999984741211,21.270000457763672,20.079999923706055,20.600000381469727,0.0
2022-08-22,35.45000076293945,35.560001373291016,35.25699996948242,35.25699996948242,9000.0,417.04998779296875,417.2300109863281,412.3999938964844,413.3500061035156,77695600.0,318.5,318.739990234375,313.5299987792969,314.3599853515625,51098900.0,73.04499816894531,73.06999969482422,71.80999755859375,71.98999786376953,10744200.0,2.9809999465942383,3.0409998893737793,2.9649999141693115,3.0369999408721924,0.0,108.0999984741211,109.0999984741211,108.08000183105469,109.05000305175781,0.0,22.40999984741211,24.6200008392334,22.389999389648438,23.799999237060547,0.0
2022-08-23,35.16999816894531,35.189998626708984,35.132999420166016,35.132999420166016,1600.0,412.8999938964844,415.4200134277344,411.7699890136719,412.3500061035156,49105200.0,314.1199951171875,317.0,313.3299865722656,314.1000061035156,39497100.0,71.8499984741211,72.55999755859375,71.70500183105469,71.80000305175781,14777200.0,3.0329999923706055,3.078000068664551,2.9830000400543213,3.053999900817871,0.0,109.0,109.2699966430664,108.08000183105469,108.62000274658203,0.0,24.1299991607666,24.209999084472656,23.06999969482422,24.110000610351562,0.0
2022-08-24,35.060001373291016,35.27000045776367,35.060001373291016,35.220001220703125,1600.0,412.1099853515625,415.1099853515625,411.3900146484375,413.6700134277344,49177800.0,313.6099853515625,316.8699951171875,312.989990234375,315.010009765625,38057100.0,71.75,72.1500015258789,71.44999694824219,71.84500122070312,8983200.0,3.0480000972747803,3.125999927520752,3.0480000972747803,3.1059999465942383,0.0,108.5199966430664,109.11000061035156,108.36000061035156,108.68000030517578,0.0,24.3700008392334,24.860000610351562,22.729999542236328,22.81999969482422,0.0
2022-08-25,35.38999938964844,35.76599884033203,35.38999938964844,35.76599884033203,3500.0,415.239990234375,419.55999755859375,414.0899963378906,419.510009765625,50942300.0,316.8299865722656,320.6000061035156,315.760009765625,320.5799865722656,38098300.0,72.02999877929688,73.06500244140625,71.93499755859375,73.05999755859375,7126600.0,3.1080000400543213,3.128000020980835,3.0199999809265137,3.0260000228881836,0.0,108.62999725341797,108.69000244140625,107.98999786376953,108.47000122070312,0.0,22.40999984741211,23.1299991607666,21.770000457763672,21.780000686645508,0.0
2022-08-26,35.599998474121094,35.599998474121094,34.5,34.5,4900.0,419.3900146484375,419.9599914550781,405.25,405.30999755859375,103087000.0,320.2799987792969,321.510009765625,307.3500061035156,307.44000244140625,69047700.0,73.02999877929688,73.20500183105469,69.88999938964844,69.94000244140625,14321800.0,3.071000099182129,3.0869998931884766,3.007999897003174,3.0350000858306885,0.0,108.47000122070312,108.87000274658203,107.58999633789062,108.80000305175781,0.0,22.06999969482422,25.899999618530273,21.670000076293945,25.559999465942383,0.0
2022-08-29,34.349998474121094,34.349998474121094,34.1879997253418,34.1879997253418,900.0,402.20001220703125,405.8399963378906,401.20001220703125,402.6300048828125,65370800.0,304.6199951171875,307.2200012207031,303.2799987792969,304.4100036621094,48321900.0,69.18499755859375,69.69000244140625,68.75,69.01499938964844,13231600.0,3.0989999771118164,3.125,3.0859999656677246,3.109999895095825,0.0,108.83999633789062,109.4800033569336,108.48999786376953,108.83999633789062,0.0,26.860000610351562,27.670000076293945,25.469999313354492,26.209999084472656,0.0
2022-08-30,34.34000015258789,34.34000015258789,33.63999938964844,33.849998474121094,2300.0,403.8500061035156,404.1000061035156,396.0,398.2099914550781,85652400.0,306.1000061035156,306.7300109863281,298.44000244140625,301.0199890136719,51184500.0,69.40499877929688,69.5250015258789,67.67500305175781,68.29499816894531,13268800.0,3.072999954223633,3.1510000228881836,3.066999912261963,3.109999895095825,0.0,108.69999694824219,109.11000061035156,108.29000091552734,108.7699966430664,0.0,25.75,27.690000534057617,25.1299991607666,26.209999084472656,0.0
2022-08-31,33.7400016784668,33.7400016784668,33.56999969482422,33.56999969482422,1800.0,399.92999267578125,401.239990234375,395.0400085449219,395.17999267578125,76029700.0,303.989990234375,304.9100036621094,299.1600036621094,299.2699890136719,50044000.0,68.70500183105469,68.92500305175781,67.59500122070312,67.62999725341797,14171400.0,3.127000093460083,3.1440000534057617,3.1029999256134033,3.132999897003174,0.0,108.75,109.19999694824219,108.37999725341797,108.69999694824219,0.0,25.860000610351562,26.6200008392334,25.309999465942383,25.8700008392334,0.0
2022-09-01,33.2400016784668,33.39099884033203,32.900001525878906,33.39099884033203,8300.0,392.8900146484375,396.7799987792969,390.0400085449219,396.4200134277344,78740100.0,296.7200012207031,299.7799987792969,292.95001220703125,299.3999938964844,57990700.0,66.97000122070312,67.38500213623047,65.88999938964844,67.30000305175781,15988600.0,3.2170000076293945,3.2950000762939453,3.2170000076293945,3.265000104904175,0.0,108.83999633789062,109.9800033569336,108.7699966430664,109.69000244140625,0.0,26.8799991607666,27.450000762939453,25.25,25.559999465942383,0.0
2022-09-02,33.869998931884766,33.869998931884766,33.2400016784668,33.2400016784668,1600.0,400.2799987792969,401.55999755859375,390.3299865722656,392.239990234375,99632100.0,302.3399963378906,303.75,293.5199890136719,295.1700134277344,64666800.0,67.99500274658203,68.37999725341797,66.07499694824219,66.42500305175781,16606600.0,3.257999897003174,3.2880001068115234,3.1760001182556152,3.193000078201294,0.0,109.63999938964844,109.72000122070312,108.93000030517578,109.52999877929688,0.0,25.510000228881836,26.280000686645508,23.190000534057617,25.469999313354492,0.0
2022-09-06,33.189998626708984,33.189998626708984,32.94200134277344,32.94200134277344,1200.0,393.1300048828125,394.1199951171875,388.4200134277344,390.760009765625,76637400.0,295.6600036621094,296.6000061035156,290.8699951171875,293.04998779296875,57005400.0,66.51499938964844,66.80000305175781,65.55000305175781,65.98500061035156,14990000.0,3.25,3.3529999256134033,3.24399995803833,3.3399999141693115,0.0,109.5999984741211,110.55000305175781,109.37999725341797,110.20999908447266,0.0,25.459999084472656,27.799999237060547,25.329999923706055,26.90999984741211,0.0
2022-09-07,32.90999984741211,33.630001068115234,32.90999984741211,33.61000061035156,5900.0,390.42999267578125,398.5899963378906,390.20001220703125,397.7799987792969,70964200.0,293.5400085449219,299.989990234375,293.2699890136719,298.9700012207031,49260400.0,66.11499786376953,67.30999755859375,65.88999938964844,67.04000091552734,11657000.0,3.322999954223633,3.3320000171661377,3.25,3.265000104904175,0.0,110.31999969482422,110.79000091552734,109.54000091552734,109.83999633789062,0.0,26.93000030517578,27.149999618530273,24.540000915527344,24.639999389648438,0.0
2022-09-08,33.279998779296875,33.90999984741211,33.279998779296875,33.90999984741211,3300.0,395.3900146484375,400.8599853515625,394.1199951171875,400.3800048828125,80821700.0,296.8500061035156,301.8699951171875,295.45001220703125,300.5199890136719,55649800.0,66.54499816894531,67.62000274658203,66.24500274658203,67.2699966430664,11210600.0,3.2309999465942383,3.303999900817871,3.2090001106262207,3.2920000553131104,0.0,109.66999816894531,110.23999786376953,109.33000183105469,109.70999908447266,0.0,24.700000762939453,25.899999618530273,23.559999465942383,23.610000610351562,0.0
2022-09-09,34.11000061035156,34.54999923706055,34.11000061035156,34.54999923706055,4700.0,402.739990234375,407.510009765625,402.4599914550781,406.6000061035156,76706900.0,302.8299865722656,307.6000061035156,300.5199890136719,307.0899963378906,56125200.0,67.83000183105469,68.78500366210938,67.69999694824219,68.5999984741211,11418600.0,3.2730000019073486,3.325000047683716,3.250999927520752,3.321000099182129,0.0,109.54000091552734,109.54000091552734,108.36000061035156,109.0,0.0,23.489999771118164,23.56999969482422,22.639999389648438,22.790000915527344,0.0
2022-09-12,34.7599983215332,34.86000061035156,34.7599983215332,34.840999603271484,2300.0,408.7799987792969,411.7300109863281,408.4599914550781,410.9700012207031,69256300.0,308.5,311.0799865722656,308.17999267578125,310.739990234375,45905700.0,69.0250015258789,69.7300033569336,69.01499938964844,69.69999694824219,10181000.0,3.2679998874664307,3.365000009536743,3.26200008392334,3.361999988555908,0.0,108.5999984741211,108.86000061035156,107.80999755859375,108.33000183105469,0.0,23.579999923706055,24.229999542236328,23.15999984741211,23.8700008392334,0.0
2022-09-13,34.0,34.0,33.31800079345703,33.31800079345703,1500.0,401.8299865722656,403.1000061035156,391.9200134277344,393.1000061035156,122947100.0,301.79998779296875,303.0199890136719,292.7900085449219,293.70001220703125,79562200.0,67.70999908447266,68.08999633789062,65.81999969482422,66.0,20148800.0,3.302000045776367,3.4579999446868896,3.2929999828338623,3.421999931335449,0.0,108.2300033569336,109.95999908447266,107.68000030517578,109.81999969482422,0.0,23.670000076293945,28.149999618530273,23.530000686645508,27.270000457763672,0.0
2022-09-14,33.43000030517578,33.43000030517578,33.130001068115234,33.303001403808594,900.0,394.4700012207031,396.20001220703125,391.1199951171875,394.6000061035156,85023700.0,294.8699951171875,296.92999267578125,293.05999755859375,296.0299987792969,54907200.0,66.30999755859375,66.7249984741211,65.6050033569336,66.23999786376953,13229200.0,3.4600000381469727,3.4760000705718994,3.382999897003174,3.4119999408721924,0.0,109.93000030517578,109.93000030517578,109.27999877929688,109.66000366210938,0.0,26.729999542236328,27.559999465942383,26.15999984741211,26.15999984741211,0.0
2022-09-15,33.02000045776367,33.2400016784668,32.900001525878906,32.90299987792969,9500.0,392.9599914550781,395.9599914550781,388.7799987792969,390.1199951171875,87633800.0,294.07000732421875,296.5299987792969,289.4599914550781,291.1000061035156,65299400.0,65.70999908447266,66.11000061035156,64.32499694824219,64.71499633789062,14885200.0,3.4649999141693115,3.4679999351501465,3.4100000858306885,3.4590001106262207,0.0,109.61000061035156,109.91999816894531,109.41999816894531,109.73999786376953,0.0,26.100000381469727,26.93000030517578,25.420000076293945,26.270000457763672,0.0
2022-09-16,32.38999938964844,32.66400146484375,32.38999938964844,32.66400146484375,1400.0,384.1400146484375,386.25,382.1099853515625,385.55999755859375,103084800.0,287.7200012207031,289.7200012207031,285.6199951171875,289.32000732421875,79920400.0,64.1500015258789,64.48999786376953,63.439998626708984,64.3550033569336,20762200.0,3.453000068664551,3.490000009536743,3.4149999618530273,3.447999954223633,0.0,109.80000305175781,110.26000213623047,109.4800033569336,109.76000213623047,0.0,27.469999313354492,28.450000762939453,26.139999389648438,26.299999237060547,0.0
2022-09-19,32.36000061035156,32.849998474121094,32.36000061035156,32.79999923706055,26200.0,382.260009765625,388.54998779296875,382.17999267578125,388.54998779296875,73278500.0,286.1000061035156,291.2099914550781,286.0400085449219,291.04998779296875,52613800.0,63.55500030517578,64.77999877929688,63.51499938964844,64.72000122070312,15683000.0,3.509999990463257,3.509999990463257,3.4630000591278076,3.490000009536743,0.0,109.63999938964844,110.18000030517578,109.48999786376953,109.73999786376953,0.0,27.690000534057617,27.950000762939453,25.559999465942383,25.760000228881836,0.0
2022-09-20,32.5,32.529998779296875,32.2400016784668,32.34000015258789,2700.0,385.05999755859375,386.1199951171875,381.20001220703125,384.0899963378906,77274900.0,288.489990234375,291.07000732421875,286.3800048828125,288.7300109863281,51271100.0,64.11499786376953,64.74500274658203,63.779998779296875,64.33999633789062,12109400.0,3.552999973297119,3.6019999980926514,3.5339999198913574,3.571000099182129,0.0,109.58000183105469,110.29000091552734,109.36000061035156,110.22000122070312,0.0,25.649999618530273,27.809999465942383,25.610000610351562,27.15999984741211,0.0
2022-09-21,31.849000930786133,31.849000930786133,31.849000930786133,31.849000930786133,400.0,386.1099853515625,389.30999755859375,377.3800048828125,377.3900146484375,106746600.0,289.5899963378906,293.95001220703125,283.4200134277344,283.55999755859375,82931000.0,64.67500305175781,65.625,63.32500076293945,63.334999084472656,16808800.0,3.5299999713897705,3.619999885559082,3.503000020980835,3.509999990463257,0.0,110.16000366210938,111.58000183105469,110.12999725341797,110.63999938964844,0.0,28.030000686645508,30.18000030517578,25.549999237060547,27.989999771118164,0.0
2022-09-22,31.729999542236328,31.729999542236328,31.30900001525879,31.30900001525879,2400.0,376.5799865722656,378.29998779296875,373.44000244140625,374.2200012207031,89472600.0,282.0,283.0299987792969,278.82000732421875,280.07000732421875,62757100.0,62.97999954223633,63.380001068115234,62.334999084472656,62.689998626708984,16033800.0,3.5480000972747803,3.7160000801086426,3.5460000038146973,3.7079999446868896,0.0,111.4800033569336,111.80999755859375,110.45999908447266,111.3499984741211,0.0,28.15999984741211,28.3799991607666,26.709999084472656,27.350000381469727,0.0
2022-09-23,30.979999542236328,30.979999542236328,30.510000228881836,30.760000228881836,4400.0,370.5799865722656,370.6199951171875,363.2900085449219,367.95001220703125,122346900.0,277.54998779296875,277.8500061035156,272.0199890136719,275.510009765625,74815200.0,62.119998931884766,62.21500015258789,61.05500030517578,61.869998931884766,19396200.0,3.7690000534057617,3.7730000019073486,3.6589999198913574,3.697000026702881,0.0,111.23999786376953,113.2300033569336,111.08000183105469,113.19000244140625,0.0,27.68000030517578,32.310001373291016,27.579999923706055,29.920000076293945,0.0
2022-09-26,30.6200008392334,30.780000686645508,30.329999923706055,30.3799991607666,4200.0,366.4100036621094,370.2099914550781,363.0299987792969,364.30999755859375,92581200.0,275.0299987792969,279.489990234375,273.55999755859375,274.3699951171875,71176700.0,61.68000030517578,62.71500015258789,61.26499938964844,61.439998626708984,17193600.0,3.7829999923706055,3.9040000438690186,3.734999895095825,3.878000020980835,0.0,113.0199966430664,114.52999877929688,112.94000244140625,114.0999984741211,0.0,31.739999771118164,32.880001068115234,29.829999923706055,32.2599983215332,0.0
2022-09-27,30.809999465942383,30.90999984741211,30.40999984741211,30.420000076293945,1900.0,368.0199890136719,370.3999938964844,360.8699951171875,363.3800048828125,108294100.0,277.80999755859375,280.2099914550781,272.1099853515625,274.4800109863281,69780100.0,62.255001068115234,62.84000015258789,60.95000076293945,61.52000045776367,18714800.0,3.809000015258789,3.992000102996826,3.809000015258789,3.9639999866485596,0.0,114.0199966430664,114.47000122070312,113.33000183105469,114.11000061035156,0.0,31.200000762939453,34.13999938964844,30.299999237060547,32.599998474121094,0.0
2022-09-28,30.399999618530273,31.1299991607666,30.399999618530273,30.969999313354492,2800.0,364.3800048828125,372.29998779296875,362.6000061035156,370.5299987792969,110802200.0,274.4599914550781,281.25,272.95001220703125,279.94000244140625,79652100.0,61.11000061035156,62.470001220703125,60.63999938964844,62.16999816894531,18933400.0,3.9110000133514404,3.9130001068115234,3.703000068664551,3.7049999237060547,0.0,114.19000244140625,114.77999877929688,112.55999755859375,112.5999984741211,0.0,34.5,34.880001068115234,30.030000686645508,30.18000030517578,0.0
2022-09-29,30.739999771118164,30.739999771118164,30.2189998626709,30.322999954223633,1100.0,366.80999755859375,367.1099853515625,359.70001220703125,362.7900085449219,112952300.0,275.8599853515625,276.25,268.8399963378906,271.8699951171875,81216000.0,61.279998779296875,61.41999816894531,59.834999084472656,60.54999923706055,31096600.0,3.818000078201294,3.8259999752044678,3.7209999561309814,3.746999979019165,0.0,113.01000213623047,113.79000091552734,111.91999816894531,112.25,0.0,31.670000076293945,33.459999084472656,31.15999984741211,31.84000015258789,0.0
2022-09-30,30.3799991607666,30.75,30.010000228881836,30.010000228881836,6200.0,361.79998779296875,365.9100036621094,357.0400085449219,357.17999267578125,153711200.0,271.0299987792969,275.19000244140625,267.1000061035156,267.260009765625,78482400.0,60.30500030517578,61.20000076293945,59.279998779296875,59.38999938964844,19513000.0,3.7139999866485596,3.803999900817871,3.686000108718872,3.803999900817871,0.0,111.75,112.66999816894531,111.58000183105469,112.12000274658203,0.0,31.610000610351562,33.25,29.389999389648438,31.6200008392334,0.0
2022-10-03,30.389999389648438,30.719999313354492,30.389999389648438,30.6299991607666,2300.0,361.0799865722656,368.54998779296875,359.2099914550781,366.6099853515625,89756500.0,269.07000732421875,275.1600036621094,267.5299987792969,273.5299987792969,61267400.0,59.86000061035156,61.595001220703125,59.630001068115234,61.22999954223633,17332200.0,3.7119998931884766,3.7119998931884766,3.568000078201294,3.6510000228881836,0.0,112.16999816894531,112.54000091552734,111.47000122070312,111.75,0.0,33.0,33.060001373291016,29.6299991607666,30.100000381469727,0.0
2022-10-04,31.149999618530273,31.719999313354492,31.149999618530273,31.719999313354492,2200.0,372.3999938964844,378.0,366.57000732421875,377.9700012207031,103602800.0,278.989990234375,282.8500061035156,278.989990234375,282.1300048828125,66696900.0,62.470001220703125,63.35499954223633,62.42499923706055,63.28499984741211,17779000.0,3.5929999351501465,3.6589999198913574,3.563999891281128,3.617000102996826,0.0,111.58999633789062,111.88999938964844,110.05999755859375,110.06999969482422,0.0,29.520000457763672,29.6200008392334,28.559999465942383,29.06999969482422,0.0
2022-10-05,31.469999313354492,31.628000259399414,31.1200008392334,31.628000259399414,1800.0,373.3900146484375,379.4599914550781,370.95001220703125,377.0899963378906,88065700.0,278.2799987792969,283.80999755859375,275.4200134277344,281.9800109863281,55766300.0,62.43000030517578,63.95500183105469,62.064998626708984,63.494998931884766,14600400.0,3.703000068664551,3.7890000343322754,3.697000026702881,3.759000062942505,0.0,110.2300033569336,111.73999786376953,110.08999633789062,111.06999969482422,0.0,29.360000610351562,30.110000610351562,28.5,28.549999237060547,0.0
2022-10-06,31.559999465942383,31.600000381469727,31.309999465942383,31.309999465942383,1200.0,375.6199951171875,378.7200012207031,372.67999267578125,373.20001220703125,82333500.0,280.9599914550781,284.17999267578125,279.42999267578125,279.760009765625,53489400.0,63.33000183105469,64.0250015258789,62.900001525878906,62.974998474121094,14348200.0,3.763000011444092,3.8440001010894775,3.740999937057495,3.8259999752044678,0.0,111.0199966430664,112.30999755859375,110.77999877929688,112.26000213623047,0.0,28.600000381469727,30.739999771118164,28.559999465942383,30.520000457763672,0.0
2022-10-07,30.299999237060547,30.299999237060547,30.18000030517578,30.23900032043457,1300.0,368.9700012207031,373.2900085449219,360.94000244140625,362.7900085449219,107789500.0,275.0199890136719,275.1499938964844,267.739990234375,269.1000061035156,71354700.0,61.689998626708984,61.69499969482422,60.060001373291016,60.3849983215332,15749000.0,3.8329999446868896,3.9100000858306885,3.8329999446868896,3.882999897003174,0.0,112.25,112.87999725341797,111.94999694824219,112.80000305175781,0.0,30.3700008392334,32.02000045776367,29.8799991607666,31.360000610351562,0.0
2022-10-10,30.350000381469727,30.350000381469727,29.6299991607666,29.829999923706055,4500.0,363.9599914550781,364.2099914550781,357.6700134277344,360.0199890136719,76042800.0,269.29998779296875,269.70001220703125,263.6400146484375,266.4100036621094,60393000.0,60.3849983215332,60.470001220703125,58.775001525878906,59.369998931884766,16706200.0,3.888000011444092,3.888000011444092,3.888000011444092,3.888000011444092,0.0,112.75,113.33000183105469,112.62000274658203,113.13999938964844,0.0,32.93000030517578,33.9900016784668,32.04999923706055,32.45000076293945,0.0
2022-10-11,29.760000228881836,29.860000610351562,29.540000915527344,29.540000915527344,3200.0,358.239990234375,363.0299987792969,355.7099914550781,357.739990234375,92482800.0,264.70001220703125,267.6300048828125,261.0299987792969,262.75,66522500.0,59.029998779296875,59.439998626708984,58.025001525878906,58.459999084472656,21044800.0,3.9000000953674316,3.9700000286102295,3.869999885559082,3.938999891281128,0.0,113.08000183105469,113.5,112.41000366210938,113.22000122070312,0.0,33.560001373291016,34.43000030517578,32.45000076293945,33.630001068115234,0.0
2022-10-12,29.530000686645508,29.530000686645508,29.43199920654297,29.43199920654297,600.0,358.1700134277344,359.82000732421875,356.29998779296875,356.55999755859375,76991800.0,263.3999938964844,265.3599853515625,261.95001220703125,262.6600036621094,50580200.0,58.505001068115234,58.904998779296875,58.18000030517578,58.279998779296875,14111600.0,3.953000068664551,3.9779999256134033,3.884000062942505,3.9019999504089355,0.0,113.30999755859375,113.58999633789062,113.05000305175781,113.31999969482422,0.0,33.540000915527344,34.529998779296875,33.11000061035156,33.56999969482422,0.0
2022-10-13,28.739999771118164,30.125,28.739999771118164,30.097999572753906,8600.0,349.2099914550781,367.510009765625,348.1099853515625,365.9700012207031,147254500.0,255.16000366210938,270.1700134277344,254.25999450683594,268.82000732421875,112894100.0,56.70500183105469,60.404998779296875,56.48500061035156,60.09000015258789,38114600.0,3.859999895095825,4.079999923706055,3.8440001010894775,3.9519999027252197,0.0,113.23999786376953,113.91999816894531,112.1500015258789,112.36000061035156,0.0,33.599998474121094,33.869998931884766,31.6299991607666,31.940000534057617,0.0
2022-10-14,29.940000534057617,29.940000534057617,29.315000534057617,29.315000534057617,2000.0,368.54998779296875,370.260009765625,356.9599914550781,357.6300048828125,123737000.0,271.20001220703125,271.80999755859375,260.1400146484375,260.739990234375,77244300.0,60.58000183105469,60.709999084472656,58.30500030517578,58.400001525878906,22484000.0,3.88700008392334,4.031000137329102,3.8510000705718994,4.010000228881836,0.0,112.47000122070312,113.41999816894531,112.16000366210938,113.30999755859375,0.0,31.889999389648438,32.97999954223633,31.139999389648438,32.02000045776367,0.0
2022-10-17,30.05500030517578,30.25,30.03499984741211,30.159000396728516,1800.0,364.010009765625,367.9800109863281,357.2799987792969,366.82000732421875,93168200.0,266.8399963378906,270.239990234375,266.739990234375,269.3500061035156,64576500.0,59.83000183105469,60.47999954223633,59.66999816894531,60.18000030517578,14599600.0,3.938999891281128,4.014999866485596,3.9100000858306885,4.014999866485596,0.0,113.22000122070312,113.22000122070312,111.91999816894531,112.04000091552734,0.0,32.27000045776367,32.59000015258789,30.700000762939453,31.3700008392334,0.0
2022-10-18,30.42300033569336,30.559999465942383,30.23900032043457,30.437999725341797,1800.0,375.1300048828125,375.45001220703125,367.5199890136719,371.1300048828125,97162900.0,276.5299987792969,277.2099914550781,268.739990234375,271.4800109863281,69781000.0,61.7400016784668,61.959999084472656,59.92499923706055,60.689998626708984,13998000.0,3.9839999675750732,4.066999912261963,3.9649999141693115,3.997999906539917,0.0,112.06999969482422,112.45999908447266,111.7699966430664,112.12999725341797,0.0,31.100000381469727,31.93000030517578,30.420000076293945,30.5,0.0
2022-10-19,30.149999618530273,30.3700008392334,30.149999618530273,30.270000457763672,2600.0,368.989990234375,371.8500061035156,365.54998779296875,368.5,79746900.0,269.92999267578125,273.67999267578125,268.07000732421875,270.489990234375,53115400.0,60.15999984741211,61.1150016784668,59.904998779296875,60.51499938964844,10984000.0,4.093999862670898,4.136000156402588,4.066999912261963,4.126999855041504,0.0,111.91999816894531,113.0999984741211,111.91999816894531,112.9800033569336,0.0,30.940000534057617,31.899999618530273,30.760000228881836,30.760000228881836,0.0
2022-10-20,30.149999618530273,30.700000762939453,30.110000610351562,30.110000610351562,1300.0,368.0299987792969,372.6700134277344,364.6099853515625,365.4100036621094,88283100.0,269.5799865722656,274.8399963378906,267.9200134277344,269.1099853515625,60605500.0,60.53499984741211,61.8650016784668,60.25,60.54999923706055,12429600.0,4.123000144958496,4.228000164031982,4.10099983215332,4.22599983215332,0.0,112.98999786376953,113.08999633789062,112.16999816894531,112.87999725341797,0.0,31.299999237060547,31.31999969482422,29.760000228881836,29.979999542236328,0.0
2022-10-21,29.979999542236328,30.66699981689453,29.979999542236328,30.66699981689453,1200.0,365.1199951171875,374.79998779296875,363.5400085449219,374.2900085449219,131038400.0,267.9800109863281,275.9700012207031,266.82000732421875,275.4200134277344,77897700.0,60.400001525878906,62.29999923706055,60.19499969482422,62.16999816894531,17126000.0,4.330999851226807,4.333000183105469,4.199999809265137,4.2129998207092285,0.0,112.94000244140625,113.94000244140625,111.69999694824219,112.01000213623047,0.0,30.209999084472656,30.440000534057617,29.239999771118164,29.690000534057617,0.0
2022-10-24,30.760000228881836,31.0,30.760000228881836,30.989999771118164,1500.0,375.8900146484375,380.05999755859375,373.1099853515625,378.8699951171875,85436900.0,275.69000244140625,279.3999938964844,271.9700012207031,278.45001220703125,63963600.0,62.435001373291016,63.2599983215332,61.67499923706055,63.029998779296875,13385200.0,4.191999912261963,4.290999889373779,4.171000003814697,4.234000205993652,0.0,111.87999725341797,112.52999877929688,111.47000122070312,111.98999786376953,0.0,30.649999618530273,30.950000762939453,29.780000686645508,29.850000381469727,0.0
2022-10-25,31.010000228881836,31.69300079345703,31.010000228881836,31.69300079345703,1500.0,378.7900085449219,385.25,378.6700134277344,384.9200134277344,78846300.0,279.4100036621094,284.6000061035156,277.8999938964844,284.2099914550781,59014500.0,63.185001373291016,64.27999877929688,63.185001373291016,64.23500061035156,10265000.0,4.163000106811523,4.171000003814697,4.052000045776367,4.107999801635742,0.0,111.81999969482422,112.12999725341797,110.76000213623047,110.94999694824219,0.0,29.799999237060547,30.0,28.219999313354492,28.459999084472656,0.0
2022-10-26,32.0,32.0,31.639999389648438,31.639999389648438,800.0,381.6199951171875,387.5799865722656,381.3500061035156,382.0199890136719,104087300.0,278.4599914550781,283.9800109863281,277.42999267578125,277.92999267578125,63492400.0,62.6150016784668,64.12999725341797,62.51499938964844,62.80500030517578,15169400.0,4.059000015258789,4.081999778747559,3.996999979019165,4.014999866485596,0.0,110.95999908447266,111.13999938964844,109.62999725341797,109.69999694824219,0.0,28.440000534057617,28.520000457763672,27.270000457763672,27.280000686645508,0.0
2022-10-27,32.02799987792969,32.02799987792969,31.641000747680664,31.641000747680664,1000.0,383.07000732421875,385.0,379.3299865722656,379.9800109863281,81971800.0,276.7900085449219,278.2799987792969,272.3399963378906,272.8699951171875,57760300.0,63.040000915527344,63.42499923706055,61.94499969482422,62.09000015258789,11694800.0,4.060999870300293,4.066999912261963,3.9110000133514404,3.937000036239624,0.0,109.62000274658203,110.62000274658203,109.54000091552734,110.58999633789062,0.0,27.510000228881836,27.670000076293945,26.940000534057617,27.389999389648438,0.0
2022-10-28,31.65999984741211,32.53499984741211,31.65999984741211,32.51100158691406,2400.0,379.8699951171875,389.5199890136719,379.67999267578125,389.0199890136719,100302000.0,272.2300109863281,281.70001220703125,272.05999755859375,281.2200012207031,62651300.0,62.435001373291016,64.92500305175781,62.435001373291016,64.79000091552734,14935400.0,3.99399995803833,4.047999858856201,3.950000047683716,4.010000228881836,0.0,110.5,111.04000091552734,110.29000091552734,110.66999816894531,0.0,27.43000030517578,27.59000015258789,25.75,25.75,0.0
2022-10-31,32.29499816894531,32.369998931884766,32.270999908447266,32.270999908447266,1100.0,386.44000244140625,388.3999938964844,385.260009765625,386.2099914550781,96631300.0,278.9200134277344,279.760009765625,275.989990234375,277.95001220703125,47742000.0,64.1449966430664,64.31999969482422,63.55500030517578,63.935001373291016,13292200.0,4.031000137329102,4.083000183105469,4.031000137329102,4.077000141143799,0.0,110.66999816894531,111.66999816894531,110.66999816894531,111.52999877929688,0.0,26.90999984741211,27.06999969482422,25.84000015258789,25.8799991607666,0.0
2022-11-01,32.95000076293945,32.95000076293945,32.215999603271484,32.215999603271484,4800.0,390.1400146484375,390.3900146484375,383.2900085449219,384.5199890136719,85407600.0,281.5,282.07000732421875,274.739990234375,275.1099853515625,45895900.0,64.7300033569336,64.84500122070312,63.125,63.400001525878906,9413200.0,3.937000036239624,4.078999996185303,3.9200000762939453,4.052000045776367,0.0,111.5199966430664,111.77999877929688,110.72000122070312,111.4800033569336,0.0,25.959999084472656,26.350000381469727,25.65999984741211,25.809999465942383,0.0
2022-11-02,32.2599983215332,32.38999938964844,31.299999237060547,31.299999237060547,2600.0,383.8999938964844,388.6300048828125,374.760009765625,374.8699951171875,126990400.0,275.0799865722656,278.2099914550781,265.6099853515625,265.67999267578125,79803100.0,63.35499954223633,64.16999816894531,61.189998626708984,61.209999084472656,18092400.0,4.044000148773193,4.078000068664551,3.9760000705718994,4.059000015258789,0.0,111.54000091552734,112.1500015258789,110.43000030517578,111.3499984741211,0.0,26.040000915527344,26.6200008392334,25.389999389648438,25.860000610351562,0.0
2022-11-03,31.06999969482422,31.132999420166016,30.969999313354492,31.100000381469727,5500.0,371.4700012207031,374.20001220703125,368.7900085449219,371.010009765625,87100100.0,263.010009765625,264.5,260.1000061035156,260.489990234375,70038900.0,60.35499954223633,60.46500015258789,59.3650016784668,59.40999984741211,16010600.0,4.183000087738037,4.2230000495910645,4.111000061035156,4.124000072479248,0.0,112.16999816894531,113.1500015258789,111.81999969482422,112.93000030517578,0.0,25.979999542236328,26.8700008392334,25.100000381469727,25.299999237060547,0.0
2022-11-04,31.274999618530273,31.274999618530273,30.799999237060547,31.128999710083008,1300.0,377.0,378.8699951171875,370.0,376.3500061035156,103505200.0,265.5299987792969,266.6099853515625,259.0799865722656,264.67999267578125,78313200.0,60.64500045776367,60.810001373291016,59.11000061035156,60.494998931884766,17896200.0,4.164999961853027,4.209000110626221,4.104000091552734,4.156000137329102,0.0,112.97000122070312,112.98999786376953,110.72000122070312,110.87999725341797,0.0,25.6299991607666,25.709999084472656,24.0,24.549999237060547,0.0
2022-11-07,31.510000228881836,31.510000228881836,31.429000854492188,31.429000854492188,800.0,377.7099914550781,380.57000732421875,375.5299987792969,379.95001220703125,68286900.0,265.75,268.1400146484375,263.57000732421875,267.5899963378906,47333800.0,60.599998474121094,61.60499954223633,60.16999816894531,61.505001068115234,10427600.0,4.142000198364258,4.2179999351501465,4.142000198364258,4.214000225067139,0.0,110.79000091552734,111.2699966430664,110.05000305175781,110.12000274658203,0.0,25.670000076293945,25.670000076293945,24.34000015258789,24.350000381469727,0.0
2022-11-08,31.729999542236328,32.04999923706055,31.3700008392334,31.691999435424805,2400.0,381.1099853515625,385.1199951171875,377.7200012207031,382.0,84641100.0,269.1400146484375,272.8500061035156,265.5199890136719,269.5400085449219,63213800.0,62.01499938964844,62.845001220703125,61.18000030517578,62.095001220703125,12722000.0,4.197000026702881,4.203000068664551,4.120999813079834,4.125999927520752,0.0,110.05999755859375,110.61000061035156,109.37000274658203,109.62000274658203,0.0,24.709999084472656,26.15999984741211,24.239999771118164,25.540000915527344,0.0
2022-11-09,31.280000686645508,31.280000686645508,30.961000442504883,30.961000442504883,1100.0,379.92999267578125,381.1400146484375,373.6099853515625,374.1300048828125,78495500.0,267.760009765625,268.55999755859375,263.0299987792969,263.32000732421875,64862100.0,61.52000045776367,61.54499816894531,60.38999938964844,60.47999954223633,11962600.0,4.151000022888184,4.173999786376953,4.0970001220703125,4.151000022888184,0.0,109.6500015258789,110.63999938964844,109.44999694824219,110.55000305175781,0.0,25.34000015258789,26.350000381469727,25.020000457763672,26.09000015258789,0.0
2022-11-10,32.439998626708984,32.928001403808594,32.439998626708984,32.928001403808594,1000.0,388.04998779296875,395.0400085449219,385.6400146484375,394.69000244140625,141455800.0,276.010009765625,283.04998779296875,273.8500061035156,282.75,99256700.0,63.46500015258789,65.5199966430664,63.14500045776367,65.44999694824219,27932200.0,4.074999809265137,4.090000152587891,3.8239998817443848,3.8289999961853027,0.0,110.30000305175781,110.98999786376953,107.70999908447266,108.20999908447266,0.0,26.510000228881836,26.59000015258789,22.84000015258789,23.530000686645508,0.0
2022-11-11,32.970001220703125,33.2599983215332,32.970001220703125,33.25299835205078,1300.0,395.5899963378906,399.3500061035156,393.6099853515625,398.510009765625,93839900.0,282.55999755859375,288.6400146484375,281.19000244140625,287.9599914550781,66961800.0,65.38999938964844,66.79000091552734,65.06999969482422,66.56999969482422,15977800.0,3.812999963760376,3.812999963760376,3.812999963760376,3.812999963760376,0.0,108.23999786376953,108.44000244140625,106.27999877929688,106.29000091552734,0.0,23.889999389648438,23.90999984741211,22.3700008392334,22.520000457763672,0.0
2022-11-14,33.31999969482422,33.400001525878906,32.965999603271484,32.965999603271484,6800.0,396.6600036621094,400.17999267578125,394.8299865722656,395.1199951171875,71903500.0,285.8599853515625,289.2099914550781,284.44000244140625,285.44000244140625,55290700.0,66.04499816894531,66.82499694824219,65.68499755859375,66.0,14526600.0,3.884000062942505,3.9010000228881836,3.8540000915527344,3.865000009536743,0.0,106.4800033569336,107.2699966430664,106.4800033569336,106.66000366210938,0.0,23.989999771118164,24.329999923706055,22.860000610351562,23.729999542236328,0.0
2022-11-15,33.70000076293945,33.70000076293945,33.29999923706055,33.29999923706055,4400.0,401.1499938964844,402.30999755859375,394.489990234375,398.489990234375,93194500.0,292.2099914550781,293.260009765625,285.9700012207031,289.3900146484375,73985400.0,67.5,67.7750015258789,66.12999725341797,66.80000305175781,12716200.0,3.815999984741211,3.8440001010894775,3.759999990463257,3.7990000247955322,0.0,107.0,107.0999984741211,105.33999633789062,106.4000015258789,0.0,23.770000457763672,26.219999313354492,23.18000030517578,24.540000915527344,0.0
2022-11-16,32.893001556396484,32.893001556396484,32.893001556396484,32.893001556396484,400.0,396.7799987792969,397.7799987792969,394.7900085449219,395.45001220703125,68508500.0,287.3900146484375,289.4800109863281,284.6000061035156,285.44000244140625,48859800.0,66.28500366210938,66.4800033569336,65.61000061035156,65.88500213623047,10095800.0,3.7679998874664307,3.796999931335449,3.691999912261963,3.691999912261963,0.0,106.58000183105469,106.77999877929688,105.86000061035156,106.27999877929688,0.0,24.290000915527344,24.719999313354492,23.989999771118164,24.110000610351562,0.0
2022-11-17,32.369998931884766,32.810001373291016,32.369998931884766,32.69300079345703,1300.0,390.4599914550781,394.95001220703125,390.1400146484375,394.239990234375,74496300.0,280.8800048828125,286.32000732421875,280.7200012207031,284.80999755859375,55462100.0,64.83499908447266,66.2750015258789,64.80999755859375,65.97000122070312,8149600.0,3.76200008392334,3.802999973297119,3.743000030517578,3.7750000953674316,0.0,106.2699966430664,107.23999786376953,106.0999984741211,106.69000244140625,0.0,24.049999237060547,25.18000030517578,23.809999465942383,23.93000030517578,0.0
2022-11-18,32.880001068115234,32.880001068115234,32.720001220703125,32.84700012207031,2000.0,397.739990234375,397.80999755859375,393.0400085449219,396.0299987792969,92922500.0,287.8900146484375,287.989990234375,282.32000732421875,284.82000732421875,53588600.0,66.71499633789062,66.73500061035156,65.48999786376953,66.04499816894531,11912400.0,3.805000066757202,3.8269999027252197,3.76200008392334,3.818000078201294,0.0,106.69000244140625,107.04000091552734,106.33999633789062,106.93000030517578,0.0,24.030000686645508,24.1200008392334,22.979999542236328,23.1200008392334,0.0
2022-11-21,32.75,32.75,32.577999114990234,32.577999114990234,4500.0,394.6400146484375,395.82000732421875,392.6600036621094,394.5899963378906,51243200.0,283.3999938964844,284.5799865722656,281.0400085449219,281.8900146484375,40083500.0,65.66999816894531,65.94000244140625,65.20500183105469,65.33499908447266,8363800.0,3.813999891281128,3.8359999656677246,3.76200008392334,3.825000047683716,0.0,106.97000122070312,107.98999786376953,106.88999938964844,107.83999633789062,0.0,24.049999237060547,24.1200008392334,22.299999237060547,22.360000610351562,0.0
2022-11-22,32.650001525878906,33.090999603271484,32.650001525878906,33.090999603271484,19100.0,396.6300048828125,400.07000732421875,395.1499938964844,399.8999938964844,60429000.0,282.6400146484375,286.1099853515625,280.4599914550781,285.95001220703125,41873400.0,65.62000274658203,66.63500213623047,65.1500015258789,66.5999984741211,9019200.0,3.802999973297119,3.816999912261963,3.749000072479248,3.757999897003174,0.0,107.69999694824219,107.75,107.12000274658203,107.22000122070312,0.0,22.59000015258789,22.709999084472656,21.280000686645508,21.290000915527344,0.0
2022-11-23,33.46500015258789,33.4900016784668,33.45399856567383,33.45399856567383,1600.0,399.54998779296875,402.92999267578125,399.30999755859375,402.4200134277344,68261600.0,285.9700012207031,289.4599914550781,285.7900085449219,288.82000732421875,46390000.0,66.45500183105469,67.38999938964844,66.41000366210938,67.19000244140625,9480600.0,3.7760000228881836,3.796999931335449,3.694999933242798,3.7060000896453857,0.0,107.08000183105469,107.22000122070312,106.02999877929688,106.08000183105469,0.0,21.489999771118164,21.780000686645508,20.31999969482422,20.350000381469727,0.0
2022-11-25,33.45000076293945,33.529998779296875,33.45000076293945,33.4739990234375,700.0,401.8299865722656,402.9100036621094,401.5400085449219,402.3299865722656,30545400.0,287.19000244140625,287.9100036621094,286.4200134277344,286.9200134277344,15498800.0,66.73500061035156,67.00499725341797,66.6050033569336,66.80000305175781,3263000.0,3.7260000705718994,3.75600004196167,3.680999994277954,3.690999984741211,0.0,105.95999908447266,106.41999816894531,105.69000244140625,105.95999908447266,0.0,20.610000610351562,21.110000610351562,20.459999084472656,20.5,0.0
2022-11-28,33.47999954223633,33.47999954223633,32.95000076293945,32.95000076293945,13100.0,399.0899963378906,400.80999755859375,395.1099853515625,395.9100036621094,67881600.0,284.8999938964844,286.9599914550781,281.760009765625,282.7099914550781,38714200.0,66.04499816894531,66.47000122070312,65.1050033569336,65.37000274658203,13030200.0,3.683000087738037,3.7179999351501465,3.6679999828338623,3.703000068664551,0.0,106.05999755859375,106.75,105.31999969482422,106.68000030517578,0.0,22.09000015258789,22.5,21.649999618530273,22.209999084472656,0.0
2022-11-29,32.75,32.880001068115234,32.75,32.880001068115234,1100.0,396.04998779296875,397.29998779296875,393.29998779296875,395.2300109863281,52310000.0,282.94000244140625,283.3500061035156,279.1700134277344,280.57000732421875,35618900.0,65.28500366210938,65.4800033569336,64.46499633789062,64.7300033569336,11570200.0,3.694000005722046,3.759000062942505,3.678999900817871,3.747999906539917,0.0,106.56999969482422,106.87999725341797,106.05999755859375,106.81999969482422,0.0,22.09000015258789,22.56999969482422,21.829999923706055,21.889999389648438,0.0
2022-11-30,32.689998626708984,34.06999969482422,32.689998626708984,34.06999969482422,2400.0,395.489990234375,407.67999267578125,393.4800109863281,407.67999267578125,144566700.0,280.8399963378906,293.4700012207031,279.9700012207031,293.3599853515625,74718100.0,64.69999694824219,67.98999786376953,64.63500213623047,67.9800033569336,23334400.0,3.7269999980926514,3.7980000972747803,3.690000057220459,3.703000068664551,0.0,106.72000122070312,107.19999694824219,105.77999877929688,105.94999694824219,0.0,21.700000762939453,22.6299991607666,20.309999465942383,20.579999923706055,0.0
2022-12-01,34.380001068115234,34.380001068115234,33.94499969482422,34.11000061035156,2500.0,408.7699890136719,410.0,404.75,407.3800048828125,76398200.0,293.69000244140625,295.75,290.8800048828125,293.7200012207031,51547300.0,68.04499816894531,68.4000015258789,67.23500061035156,68.07499694824219,15165800.0,3.5940001010894775,3.63100004196167,3.5269999504089355,3.5290000438690186,0.0,105.69999694824219,105.9000015258789,104.66000366210938,104.7300033569336,0.0,20.829999923706055,21.059999465942383,19.799999237060547,19.84000015258789,0.0
2022-12-02,33.209999084472656,34.0,33.209999084472656,33.952999114990234,9800.0,402.25,407.8599853515625,402.1400146484375,406.9100036621094,85342700.0,288.5400085449219,293.45001220703125,288.3599853515625,292.54998779296875,53583200.0,66.93499755859375,67.90499877929688,66.67500305175781,67.68000030517578,8934400.0,3.5190000534057617,3.638000011444092,3.503999948501587,3.50600004196167,0.0,104.81999969482422,105.58999633789062,104.37999725341797,104.55000305175781,0.0,20.420000076293945,20.959999084472656,18.950000762939453,19.059999465942383,0.0
2022-12-05,33.38999938964844,33.599998474121094,33.24599838256836,33.24599838256836,1200.0,403.95001220703125,404.92999267578125,398.1700134277344,399.5899963378906,77289800.0,290.3800048828125,291.67999267578125,286.1499938964844,287.6400146484375,41482100.0,67.16000366210938,67.53500366210938,66.11499786376953,66.55500030517578,11526200.0,3.5299999713897705,3.611999988555908,3.513000011444092,3.5989999771118164,0.0,104.51000213623047,105.4000015258789,104.11000061035156,105.29000091552734,0.0,20.299999237060547,21.290000915527344,19.780000686645508,20.75,0.0
2022-12-06,33.040000915527344,33.040000915527344,32.650001525878906,32.78499984741211,2900.0,399.4200134277344,399.989990234375,391.6400146484375,393.8299865722656,77972200.0,287.4800109863281,287.6199951171875,280.260009765625,281.67999267578125,53937600.0,66.48500061035156,66.58499908447266,64.70999908447266,65.12999725341797,11799200.0,3.561000108718872,3.5829999446868896,3.507999897003174,3.513000011444092,0.0,105.16000366210938,105.62999725341797,104.88999938964844,105.58000183105469,0.0,20.690000534057617,22.600000381469727,20.3799991607666,22.170000076293945,0.0
2022-12-07,32.68000030517578,32.70199966430664,32.619998931884766,32.70199966430664,1000.0,392.94000244140625,395.6400146484375,391.9700012207031,393.1600036621094,65927900.0,280.4700012207031,282.57000732421875,278.7799987792969,280.5299987792969,45614300.0,64.8949966430664,65.30000305175781,64.33499908447266,64.80000305175781,10413800.0,3.552999973297119,3.552999973297119,3.4019999504089355,3.4079999923706055,0.0,105.62999725341797,105.81999969482422,104.87999725341797,105.0999984741211,0.0,22.31999969482422,23.010000228881836,22.18000030517578,22.68000030517578,0.0
2022-12-08,33.0,33.04999923706055,33.0,33.02199935913086,600.0,395.1400146484375,397.3599853515625,393.2699890136719,396.239990234375,60737900.0,281.9100036621094,284.8399963378906,279.7900085449219,283.8500061035156,42594900.0,65.16000366210938,66.05000305175781,64.7699966430664,65.86000061035156,8965800.0,3.4670000076293945,3.50600004196167,3.447999954223633,3.490999937057495,0.0,105.19999694824219,105.43000030517578,104.72000122070312,104.7699966430664,0.0,22.809999465942383,23.280000686645508,22.059999465942383,22.290000915527344,0.0
2022-12-09,32.970001220703125,33.20000076293945,32.88999938964844,32.88999938964844,3100.0,394.94000244140625,397.6199951171875,393.1499938964844,393.2799987792969,81447700.0,282.80999755859375,285.6400146484375,281.5899963378906,282.0400085449219,47860500.0,65.56500244140625,66.375,65.20999908447266,65.45500183105469,10402800.0,3.4760000705718994,3.569000005722046,3.4630000591278076,3.566999912261963,0.0,104.86000061035156,105.13999938964844,104.4800033569336,104.80999755859375,0.0,22.549999237060547,23.209999084472656,22.18000030517578,22.829999923706055,0.0
2022-12-12,32.77000045776367,33.30699920654297,32.77000045776367,33.30699920654297,1600.0,394.1099853515625,398.95001220703125,393.4100036621094,398.95001220703125,75405800.0,282.2200012207031,285.6400146484375,281.1600036621094,285.5799865722656,35732500.0,65.55999755859375,66.88500213623047,65.54000091552734,66.88500213623047,14806200.0,3.5429999828338623,3.630000114440918,3.5209999084472656,3.6110000610351562,0.0,104.93000030517578,105.25,104.66999816894531,105.12999725341797,0.0,24.399999618530273,25.049999237060547,24.18000030517578,25.0,0.0
2022-12-13,34.13999938964844,34.13999938964844,33.25,33.42499923706055,2200.0,410.2200012207031,410.489990234375,399.07000732421875,401.9700012207031,123782500.0,296.6499938964844,296.8800048828125,285.9100036621094,288.6499938964844,80667700.0,69.31999969482422,69.66500091552734,66.98999786376953,67.67500305175781,18607600.0,3.5850000381469727,3.5910000801086426,3.4230000972747803,3.500999927520752,0.0,104.98999786376953,105.0999984741211,103.58999633789062,103.9800033569336,0.0,25.239999771118164,25.84000015258789,21.459999084472656,22.549999237060547,0.0
2022-12-14,33.209999084472656,33.619998931884766,33.167999267578125,33.167999267578125,1200.0,401.6099853515625,405.5,396.30999755859375,399.3999938964844,108111300.0,288.04998779296875,291.4100036621094,283.19000244140625,286.510009765625,64984400.0,67.61000061035156,68.4000015258789,66.31999969482422,67.1050033569336,19541000.0,3.507999897003174,3.559999942779541,3.4790000915527344,3.503000020980835,0.0,104.06999969482422,104.16000366210938,103.44999694824219,103.7699966430664,0.0,22.829999923706055,23.469999313354492,21.06999969482422,21.139999389648438,0.0
2022-12-15,32.75,32.88999938964844,32.220001220703125,32.22700119018555,3000.0,394.29998779296875,395.25,387.8900146484375,389.6300048828125,117705900.0,282.3299865722656,283.010009765625,275.6700134277344,276.8900146484375,60554100.0,66.00499725341797,66.25,64.3499984741211,64.59500122070312,19223800.0,3.505000114440918,3.5209999084472656,3.430000066757202,3.450000047683716,0.0,103.66999816894531,104.87999725341797,103.54000091552734,104.55999755859375,0.0,21.520000457763672,23.670000076293945,21.25,22.829999923706055,0.0
2022-12-16,32.04999923706055,32.04999923706055,31.670000076293945,31.829999923706055,2600.0,385.17999267578125,386.5799865722656,381.0400085449219,383.2699890136719,119858000.0,276.20001220703125,277.7699890136719,272.6099853515625,274.25,68300400.0,64.375,64.75499725341797,63.415000915527344,63.7400016784668,23999200.0,3.50600004196167,3.556999921798706,3.4619998931884766,3.4820001125335693,0.0,104.44999694824219,104.83999633789062,104.20999908447266,104.69999694824219,0.0,23.260000228881836,23.829999923706055,22.09000015258789,22.6200008392334,0.0
2022-12-19,31.670000076293945,31.75,31.437000274658203,31.5049991607666,7100.0,383.4700012207031,383.82000732421875,378.2799987792969,380.0199890136719,79878100.0,273.8699951171875,273.9599914550781,268.489990234375,269.75,44167900.0,63.564998626708984,63.665000915527344,62.29499816894531,62.709999084472656,14276600.0,3.559000015258789,3.6010000705718994,3.552000045776367,3.5810000896453857,0.0,104.83999633789062,104.93000030517578,104.12999725341797,104.72000122070312,0.0,22.6299991607666,22.860000610351562,21.610000610351562,22.420000076293945,0.0
2022-12-20,31.219999313354492,31.614999771118164,31.219999313354492,31.45400047302246,7400.0,379.2300109863281,382.2300109863281,377.8500061035156,380.5400085449219,74427200.0,268.55999755859375,271.32000732421875,266.95001220703125,269.5400085449219,51064200.0,62.380001068115234,63.125,62.08000183105469,62.80500030517578,12622000.0,3.6619999408721924,3.7009999752044678,3.6530001163482666,3.684000015258789,0.0,104.7300033569336,104.79000091552734,103.77999877929688,103.97000122070312,0.0,23.170000076293945,23.389999389648438,21.350000381469727,21.479999542236328,0.0
2022-12-21,31.639999389648438,31.979999542236328,31.6299991607666,31.888999938964844,3000.0,383.25,387.4100036621094,382.69000244140625,386.2300109863281,78167400.0,270.6000061035156,274.7799987792969,269.739990234375,273.45001220703125,46394700.0,63.095001220703125,64.1449966430664,62.939998626708984,63.845001220703125,14670600.0,3.6470000743865967,3.697000026702881,3.621000051498413,3.684000015258789,0.0,103.94999694824219,104.37999725341797,103.8499984741211,104.16000366210938,0.0,21.25,21.290000915527344,19.940000534057617,20.06999969482422,0.0
2022-12-22,31.440000534057617,31.440000534057617,30.860000610351562,31.304000854492188,2100.0,383.04998779296875,386.2099914550781,374.7699890136719,380.7200012207031,100120900.0,270.3800048828125,270.510009765625,262.4599914550781,266.760009765625,60278400.0,63.04499816894531,63.1150016784668,61.18000030517578,62.23500061035156,15323600.0,3.6540000438690186,3.691999912261963,3.6470000743865967,3.6689999103546143,0.0,104.22000122070312,104.5999984741211,103.75,104.43000030517578,0.0,20.079999923706055,24.299999237060547,20.010000228881836,21.969999313354492,0.0
2022-12-23,31.09000015258789,31.440000534057617,31.09000015258789,31.43400001525879,3800.0,379.6499938964844,383.05999755859375,378.0299987792969,382.9100036621094,59857300.0,265.4700012207031,268.0400085449219,263.5299987792969,267.3599853515625,39373600.0,61.790000915527344,62.36000061035156,61.334999084472656,62.29999923706055,8231600.0,3.7009999752044678,3.753000020980835,3.694999933242798,3.750999927520752,0.0,104.38999938964844,104.54000091552734,104.12000274658203,104.30999755859375,0.0,22.170000076293945,22.639999389648438,20.780000686645508,20.8700008392334,0.0
2022-12-27,31.219999313354492,31.30500030517578,31.15399932861328,31.19499969482422,7400.0,382.7900085449219,383.1499938964844,379.6499938964844,381.3999938964844,51638200.0,266.739990234375,266.8500061035156,263.0299987792969,263.5799865722656,38009000.0,62.084999084472656,62.19499969482422,61.345001220703125,61.709999084472656,9530200.0,3.7869999408721924,3.861999988555908,3.7869999408721924,3.859999895095825,0.0,104.12000274658203,104.4000015258789,103.88999938964844,104.18000030517578,0.0,21.670000076293945,22.799999237060547,21.59000015258789,21.649999618530273,0.0
2022-12-28,31.31999969482422,31.354999542236328,30.860000610351562,30.882999420166016,1800.0,381.3299865722656,383.3900146484375,376.4200134277344,376.6600036621094,70911500.0,263.1700134277344,265.4700012207031,259.7300109863281,260.1000061035156,47139000.0,61.560001373291016,62.1349983215332,60.64500045776367,60.71500015258789,10362600.0,3.818000078201294,3.890000104904175,3.815000057220459,3.88700008392334,0.0,104.33000183105469,104.55999755859375,103.8499984741211,104.45999908447266,0.0,21.469999313354492,22.260000228881836,20.959999084472656,22.139999389648438,0.0
2022-12-29,31.239999771118164,31.600000381469727,31.239999771118164,31.559999465942383,12600.0,379.6300048828125,384.3500061035156,379.0799865722656,383.44000244140625,66970900.0,262.9599914550781,267.3999938964844,262.25,266.44000244140625,45893600.0,61.310001373291016,62.51499938964844,61.30500030517578,62.30500030517578,10954200.0,3.868000030517578,3.885999917984009,3.818000078201294,3.8350000381469727,0.0,104.37000274658203,104.44999694824219,103.77999877929688,103.83999633789062,0.0,22.25,22.309999465942383,21.360000610351562,21.440000534057617,0.0
2022-12-30,31.299999237060547,31.44099998474121,31.149999618530273,31.44099998474121,2400.0,380.6400146484375,382.5799865722656,378.42999267578125,382.42999267578125,84022200.0,263.6199951171875,266.4100036621094,262.2900085449219,266.2799987792969,37858300.0,61.65999984741211,62.255001068115234,61.275001525878906,62.220001220703125,8905800.0,3.86899995803833,3.9049999713897705,3.8310000896453857,3.878999948501587,0.0,103.94999694824219,104.0999984741211,103.38999938964844,103.5199966430664,0.0,21.829999923706055,22.399999618530273,21.59000015258789,21.670000076293945,0.0
2023-01-03,31.56999969482422,31.604999542236328,31.18000030517578,31.326000213623047,11300.0,384.3699951171875,386.42999267578125,377.8299865722656,380.82000732421875,74850700.0,268.6499938964844,270.1499938964844,262.1300048828125,264.4800109863281,42335300.0,62.8849983215332,63.29999923706055,61.189998626708984,61.630001068115234,15196200.0,3.757999897003174,3.809999942779541,3.7239999771118164,3.7929999828338623,0.0,103.66000366210938,104.86000061035156,103.47000122070312,104.5199966430664,0.0,23.09000015258789,23.760000228881836,22.729999542236328,22.899999618530273,0.0
2023-01-04,31.5,31.8700008392334,31.5,31.716999053955078,3800.0,383.17999267578125,385.8800048828125,380.0,383.760009765625,85934100.0,266.6400146484375,267.45001220703125,262.5299987792969,265.739990234375,47754900.0,61.95000076293945,62.185001373291016,61.11000061035156,61.790000915527344,11813000.0,3.677000045776367,3.7279999256134033,3.6640000343322754,3.7090001106262207,0.0,104.58000183105469,104.5999984741211,103.83000183105469,104.25,0.0,22.93000030517578,23.270000457763672,21.940000534057617,22.010000228881836,0.0
2023-01-05,31.299999237060547,31.334999084472656,31.209999084472656,31.222999572753906,2100.0,381.7200012207031,381.8399963378906,378.760009765625,379.3800048828125,76970500.0,264.0400085449219,264.2099914550781,261.260009765625,261.5799865722656,45396700.0,61.47999954223633,61.63999938964844,60.48500061035156,60.59000015258789,11341000.0,3.7279999256134033,3.7839999198913574,3.697999954223633,3.7200000286102295,0.0,104.06999969482422,105.2699966430664,103.98999786376953,105.04000091552734,0.0,22.200000762939453,22.920000076293945,21.969999313354492,22.459999084472656,0.0
2023-01-06,31.309999465942383,32.119998931884766,31.309999465942383,32.0369987487793,8700.0,382.6099853515625,389.25,379.4100036621094,388.0799865722656,104189600.0,263.3500061035156,269.94000244140625,260.3399963378906,268.79998779296875,54659700.0,61.125,62.64500045776367,60.404998779296875,62.3650016784668,13825400.0,3.746000051498413,3.753999948501587,3.558000087738037,3.569000005722046,0.0,105.05000305175781,105.62999725341797,103.87000274658203,103.87999725341797,0.0,22.690000534057617,22.899999618530273,21.0,21.1299991607666,0.0
2023-01-09,32.650001525878906,32.654998779296875,32.27199935913086,32.27199935913086,6100.0,390.3699951171875,393.70001220703125,387.6700134277344,387.8599853515625,73978100.0,270.8299865722656,275.2900085449219,269.9200134277344,270.5400085449219,45568700.0,62.92499923706055,64.23999786376953,62.904998779296875,63.09000015258789,21427200.0,3.5889999866485596,3.5910000801086426,3.507999897003174,3.5169999599456787,0.0,103.91000366210938,103.94000244140625,102.94000244140625,103.0,0.0,21.75,21.979999542236328,21.270000457763672,21.969999313354492,0.0
2023-01-10,32.34000015258789,32.45399856567383,32.279998779296875,32.45399856567383,11600.0,387.25,390.6499938964844,386.2699890136719,390.5799865722656,65358100.0,269.489990234375,272.94000244140625,268.9700012207031,272.8299865722656,35247800.0,62.935001373291016,63.58000183105469,62.599998474121094,63.47999954223633,17209000.0,3.578000068664551,3.6389999389648438,3.566999912261963,3.621000051498413,0.0,103.29000091552734,103.48999786376953,103.02999877929688,103.23999786376953,0.0,22.219999313354492,22.459999084472656,20.579999923706055,20.579999923706055,0.0
2023-01-11,32.77000045776367,32.92599868774414,32.77000045776367,32.92599868774414,1200.0,392.2300109863281,395.6000061035156,391.3800048828125,395.5199890136719,68881100.0,273.9200134277344,277.6600036621094,273.1199951171875,277.54998779296875,44077000.0,63.68000030517578,64.58000183105469,63.48500061035156,64.58000183105469,13758000.0,3.569000005722046,3.5950000286102295,3.552000045776367,3.553999900817871,0.0,103.22000122070312,103.4800033569336,103.11000061035156,103.19000244140625,0.0,20.799999237060547,21.25,20.6200008392334,21.09000015258789,0.0
2023-01-12,33.27000045776367,33.27000045776367,32.79999923706055,33.1609992980957,4600.0,396.6700134277344,398.489990234375,392.4200134277344,396.9599914550781,90157700.0,278.1199951171875,280.1000061035156,273.739990234375,279.04998779296875,60600000.0,64.68000030517578,65.3550033569336,63.88999938964844,65.05999755859375,15358600.0,3.503999948501587,3.5910000801086426,3.430999994277954,3.4489998817443848,0.0,103.05999755859375,103.29000091552734,102.08000183105469,102.25,0.0,21.559999465942383,21.799999237060547,18.829999923706055,18.829999923706055,0.0
2023-01-13,33.099998474121094,33.257999420166016,33.08000183105469,33.25,2800.0,393.6199951171875,399.1000061035156,393.3399963378906,398.5,63903900.0,276.5,281.2200012207031,276.1600036621094,280.9700012207031,44802900.0,64.44499969482422,65.33999633789062,64.29499816894531,65.24500274658203,10153200.0,3.489000082015991,3.515000104904175,3.430000066757202,3.510999917984009,0.0,102.20999908447266,102.6500015258789,101.98999786376953,102.19999694824219,0.0,19.0,19.40999984741211,18.010000228881836,18.350000381469727,0.0
2023-01-17,33.20000076293945,33.38999938964844,33.150001525878906,33.28099822998047,13800.0,398.4800109863281,400.2300109863281,397.05999755859375,397.7699890136719,62677300.0,280.7699890136719,282.8500061035156,279.5799865722656,281.5400085449219,36269700.0,65.15499877929688,65.92500305175781,65.07499694824219,65.54000091552734,10425800.0,3.575000047683716,3.5789999961853027,3.496000051498413,3.5350000858306885,0.0,102.31999969482422,102.55999755859375,101.94000244140625,102.38999938964844,0.0,19.889999389648438,20.219999313354492,19.209999084472656,19.360000610351562,0.0
2023-01-18,33.5,33.52000045776367,32.79199981689453,32.79199981689453,3800.0,399.010009765625,400.1199951171875,391.2799987792969,391.489990234375,99632300.0,283.1099853515625,284.69000244140625,277.6700134277344,277.8800048828125,47754500.0,65.91000366210938,66.26000213623047,64.65499877929688,64.69499969482422,13936000.0,3.4630000591278076,3.4670000076293945,3.375,3.375,0.0,102.47000122070312,102.9000015258789,101.52999877929688,102.36000061035156,0.0,19.280000686645508,20.579999923706055,18.709999084472656,20.34000015258789,0.0
2023-01-19,32.459999084472656,32.65999984741211,32.45000076293945,32.5,3200.0,389.3599853515625,391.0799865722656,387.260009765625,388.6400146484375,86958900.0,276.2200012207031,277.3800048828125,273.8900146484375,275.1499938964844,44150400.0,64.19000244140625,64.55000305175781,63.70500183105469,63.939998626708984,14645000.0,3.3970000743865967,3.427999973297119,3.372999906539917,3.3970000743865967,0.0,102.37999725341797,102.4800033569336,101.98999786376953,102.05999755859375,0.0,20.43000030517578,21.709999084472656,20.170000076293945,20.520000457763672,0.0
2023-01-20,32.89500045776367,33.24700164794922,32.89500045776367,33.24700164794922,11900.0,390.1000061035156,396.0400085449219,388.3800048828125,395.8800048828125,91806400.0,276.7900085449219,283.0199890136719,275.7099914550781,282.67999267578125,60613600.0,64.26000213623047,65.72000122070312,64.02999877929688,65.66999816894531,14127800.0,3.441999912261963,3.500999927520752,3.433000087738037,3.4839999675750732,0.0,102.08000183105469,102.55000305175781,101.94000244140625,102.01000213623047,0.0,20.280000686645508,20.700000762939453,19.40999984741211,19.850000381469727,0.0
2023-01-23,33.439998626708984,33.9739990234375,33.369998931884766,33.90999984741211,3200.0,396.7200012207031,402.6499938964844,395.7200012207031,400.6300048828125,84178800.0,283.5400085449219,290.2099914550781,282.7300109863281,288.9599914550781,52799900.0,65.93499755859375,67.55000305175781,65.78500366210938,67.16500091552734,23472600.0,3.503000020980835,3.546999931335449,3.493000030517578,3.5250000953674316,0.0,101.98999786376953,102.27999877929688,101.58999633789062,102.13999938964844,0.0,20.209999084472656,20.329999923706055,19.549999237060547,19.809999465942383,0.0
2023-01-24,33.709999084472656,33.849998474121094,33.709999084472656,33.83399963378906,1300.0,398.8800048828125,401.1499938964844,397.6400146484375,400.20001220703125,59524900.0,287.30999755859375,289.54998779296875,286.7799987792969,288.3699951171875,44875100.0,66.78500366210938,67.38999938964844,66.68499755859375,67.13500213623047,12575600.0,3.513000011444092,3.555999994277954,3.4579999446868896,3.4690001010894775,0.0,101.98999786376953,102.43000030517578,101.72000122070312,101.91999816894531,0.0,19.889999389648438,20.469999313354492,18.90999984741211,19.200000762939453,0.0
2023-01-25,33.47999954223633,33.834999084472656,33.32500076293945,33.834999084472656,800.0,395.95001220703125,400.70001220703125,393.55999755859375,400.3500061035156,84800300.0,283.7699890136719,288.3599853515625,281.17999267578125,287.7300109863281,50872000.0,66.0,67.16500091552734,65.38500213623047,66.99500274658203,14342200.0,3.434000015258789,3.489000082015991,3.421999931335449,3.4619998931884766,0.0,102.01000213623047,102.12000274658203,101.58000183105469,101.63999938964844,0.0,19.559999465942383,20.899999618530273,18.989999771118164,19.079999923706055,0.0
2023-01-26,33.95000076293945,34.266998291015625,33.95000076293945,34.266998291015625,3100.0,403.1300048828125,404.9200134277344,400.0299987792969,404.75,72287400.0,291.2200012207031,293.5199890136719,288.5199890136719,293.3399963378906,51596300.0,67.6500015258789,68.09500122070312,66.94999694824219,68.06500244140625,11161800.0,3.490999937057495,3.5209999084472656,3.4519999027252197,3.493000030517578,0.0,101.58000183105469,102.18000030517578,101.5,101.83999633789062,0.0,19.049999237060547,19.479999542236328,18.670000076293945,18.729999542236328,0.0
2023-01-27,34.09000015258789,34.72999954223633,34.09000015258789,34.560001373291016,1600.0,403.6600036621094,408.1600036621094,403.44000244140625,405.67999267578125,68346200.0,292.0,298.260009765625,291.8800048828125,296.260009765625,56441900.0,67.63500213623047,68.83000183105469,67.6050033569336,68.3499984741211,13549400.0,3.5439999103546143,3.552000045776367,3.5179998874664307,3.5179998874664307,0.0,101.72000122070312,102.19000244140625,101.68000030517578,101.93000030517578,0.0,18.899999618530273,19.0,17.969999313354492,18.510000228881836,0.0
2023-01-30,34.279998779296875,34.45000076293945,34.000999450683594,34.000999450683594,2300.0,402.79998779296875,405.1300048828125,400.2799987792969,400.5899963378906,74202000.0,292.92999267578125,294.3800048828125,289.8900146484375,290.2699890136719,49405800.0,67.56500244140625,67.86000061035156,66.98999786376953,67.04499816894531,9705600.0,3.552999973297119,3.5739998817443848,3.5220000743865967,3.5510001182556152,0.0,101.91999816894531,102.30999755859375,101.66000366210938,102.27999877929688,0.0,19.760000228881836,20.25,19.540000915527344,19.940000534057617,0.0
2023-01-31,34.2599983215332,34.547000885009766,34.2599983215332,34.547000885009766,1200.0,401.1300048828125,406.5299987792969,400.7699890136719,406.4800109863281,86811800.0,290.30999755859375,294.7200012207031,290.20001220703125,294.6199951171875,46705100.0,67.04499816894531,68.01000213623047,67.0,67.9800033569336,8871600.0,3.5309998989105225,3.552999973297119,3.48799991607666,3.5290000438690186,0.0,102.19000244140625,102.61000061035156,102.01000213623047,102.0999984741211,0.0,20.1200008392334,20.700000762939453,19.1299991607666,19.399999618530273,0.0
2023-02-01,34.46500015258789,35.198001861572266,34.45000076293945,35.198001861572266,1100.0,405.2099914550781,413.6700134277344,402.3500061035156,410.79998779296875,101459200.0,294.4100036621094,303.42999267578125,292.29998779296875,300.9200134277344,67562200.0,67.93000030517578,70.13500213623047,67.6050033569336,69.58000183105469,18852800.0,3.4749999046325684,3.509999990463257,3.38700008392334,3.3970000743865967,0.0,102.0999984741211,102.19000244140625,101.04000091552734,101.22000122070312,0.0,19.6200008392334,20.040000915527344,17.700000762939453,17.8700008392334,0.0
2023-02-02,35.630001068115234,35.849998474121094,35.54999923706055,35.72999954223633,2100.0,414.8599853515625,418.30999755859375,412.8800048828125,416.7799987792969,101654500.0,307.57000732421875,313.67999267578125,306.7300109863281,311.7200012207031,83070600.0,70.7699966430664,71.87999725341797,70.44499969482422,71.4800033569336,18824000.0,3.372999906539917,3.4070000648498535,3.3340001106262207,3.3959999084472656,0.0,100.8499984741211,101.91000366210938,100.81999969482422,101.75,0.0,17.739999771118164,19.25,17.059999465942383,18.729999542236328,0.0
2023-02-03,35.61000061035156,35.68000030517578,35.189998626708984,35.25899887084961,1400.0,411.5899963378906,416.9700012207031,411.0899963378906,412.3500061035156,94736800.0,304.94000244140625,312.3900146484375,304.5400085449219,306.17999267578125,76170800.0,70.25,72.04499816894531,70.1449966430664,70.88500213623047,16145400.0,3.390000104904175,3.555999994277954,3.38100004196167,3.5320000648498535,0.0,101.83000183105469,103.01000213623047,101.55000305175781,102.91999816894531,0.0,18.56999969482422,19.299999237060547,17.93000030517578,18.329999923706055,0.0
2023-02-06,35.04999923706055,35.20000076293945,34.96099853515625,34.96099853515625,1200.0,409.7900085449219,411.2900085449219,408.1000061035156,409.8299865722656,60295300.0,303.510009765625,305.9100036621094,302.2200012207031,303.5899963378906,40802300.0,70.0999984741211,70.6500015258789,69.75499725341797,70.0199966430664,12977400.0,3.5989999771118164,3.6440000534057617,3.5989999771118164,3.634000062942505,0.0,103.01000213623047,103.7699966430664,103.01000213623047,103.62000274658203,0.0,19.229999542236328,19.809999465942383,19.209999084472656,19.43000030517578,0.0
2023-02-07,34.810001373291016,35.49700164794922,34.72999954223633,35.49700164794922,8500.0,408.8699951171875,416.489990234375,407.57000732421875,415.19000244140625,90990700.0,303.4599914550781,311.0299987792969,302.32000732421875,309.8800048828125,67584000.0,70.125,72.04000091552734,70.09500122070312,71.7699966430664,15708200.0,3.6449999809265137,3.680999994277954,3.5969998836517334,3.6740000247955322,0.0,103.54000091552734,103.95999908447266,103.0,103.43000030517578,0.0,19.540000915527344,19.989999771118164,18.43000030517578,18.65999984741211,0.0
2023-02-08,35.43000030517578,35.43000030517578,35.15999984741211,35.15999984741211,3200.0,413.1300048828125,414.5299987792969,409.92999267578125,410.6499938964844,76227500.0,308.5400085449219,309.5,303.6700134277344,304.3699951171875,56720900.0,71.91000366210938,72.29499816894531,70.76000213623047,70.90499877929688,12577000.0,3.6579999923706055,3.691999912261963,3.630000114440918,3.6530001163482666,0.0,103.2699966430664,103.5199966430664,103.0,103.41000366210938,0.0,18.8799991607666,20.1200008392334,18.549999237060547,19.6299991607666,0.0
2023-02-09,35.619998931884766,35.619998931884766,34.94900131225586,34.94900131225586,2800.0,414.4100036621094,414.57000732421875,405.80999755859375,407.0899963378906,78694900.0,308.8399963378906,308.989990234375,300.20001220703125,301.67999267578125,49137800.0,72.0,72.12000274658203,70.23500061035156,70.51499938964844,12624000.0,3.5859999656677246,3.690000057220459,3.575000047683716,3.683000087738037,0.0,103.43000030517578,103.55000305175781,102.63999938964844,103.22000122070312,0.0,19.239999771118164,21.079999923706055,19.020000457763672,20.709999084472656,0.0
2023-02-10,34.790000915527344,34.790000915527344,34.61000061035156,34.71699905395508,1300.0,405.8599853515625,408.44000244140625,405.010009765625,408.0400085449219,70769700.0,299.4800109863281,301.57000732421875,297.25,299.70001220703125,50050100.0,69.98999786376953,70.43000030517578,69.5250015258789,70.19000244140625,9861600.0,3.686000108718872,3.746999979019165,3.6730000972747803,3.74399995803833,0.0,103.26000213623047,103.68000030517578,102.9000015258789,103.62999725341797,0.0,20.739999771118164,21.940000534057617,20.440000534057617,20.530000686645508,0.0
2023-02-13,34.849998474121094,35.04999923706055,34.6349983215332,35.04999923706055,2500.0,408.7200012207031,412.9700012207031,408.239990234375,412.8299865722656,64913500.0,301.1300048828125,305.1000061035156,299.92999267578125,304.5,39636700.0,70.46499633789062,71.55999755859375,70.41999816894531,71.40499877929688,8411800.0,3.746999979019165,3.755000114440918,3.7019999027252197,3.7170000076293945,0.0,103.58000183105469,103.83999633789062,103.23999786376953,103.3499984741211,0.0,21.65999984741211,21.690000534057617,20.329999923706055,20.34000015258789,0.0
2023-02-14,35.119998931884766,35.29999923706055,34.9900016784668,35.29999923706055,700.0,411.239990234375,415.04998779296875,408.510009765625,412.6400146484375,88389300.0,302.8900146484375,307.7200012207031,300.9100036621094,306.75,64079100.0,71.06999969482422,72.11499786376953,70.625,71.70999908447266,12622000.0,3.687999963760376,3.7990000247955322,3.621999979019165,3.760999917984009,0.0,103.22000122070312,103.5199966430664,102.58999633789062,103.2300033569336,0.0,20.719999313354492,20.75,18.479999542236328,18.90999984741211,0.0
2023-02-15,35.0,35.507999420166016,35.0,35.507999420166016,3000.0,410.3500061035156,414.05999755859375,409.4700012207031,413.9800109863281,61555700.0,304.8999938964844,309.2699890136719,304.20001220703125,309.1000061035156,43100600.0,71.2750015258789,72.05000305175781,71.1050033569336,72.04499816894531,10491000.0,3.749000072479248,3.822000026702881,3.749000072479248,3.809000015258789,0.0,103.20999908447266,104.11000061035156,103.16000366210938,103.91999816894531,0.0,19.3700008392334,19.40999984741211,18.110000610351562,18.229999542236328,0.0
2023-02-16,34.9900016784668,35.5099983215332,34.9900016784668,35.02000045776367,7400.0,408.7900085449219,412.9100036621094,408.1400146484375,408.2799987792969,76431500.0,304.3800048828125,308.42999267578125,303.1499938964844,303.29998779296875,59498600.0,71.0,71.80500030517578,70.73999786376953,70.79499816894531,13001200.0,3.802999973297119,3.86899995803833,3.7929999828338623,3.8429999351501465,0.0,103.87999725341797,104.2300033569336,103.52999877929688,103.86000061035156,0.0,18.260000228881836,20.270000457763672,18.229999542236328,20.170000076293945,0.0
2023-02-17,34.9900016784668,34.9900016784668,34.63999938964844,34.82600021362305,1400.0,406.05999755859375,407.510009765625,404.04998779296875,407.260009765625,89257800.0,301.07000732421875,301.92999267578125,298.1000061035156,301.1600036621094,58230700.0,70.29000091552734,70.37000274658203,69.30000305175781,69.91000366210938,10606600.0,3.885999917984009,3.9000000953674316,3.8239998817443848,3.828000068664551,0.0,104.19999694824219,104.66999816894531,103.83999633789062,103.86000061035156,0.0,20.940000534057617,21.299999237060547,19.81999969482422,20.020000457763672,0.0
2023-02-21,34.66999816894531,34.66999816894531,34.0099983215332,34.0099983215332,2900.0,403.05999755859375,404.1600036621094,398.82000732421875,399.0899963378906,82655900.0,297.260009765625,298.7300109863281,293.8900146484375,294.0299987792969,46526700.0,68.9749984741211,69.38999938964844,68.19000244140625,68.25,12277800.0,3.8940000534057617,3.9619998931884766,3.88100004196167,3.9549999237060547,0.0,103.91000366210938,104.26000213623047,103.7699966430664,104.18000030517578,0.0,21.799999237060547,23.34000015258789,21.799999237060547,22.8700008392334,0.0
2023-02-22,33.90999984741211,34.36000061035156,33.90999984741211,33.95500183105469,2700.0,399.5199890136719,401.1300048828125,397.0199890136719,398.5400085449219,83742300.0,294.6199951171875,296.3599853515625,292.55999755859375,294.25,51389200.0,68.38999938964844,68.69999694824219,67.82499694824219,68.1500015258789,14338400.0,3.927000045776367,3.9509999752044678,3.890000104904175,3.9230000972747803,0.0,104.12999725341797,104.5999984741211,104.01000213623047,104.58999633789062,0.0,23.030000686645508,23.6299991607666,22.020000457763672,22.290000915527344,0.0
2023-02-23,34.4900016784668,34.4900016784668,33.959999084472656,34.400001525878906,12300.0,401.55999755859375,402.20001220703125,396.25,400.6600036621094,96242400.0,297.9700012207031,298.1300048828125,292.54998779296875,296.82000732421875,69294400.0,69.41999816894531,69.54000091552734,68.30500030517578,69.27999877929688,13120000.0,3.940999984741211,3.9779999256134033,3.86299991607666,3.878999948501587,0.0,104.5,104.77999877929688,104.30999755859375,104.5999984741211,0.0,21.959999084472656,22.43000030517578,20.889999389648438,21.139999389648438,0.0
2023-02-24,33.84000015258789,33.97999954223633,33.790000915527344,33.90299987792969,1600.0,395.4200134277344,397.25,393.6400146484375,396.3800048828125,108194400.0,291.760009765625,292.9700012207031,290.04998779296875,291.8500061035156,74332000.0,68.05000305175781,68.33999633789062,67.6500015258789,68.04499816894531,14347400.0,3.9159998893737793,3.9779999256134033,3.9079999923706055,3.9489998817443848,0.0,104.55999755859375,105.31999969482422,104.41999816894531,105.20999908447266,0.0,21.350000381469727,22.899999618530273,21.31999969482422,21.670000076293945,0.0
2023-02-27,34.130001068115234,34.209999084472656,34.08000183105469,34.08000183105469,4000.0,399.8699951171875,401.2900085449219,396.75,397.7300109863281,80444700.0,295.07000732421875,296.489990234375,293.3399963378906,293.94000244140625,48995000.0,68.7300033569336,69.08000183105469,68.28500366210938,68.41000366210938,9389000.0,3.9670000076293945,3.9670000076293945,3.8970000743865967,3.921999931335449,0.0,105.26000213623047,105.36000061035156,104.55000305175781,104.66999816894531,0.0,21.989999771118164,22.020000457763672,20.68000030517578,20.950000762939453,0.0
2023-02-28,34.0099983215332,34.25,34.0099983215332,34.09000015258789,11700.0,397.2300109863281,399.2799987792969,396.1499938964844,396.260009765625,96438600.0,293.29998779296875,296.1199951171875,292.9599914550781,293.55999755859375,48243100.0,68.19000244140625,68.91999816894531,68.06999969482422,68.26000213623047,10485800.0,3.947000026702881,3.9830000400543213,3.9040000438690186,3.9159998893737793,0.0,104.62999725341797,105.0,104.41999816894531,104.87000274658203,0.0,21.299999237060547,21.3700008392334,20.100000381469727,20.700000762939453,0.0
2023-03-01,34.099998474121094,34.099998474121094,33.77000045776367,33.8390007019043,1400.0,395.4100036621094,396.69000244140625,393.3800048828125,394.739990234375,99706800.0,293.260009765625,293.92999267578125,290.20001220703125,291.20001220703125,58287000.0,68.29000091552734,68.4000015258789,67.55000305175781,67.76000213623047,15069400.0,3.940000057220459,4.00600004196167,3.934000015258789,3.99399995803833,0.0,105.04000091552734,105.08999633789062,104.08999633789062,104.4800033569336,0.0,20.389999389648438,21.31999969482422,20.219999313354492,20.579999923706055,0.0
2023-03-02,33.869998931884766,34.099998474121094,33.54999923706055,34.06999969482422,10000.0,392.67999267578125,398.69000244140625,392.3299865722656,397.80999755859375,85127800.0,288.6600036621094,294.42999267578125,288.3699951171875,293.6099853515625,53565900.0,67.57499694824219,68.80999755859375,67.45999908447266,68.59500122070312,10969400.0,4.050000190734863,4.091000080108643,4.044000148773193,4.072999954223633,0.0,104.38999938964844,105.18000030517578,104.38999938964844,105.02999877929688,0.0,21.40999984741211,21.420000076293945,19.549999237060547,19.59000015258789,0.0
2023-03-03,34.279998779296875,34.638999938964844,34.27000045776367,34.638999938964844,2900.0,399.7099914550781,404.45001220703125,399.0299987792969,404.19000244140625,90120000.0,295.3900146484375,299.9200134277344,294.8699951171875,299.67999267578125,60511500.0,69.03500366210938,70.07499694824219,68.97000122070312,70.06999969482422,14439600.0,4.013000011444092,4.026000022888184,3.9619998931884766,3.9639999866485596,0.0,104.94000244140625,105.0,104.48999786376953,104.5199966430664,0.0,19.760000228881836,19.760000228881836,18.15999984741211,18.489999771118164,0.0
2023-03-06,34.630001068115234,34.880001068115234,34.560001373291016,34.595001220703125,3700.0,405.04998779296875,407.45001220703125,404.010009765625,404.4700012207031,72795900.0,300.94000244140625,304.0,299.82000732421875,300.0199890136719,56736300.0,70.5199966430664,71.36000061035156,70.3499984741211,70.40499877929688,15999200.0,3.9049999713897705,3.989000082015991,3.8970000743865967,3.9830000400543213,0.0,104.52999877929688,104.69000244140625,104.16000366210938,104.3499984741211,0.0,19.049999237060547,19.190000534057617,18.489999771118164,18.610000610351562,0.0
2023-03-07,34.5,34.5,34.040000915527344,34.055999755859375,1700.0,404.4200134277344,404.6700134277344,397.6300048828125,398.2699890136719,108310600.0,300.07000732421875,301.010009765625,295.7200012207031,296.3399963378906,65955800.0,70.3499984741211,70.62000274658203,69.3550033569336,69.52999877929688,14120000.0,3.940000057220459,4.006999969482422,3.9210000038146973,3.9749999046325684,0.0,104.30000305175781,105.6500015258789,104.12000274658203,105.62000274658203,0.0,18.639999389648438,19.739999771118164,18.510000228881836,19.59000015258789,0.0
2023-03-08,34.0,34.209999084472656,34.0,34.183998107910156,900.0,398.3900146484375,399.7099914550781,396.5899963378906,398.9200134277344,74746600.0,296.7699890136719,298.42999267578125,294.8800048828125,297.82000732421875,50876300.0,69.7750015258789,70.19000244140625,69.36499786376953,70.1050033569336,13247000.0,3.9600000381469727,3.994999885559082,3.9010000228881836,3.9760000705718994,0.0,105.66999816894531,105.87999725341797,105.37000274658203,105.66000366210938,0.0,19.709999084472656,20.010000228881836,19.0,19.110000610351562,0.0
2023-03-09,34.36000061035156,34.36000061035156,33.439998626708984,33.4630012512207,2500.0,399.739990234375,401.4800109863281,390.5299987792969,391.55999755859375,111945300.0,298.3299865722656,300.9800109863281,291.8299865722656,292.6600036621094,71456700.0,70.21499633789062,71.00499725341797,68.96499633789062,69.0999984741211,15624600.0,4.011000156402588,4.017000198364258,3.8940000534057617,3.924999952316284,0.0,105.62000274658203,105.7300033569336,105.1500015258789,105.30999755859375,0.0,19.329999923706055,23.139999389648438,18.8799991607666,22.610000610351562,0.0
2023-03-10,33.040000915527344,33.040000915527344,32.7239990234375,32.7239990234375,1600.0,390.989990234375,393.1600036621094,384.32000732421875,385.9100036621094,189253000.0,292.8299865722656,294.3500061035156,287.3800048828125,288.54998779296875,98593600.0,69.0,69.17500305175781,67.61499786376953,67.88500213623047,30556800.0,3.812000036239624,3.8320000171661377,3.6740000247955322,3.694999933242798,0.0,105.12999725341797,105.3499984741211,104.04000091552734,104.58000183105469,0.0,23.34000015258789,28.969999313354492,21.790000915527344,24.799999237060547,0.0
2023-03-13,32.06999969482422,32.880001068115234,32.06999969482422,32.560001373291016,12200.0,381.80999755859375,390.3900146484375,380.6499938964844,385.3599853515625,157790000.0,286.7300109863281,294.4700012207031,285.19000244140625,290.69000244140625,97123600.0,67.45999908447266,69.19999694824219,67.04000091552734,68.25499725341797,34439400.0,3.505000114440918,3.546999931335449,3.4189999103546143,3.515000104904175,0.0,104.38999938964844,104.38999938964844,103.4800033569336,103.5999984741211,0.0,24.049999237060547,30.809999465942383,23.850000381469727,26.520000457763672,0.0
2023-03-14,33.31999969482422,33.33000183105469,33.099998474121094,33.117000579833984,4400.0,390.5,393.45001220703125,387.04998779296875,391.7300109863281,149752400.0,294.30999755859375,297.92999267578125,293.45001220703125,297.3699951171875,73602500.0,69.13500213623047,70.07499694824219,68.8499984741211,69.83000183105469,21202200.0,3.5899999141693115,3.684999942779541,3.555999994277954,3.638000011444092,0.0,103.66999816894531,104.05000305175781,103.5,103.5999984741211,0.0,26.850000381469727,27.239999771118164,22.270000457763672,23.729999542236328,0.0
2023-03-15,32.380001068115234,32.81999969482422,32.380001068115234,32.77299880981445,11600.0,385.8900146484375,389.489990234375,383.7099914550781,389.2799987792969,172996900.0,294.7099914550781,299.2699890136719,293.239990234375,298.92999267578125,83631500.0,69.06500244140625,69.95500183105469,68.7300033569336,69.87000274658203,23060000.0,3.5260000228881836,3.5299999713897705,3.388000011444092,3.492000102996826,0.0,103.73999786376953,105.0999984741211,103.44000244140625,104.6500015258789,0.0,23.209999084472656,29.90999984741211,23.190000534057617,26.139999389648438,0.0
2023-03-16,32.7599983215332,33.56999969482422,32.7599983215332,33.56999969482422,9500.0,386.82000732421875,396.4700012207031,386.2900085449219,396.1099853515625,143254200.0,298.0,307.17999267578125,297.19000244140625,306.80999755859375,98198100.0,69.625,71.93000030517578,69.3949966430664,71.83000183105469,26086800.0,3.430999994277954,3.5869998931884766,3.36899995803833,3.5850000381469727,0.0,104.62000274658203,104.73999786376953,104.19999694824219,104.41999816894531,0.0,26.190000534057617,27.489999771118164,22.969999313354492,22.989999771118164,0.0
2023-03-17,33.5,33.520999908447266,33.22999954223633,33.2599983215332,1400.0,393.2200012207031,394.3999938964844,388.54998779296875,389.989990234375,140553400.0,306.7200012207031,309.1499938964844,303.3699951171875,305.3599853515625,89923700.0,71.97000122070312,72.58999633789062,71.30999755859375,71.7300033569336,23078600.0,3.496000051498413,3.496000051498413,3.381999969482422,3.3949999809265137,0.0,104.41000366210938,104.44999694824219,103.69000244140625,103.70999908447266,0.0,22.920000076293945,26.139999389648438,22.579999923706055,25.510000228881836,0.0
2023-03-20,33.53499984741211,33.54499816894531,33.29999923706055,33.54499816894531,2800.0,390.79998779296875,394.1700134277344,390.07000732421875,393.739990234375,93055800.0,304.260009765625,306.29998779296875,302.010009765625,305.9700012207031,56359500.0,71.44499969482422,71.8550033569336,70.91000366210938,71.76499938964844,11981600.0,3.3949999809265137,3.506999969482422,3.3949999809265137,3.4809999465942383,0.0,103.86000061035156,103.95999908447266,103.27999877929688,103.27999877929688,0.0,27.770000457763672,28.90999984741211,24.0,24.149999618530273,0.0
2023-03-21,34.07500076293945,34.11199951171875,33.84000015258789,34.11199951171875,2100.0,397.239990234375,399.4100036621094,395.5799865722656,398.9100036621094,91524200.0,307.94000244140625,310.79998779296875,306.3999938964844,310.3399963378906,49757000.0,72.15499877929688,72.4749984741211,71.40499877929688,72.34500122070312,13066400.0,3.572999954223633,3.61299991607666,3.5369999408721924,3.6059999465942383,0.0,103.30999755859375,103.5199966430664,103.0,103.26000213623047,0.0,24.15999984741211,24.15999984741211,21.290000915527344,21.3799991607666,0.0
2023-03-22,34.15999984741211,34.15999984741211,33.59700012207031,33.59700012207031,700.0,398.7300109863281,402.489990234375,392.07000732421875,392.1099853515625,111746600.0,310.2699890136719,315.25,305.95001220703125,306.1199951171875,75791900.0,72.34500122070312,73.78500366210938,71.58499908447266,71.625,14224400.0,3.638000011444092,3.6440000534057617,3.4600000381469727,3.5,0.0,103.19999694824219,103.2699966430664,102.06999969482422,102.3499984741211,0.0,21.799999237060547,22.3799991607666,19.940000534057617,22.260000228881836,0.0
2023-03-23,33.599998474121094,34.034000396728516,33.56999969482422,33.75600051879883,11000.0,395.0899963378906,399.2900085449219,390.3500061035156,393.1700134277344,119351300.0,309.9200134277344,314.1499938964844,307.010009765625,309.75,74576000.0,72.54000091552734,73.7750015258789,72.1050033569336,72.79000091552734,17595800.0,3.4830000400543213,3.5199999809265137,3.3929998874664307,3.4059998989105225,0.0,102.5,102.63999938964844,101.91999816894531,102.52999877929688,0.0,21.540000915527344,24.90999984741211,20.15999984741211,22.610000610351562,0.0
2023-03-24,33.369998931884766,33.720001220703125,33.369998931884766,33.720001220703125,1500.0,391.8399963378906,395.8399963378906,389.3999938964844,395.75,107682400.0,309.32000732421875,310.989990234375,306.95001220703125,310.8900146484375,57195200.0,72.55999755859375,73.01499938964844,72.08000183105469,72.9800033569336,11872600.0,3.2980000972747803,3.3970000743865967,3.2950000762939453,3.380000114440918,0.0,102.5999984741211,103.36000061035156,102.5,103.12000274658203,0.0,22.110000610351562,25.209999084472656,21.600000381469727,21.739999771118164,0.0
2023-03-27,33.75,34.0,33.75,33.797000885009766,1300.0,398.1199951171875,398.9200134277344,395.55999755859375,396.489990234375,74010400.0,311.6000061035156,312.70001220703125,307.8900146484375,308.760009765625,50287400.0,73.08999633789062,73.33999633789062,72.24500274658203,72.41500091552734,10810600.0,3.4700000286102295,3.5369999408721924,3.4679999351501465,3.5280001163482666,0.0,103.12000274658203,103.2300033569336,102.83000183105469,102.86000061035156,0.0,22.049999237060547,22.93000030517578,20.56999969482422,20.600000381469727,0.0
2023-03-28,33.65999984741211,33.66999816894531,33.494998931884766,33.630001068115234,11000.0,395.7699890136719,396.489990234375,393.69000244140625,395.6000061035156,62871700.0,308.1700134277344,308.20001220703125,304.7699890136719,307.1199951171875,48585900.0,72.29000091552734,72.31500244140625,71.42500305175781,72.07499694824219,9968000.0,3.5450000762939453,3.575000047683716,3.5220000743865967,3.563999891281128,0.0,102.75,102.76000213623047,102.37999725341797,102.43000030517578,0.0,20.530000686645508,21.399999618530273,19.90999984741211,19.969999313354492,0.0
2023-03-29,33.7400016784668,34.2400016784668,33.7400016784668,34.19300079345703,6000.0,399.92999267578125,401.6000061035156,398.67999267578125,401.3500061035156,77497900.0,310.8800048828125,313.3500061035156,310.04998779296875,312.7200012207031,53274300.0,72.9800033569336,73.75,72.875,73.58499908447266,14256600.0,3.5769999027252197,3.609999895095825,3.546999931335449,3.565999984741211,0.0,102.48999786376953,102.79000091552734,102.37000274658203,102.63999938964844,0.0,19.389999389648438,19.450000762939453,19.09000015258789,19.1200008392334,0.0
2023-03-30,34.2400016784668,34.479000091552734,34.2400016784668,34.42100143432617,2100.0,404.0899963378906,404.3500061035156,401.760009765625,403.70001220703125,69840000.0,315.239990234375,316.32000732421875,312.80999755859375,315.67999267578125,58354800.0,74.26499938964844,74.54499816894531,73.94000244140625,74.44000244140625,11202400.0,3.563999891281128,3.5940001010894775,3.546999931335449,3.5510001182556152,0.0,102.62000274658203,102.77999877929688,102.06999969482422,102.13999938964844,0.0,19.1200008392334,20.079999923706055,18.850000381469727,19.020000457763672,0.0
2023-03-31,34.98099899291992,34.98099899291992,34.98099899291992,34.98099899291992,200.0,404.6600036621094,409.70001220703125,404.54998779296875,409.3900146484375,112062600.0,315.9100036621094,321.1700134277344,315.6000061035156,320.92999267578125,62138100.0,74.3499984741211,75.57499694824219,74.25499725341797,75.50499725341797,15069800.0,3.555999994277954,3.559999942779541,3.492000102996826,3.49399995803833,0.0,102.19999694824219,102.62999725341797,102.05000305175781,102.51000213623047,0.0,19.209999084472656,19.43000030517578,18.520000457763672,18.700000762939453,0.0
2023-04-03,34.98099899291992,34.98099899291992,34.779998779296875,34.96500015258789,3400.0,408.8500061035156,411.3699951171875,408.44000244140625,410.95001220703125,67391100.0,318.7699890136719,320.4200134277344,317.4200134277344,320.1499938964844,47126800.0,75.04499816894531,75.48999786376953,74.68499755859375,75.38500213623047,21142200.0,3.5169999599456787,3.5239999294281006,3.4000000953674316,3.430000066757202,0.0,102.58999633789062,103.05999755859375,101.9800033569336,102.08999633789062,0.0,19.790000915527344,19.829999923706055,18.540000915527344,18.549999237060547,0.0
2023-04-04,35.0,35.0,34.59000015258789,34.64400100708008,2200.0,411.6199951171875,411.9200134277344,407.239990234375,408.6700134277344,66601500.0,320.6000061035156,321.6300048828125,317.8299865722656,319.07000732421875,45875400.0,75.49500274658203,75.75499725341797,74.69000244140625,74.97000122070312,15824800.0,3.4730000495910645,3.484999895095825,3.3350000381469727,3.3369998931884766,0.0,102.01000213623047,102.27999877929688,101.45999908447266,101.58999633789062,0.0,18.790000915527344,20.030000686645508,18.579999923706055,19.0,0.0
2023-04-05,34.48500061035156,34.48500061035156,34.2599983215332,34.40999984741211,4100.0,407.9100036621094,408.70001220703125,405.8800048828125,407.6000061035156,65200200.0,318.1000061035156,319.05999755859375,314.07000732421875,315.9200134277344,62795700.0,74.61499786376953,74.68499755859375,73.58000183105469,74.11499786376953,15737600.0,3.309000015258789,3.3239998817443848,3.2660000324249268,3.2869999408721924,0.0,101.5199966430664,101.98999786376953,101.41999816894531,101.8499984741211,0.0,19.420000076293945,20.079999923706055,19.0,19.079999923706055,0.0
2023-04-06,34.45500183105469,34.45500183105469,34.45500183105469,34.45500183105469,400.0,406.7699890136719,409.4800109863281,405.67999267578125,409.19000244140625,63743300.0,314.239990234375,318.54998779296875,312.82000732421875,318.04998779296875,46916500.0,73.57499694824219,74.62999725341797,73.25499725341797,74.53500366210938,15696000.0,3.2679998874664307,3.305000066757202,3.253000020980835,3.2880001068115234,0.0,101.83000183105469,102.13999938964844,101.76000213623047,101.81999969482422,0.0,19.299999237060547,19.8799991607666,18.350000381469727,18.399999618530273,0.0
2023-04-10,34.400001525878906,34.56800079345703,34.400001525878906,34.56800079345703,1300.0,406.6099853515625,409.69000244140625,405.9700012207031,409.6099853515625,63681000.0,315.07000732421875,317.9200134277344,313.25,317.8699951171875,45134700.0,73.79499816894531,74.51000213623047,73.38999938964844,74.49500274658203,9517200.0,3.365999937057495,3.436000108718872,3.3510000705718994,3.4149999618530273,0.0,102.0999984741211,102.80999755859375,101.98999786376953,102.58000183105469,0.0,19.389999389648438,20.049999237060547,18.93000030517578,18.969999313354492,0.0
2023-04-11,34.66999816894531,34.779998779296875,34.667999267578125,34.667999267578125,1000.0,410.260009765625,411.17999267578125,408.9200134277344,409.7200012207031,59297900.0,317.8299865722656,317.8900146484375,315.30999755859375,315.8299865722656,40113600.0,74.36499786376953,74.375,73.66999816894531,73.79499816894531,12791600.0,3.4089999198913574,3.4560000896453857,3.3910000324249268,3.434000015258789,0.0,102.5199966430664,102.5199966430664,102.01000213623047,102.19999694824219,0.0,19.079999923706055,19.280000686645508,18.559999465942383,19.100000381469727,0.0
2023-04-12,34.900001525878906,34.900001525878906,34.402000427246094,34.402000427246094,900.0,411.8699951171875,412.1700134277344,407.44000244140625,408.04998779296875,86420400.0,317.82000732421875,318.4200134277344,312.57000732421875,313.0400085449219,62813300.0,74.29499816894531,74.49500274658203,73.25499725341797,73.375,13235800.0,3.447000026702881,3.4600000381469727,3.3420000076293945,3.4210000038146973,0.0,102.12999725341797,102.16000366210938,101.44999694824219,101.5,0.0,19.3799991607666,19.979999542236328,18.25,19.09000015258789,0.0
2023-04-13,34.540000915527344,34.814998626708984,34.529998779296875,34.77399826049805,2500.0,409.17999267578125,413.8399963378906,407.989990234375,413.4700012207031,85814800.0,314.8299865722656,319.6499938964844,313.6300048828125,319.1700134277344,54613800.0,73.66000366210938,74.8550033569336,73.54000091552734,74.73999786376953,13641800.0,3.427999973297119,3.4600000381469727,3.371999979019165,3.4519999027252197,0.0,101.47000122070312,101.5999984741211,100.8499984741211,101.01000213623047,0.0,18.829999923706055,19.059999465942383,17.770000457763672,17.799999237060547,0.0
2023-04-14,34.805999755859375,34.849998474121094,34.470001220703125,34.66400146484375,5900.0,412.80999755859375,415.0899963378906,410.05999755859375,412.4599914550781,78161500.0,317.5899963378906,320.3599853515625,315.6099853515625,318.57000732421875,56278300.0,74.31999969482422,74.93499755859375,73.67500305175781,74.32499694824219,13003600.0,3.4539999961853027,3.5360000133514404,3.443000078201294,3.5220000743865967,0.0,101.0,101.75,100.79000091552734,101.55000305175781,0.0,17.940000534057617,18.1200008392334,17.06999969482422,17.06999969482422,0.0
2023-04-17,34.59000015258789,34.7859992980957,34.540000915527344,34.7859992980957,3700.0,412.3699951171875,413.9599914550781,411.0899963378906,413.94000244140625,66436400.0,318.1499938964844,319.20001220703125,316.0400085449219,318.8399963378906,43007000.0,74.41999816894531,74.76000213623047,74.01499938964844,74.59500122070312,8306000.0,3.5490000247955322,3.6019999980926514,3.5380001068115234,3.5910000801086426,0.0,101.58000183105469,102.2300033569336,101.52999877929688,102.0999984741211,0.0,17.579999923706055,17.790000915527344,16.899999618530273,16.950000762939453,0.0
2023-04-18,34.97999954223633,35.0,34.810001373291016,34.86399841308594,7300.0,415.5799865722656,415.7200012207031,412.7799987792969,414.2099914550781,63560000.0,320.989990234375,321.4200134277344,317.6400146484375,318.8599853515625,46746900.0,75.16500091552734,75.36499786376953,74.5,74.82499694824219,9212800.0,3.578000068664551,3.6019999980926514,3.5490000247955322,3.572000026702881,0.0,102.0999984741211,102.13999938964844,101.63999938964844,101.75,0.0,16.940000534057617,17.34000015258789,16.579999923706055,16.829999923706055,0.0
2023-04-19,34.77000045776367,34.77000045776367,34.67900085449219,34.67900085449219,2400.0,412.2200012207031,415.0799865722656,412.1600036621094,414.1400146484375,55227300.0,316.4100036621094,319.7900085449219,316.2799987792969,318.7099914550781,38960100.0,74.1500015258789,74.75,74.05000305175781,74.61000061035156,8623200.0,3.634999990463257,3.6389999389648438,3.5999999046325684,3.6019999980926514,0.0,101.70999908447266,102.2300033569336,101.66000366210938,101.97000122070312,0.0,17.299999237060547,17.719999313354492,16.170000076293945,16.459999084472656,0.0
2023-04-20,34.40999984741211,34.5099983215332,34.2400016784668,34.34199905395508,800.0,411.2099914550781,413.70001220703125,410.2699890136719,411.8800048828125,75840400.0,315.69000244140625,319.2699890136719,314.9700012207031,316.2799987792969,62462100.0,73.92500305175781,74.8550033569336,73.79000091552734,74.12000274658203,11416200.0,3.565999984741211,3.5789999961853027,3.5260000228881836,3.5450000762939453,0.0,101.98999786376953,102.12999725341797,101.62999725341797,101.83999633789062,0.0,16.850000381469727,17.690000534057617,16.329999923706055,17.170000076293945,0.0
2023-04-21,34.5,34.5,34.27000045776367,34.3390007019043,1100.0,412.19000244140625,412.67999267578125,410.1700134277344,412.20001220703125,73457400.0,315.9100036621094,317.3999938964844,314.1000061035156,316.6099853515625,59002300.0,73.79499816894531,74.01499938964844,73.4000015258789,73.87999725341797,12237600.0,3.5339999198913574,3.5799999237060547,3.502000093460083,3.569999933242798,0.0,101.80000305175781,102.12000274658203,101.6500015258789,101.81999969482422,0.0,17.510000228881836,17.709999084472656,16.579999923706055,16.770000457763672,0.0
2023-04-24,34.59000015258789,34.59000015258789,34.09000015258789,34.2760009765625,2200.0,411.989990234375,413.07000732421875,410.6000061035156,412.6300048828125,64332100.0,316.3800048828125,317.739990234375,313.739990234375,315.95001220703125,44043100.0,73.58499908447266,73.94499969482422,73.00499725341797,73.55500030517578,9079800.0,3.5450000762939453,3.5450000762939453,3.505000114440918,3.515000104904175,0.0,101.72000122070312,101.91000366210938,101.33000183105469,101.3499984741211,0.0,18.219999313354492,18.239999771118164,16.739999771118164,16.889999389648438,0.0
2023-04-25,34.029998779296875,34.029998779296875,33.654998779296875,33.654998779296875,1700.0,410.5799865722656,411.1600036621094,406.0199890136719,406.0799865722656,97766700.0,314.2900085449219,314.9700012207031,309.8900146484375,309.989990234375,57121600.0,73.19499969482422,73.33499908447266,71.95999908447266,71.98500061035156,11022600.0,3.444999933242798,3.447000026702881,3.378999948501587,3.3959999084472656,0.0,101.26000213623047,101.94999694824219,101.19999694824219,101.86000061035156,0.0,17.6200008392334,19.860000610351562,17.329999923706055,18.760000228881836,0.0
2023-04-26,33.54999923706055,33.654998779296875,33.349998474121094,33.45000076293945,4100.0,406.7200012207031,407.8399963378906,403.7799987792969,404.3599853515625,80447000.0,313.44000244140625,314.94000244140625,311.3399963378906,311.8699951171875,55400500.0,73.25,73.80999755859375,72.87999725341797,73.05500030517578,13603400.0,3.4110000133514404,3.4579999446868896,3.375,3.431999921798706,0.0,101.81999969482422,101.88999938964844,101.01000213623047,101.47000122070312,0.0,18.65999984741211,19.610000610351562,17.8700008392334,18.84000015258789,0.0
2023-04-27,33.630001068115234,34.08000183105469,33.630001068115234,34.060001373291016,2500.0,407.0,412.69000244140625,406.739990234375,412.4100036621094,92968400.0,315.70001220703125,320.8599853515625,315.04998779296875,320.3500061035156,65430400.0,73.4000015258789,74.66000366210938,73.22000122070312,74.6050033569336,12084800.0,3.4489998817443848,3.5320000648498535,3.447000026702881,3.5280001163482666,0.0,101.4000015258789,101.80000305175781,101.27999877929688,101.5,0.0,18.43000030517578,18.43000030517578,16.719999313354492,17.030000686645508,0.0
2023-04-28,33.93000030517578,34.4640007019043,33.93000030517578,34.4640007019043,2900.0,411.489990234375,415.94000244140625,411.42999267578125,415.92999267578125,89433100.0,320.1099853515625,322.6499938964844,318.9599914550781,322.55999755859375,59712600.0,74.6050033569336,75.43000030517578,74.5250015258789,75.41500091552734,11792000.0,3.4790000915527344,3.49399995803833,3.434999942779541,3.4519999027252197,0.0,101.47000122070312,102.16999816894531,101.41999816894531,101.66999816894531,0.0,17.209999084472656,17.649999618530273,15.720000267028809,15.779999732971191,0.0
2023-05-01,34.380001068115234,34.52399826049805,34.380001068115234,34.52399826049805,600.0,415.4700012207031,417.6199951171875,415.2699890136719,415.510009765625,62122300.0,322.0899963378906,323.6300048828125,321.0899963378906,322.19000244140625,41013400.0,75.3550033569336,75.82499694824219,75.23500061035156,75.45999908447266,8194400.0,3.500999927520752,3.5759999752044678,3.4619998931884766,3.5739998817443848,0.0,101.66999816894531,102.19000244140625,101.62000274658203,102.1500015258789,0.0,16.40999984741211,16.6200008392334,15.529999732971191,16.079999923706055,0.0
2023-05-02,34.470001220703125,34.470001220703125,33.790000915527344,34.0,2800.0,414.7699890136719,414.82000732421875,407.82000732421875,410.8399963378906,103998500.0,322.1199951171875,322.45001220703125,317.6099853515625,319.3800048828125,56519400.0,75.55000305175781,75.63500213623047,74.36499786376953,74.75499725341797,12058800.0,3.5320000648498535,3.559000015258789,3.4240000247955322,3.438999891281128,0.0,102.1500015258789,102.4000015258789,101.87999725341797,101.95999908447266,0.0,16.270000457763672,19.809999465942383,16.260000228881836,17.780000686645508,0.0
2023-05-03,33.720001220703125,34.03499984741211,33.720001220703125,33.73099899291992,1300.0,411.3599853515625,413.8699951171875,407.7699890136719,408.0199890136719,91531800.0,319.75,322.4700012207031,317.17999267578125,317.2900085449219,59882100.0,74.84500122070312,75.33000183105469,74.08999633789062,74.125,11630200.0,3.4179999828338623,3.4240000247955322,3.367000102996826,3.4030001163482666,0.0,101.86000061035156,101.91999816894531,101.06999969482422,101.33999633789062,0.0,17.81999969482422,18.829999923706055,17.190000534057617,18.34000015258789,0.0
2023-05-04,33.529998779296875,33.560001373291016,33.52199935913086,33.52199935913086,3600.0,406.92999267578125,407.2699890136719,403.739990234375,405.1300048828125,94901900.0,317.05999755859375,318.2300109863281,315.1199951171875,316.1700134277344,50224500.0,73.83000183105469,74.2699966430664,73.46499633789062,73.7699966430664,10861000.0,3.3450000286102295,3.4110000133514404,3.2960000038146973,3.3510000705718994,0.0,101.19999694824219,101.63999938964844,101.02999877929688,101.4000015258789,0.0,19.170000076293945,21.329999923706055,18.670000076293945,20.09000015258789,0.0
2023-05-05,33.689998626708984,34.209999084472656,33.689998626708984,34.209999084472656,4400.0,408.9100036621094,413.7200012207031,408.6400146484375,412.6300048828125,87891800.0,318.4700012207031,323.760009765625,316.2099914550781,322.8900146484375,51806100.0,74.48500061035156,75.875,74.37999725341797,75.62000274658203,12230000.0,3.3970000743865967,3.4649999141693115,3.3970000743865967,3.446000099182129,0.0,101.33999633789062,101.77999877929688,101.12000274658203,101.20999908447266,0.0,19.5,19.6299991607666,16.690000534057617,17.190000534057617,0.0
2023-05-08,34.099998474121094,34.37699890136719,34.099998474121094,34.37699890136719,13200.0,412.9700012207031,413.239990234375,411.2799987792969,412.739990234375,50046800.0,322.4200134277344,324.0400085449219,321.32000732421875,323.69000244140625,36465800.0,75.4749984741211,75.6449966430664,75.11499786376953,75.58000183105469,6795600.0,3.490000009536743,3.5209999084472656,3.48799991607666,3.5209999084472656,0.0,101.27999877929688,101.41999816894531,101.04000091552734,101.37000274658203,0.0,17.729999542236328,17.8799991607666,16.829999923706055,16.979999542236328,0.0
2023-05-09,34.08000183105469,34.189998626708984,34.04999923706055,34.178001403808594,2900.0,411.1300048828125,412.0899963378906,410.69000244140625,410.92999267578125,49220100.0,322.0,322.8800048828125,321.32000732421875,321.6400146484375,31768800.0,75.16500091552734,75.30500030517578,74.91999816894531,75.0,12473200.0,3.492000102996826,3.5320000648498535,3.48799991607666,3.5209999084472656,0.0,101.4000015258789,101.83999633789062,101.36000061035156,101.63999938964844,0.0,17.290000915527344,17.860000610351562,17.219999313354492,17.709999084472656,0.0
2023-05-10,33.959999084472656,34.45000076293945,33.959999084472656,34.35900115966797,13600.0,413.8800048828125,414.5400085449219,408.8699951171875,412.8500061035156,96142900.0,324.1199951171875,326.010009765625,321.6000061035156,325.1400146484375,60446600.0,75.65499877929688,76.08999633789062,75.18000030517578,75.91500091552734,10551800.0,3.506999969482422,3.5209999084472656,3.430999994277954,3.438999891281128,0.0,101.62000274658203,101.80999755859375,101.22000122070312,101.4800033569336,0.0,17.579999923706055,18.309999465942383,16.360000610351562,16.940000534057617,0.0
2023-05-11,34.310001373291016,34.33100128173828,34.1609992980957,34.33100128173828,600.0,411.95001220703125,412.42999267578125,409.9700012207031,412.1300048828125,70157100.0,325.70001220703125,326.75,324.1199951171875,326.20001220703125,44278500.0,75.79000091552734,75.79000091552734,75.05000305175781,75.57499694824219,8956800.0,3.4049999713897705,3.4049999713897705,3.3450000286102295,3.3970000743865967,0.0,101.41000366210938,102.1500015258789,101.30000305175781,102.05999755859375,0.0,16.799999237060547,18.190000534057617,16.6299991607666,16.93000030517578,0.0
2023-05-12,34.459999084472656,34.459999084472656,34.16999816894531,34.30500030517578,6400.0,413.4200134277344,413.6400146484375,409.07000732421875,411.5899963378906,70481500.0,326.739990234375,327.1700134277344,322.94000244140625,325.0299987792969,48432800.0,75.70500183105469,75.81500244140625,74.88999938964844,75.4749984741211,7908000.0,3.4119999408721924,3.4630000591278076,3.384000062942505,3.4630000591278076,0.0,102.0999984741211,102.70999908447266,101.94000244140625,102.68000030517578,0.0,16.829999923706055,17.920000076293945,16.3799991607666,17.030000686645508,0.0
2023-05-15,34.43000030517578,34.51499938964844,34.27000045776367,34.51499938964844,2400.0,412.2200012207031,413.42999267578125,410.2300109863281,413.010009765625,54289400.0,325.510009765625,327.0299987792969,323.9599914550781,326.7900085449219,33375600.0,75.55000305175781,76.11499786376953,75.27999877929688,76.0999984741211,6796600.0,3.502000093460083,3.510999917984009,3.4660000801086426,3.507999897003174,0.0,102.70999908447266,102.75,102.37999725341797,102.43000030517578,0.0,17.440000534057617,18.15999984741211,17.079999923706055,17.1200008392334,0.0
2023-05-16,34.4900016784668,34.4900016784668,34.33700180053711,34.33700180053711,2500.0,411.8599853515625,412.82000732421875,410.239990234375,410.25,57705500.0,326.05999755859375,328.8999938964844,326.0199890136719,327.1600036621094,40019200.0,75.99500274658203,76.59500122070312,75.97000122070312,76.18000030517578,9398200.0,3.486999988555908,3.5739998817443848,3.486999988555908,3.5490000247955322,0.0,102.43000030517578,102.69000244140625,102.19999694824219,102.55999755859375,0.0,17.540000915527344,18.299999237060547,17.260000228881836,17.989999771118164,0.0
2023-05-17,34.40999984741211,34.970001220703125,34.40999984741211,34.93199920654297,1700.0,412.3500061035156,415.8599853515625,410.6400146484375,415.2300109863281,87287000.0,328.239990234375,331.7099914550781,327.0400085449219,331.1199951171875,47486100.0,76.5,77.32499694824219,76.1449966430664,77.19499969482422,11916600.0,3.515000104904175,3.5889999866485596,3.515000104904175,3.5810000896453857,0.0,102.61000061035156,103.11000061035156,102.54000091552734,102.87999725341797,0.0,17.959999084472656,18.260000228881836,16.68000030517578,16.8700008392334,0.0
2023-05-18,34.81999969482422,35.470001220703125,34.81999969482422,35.470001220703125,2100.0,414.8999938964844,419.6700134277344,414.6700134277344,419.2300109863281,97177200.0,331.5199890136719,337.489990234375,331.5,337.2699890136719,64213500.0,77.29000091552734,78.88999938964844,77.29000091552734,78.7750015258789,15491200.0,3.5980000495910645,3.6510000228881836,3.5980000495910645,3.6480000019073486,0.0,102.91000366210938,103.62000274658203,102.80000305175781,103.58000183105469,0.0,16.920000076293945,17.149999618530273,16.049999237060547,16.049999237060547,0.0
2023-05-19,35.29999923706055,35.560001373291016,35.29999923706055,35.41899871826172,15800.0,420.1700134277344,420.7200012207031,417.3500061035156,418.6199951171875,103793300.0,337.489990234375,338.2099914550781,335.42999267578125,336.510009765625,61554900.0,78.79499816894531,78.93000030517578,78.47000122070312,78.73999786376953,9805000.0,3.6710000038146973,3.7209999561309814,3.640000104904175,3.691999912261963,0.0,103.51000213623047,103.62000274658203,103.0,103.19999694824219,0.0,16.1299991607666,17.360000610351562,15.850000381469727,16.809999465942383,0.0
2023-05-22,35.529998779296875,35.66999816894531,35.50400161743164,35.58000183105469,17800.0,418.6400146484375,420.3900146484375,417.3500061035156,418.7900085449219,60745400.0,336.25,338.6700134277344,336.239990234375,337.6400146484375,43015900.0,78.50499725341797,79.09500122070312,78.375,78.88999938964844,10794200.0,3.690000057220459,3.7279999256134033,3.6649999618530273,3.7190001010894775,0.0,103.19000244140625,103.37000274658203,102.95999908447266,103.19999694824219,0.0,17.450000762939453,18.1299991607666,16.81999969482422,17.209999084472656,0.0
2023-05-23,35.529998779296875,35.529998779296875,35.099998474121094,35.13100051879883,2900.0,417.0799865722656,418.7200012207031,413.67999267578125,414.0899963378906,86383500.0,335.8900146484375,337.05999755859375,333.0,333.3599853515625,48216700.0,78.49500274658203,78.81999969482422,77.69499969482422,77.7249984741211,11691000.0,3.74399995803833,3.760999917984009,3.687999963760376,3.697999954223633,0.0,103.2699966430664,103.6500015258789,103.16000366210938,103.48999786376953,0.0,17.350000381469727,19.309999465942383,17.299999237060547,18.530000686645508,0.0
2023-05-24,35.060001373291016,35.060001373291016,34.619998931884766,34.74599838256836,18500.0,412.4200134277344,412.82000732421875,409.8800048828125,411.0899963378906,89213700.0,331.3699951171875,332.9100036621094,329.55999755859375,331.6499938964844,62891200.0,77.11000061035156,77.46499633789062,76.73500061035156,77.15499877929688,10925600.0,3.6730000972747803,3.742000102996826,3.6730000972747803,3.7190001010894775,0.0,103.54000091552734,103.91000366210938,103.3499984741211,103.88999938964844,0.0,18.799999237060547,20.809999465942383,18.799999237060547,20.030000686645508,0.0
2023-05-25,35.47999954223633,35.64699935913086,35.369998931884766,35.64699935913086,5200.0,414.739990234375,416.1600036621094,412.4100036621094,414.6499938964844,90961600.0,339.1400146484375,341.010009765625,336.6700134277344,339.7200012207031,66862800.0,79.20500183105469,80.43000030517578,78.79000091552734,80.11499786376953,18078000.0,3.752000093460083,3.813999891281128,3.7300000190734863,3.813999891281128,0.0,103.86000061035156,104.30999755859375,103.83999633789062,104.20999908447266,0.0,19.540000915527344,19.950000762939453,18.700000762939453,19.139999389648438,0.0
2023-05-26,35.65999984741211,36.4900016784668,35.65999984741211,36.433998107910156,4100.0,415.3299865722656,420.7699890136719,415.25,420.0199890136719,93830000.0,340.760009765625,349.25,340.6600036621094,348.3999938964844,63007000.0,80.31999969482422,82.53500366210938,80.30999755859375,82.38999938964844,15160000.0,3.7890000343322754,3.8589999675750732,3.7769999504089355,3.809999942779541,0.0,104.2300033569336,104.41999816894531,103.8499984741211,104.20999908447266,0.0,19.06999969482422,19.559999465942383,17.270000457763672,17.950000762939453,0.0
2023-05-30,36.689998626708984,36.90999984741211,36.439998626708984,36.53300094604492,4200.0,422.0299987792969,422.5799865722656,418.739990234375,420.17999267578125,72216000.0,352.7099914550781,353.92999267578125,348.5299987792969,349.9800109863281,72652200.0,83.5999984741211,84.0199966430664,82.65499877929688,82.83000183105469,18123600.0,3.7119998931884766,3.753999948501587,3.684999942779541,3.700000047683716,0.0,104.30000305175781,104.52999877929688,103.87999725341797,104.16999816894531,0.0,17.559999465942383,18.34000015258789,16.979999542236328,17.459999084472656,0.0
2023-05-31,36.41999816894531,36.41999816894531,36.11000061035156,36.255001068115234,7500.0,418.2799987792969,419.2200012207031,416.2200012207031,417.8500061035156,110811800.0,348.3699951171875,350.6000061035156,346.510009765625,347.989990234375,65105400.0,82.3550033569336,83.12999725341797,82.09500122070312,82.13999938964844,19301000.0,3.6459999084472656,3.690999984741211,3.63100004196167,3.63700008392334,0.0,104.05000305175781,104.69999694824219,104.01000213623047,104.31999969482422,0.0,18.040000915527344,18.399999618530273,17.1200008392334,17.940000534057617,0.0
2023-06-01,36.59600067138672,36.659000396728516,36.59600067138672,36.659000396728516,500.0,418.0899963378906,422.9200134277344,416.7900085449219,421.82000732421875,88865000.0,347.7300109863281,353.3599853515625,346.6600036621094,352.010009765625,50488600.0,81.87999725341797,83.32499694824219,81.61499786376953,82.9749984741211,17419400.0,3.6500000953674316,3.6579999923706055,3.569999933242798,3.6080000400543213,0.0,104.1500015258789,104.5,103.5,103.55999755859375,0.0,17.239999771118164,17.59000015258789,15.579999923706055,15.649999618530273,0.0
2023-06-02,37.0,37.20000076293945,37.0,37.15599822998047,1500.0,424.5,428.739990234375,423.95001220703125,427.9200134277344,91426200.0,353.79998779296875,355.8299865722656,352.010009765625,354.6499938964844,53372100.0,83.46499633789062,83.83499908447266,82.86000061035156,83.44999694824219,14270600.0,3.619999885559082,3.700000047683716,3.611999988555908,3.690999984741211,0.0,103.55999755859375,104.08999633789062,103.37999725341797,104.0199966430664,0.0,15.649999618530273,15.649999618530273,14.420000076293945,14.600000381469727,0.0
2023-06-05,37.189998626708984,37.189998626708984,36.98500061035156,37.073001861572266,14000.0,428.2799987792969,429.6199951171875,426.3699951171875,427.1000061035156,65460200.0,354.42999267578125,357.5,353.8500061035156,354.8999938964844,47266200.0,83.4000015258789,83.95500183105469,82.82499694824219,82.97000122070312,10909000.0,3.753000020980835,3.757999897003174,3.6579999923706055,3.693000078201294,0.0,104.04000091552734,104.4000015258789,103.93000030517578,104.0,0.0,15.279999732971191,15.289999961853027,14.65999984741211,14.729999542236328,0.0
2023-06-06,37.099998474121094,37.22999954223633,37.099998474121094,37.220001220703125,7800.0,426.6700134277344,428.5799865722656,425.989990234375,428.0299987792969,64022200.0,354.2799987792969,355.82000732421875,352.92999267578125,354.8399963378906,41390400.0,82.7699966430664,83.12999725341797,82.3550033569336,82.94999694824219,9975600.0,3.680999994277954,3.7330000400543213,3.680999994277954,3.6989998817443848,0.0,104.01000213623047,104.37000274658203,103.81999969482422,104.12999725341797,0.0,14.90999984741211,14.970000267028809,13.949999809265137,13.960000038146973,0.0
2023-06-07,37.380001068115234,37.400001525878906,36.98899841308594,36.98899841308594,3400.0,428.44000244140625,429.6199951171875,426.1099853515625,426.54998779296875,85373300.0,355.1300048828125,357.1199951171875,348.17999267578125,348.82000732421875,69225900.0,82.79000091552734,83.43499755859375,81.54000091552734,81.70999908447266,13703800.0,3.6989998817443848,3.8010001182556152,3.694999933242798,3.7839999198913574,0.0,104.12000274658203,104.30000305175781,103.66000366210938,104.0999984741211,0.0,14.140000343322754,14.289999961853027,13.770000457763672,13.9399995803833,0.0
2023-06-08,37.03200149536133,37.27199935913086,37.03200149536133,37.27199935913086,3600.0,426.6199951171875,429.6000061035156,425.82000732421875,429.1300048828125,61952800.0,349.1199951171875,353.6199951171875,348.8900146484375,353.1499938964844,47153900.0,81.83000183105469,82.7249984741211,81.7699966430664,82.59500122070312,10665200.0,3.816999912261963,3.821000099182129,3.7139999866485596,3.7139999866485596,0.0,104.06999969482422,104.06999969482422,103.30000305175781,103.33999633789062,0.0,14.140000343322754,14.210000038146973,13.529999732971191,13.649999618530273,0.0
2023-06-09,37.499000549316406,37.499000549316406,37.41299819946289,37.41299819946289,1800.0,429.9599914550781,431.989990234375,428.8699951171875,429.8999938964844,85742800.0,354.6300048828125,357.6600036621094,353.0299987792969,354.5,53196900.0,82.99500274658203,83.8550033569336,82.7249984741211,83.00499725341797,14413600.0,3.7669999599456787,3.7780001163482666,3.7160000801086426,3.744999885559082,0.0,103.30000305175781,103.61000061035156,103.30000305175781,103.55999755859375,0.0,13.779999732971191,14.140000343322754,13.5,13.829999923706055,0.0
2023-06-12,37.4900016784668,37.91299819946289,37.4900016784668,37.91299819946289,3200.0,430.9200134277344,433.8800048828125,430.1700134277344,433.79998779296875,76104300.0,356.19000244140625,360.5899963378906,355.20001220703125,360.489990234375,44606500.0,83.57499694824219,84.84500122070312,83.40499877929688,84.80999755859375,13787200.0,3.7339999675750732,3.7939999103546143,3.7109999656677246,3.765000104904175,0.0,103.55000305175781,103.76000213623047,103.23999786376953,103.62999725341797,0.0,14.4399995803833,15.020000457763672,14.319999694824219,15.010000228881836,0.0
2023-06-13,38.099998474121094,38.20000076293945,38.047000885009766,38.16999816894531,5800.0,435.32000732421875,437.3299865722656,434.6300048828125,436.6600036621094,95899700.0,363.2900085449219,364.1099853515625,360.0299987792969,363.260009765625,57097800.0,85.56500244140625,85.7300033569336,84.63500213623047,85.32499694824219,16595800.0,3.7239999771118164,3.8410000801086426,3.681999921798706,3.8389999866485596,0.0,103.58000183105469,103.62000274658203,103.05000305175781,103.33999633789062,0.0,14.989999771118164,15.0600004196167,14.470000267028809,14.609999656677246,0.0
2023-06-14,38.25199890136719,38.25199890136719,37.880001068115234,38.176998138427734,2100.0,437.010009765625,439.05999755859375,433.5899963378906,437.17999267578125,100612100.0,363.2699890136719,366.19000244140625,360.4200134277344,365.8999938964844,69525600.0,85.2249984741211,86.23500061035156,84.93000030517578,86.20500183105469,16769000.0,3.811000108718872,3.8510000705718994,3.7709999084472656,3.7960000038146973,0.0,103.31999969482422,103.4000015258789,102.66000366210938,103.01000213623047,0.0,14.479999542236328,14.729999542236328,13.829999923706055,13.880000114440918,0.0
2023-06-15,38.18000030517578,38.63199996948242,38.18000030517578,38.63199996948242,5300.0,436.3299865722656,443.8999938964844,436.2300109863281,442.6000061035156,110303100.0,364.6099853515625,371.7699890136719,363.9800109863281,370.260009765625,71138800.0,85.8550033569336,87.70500183105469,85.83499908447266,87.31500244140625,17732600.0,3.819000005722046,3.8410000801086426,3.7070000171661377,3.7279999256134033,0.0,102.95999908447266,103.37999725341797,102.08999633789062,102.12000274658203,0.0,14.09000015258789,14.520000457763672,13.789999961853027,14.5,0.0
2023-06-16,38.869998931884766,38.869998931884766,38.48899841308594,38.48899841308594,9100.0,443.0199890136719,443.6099853515625,438.9700012207031,439.4599914550781,114165800.0,372.7200012207031,372.8500061035156,367.4800109863281,367.92999267578125,80932000.0,88.1449966430664,88.1500015258789,86.51000213623047,86.59500122070312,17366600.0,3.746000051498413,3.805999994277954,3.7249999046325684,3.7690000534057617,0.0,102.12000274658203,102.43000030517578,102.01000213623047,102.30000305175781,0.0,14.489999771118164,14.539999961853027,13.479999542236328,13.539999961853027,0.0
2023-06-20,38.439998626708984,38.5099983215332,38.20000076293945,38.4379997253418,1500.0,437.45001220703125,438.3699951171875,435.0299987792969,437.17999267578125,76160400.0,365.95001220703125,368.32000732421875,363.8900146484375,366.8999938964844,49204700.0,85.91999816894531,86.44999694824219,85.37000274658203,85.83000183105469,14137800.0,3.73799991607666,3.7769999504089355,3.7009999752044678,3.7290000915527344,0.0,102.4800033569336,102.79000091552734,102.31999969482422,102.54000091552734,0.0,14.359999656677246,14.670000076293945,13.859999656677246,13.880000114440918,0.0
2023-06-21,38.220001220703125,38.220001220703125,37.98500061035156,38.0,2400.0,436.1600036621094,436.989990234375,434.3299865722656,434.94000244140625,76982300.0,365.739990234375,366.17999267578125,360.9599914550781,361.8999938964844,53378300.0,85.5,85.66500091552734,84.30999755859375,84.55999755859375,12058000.0,3.76200008392334,3.7890000343322754,3.7109999656677246,3.7230000495910645,0.0,102.5,102.70999908447266,102.0199966430664,102.06999969482422,0.0,13.880000114440918,13.890000343322754,13.100000381469727,13.199999809265137,0.0
2023-06-22,37.900001525878906,38.05099868774414,37.900001525878906,38.05099868774414,700.0,433.95001220703125,436.6199951171875,433.6000061035156,436.510009765625,70637200.0,360.6300048828125,366.3299865722656,360.2200012207031,366.1700134277344,47603000.0,84.18000030517578,85.28500366210938,84.16500091552734,85.25,15224200.0,3.740000009536743,3.809999942779541,3.7109999656677246,3.7990000247955322,0.0,102.02999877929688,102.47000122070312,101.91999816894531,102.38999938964844,0.0,13.880000114440918,13.979999542236328,12.729999542236328,12.90999984741211,0.0
2023-06-23,37.650001525878906,37.79999923706055,37.650001525878906,37.67599868774414,3600.0,432.92999267578125,435.05999755859375,432.4700012207031,433.2099914550781,92074500.0,362.2099914550781,364.8800048828125,360.82000732421875,362.5400085449219,48922900.0,84.19999694824219,84.82499694824219,83.97000122070312,84.32499694824219,14729000.0,3.7269999980926514,3.759999990463257,3.691999912261963,3.739000082015991,0.0,102.37999725341797,103.16999816894531,102.37999725341797,102.9000015258789,0.0,13.239999771118164,13.800000190734863,12.880000114440918,13.4399995803833,0.0
2023-06-26,37.689998626708984,37.91999816894531,37.46900177001953,37.46900177001953,2100.0,432.6199951171875,434.6099853515625,431.19000244140625,431.44000244140625,72823600.0,362.0,364.8399963378906,357.5899963378906,357.67999267578125,52685500.0,84.4000015258789,85.13999938964844,83.66000366210938,83.72000122070312,10890200.0,3.7019999027252197,3.736999988555908,3.678999900817871,3.7190001010894775,0.0,102.83000183105469,102.83000183105469,102.61000061035156,102.69000244140625,0.0,14.430000305175781,14.710000038146973,13.779999732971191,14.25,0.0
2023-06-27,37.63999938964844,38.11000061035156,37.63999938964844,38.07099914550781,1600.0,432.3500061035156,436.80999755859375,431.8800048828125,436.1700134277344,72813700.0,359.25,364.57000732421875,358.510009765625,363.8299865722656,49428100.0,84.05500030517578,85.56500244140625,83.9749984741211,85.37000274658203,13833000.0,3.7139999866485596,3.7760000228881836,3.691999912261963,3.7679998874664307,0.0,102.73999786376953,102.80000305175781,102.31999969482422,102.48999786376953,0.0,14.109999656677246,14.34000015258789,13.59000015258789,13.739999771118164,0.0
2023-06-28,38.310001373291016,38.310001373291016,37.94900131225586,38.11000061035156,2800.0,435.04998779296875,437.44000244140625,434.4100036621094,436.3900146484375,75636000.0,361.9800109863281,366.5199890136719,361.8999938964844,364.5400085449219,46498000.0,84.8949966430664,85.87999725341797,84.83000183105469,85.41999816894531,11371600.0,3.734999895095825,3.7660000324249268,3.7039999961853027,3.7100000381469727,0.0,102.51000213623047,103.1500015258789,102.47000122070312,102.91000366210938,0.0,13.899999618530273,13.960000038146973,13.359999656677246,13.430000305175781,0.0
2023-06-29,38.242000579833984,38.29199981689453,38.150001525878906,38.29199981689453,2200.0,435.9599914550781,438.2799987792969,435.5400085449219,438.1099853515625,67882300.0,364.239990234375,364.8900146484375,362.1400146484375,363.80999755859375,46151000.0,85.51000213623047,85.7249984741211,85.05500030517578,85.56999969482422,9128200.0,3.746999979019165,3.868000030517578,3.746999979019165,3.8540000915527344,0.0,102.95999908447266,103.44000244140625,102.77999877929688,103.33999633789062,0.0,13.640000343322754,13.850000381469727,13.40999984741211,13.539999961853027,0.0
2023-06-30,38.52000045776367,38.82500076293945,38.52000045776367,38.77899932861328,3400.0,441.44000244140625,444.29998779296875,441.1099853515625,443.2799987792969,104964000.0,367.54998779296875,370.489990234375,367.2300109863281,369.4200134277344,58712500.0,86.41999816894531,87.1500015258789,86.3550033569336,86.93000030517578,11398400.0,3.859999895095825,3.871999979019165,3.806999921798706,3.819000005722046,0.0,103.3499984741211,103.54000091552734,102.75,102.91000366210938,0.0,13.510000228881836,13.59000015258789,12.960000038146973,13.59000015258789,0.0
2023-07-03,38.77000045776367,38.95000076293945,38.77000045776367,38.95000076293945,2900.0,442.9200134277344,444.0799865722656,442.6300048828125,443.7900085449219,32793400.0,370.07000732421875,370.92999267578125,368.9700012207031,370.2900085449219,19432900.0,86.91500091552734,86.95500183105469,86.30500030517578,86.74500274658203,6182200.0,3.864000082015991,3.865999937057495,3.7780001163482666,3.8580000400543213,0.0,102.91999816894531,103.2699966430664,102.75,102.98999786376953,0.0,13.850000381469727,13.850000381469727,13.470000267028809,13.569999694824219,0.0
2023-07-05,38.63999938964844,38.85300064086914,38.63999938964844,38.85300064086914,2600.0,441.9100036621094,443.8900146484375,441.8999938964844,443.1300048828125,58418400.0,368.70001220703125,372.010009765625,368.6600036621094,370.2799987792969,34460900.0,86.13999938964844,86.8550033569336,86.06500244140625,86.20999908447266,9395600.0,3.868000030517578,3.947000026702881,3.86299991607666,3.944999933242798,0.0,103.08000183105469,103.38999938964844,102.95999908447266,103.37000274658203,0.0,14.1899995803833,14.739999771118164,14.050000190734863,14.180000305175781,0.0
2023-07-06,38.54999923706055,38.54999923706055,38.165000915527344,38.465999603271484,2700.0,439.4200134277344,440.1000061035156,437.05999755859375,439.6600036621094,80658300.0,366.510009765625,367.9100036621094,364.5199890136719,367.4599914550781,49374700.0,85.36000061035156,86.05999755859375,85.0999984741211,85.9800033569336,12116400.0,3.993000030517578,4.083000183105469,3.993000030517578,4.040999889373779,0.0,103.3499984741211,103.56999969482422,102.91999816894531,103.16999816894531,0.0,14.850000381469727,17.079999923706055,14.789999961853027,15.4399995803833,0.0
2023-07-07,38.54999923706055,38.720001220703125,38.400001525878906,38.400001525878906,1700.0,438.6300048828125,442.6400146484375,438.29998779296875,438.54998779296875,86134200.0,367.2300109863281,370.4800109863281,366.010009765625,366.239990234375,47133700.0,85.83999633789062,86.63999938964844,85.55500030517578,85.6050033569336,11622200.0,4.078000068664551,4.093999862670898,4.00600004196167,4.050000190734863,0.0,103.08000183105469,103.19000244140625,102.2300033569336,102.2699966430664,0.0,15.970000267028809,16.059999465942383,14.329999923706055,14.829999923706055,0.0
2023-07-10,38.47999954223633,38.70000076293945,38.47999954223633,38.67599868774414,2800.0,438.17999267578125,439.8399963378906,437.5899963378906,439.6600036621094,62443500.0,365.9599914550781,367.04998779296875,363.4100036621094,366.3599853515625,48498800.0,85.29499816894531,85.83499908447266,84.97000122070312,85.83000183105469,16877200.0,4.052000045776367,4.0920000076293945,3.9860000610351562,4.00600004196167,0.0,102.29000091552734,102.55999755859375,101.94999694824219,101.97000122070312,0.0,16.079999923706055,16.209999084472656,15.039999961853027,15.069999694824219,0.0
2023-07-11,38.7599983215332,39.05699920654297,38.7599983215332,39.05699920654297,5600.0,440.45001220703125,442.9700012207031,439.44000244140625,442.4599914550781,64463800.0,366.7900085449219,368.6300048828125,364.6199951171875,368.1700134277344,38214100.0,86.01000213623047,86.11000061035156,85.17500305175781,86.01499938964844,9996000.0,3.9800000190734863,4.001999855041504,3.9619998931884766,3.9800000190734863,0.0,101.94000244140625,101.97000122070312,101.6500015258789,101.7300033569336,0.0,15.020000457763672,15.25,14.630000114440918,14.84000015258789,0.0
2023-07-12,39.279998779296875,39.417999267578125,39.209999084472656,39.290000915527344,11000.0,446.3900146484375,447.4800109863281,444.9100036621094,446.0199890136719,91924500.0,372.3399963378906,374.19000244140625,370.29998779296875,372.82000732421875,61975400.0,86.875,87.4000015258789,86.4000015258789,86.98999786376953,16104400.0,3.946000099182129,3.947999954223633,3.8440001010894775,3.8610000610351562,0.0,101.58999633789062,101.61000061035156,100.51000213623047,100.5199966430664,0.0,14.819999694824219,14.819999694824219,13.510000228881836,13.539999961853027,0.0
2023-07-13,39.58000183105469,39.81999969482422,39.529998779296875,39.77199935913086,5400.0,447.8999938964844,450.3800048828125,447.45001220703125,449.55999755859375,72425200.0,376.04998779296875,379.989990234375,375.4599914550781,379.1499938964844,46960000.0,87.58499908447266,88.31500244140625,87.41000366210938,88.125,9349200.0,3.8259999752044678,3.8459999561309814,3.760999917984009,3.760999917984009,0.0,100.5199966430664,100.61000061035156,99.73999786376953,99.7699966430664,0.0,13.4399995803833,13.609999656677246,13.119999885559082,13.609999656677246,0.0
2023-07-14,39.91999816894531,40.0,39.78499984741211,39.78499984741211,6400.0,450.4800109863281,451.3599853515625,448.489990234375,449.2799987792969,69815800.0,379.5899963378906,382.8599853515625,378.17999267578125,379.07000732421875,55148500.0,88.34500122070312,89.03500366210938,87.73999786376953,87.99500274658203,11543800.0,3.7790000438690186,3.819999933242798,3.76200008392334,3.819000005722046,0.0,99.75,100.0199966430664,99.58000183105469,99.91000366210938,0.0,13.720000267028809,13.760000228881836,13.220000267028809,13.34000015258789,0.0
2023-07-17,39.7599983215332,40.17499923706055,39.7599983215332,40.17499923706055,9800.0,449.1300048828125,451.92999267578125,449.0799865722656,450.8399963378906,52680200.0,379.79998779296875,383.5,379.30999755859375,382.6099853515625,40868900.0,88.16000366210938,89.37999725341797,88.05999755859375,89.12000274658203,11858800.0,3.7790000438690186,3.8359999656677246,3.7790000438690186,3.796999931335449,0.0,99.95999908447266,100.18000030517578,99.75,99.83999633789062,0.0,13.779999732971191,14.0,13.430000305175781,13.479999542236328,0.0
2023-07-18,40.22999954223633,40.439998626708984,40.18000030517578,40.41600036621094,3300.0,450.5,454.8599853515625,450.04998779296875,454.19000244140625,80668200.0,381.9599914550781,387.1300048828125,380.0,385.739990234375,55262000.0,88.91500091552734,90.56500244140625,88.44999694824219,90.12999725341797,16406000.0,3.757999897003174,3.7929999828338623,3.73799991607666,3.7890000343322754,0.0,99.88999938964844,100.11000061035156,99.58999633789062,99.94000244140625,0.0,13.609999656677246,13.670000076293945,13.289999961853027,13.300000190734863,0.0
2023-07-19,40.720001220703125,40.720001220703125,40.459999084472656,40.47800064086914,4400.0,455.010009765625,456.42999267578125,454.1099853515625,455.20001220703125,65891700.0,386.82000732421875,387.9800109863281,384.29998779296875,385.6499938964844,54093000.0,90.3550033569336,90.7300033569336,89.55999755859375,89.90499877929688,20990000.0,3.74399995803833,3.7950000762939453,3.734999895095825,3.742000102996826,0.0,99.9800033569336,100.54000091552734,99.93000030517578,100.27999877929688,0.0,13.319999694824219,13.84000015258789,13.119999885559082,13.760000228881836,0.0
2023-07-20,40.25,40.25,39.77299880981445,39.77299880981445,6000.0,454.1700134277344,455.1000061035156,451.44000244140625,452.17999267578125,70591600.0,382.6099853515625,384.1000061035156,375.7200012207031,376.760009765625,71941700.0,89.33000183105469,89.70999908447266,87.83499908447266,88.11000061035156,24356000.0,3.7909998893737793,3.874000072479248,3.7909998893737793,3.8540000915527344,0.0,100.27999877929688,100.97000122070312,100.0199966430664,100.87999725341797,0.0,13.960000038146973,14.229999542236328,13.579999923706055,13.989999771118164,0.0
2023-07-21,39.83000183105469,39.98099899291992,39.8120002746582,39.8120002746582,5100.0,453.9599914550781,454.1700134277344,452.1700134277344,452.17999267578125,71275600.0,379.17999267578125,379.9200134277344,375.19000244140625,375.6300048828125,60499600.0,88.66999816894531,89.11499786376953,87.95999908447266,88.06500244140625,14871400.0,3.8329999446868896,3.8369998931884766,3.809000015258789,3.8369998931884766,0.0,100.77999877929688,101.19000244140625,100.72000122070312,101.06999969482422,0.0,13.869999885559082,13.890000343322754,13.369999885559082,13.600000381469727,0.0
2023-07-24,39.72999954223633,40.0099983215332,39.72999954223633,39.97700119018555,5200.0,453.3699951171875,455.0400085449219,452.29998779296875,454.20001220703125,54023400.0,376.6199951171875,377.5799865722656,374.3399963378906,376.2300109863281,40380100.0,88.45500183105469,88.66999816894531,87.87999725341797,88.22000122070312,11308200.0,3.805999994277954,3.865000009536743,3.7980000972747803,3.8570001125335693,0.0,101.08999633789062,101.43000030517578,100.88999938964844,101.3499984741211,0.0,14.289999961853027,14.300000190734863,13.729999542236328,13.90999984741211,0.0
2023-07-25,40.18000030517578,40.290000915527344,40.13999938964844,40.13999938964844,4100.0,453.9200134277344,456.739990234375,453.8699951171875,455.44000244140625,55191200.0,376.95001220703125,380.4700012207031,376.92999267578125,378.7799987792969,38894400.0,88.50499725341797,89.5250015258789,88.48999786376953,89.2300033569336,10802200.0,3.8919999599456787,3.921999931335449,3.884999990463257,3.9119999408721924,0.0,101.41999816894531,101.6500015258789,101.19000244140625,101.3499984741211,0.0,14.020000457763672,14.09000015258789,13.819999694824219,13.859999656677246,0.0
2023-07-26,40.13999938964844,40.189998626708984,39.939998626708984,40.03799819946289,7300.0,454.4700012207031,456.989990234375,453.3800048828125,455.510009765625,71052900.0,377.7200012207031,379.239990234375,375.17999267578125,377.5199890136719,47075700.0,88.29499816894531,88.51000213623047,87.41000366210938,88.02999877929688,15501600.0,3.884999990463257,3.9040000438690186,3.8489999771118164,3.8510000705718994,0.0,101.31999969482422,101.44000244140625,100.86000061035156,100.88999938964844,0.0,13.859999656677246,14.15999984741211,13.149999618530273,13.1899995803833,0.0
2023-07-27,40.70000076293945,40.70000076293945,39.790000915527344,39.83000183105469,4800.0,459.0199890136719,459.44000244140625,451.54998779296875,452.489990234375,92194400.0,383.07000732421875,384.7099914550781,375.30999755859375,376.6199951171875,63940200.0,89.22000122070312,89.48999786376953,87.375,87.7750015258789,13857000.0,3.86299991607666,4.021999835968018,3.8529999256134033,4.01200008392334,0.0,101.11000061035156,101.83999633789062,100.55000305175781,101.7699966430664,0.0,13.140000343322754,15.020000457763672,12.739999771118164,14.40999984741211,0.0
2023-07-28,40.439998626708984,40.439998626708984,40.0,40.18000030517578,7600.0,455.8800048828125,457.7799987792969,452.489990234375,456.9200134277344,80011800.0,380.739990234375,384.5199890136719,380.2200012207031,383.4800109863281,56902900.0,88.58999633789062,89.23500061035156,88.40499877929688,88.97000122070312,11287400.0,3.9609999656677246,3.994999885559082,3.940999984741211,3.9690001010894775,0.0,101.69000244140625,102.04000091552734,101.36000061035156,101.62000274658203,0.0,14.029999732971191,14.180000305175781,13.270000457763672,13.329999923706055,0.0
2023-07-31,40.43000030517578,40.43000030517578,40.2400016784668,40.316001892089844,7800.0,457.4100036621094,458.1600036621094,456.04998779296875,457.7900085449219,62040400.0,383.7900085449219,384.8800048828125,382.3399963378906,383.67999267578125,44019900.0,89.05000305175781,89.28500366210938,88.66500091552734,89.17500305175781,10138400.0,3.9670000076293945,3.9809999465942383,3.927000045776367,3.9590001106262207,0.0,101.69999694824219,101.91000366210938,101.52999877929688,101.86000061035156,0.0,13.979999542236328,14.09000015258789,13.569999694824219,13.630000114440918,0.0
2023-08-01,40.290000915527344,40.36000061035156,40.22999954223633,40.36000061035156,3500.0,456.2699890136719,457.25,455.489990234375,456.4800109863281,55291500.0,382.30999755859375,383.55999755859375,380.69000244140625,382.7900085449219,41060600.0,88.88500213623047,89.51499938964844,88.6500015258789,89.32499694824219,8845800.0,4.000999927520752,4.057000160217285,4.000999927520752,4.051000118255615,0.0,101.87000274658203,102.43000030517578,101.8499984741211,102.30000305175781,0.0,13.75,14.300000190734863,13.75,13.930000305175781,0.0
2023-08-02,40.02000045776367,40.02000045776367,39.63399887084961,39.65999984741211,4700.0,453.25,453.5199890136719,449.3500061035156,450.1300048828125,93933400.0,379.260009765625,379.260009765625,373.1300048828125,374.3900146484375,72687100.0,88.54000091552734,88.59500122070312,86.80000305175781,87.11499786376953,15818600.0,4.039000034332275,4.125999927520752,4.034999847412109,4.078000068664551,0.0,101.95999908447266,102.77999877929688,101.95999908447266,102.58999633789062,0.0,15.699999809265137,16.479999542236328,14.949999809265137,16.09000015258789,0.0
2023-08-03,39.5,39.58000183105469,39.31999969482422,39.54999923706055,4600.0,448.0400085449219,450.7900085449219,447.3699951171875,448.8399963378906,64276100.0,371.94000244140625,375.95001220703125,371.7699890136719,373.7900085449219,47666400.0,86.40499877929688,87.2699966430664,86.3499984741211,86.76000213623047,11321000.0,4.144999980926514,4.197999954223633,4.127999782562256,4.189000129699707,0.0,102.58999633789062,102.83999633789062,102.37000274658203,102.54000091552734,0.0,16.770000457763672,17.420000076293945,15.720000267028809,15.920000076293945,0.0
2023-08-04,39.59000015258789,39.79999923706055,39.27000045776367,39.27000045776367,2000.0,450.7200012207031,452.8999938964844,446.2699890136719,446.80999755859375,100128900.0,375.75,378.1000061035156,371.5299987792969,372.0400085449219,61702800.0,86.46499633789062,86.98500061035156,85.44499969482422,85.58000183105469,14431800.0,4.191999912261963,4.205999851226807,4.058000087738037,4.059999942779541,0.0,102.44999694824219,102.62000274658203,101.73999786376953,102.0199966430664,0.0,16.010000228881836,17.389999389648438,14.569999694824219,17.100000381469727,0.0
2023-08-07,39.529998779296875,39.72700119018555,39.45000076293945,39.72700119018555,2300.0,448.7099914550781,450.8699951171875,447.989990234375,450.7099914550781,58357500.0,373.8800048828125,375.2900085449219,371.510009765625,375.19000244140625,37230400.0,85.94000244140625,86.23500061035156,85.19999694824219,85.81999969482422,9536000.0,4.11299991607666,4.11299991607666,4.064000129699707,4.078000068664551,0.0,102.01000213623047,102.37999725341797,101.97000122070312,102.05000305175781,0.0,16.899999618530273,17.360000610351562,15.770000457763672,15.770000457763672,0.0
2023-08-08,39.16999816894531,39.37200164794922,39.06800079345703,39.37200164794922,3200.0,448.0799865722656,450.70001220703125,445.2699890136719,448.75,71361300.0,372.6400146484375,372.6600036621094,368.82000732421875,372.0,44726500.0,85.22000122070312,85.2699966430664,84.30500030517578,85.16000366210938,11461800.0,4.007999897003174,4.033999919891357,3.9839999675750732,4.026000022888184,0.0,102.06999969482422,102.80000305175781,102.06999969482422,102.52999877929688,0.0,16.280000686645508,18.139999389648438,15.960000038146973,15.989999771118164,0.0
2023-08-09,39.279998779296875,39.279998779296875,38.92900085449219,38.92900085449219,8100.0,449.0299987792969,449.20001220703125,444.9599914550781,445.75,78789600.0,372.2900085449219,372.45001220703125,367.1400146484375,367.9100036621094,51150900.0,85.2750015258789,85.2750015258789,83.7699966430664,84.05999755859375,14301800.0,4.035999774932861,4.035999774932861,3.98799991607666,4.01200008392334,0.0,102.55000305175781,102.58000183105469,102.29000091552734,102.48999786376953,0.0,15.8100004196167,16.8700008392334,15.380000114440918,15.960000038146973,0.0
2023-08-10,39.34000015258789,39.380001068115234,38.939998626708984,38.97600173950195,3500.0,448.19000244140625,451.70001220703125,444.70001220703125,445.9100036621094,93005500.0,370.9700012207031,374.3599853515625,367.0400085449219,368.5899963378906,72035300.0,84.69999694824219,85.43499755859375,83.65499877929688,84.06999969482422,12731400.0,3.9820001125335693,4.093999862670898,3.9570000171661377,4.079999923706055,0.0,102.4800033569336,102.6500015258789,101.77999877929688,102.5199966430664,0.0,15.579999923706055,16.860000610351562,14.600000381469727,15.850000381469727,0.0
2023-08-11,38.67599868774414,38.880001068115234,38.67599868774414,38.790000915527344,2700.0,443.9700012207031,446.70001220703125,443.3500061035156,445.6499938964844,68690900.0,365.989990234375,368.0,364.69000244140625,366.239990234375,48707200.0,83.4000015258789,83.94000244140625,83.16000366210938,83.44999694824219,10772000.0,4.10699987411499,4.168000221252441,4.090000152587891,4.168000221252441,0.0,102.62000274658203,102.91000366210938,102.41999816894531,102.83999633789062,0.0,15.529999732971191,16.510000228881836,14.84000015258789,14.84000015258789,0.0
2023-08-14,38.619998931884766,39.17300033569336,38.619998931884766,39.17300033569336,1300.0,444.70001220703125,448.1099853515625,444.3800048828125,448.1099853515625,47867400.0,365.42999267578125,370.4700012207031,364.70001220703125,370.3500061035156,42130800.0,83.36499786376953,84.79000091552734,83.16500091552734,84.77999877929688,10328000.0,4.176000118255615,4.215000152587891,4.145999908447266,4.184000015258789,0.0,102.8499984741211,103.45999908447266,102.7699966430664,103.19000244140625,0.0,15.880000114440918,16.059999465942383,14.770000457763672,14.819999694824219,0.0
2023-08-15,38.779998779296875,38.779998779296875,38.779998779296875,38.779998779296875,600.0,446.2699890136719,446.6400146484375,442.29998779296875,442.8900146484375,75707500.0,369.3599853515625,370.1700134277344,365.739990234375,366.4200134277344,45539900.0,84.52999877929688,84.83000183105469,83.75,83.94499969482422,9366400.0,4.235000133514404,4.27400016784668,4.165999889373779,4.2210001945495605,0.0,103.1500015258789,103.2699966430664,102.81999969482422,103.20999908447266,0.0,14.949999809265137,16.56999969482422,14.90999984741211,16.459999084472656,0.0
2023-08-16,38.599998474121094,38.68000030517578,38.43000030517578,38.43000030517578,2600.0,442.4599914550781,444.17999267578125,439.5299987792969,439.6400146484375,80107200.0,365.8699951171875,367.42999267578125,362.44000244140625,362.5400085449219,53190500.0,83.76499938964844,84.24500274658203,83.13999938964844,83.1449966430664,9779400.0,4.204999923706055,4.26200008392334,4.190999984741211,4.257999897003174,0.0,103.20999908447266,103.52999877929688,102.94000244140625,103.41999816894531,0.0,16.540000915527344,16.93000030517578,15.800000190734863,16.780000686645508,0.0
2023-08-17,38.45000076293945,38.45000076293945,38.08000183105469,38.10300064086914,1400.0,441.1600036621094,441.42999267578125,435.75,436.2900085449219,95711300.0,363.9599914550781,364.30999755859375,358.1600036621094,358.5799865722656,62604300.0,83.51499938964844,83.66999816894531,82.2300033569336,82.3550033569336,12614800.0,4.2779998779296875,4.328000068664551,4.271999835968018,4.308000087738037,0.0,103.4800033569336,103.5999984741211,103.05999755859375,103.44000244140625,0.0,16.959999084472656,18.1299991607666,16.399999618530273,17.889999389648438,0.0
2023-08-18,37.939998626708984,38.130001068115234,37.880001068115234,38.04100036621094,4700.0,433.3699951171875,437.57000732421875,433.010009765625,436.5,98852000.0,355.260009765625,359.4100036621094,354.7099914550781,358.1300048828125,61191400.0,81.5199966430664,82.81500244140625,81.47000122070312,82.4800033569336,13658600.0,4.243000030517578,4.28000020980835,4.2230000495910645,4.250999927520752,0.0,103.4000015258789,103.68000030517578,103.2300033569336,103.37999725341797,0.0,17.799999237060547,18.8799991607666,17.139999389648438,17.299999237060547,0.0
2023-08-21,38.255001068115234,38.62300109863281,38.255001068115234,38.62300109863281,1800.0,437.54998779296875,440.1099853515625,435.32000732421875,439.3399963378906,68719000.0,359.6199951171875,364.5899963378906,359.1499938964844,363.8999938964844,50696500.0,82.90499877929688,84.2249984741211,82.82499694824219,84.05500030517578,13132800.0,4.294000148773193,4.354000091552734,4.288000106811523,4.3420000076293945,0.0,103.43000030517578,103.5,103.13999938964844,103.33000183105469,0.0,18.030000686645508,18.110000610351562,16.8799991607666,17.1299991607666,0.0
2023-08-22,38.95000076293945,38.95000076293945,38.4900016784668,38.49700164794922,2000.0,441.17999267578125,441.17999267578125,437.57000732421875,438.1499938964844,64994200.0,366.54998779296875,366.55999755859375,362.67999267578125,363.3800048828125,44530200.0,84.80999755859375,84.86000061035156,83.7750015258789,83.95999908447266,11361800.0,4.309999942779541,4.361999988555908,4.309999942779541,4.328000068664551,0.0,103.33000183105469,103.72000122070312,103.01000213623047,103.55999755859375,0.0,16.959999084472656,17.579999923706055,16.610000610351562,16.969999313354492,0.0
2023-08-23,38.52000045776367,39.09000015258789,38.52000045776367,39.029998779296875,1900.0,439.25,443.6700134277344,439.1000061035156,443.0299987792969,68441000.0,364.5799865722656,370.2200012207031,364.3599853515625,369.1099853515625,51770600.0,84.16500091552734,85.7249984741211,84.16000366210938,85.4749984741211,10113200.0,4.2829999923706055,4.291999816894531,4.190000057220459,4.197999954223633,0.0,103.58000183105469,103.9800033569336,103.30000305175781,103.36000061035156,0.0,16.639999389648438,17.100000381469727,15.90999984741211,15.979999542236328,0.0
2023-08-24,39.61000061035156,39.61000061035156,38.53300094604492,38.53300094604492,5500.0,444.69000244140625,445.2200012207031,436.8599853515625,436.8900146484375,88517300.0,372.6400146484375,372.739990234375,361.010009765625,361.2200012207031,66842500.0,86.55000305175781,86.55500030517578,83.44000244140625,83.50499725341797,13929000.0,4.2230000495910645,4.238999843597412,4.190000057220459,4.235000133514404,0.0,103.36000061035156,104.02999877929688,103.2699966430664,103.9800033569336,0.0,15.569999694824219,17.31999969482422,15.479999542236328,17.200000762939453,0.0
2023-08-25,38.47999954223633,38.78300094604492,38.34000015258789,38.78300094604492,2700.0,438.67999267578125,441.29998779296875,435.0,439.9700012207031,102325100.0,362.07000732421875,365.739990234375,358.5799865722656,364.0199890136719,69960500.0,83.83999633789062,84.81999969482422,83.09500122070312,84.3550033569336,15686600.0,4.235000133514404,4.284999847412109,4.203999996185303,4.238999843597412,0.0,104.0999984741211,104.44999694824219,103.73999786376953,104.08000183105469,0.0,17.209999084472656,17.360000610351562,15.449999809265137,15.680000305175781,0.0
2023-08-28,38.970001220703125,39.04600143432617,38.93000030517578,39.04600143432617,2300.0,442.239990234375,443.3999938964844,439.9700012207031,442.760009765625,61595400.0,366.989990234375,367.7099914550781,364.25,366.760009765625,40910000.0,84.99500274658203,85.2249984741211,84.38999938964844,85.04499816894531,8963800.0,4.23199987411499,4.234000205993652,4.193999767303467,4.211999893188477,0.0,104.19000244140625,104.20999908447266,103.9800033569336,104.05999755859375,0.0,16.239999771118164,16.280000686645508,15.0,15.079999923706055,0.0
2023-08-29,39.040000915527344,39.79999923706055,39.040000915527344,39.79999923706055,4100.0,442.6499938964844,449.45001220703125,442.4599914550781,449.1600036621094,83081900.0,366.55999755859375,375.1300048828125,366.2300109863281,374.7699890136719,58492400.0,84.80000305175781,86.83499908447266,84.70999908447266,86.75,13713800.0,4.21999979019165,4.243000030517578,4.105999946594238,4.122000217437744,0.0,103.91999816894531,104.36000061035156,103.37000274658203,103.55000305175781,0.0,15.079999923706055,15.300000190734863,14.34000015258789,14.449999809265137,0.0
2023-08-30,40.08000183105469,40.099998474121094,39.83000183105469,40.04999923706055,17300.0,449.510009765625,451.6700134277344,448.7799987792969,451.010009765625,69053900.0,374.8800048828125,377.45001220703125,373.8599853515625,376.8599853515625,41731500.0,86.76499938964844,87.49500274658203,86.46499633789062,87.40499877929688,12266600.0,4.13700008392334,4.15500020980835,4.086999893188477,4.118000030517578,0.0,103.44000244140625,103.69999694824219,102.94000244140625,103.16000366210938,0.0,14.529999732971191,14.699999809265137,13.829999923706055,13.880000114440918,0.0
2023-08-31,40.38999938964844,40.38999938964844,40.104000091552734,40.104000091552734,1500.0,451.6499938964844,452.8299865722656,450.1600036621094,450.3500061035156,66084600.0,376.94000244140625,379.7200012207031,376.8699951171875,377.989990234375,35730700.0,87.6050033569336,88.16500091552734,87.51000213623047,87.83000183105469,11963400.0,4.09499979019165,4.118000030517578,4.077000141143799,4.0929999351501465,0.0,103.0999984741211,103.73999786376953,103.01000213623047,103.62000274658203,0.0,13.979999542236328,14.0,13.4399995803833,13.569999694824219,0.0
2023-09-01,40.220001220703125,40.220001220703125,39.900001525878906,40.02399826049805,5500.0,453.1700134277344,453.6700134277344,449.67999267578125,451.19000244140625,58944100.0,380.3999938964844,380.8299865722656,376.0799865722656,377.5899963378906,39801200.0,88.37999725341797,88.49500274658203,87.6500015258789,88.0999984741211,9244600.0,4.0970001220703125,4.199999809265137,4.059999942779541,4.172999858856201,0.0,103.62000274658203,104.29000091552734,103.2699966430664,104.23999786376953,0.0,13.5600004196167,13.5600004196167,13.020000457763672,13.09000015258789,0.0
2023-09-05,39.970001220703125,40.0,39.900001525878906,39.946998596191406,3100.0,450.7300109863281,451.05999755859375,449.1700134277344,449.239990234375,55166200.0,376.7699890136719,379.30999755859375,375.8299865722656,378.07000732421875,32344200.0,87.87999725341797,88.69000244140625,87.59500122070312,88.41500091552734,10060400.0,4.228000164031982,4.269999980926514,4.211999893188477,4.26800012588501,0.0,104.12999725341797,104.91000366210938,104.11000061035156,104.80999755859375,0.0,14.149999618530273,14.470000267028809,13.699999809265137,14.010000228881836,0.0
2023-09-06,40.060001373291016,40.060001373291016,39.59000015258789,39.768001556396484,3700.0,448.3999938964844,448.510009765625,443.80999755859375,446.2200012207031,70758500.0,377.2799987792969,377.6300048828125,372.70001220703125,374.739990234375,42998700.0,88.06999969482422,88.29000091552734,86.94000244140625,87.4800033569336,18143200.0,4.242000102996826,4.306000232696533,4.239999771118164,4.289999961853027,0.0,104.75,105.0199966430664,104.58999633789062,104.86000061035156,0.0,14.270000457763672,15.300000190734863,14.130000114440918,14.449999809265137,0.0
2023-09-07,39.65999984741211,39.68299865722656,39.41999816894531,39.68299865722656,1200.0,443.1099853515625,445.54998779296875,442.75,444.8500061035156,70355400.0,370.2099914550781,372.8500061035156,369.1499938964844,372.05999755859375,52060700.0,85.8550033569336,86.40499877929688,85.54000091552734,86.21499633789062,12513600.0,4.283999919891357,4.308000087738037,4.257999897003174,4.260000228881836,0.0,104.86000061035156,105.16000366210938,104.80000305175781,105.05999755859375,0.0,14.8100004196167,15.6899995803833,14.399999618530273,14.399999618530273,0.0
2023-09-08,39.54999923706055,39.573001861572266,39.529998779296875,39.573001861572266,2000.0,444.8999938964844,447.1099853515625,444.5299987792969,445.5199890136719,61659700.0,372.010009765625,374.8500061035156,371.6000061035156,372.5799865722656,35800100.0,86.20999908447266,86.94999694824219,86.16999816894531,86.3949966430664,8584800.0,4.257999897003174,4.263999938964844,4.2129998207092285,4.257999897003174,0.0,105.05999755859375,105.0999984741211,104.66000366210938,105.08999633789062,0.0,14.220000267028809,14.869999885559082,13.579999923706055,13.84000015258789,0.0
2023-09-11,39.7599983215332,39.88199996948242,39.7599983215332,39.88199996948242,800.0,448.239990234375,448.7699890136719,446.4700012207031,448.45001220703125,60180100.0,375.6600036621094,377.489990234375,373.6600036621094,376.9700012207031,39936600.0,87.15499877929688,87.23500061035156,86.08499908447266,86.84500122070312,8272800.0,4.283999919891357,4.300000190734863,4.271999835968018,4.288000106811523,0.0,104.94000244140625,104.94000244140625,104.41999816894531,104.56999969482422,0.0,14.170000076293945,14.329999923706055,13.739999771118164,13.800000190734863,0.0
2023-09-12,39.689998626708984,39.689998626708984,39.47999954223633,39.47999954223633,1100.0,446.95001220703125,448.5299987792969,445.3900146484375,445.989990234375,67565400.0,375.2699890136719,376.95001220703125,372.5,372.7900085449219,41391000.0,86.12000274658203,86.42500305175781,85.11499786376953,85.2699966430664,12243000.0,4.285999774932861,4.297999858856201,4.263999938964844,4.263999938964844,0.0,104.55999755859375,104.91999816894531,104.45999908447266,104.70999908447266,0.0,14.020000457763672,14.420000076293945,13.710000038146973,14.229999542236328,0.0
2023-09-13,39.4900016784668,39.61000061035156,39.4900016784668,39.52899932861328,2400.0,446.2200012207031,447.7099914550781,445.0799865722656,446.510009765625,60199300.0,373.0299987792969,375.8399963378906,371.8800048828125,374.2099914550781,46300700.0,85.23500061035156,85.94499969482422,84.99500274658203,85.48500061035156,10008800.0,4.311999797821045,4.343999862670898,4.235000133514404,4.249000072479248,0.0,104.58000183105469,104.97000122070312,104.51000213623047,104.7699966430664,0.0,14.420000076293945,14.680000305175781,13.40999984741211,13.479999542236328,0.0
2023-09-14,39.63999938964844,39.83000183105469,39.56399917602539,39.81100082397461,3400.0,449.07000732421875,451.0799865722656,447.7200012207031,450.3599853515625,83430800.0,375.989990234375,378.2699890136719,373.8900146484375,377.2699890136719,48039400.0,86.01000213623047,86.31999969482422,85.47000122070312,86.1050033569336,9473200.0,4.229000091552734,4.297999858856201,4.2230000495910645,4.288000106811523,0.0,104.73999786376953,105.44000244140625,104.55999755859375,105.41000366210938,0.0,13.390000343322754,13.460000038146973,12.789999961853027,12.819999694824219,0.0
2023-09-15,39.4900016784668,39.63999938964844,39.310001373291016,39.32600021362305,3500.0,447.1400146484375,447.4800109863281,442.9200134277344,443.3699951171875,111848900.0,375.9100036621094,376.32000732421875,369.8599853515625,370.80999755859375,69811200.0,85.79499816894531,85.81999969482422,84.2249984741211,84.44999694824219,13116800.0,4.320000171661377,4.3379998207092285,4.302999973297119,4.322000026702881,0.0,105.37999725341797,105.41000366210938,105.08000183105469,105.31999969482422,0.0,12.699999809265137,14.170000076293945,12.680000305175781,13.789999961853027,0.0
2023-09-18,39.2400016784668,39.40999984741211,39.189998626708984,39.28099822998047,1400.0,443.04998779296875,444.9700012207031,442.55999755859375,443.6300048828125,55752200.0,369.32000732421875,371.7900085449219,369.0299987792969,370.6600036621094,36903500.0,84.0250015258789,84.95500183105469,84.0,84.67500305175781,9943800.0,4.336999893188477,4.359000205993652,4.310999870300293,4.318999767303467,0.0,105.30000305175781,105.36000061035156,105.0199966430664,105.19999694824219,0.0,14.399999618530273,14.75,13.859999656677246,14.0,0.0
2023-09-19,39.11000061035156,39.20000076293945,39.0,39.150001525878906,5000.0,442.67999267578125,443.2900085449219,439.94000244140625,442.7099914550781,66514600.0,369.32000732421875,370.67999267578125,366.79998779296875,369.8699951171875,37621700.0,84.31500244140625,84.84500122070312,83.8550033569336,84.62999725341797,8236600.0,4.333000183105469,4.364999771118164,4.324999809265137,4.364999771118164,0.0,105.08000183105469,105.20999908447266,104.81999969482422,105.19999694824219,0.0,14.109999656677246,14.880000114440918,13.859999656677246,14.109999656677246,0.0
2023-09-20,39.36000061035156,39.38999938964844,38.90800094604492,38.90800094604492,4400.0,444.010009765625,444.44000244140625,438.42999267578125,438.6400146484375,82562600.0,370.95001220703125,371.30999755859375,364.4599914550781,364.5400085449219,45514200.0,84.86000061035156,84.97000122070312,83.26499938964844,83.30000305175781,10760400.0,4.339000225067139,4.361000061035156,4.313000202178955,4.348999977111816,0.0,105.11000061035156,105.44000244140625,104.66999816894531,105.16000366210938,0.0,14.180000305175781,15.149999618530273,13.569999694824219,15.140000343322754,0.0
2023-09-21,38.41999816894531,38.41999816894531,38.12099838256836,38.12099838256836,2900.0,435.70001220703125,435.9700012207031,431.2300109863281,431.3900146484375,104095800.0,360.79998779296875,361.6000061035156,357.69000244140625,357.8599853515625,69734800.0,82.42500305175781,83.01000213623047,81.98999786376953,82.02999877929688,14741200.0,4.466000080108643,4.489999771118164,4.461999893188477,4.480000019073486,0.0,105.44000244140625,105.73999786376953,105.27999877929688,105.36000061035156,0.0,15.489999771118164,17.540000915527344,15.100000381469727,17.540000915527344,0.0
2023-09-22,38.26499938964844,38.27000045776367,38.055999755859375,38.055999755859375,20900.0,432.45001220703125,434.1000061035156,429.989990234375,430.4200134277344,100829700.0,359.6300048828125,361.79998779296875,357.5899963378906,357.9100036621094,51589700.0,82.38999938964844,82.95999908447266,82.0199966430664,82.20500183105469,12537800.0,4.473999977111816,4.486000061035156,4.423999786376953,4.438000202178955,0.0,105.37999725341797,105.77999877929688,105.31999969482422,105.58000183105469,0.0,17.309999465942383,17.40999984741211,15.930000305175781,17.200000762939453,0.0
2023-09-25,38.04999923706055,38.16999816894531,38.040000915527344,38.13999938964844,2200.0,429.1700134277344,432.2699890136719,428.7200012207031,432.2300109863281,70874500.0,356.92999267578125,359.70001220703125,355.92999267578125,359.6099853515625,39168000.0,81.99500274658203,82.59500122070312,81.78500366210938,82.47000122070312,10577400.0,4.505000114440918,4.546000003814697,4.499000072479248,4.541999816894531,0.0,105.56999969482422,106.0999984741211,105.5199966430664,106.0,0.0,17.25,18.40999984741211,16.790000915527344,16.899999618530273,0.0
2023-09-26,38.13999938964844,38.13999938964844,37.619998931884766,37.652000427246094,2500.0,429.0899963378906,429.82000732421875,425.0199890136719,425.8800048828125,96168400.0,356.989990234375,357.5400085449219,353.2099914550781,354.2099914550781,53657700.0,81.93000030517578,81.9749984741211,80.70500183105469,80.98500061035156,14926000.0,4.485000133514404,4.564000129699707,4.482999801635742,4.558000087738037,0.0,105.94000244140625,106.26000213623047,105.86000061035156,106.2300033569336,0.0,18.030000686645508,19.5,17.170000076293945,18.940000534057617,0.0
2023-09-27,37.77000045776367,37.77000045776367,37.599998474121094,37.720001220703125,2100.0,427.0899963378906,427.6700134277344,422.2900085449219,426.04998779296875,104705800.0,355.3800048828125,356.9800109863281,351.3599853515625,355.0400085449219,56066000.0,81.375,81.53500366210938,80.30500030517578,81.11000061035156,11665200.0,4.506999969482422,4.64300012588501,4.491000175476074,4.625999927520752,0.0,106.22000122070312,106.83999633789062,106.16999816894531,106.66999816894531,0.0,18.290000915527344,19.709999084472656,18.030000686645508,18.219999313354492,0.0
2023-09-28,38.04999923706055,38.125,38.0359992980957,38.125,1100.0,425.4800109863281,430.25,424.8699951171875,428.5199890136719,92258300.0,354.1099853515625,360.1700134277344,353.239990234375,358.010009765625,56453300.0,80.7249984741211,82.20500183105469,80.34500122070312,81.68499755859375,12829400.0,4.624000072479248,4.688000202178955,4.5970001220703125,4.5970001220703125,0.0,106.68000030517578,106.76000213623047,106.0199966430664,106.22000122070312,0.0,18.219999313354492,18.770000457763672,17.059999465942383,17.34000015258789,0.0
2023-09-29,38.0,38.051998138427734,38.0,38.051998138427734,500.0,431.6700134277344,431.8500061035156,425.9100036621094,427.4800109863281,115111300.0,361.5400085449219,362.95001220703125,357.0199890136719,358.2699890136719,64829600.0,82.48999786376953,83.25499725341797,81.68499755859375,81.96499633789062,15883800.0,4.548999786376953,4.574999809265137,4.507999897003174,4.572999954223633,0.0,106.1500015258789,106.23999786376953,105.66000366210938,106.16999816894531,0.0,16.8700008392334,17.739999771118164,15.829999923706055,17.520000457763672,0.0
2023-10-02,37.939998626708984,38.189998626708984,37.939998626708984,38.132999420166016,2800.0,426.6199951171875,428.6000061035156,424.4599914550781,427.30999755859375,83798600.0,358.5400085449219,362.67999267578125,357.9200134277344,361.260009765625,51625100.0,82.00499725341797,83.08499908447266,81.87999725341797,82.84500122070312,13656200.0,4.63100004196167,4.703000068664551,4.626999855041504,4.683000087738037,0.0,106.16999816894531,107.02999877929688,106.04000091552734,106.9000015258789,0.0,17.309999465942383,18.549999237060547,16.93000030517578,17.610000610351562,0.0
2023-10-03,37.880001068115234,37.880001068115234,37.529998779296875,37.529998779296875,5600.0,425.05999755859375,427.3699951171875,420.17999267578125,421.5899963378906,103760600.0,358.7799987792969,361.010009765625,353.2799987792969,354.9200134277344,60478500.0,82.375,82.94000244140625,81.0199966430664,81.44000244140625,14838800.0,4.736999988555908,4.806000232696533,4.695000171661377,4.802000045776367,0.0,107.02999877929688,107.3499984741211,106.91000366210938,107.0,0.0,17.809999465942383,20.479999542236328,17.520000457763672,19.780000686645508,0.0
2023-10-04,37.68000030517578,38.03300094604492,37.56999969482422,38.03300094604492,1400.0,422.07000732421875,425.42999267578125,420.55999755859375,424.6600036621094,87453000.0,355.7699890136719,360.6099853515625,355.29998779296875,359.75,54786700.0,81.50499725341797,82.67500305175781,81.50499725341797,82.45500183105469,15194200.0,4.75600004196167,4.794000148773193,4.7270002365112305,4.735000133514404,0.0,107.05999755859375,107.23999786376953,106.51000213623047,106.80000305175781,0.0,20.719999313354492,20.8799991607666,18.299999237060547,18.579999923706055,0.0
2023-10-05,37.91999816894531,38.0989990234375,37.71900177001953,38.04199981689453,1300.0,424.3599853515625,425.3699951171875,421.1700134277344,424.5,70142700.0,359.739990234375,360.1499938964844,355.1400146484375,358.69000244140625,45897400.0,82.44999694824219,82.69999694824219,81.57499694824219,82.56500244140625,12023000.0,4.730999946594238,4.7769999504089355,4.703999996185303,4.7170000076293945,0.0,106.7699966430664,106.86000061035156,106.31999969482422,106.33000183105469,0.0,18.670000076293945,19.579999923706055,18.260000228881836,18.489999771118164,0.0
2023-10-06,37.939998626708984,38.63999938964844,37.81999969482422,38.564998626708984,4900.0,421.9700012207031,431.1300048828125,420.6000061035156,429.5400085449219,113273300.0,355.6499938964844,365.9100036621094,354.8500061035156,364.70001220703125,75049100.0,82.0,84.47000122070312,81.76000213623047,84.11000061035156,16625600.0,4.739999771118164,4.88700008392334,4.739999771118164,4.783999919891357,0.0,106.36000061035156,106.97000122070312,105.94999694824219,106.04000091552734,0.0,18.729999542236328,19.93000030517578,17.190000534057617,17.450000762939453,0.0
2023-10-09,38.23500061035156,38.709999084472656,38.23500061035156,38.6870002746582,2300.0,427.5799865722656,432.8800048828125,427.010009765625,432.2900085449219,80374400.0,362.29998779296875,367.1099853515625,360.7799987792969,366.55999755859375,45304800.0,83.59500122070312,84.67500305175781,83.20999908447266,84.54499816894531,13139200.0,4.796999931335449,4.796999931335449,4.796999931335449,4.796999931335449,0.0,106.0999984741211,106.5999984741211,106.0199966430664,106.08000183105469,0.0,19.540000915527344,19.600000381469727,17.559999465942383,17.700000762939453,0.0
2023-10-10,38.88999938964844,39.18000030517578,38.88999938964844,38.959999084472656,1600.0,432.94000244140625,437.2200012207031,432.5299987792969,434.5400085449219,78607300.0,366.8999938964844,371.2799987792969,366.3900146484375,368.5899963378906,46968800.0,84.6050033569336,85.3550033569336,84.37000274658203,84.67500305175781,20402800.0,4.703000068664551,4.7129998207092285,4.618000030517578,4.65500020980835,0.0,106.02999877929688,106.25,105.66000366210938,105.83000183105469,0.0,17.700000762939453,17.860000610351562,16.510000228881836,17.030000686645508,0.0
2023-10-11,39.099998474121094,39.189998626708984,38.95000076293945,39.17399978637695,2600.0,435.6400146484375,436.5799865722656,433.17999267578125,436.32000732421875,62451700.0,369.94000244140625,371.4100036621094,368.19000244140625,371.2200012207031,38215100.0,84.93499755859375,85.5,84.66500091552734,85.45999908447266,10389200.0,4.580999851226807,4.624000072479248,4.564000129699707,4.59499979019165,0.0,105.7300033569336,106.01000213623047,105.55999755859375,105.81999969482422,0.0,16.950000762939453,17.780000686645508,16.09000015258789,16.09000015258789,0.0
2023-10-12,39.209999084472656,39.349998474121094,38.99700164794922,38.99700164794922,3000.0,436.95001220703125,437.3399963378906,431.2300109863281,433.6600036621094,81154200.0,371.7300109863281,373.739990234375,367.5,369.92999267578125,49587900.0,85.53500366210938,86.41500091552734,84.88999938964844,85.54000091552734,15405800.0,4.544000148773193,4.728000164031982,4.5320000648498535,4.711999893188477,0.0,105.66999816894531,106.5999984741211,105.54000091552734,106.56999969482422,0.0,16.079999923706055,18.079999923706055,15.4399995803833,16.690000534057617,0.0
2023-10-13,39.29999923706055,39.29999923706055,38.59700012207031,38.59700012207031,1100.0,435.2099914550781,436.45001220703125,429.8800048828125,431.5,95143100.0,370.57000732421875,371.1600036621094,363.8599853515625,365.2799987792969,52469900.0,85.70999908447266,85.8550033569336,84.0199966430664,84.31500244140625,15183200.0,4.61899995803833,4.650000095367432,4.585999965667725,4.629000186920166,0.0,106.5199966430664,106.79000091552734,106.29000091552734,106.6500015258789,0.0,16.530000686645508,20.780000686645508,16.5,19.31999969482422,0.0
2023-10-16,39.09199905395508,39.130001068115234,39.09000015258789,39.11000061035156,1400.0,433.82000732421875,437.1400146484375,433.57000732421875,436.0400085449219,75433200.0,366.6199951171875,370.4800109863281,366.4700012207031,369.4100036621094,44201100.0,84.45500183105469,85.51000213623047,84.44000244140625,85.125,14544200.0,4.690999984741211,4.724999904632568,4.665999889373779,4.711999893188477,0.0,106.58000183105469,106.62999725341797,106.18000030517578,106.23999786376953,0.0,19.100000381469727,19.56999969482422,17.139999389648438,17.209999084472656,0.0
2023-10-17,38.630001068115234,39.17300033569336,38.630001068115234,39.00299835205078,1400.0,432.80999755859375,438.1400146484375,432.45001220703125,436.0199890136719,75324700.0,365.80999755859375,369.9200134277344,363.6600036621094,368.20001220703125,50999100.0,84.05500030517578,85.16999816894531,83.44999694824219,84.7300033569336,15317800.0,4.764999866485596,4.860000133514404,4.761000156402588,4.8470001220703125,0.0,106.26000213623047,106.52999877929688,106.0199966430664,106.25,0.0,17.40999984741211,18.540000915527344,16.969999313354492,17.8799991607666,0.0
2023-10-18,38.75,38.75,38.29999923706055,38.30400085449219,4000.0,434.19000244140625,435.17999267578125,429.0899963378906,430.2099914550781,93559800.0,365.6700134277344,367.9100036621094,362.0199890136719,363.3699951171875,54280500.0,84.13500213623047,84.81999969482422,83.51499938964844,83.86000061035156,12862800.0,4.839000225067139,4.927999973297119,4.834000110626221,4.9039998054504395,0.0,106.22000122070312,106.63999938964844,106.01000213623047,106.56999969482422,0.0,18.360000610351562,20.149999618530273,17.8799991607666,19.219999313354492,0.0
2023-10-19,38.029998779296875,38.18000030517578,37.73400115966797,37.7400016784668,2900.0,430.95001220703125,432.82000732421875,425.7300109863281,426.42999267578125,121323000.0,364.80999755859375,366.0199890136719,359.1600036621094,359.9700012207031,72274200.0,84.19499969482422,84.76000213623047,83.23500061035156,83.37999725341797,19991800.0,4.964000225067139,4.995999813079834,4.894000053405762,4.98799991607666,0.0,106.54000091552734,106.66999816894531,105.9800033569336,106.25,0.0,19.729999542236328,21.399999618530273,18.549999237060547,21.399999618530273,0.0
2023-10-20,37.599998474121094,37.599998474121094,37.137001037597656,37.137001037597656,1300.0,425.9800109863281,426.5400085449219,421.0799865722656,421.19000244140625,123919900.0,359.4599914550781,360.0400085449219,354.3699951171875,354.6000061035156,72559700.0,83.33999633789062,83.4000015258789,81.88500213623047,81.97000122070312,15350400.0,4.978000164031982,4.993000030517578,4.892000198364258,4.923999786376953,0.0,106.26000213623047,106.41999816894531,106.06999969482422,106.16000366210938,0.0,21.59000015258789,21.829999923706055,20.420000076293945,21.709999084472656,0.0
2023-10-23,36.974998474121094,37.31999969482422,36.974998474121094,37.06999969482422,1600.0,419.6099853515625,424.45001220703125,417.79998779296875,420.4599914550781,92035100.0,353.260009765625,359.260009765625,351.1199951171875,355.6700134277344,60665200.0,81.45999908447266,82.9000015258789,81.00499725341797,82.06500244140625,15159000.0,4.997000217437744,4.997000217437744,4.830999851226807,4.8379998207092285,0.0,106.16000366210938,106.33000183105469,105.5199966430664,105.54000091552734,0.0,21.829999923706055,23.079999923706055,19.479999542236328,20.3700008392334,0.0
2023-10-24,37.2599983215332,37.516998291015625,37.16999816894531,37.516998291015625,1800.0,422.6499938964844,424.82000732421875,420.739990234375,423.6300048828125,78564200.0,357.510009765625,359.9100036621094,355.7900085449219,359.1300048828125,47082100.0,82.38999938964844,82.75499725341797,81.73999786376953,82.62999725341797,11180400.0,4.869999885559082,4.888999938964844,4.827000141143799,4.840000152587891,0.0,105.61000061035156,106.31999969482422,105.36000061035156,106.2699966430664,0.0,20.030000686645508,20.239999771118164,18.649999618530273,18.969999313354492,0.0
2023-10-25,37.185001373291016,37.185001373291016,36.58000183105469,36.62699890136719,2200.0,421.8900146484375,421.9200134277344,417.0199890136719,417.54998779296875,94223200.0,356.70001220703125,356.8800048828125,349.75,350.3399963378906,71190500.0,83.0250015258789,83.125,81.41000366210938,81.65499877929688,15529600.0,4.85099983215332,4.959000110626221,4.85099983215332,4.953000068664551,0.0,106.25,106.56999969482422,106.13999938964844,106.52999877929688,0.0,19.389999389648438,21.239999771118164,18.860000610351562,20.190000534057617,0.0
2023-10-26,36.45000076293945,36.45000076293945,36.189998626708984,36.22800064086914,5900.0,416.45001220703125,417.3299865722656,411.6000061035156,412.54998779296875,115156800.0,349.1199951171875,350.07000732421875,342.3500061035156,343.6600036621094,78621400.0,81.80000305175781,82.16000366210938,79.75,80.09500122070312,20646400.0,4.964000225067139,4.982999801635742,4.8420000076293945,4.84499979019165,0.0,106.58000183105469,106.88999938964844,106.52999877929688,106.5999984741211,0.0,21.780000686645508,21.959999084472656,20.219999313354492,20.68000030517578,0.0
2023-10-27,36.29800033569336,36.29800033569336,36.05799865722656,36.05799865722656,1300.0,414.19000244140625,414.6000061035156,409.2099914550781,410.67999267578125,107367700.0,346.42999267578125,348.8399963378906,344.0799865722656,345.30999755859375,63476700.0,80.58499908447266,81.375,80.20500183105469,80.55999755859375,16231600.0,4.866000175476074,4.892000198364258,4.8429999351501465,4.84499979019165,0.0,106.58999633789062,106.80000305175781,106.31999969482422,106.55999755859375,0.0,20.389999389648438,22.06999969482422,19.719999313354492,21.270000457763672,0.0
2023-10-30,36.25,36.40800094604492,36.11000061035156,36.40800094604492,800.0,413.55999755859375,416.67999267578125,412.2200012207031,415.5899963378906,86562700.0,347.8299865722656,350.5400085449219,346.45001220703125,349.20001220703125,55298500.0,80.98500061035156,81.71499633789062,80.73999786376953,81.42500305175781,14180800.0,4.895999908447266,4.921999931335449,4.867000102996826,4.875,0.0,106.58000183105469,106.69999694824219,106.05999755859375,106.12000274658203,0.0,21.1299991607666,21.15999984741211,19.549999237060547,19.75,0.0
2023-10-31,36.779998779296875,36.779998779296875,36.7599983215332,36.76499938964844,1600.0,416.17999267578125,418.5299987792969,414.2099914550781,418.20001220703125,79665200.0,349.2300109863281,351.25,346.6199951171875,350.8699951171875,47671900.0,81.46499633789062,82.07499694824219,80.83000183105469,82.00499725341797,10893600.0,4.809999942779541,4.880000114440918,4.802999973297119,4.875,0.0,106.16000366210938,106.86000061035156,105.91000366210938,106.66000366210938,0.0,19.860000610351562,19.860000610351562,17.969999313354492,18.139999389648438,0.0
2023-11-01,37.0099983215332,37.178001403808594,36.779998779296875,37.178001403808594,2700.0,419.20001220703125,423.5,418.6499938964844,422.6600036621094,98068100.0,351.7200012207031,357.5299987792969,351.6199951171875,356.9599914550781,58992700.0,82.1500015258789,83.69999694824219,82.1500015258789,83.58999633789062,20945800.0,4.89300012588501,4.9029998779296875,4.7779998779296875,4.789000034332275,0.0,106.66999816894531,107.11000061035156,106.61000061035156,106.87999725341797,0.0,18.020000457763672,18.420000076293945,16.6299991607666,16.8700008392334,0.0
2023-11-02,37.61000061035156,37.96500015258789,37.61000061035156,37.96500015258789,1100.0,426.5799865722656,430.9200134277344,426.55999755859375,430.760009765625,94938900.0,361.5400085449219,363.67999267578125,360.29998779296875,363.44000244140625,58162400.0,84.34500122070312,85.08000183105469,84.2300033569336,85.00499725341797,16192600.0,4.690000057220459,4.703000068664551,4.625999927520752,4.669000148773193,0.0,106.5,106.51000213623047,105.80999755859375,106.12000274658203,0.0,16.59000015258789,16.6200008392334,15.579999923706055,15.65999984741211,0.0
2023-11-03,38.4900016784668,38.573001861572266,38.439998626708984,38.49300003051758,1300.0,433.1400146484375,436.2900085449219,433.010009765625,434.69000244140625,100167800.0,364.75,369.0199890136719,364.5199890136719,367.7099914550781,53280500.0,84.91999816894531,86.2249984741211,84.73500061035156,85.87999725341797,15661800.0,4.63700008392334,4.64300012588501,4.484000205993652,4.558000087738037,0.0,106.19999694824219,106.22000122070312,104.94000244140625,105.0199966430664,0.0,15.699999809265137,15.829999923706055,14.90999984741211,14.90999984741211,0.0
2023-11-06,38.5,38.5099983215332,38.25,38.43899917602539,4500.0,435.4700012207031,436.1499938964844,433.67999267578125,435.69000244140625,67831700.0,368.489990234375,369.7799987792969,366.9100036621094,369.2099914550781,38848700.0,85.99500274658203,86.4749984741211,85.7249984741211,86.44499969482422,11099200.0,4.610000133514404,4.668000221252441,4.610000133514404,4.6620001792907715,0.0,105.06999969482422,105.29000091552734,104.8499984741211,105.22000122070312,0.0,15.390000343322754,15.579999923706055,14.84000015258789,14.890000343322754,0.0
2023-11-07,38.43000030517578,38.779998779296875,38.43000030517578,38.70399856567383,900.0,435.69000244140625,437.5899963378906,434.510009765625,436.92999267578125,64256100.0,370.2699890136719,373.5799865722656,369.04998779296875,372.70001220703125,50777400.0,86.67500305175781,87.6449966430664,86.54499816894531,87.38999938964844,13029800.0,4.619999885559082,4.626999855041504,4.544000148773193,4.571000099182129,0.0,105.2699966430664,105.77999877929688,105.2699966430664,105.54000091552734,0.0,15.100000381469727,15.170000076293945,14.710000038146973,14.8100004196167,0.0
2023-11-08,38.849998474121094,38.849998474121094,38.599998474121094,38.82400131225586,1000.0,437.54998779296875,438.0899963378906,434.8699951171875,437.25,61746000.0,373.0799865722656,373.7900085449219,370.6199951171875,372.94000244140625,35663400.0,87.69000244140625,88.02999877929688,87.29000091552734,87.88500213623047,10722400.0,4.566999912261963,4.572999954223633,4.502999782562256,4.5229997634887695,0.0,105.54000091552734,105.87000274658203,105.44999694824219,105.58999633789062,0.0,14.90999984741211,15.09000015258789,14.300000190734863,14.449999809265137,0.0
2023-11-09,38.869998931884766,38.900001525878906,38.5099983215332,38.53099822998047,1800.0,438.42999267578125,438.4700012207031,433.3999938964844,433.8399963378906,83174400.0,373.6400146484375,374.79998779296875,369.57000732421875,370.07000732421875,53859400.0,88.01499938964844,88.66000366210938,87.36000061035156,87.4749984741211,14374600.0,4.551000118255615,4.6539998054504395,4.526000022888184,4.630000114440918,0.0,105.52999877929688,105.97000122070312,105.37999725341797,105.91000366210938,0.0,14.609999656677246,15.569999694824219,14.130000114440918,15.289999961853027,0.0
2023-11-10,38.75,39.22999954223633,38.75,39.22999954223633,1900.0,435.9800109863281,440.92999267578125,433.8299865722656,440.6099853515625,89462200.0,371.82000732421875,378.5400085449219,371.2799987792969,378.3900146484375,58309800.0,88.00499725341797,89.81999969482422,87.90499877929688,89.76000213623047,13346400.0,4.583000183105469,4.638000011444092,4.566999912261963,4.627999782562256,0.0,105.93000030517578,106.01000213623047,105.73999786376953,105.86000061035156,0.0,15.09000015258789,15.449999809265137,14.15999984741211,14.170000076293945,0.0
2023-11-13,39.15999984741211,39.290000915527344,39.06999969482422,39.249000549316406,3100.0,439.2300109863281,441.3299865722656,438.4200134277344,440.19000244140625,52236100.0,376.7900085449219,378.2799987792969,375.239990234375,377.2099914550781,40733500.0,89.38500213623047,89.45999908447266,88.86000061035156,89.23500061035156,11725000.0,4.642000198364258,4.696000099182129,4.624000072479248,4.631999969482422,0.0,105.80000305175781,105.95999908447266,105.58999633789062,105.66000366210938,0.0,15.15999984741211,15.1899995803833,14.579999923706055,14.760000228881836,0.0
2023-11-14,39.7400016784668,40.32400131225586,39.7400016784668,40.16299819946289,5100.0,446.32000732421875,450.05999755859375,446.0899963378906,448.7300109863281,97176900.0,383.7099914550781,386.260009765625,383.17999267578125,385.3299865722656,67792600.0,90.5999984741211,91.25,90.31999969482422,91.0199966430664,16508400.0,4.616000175476074,4.616000175476074,4.432000160217285,4.440999984741211,0.0,105.6500015258789,105.7300033569336,103.98999786376953,104.11000061035156,0.0,14.829999923706055,14.859999656677246,13.90999984741211,14.15999984741211,0.0
2023-11-15,40.220001220703125,40.349998474121094,40.220001220703125,40.237998962402344,5100.0,450.1099853515625,451.3800048828125,448.79998779296875,449.67999267578125,77327600.0,387.25,387.75,384.239990234375,385.6199951171875,54141400.0,91.42500305175781,91.56500244140625,90.78500366210938,91.13500213623047,13147800.0,4.460999965667725,4.559000015258789,4.445000171661377,4.534999847412109,0.0,104.37999725341797,104.51000213623047,103.9800033569336,104.38999938964844,0.0,14.210000038146973,14.350000381469727,13.970000267028809,14.180000305175781,0.0
2023-11-16,40.09199905395508,40.14500045776367,40.0,40.13999938964844,1600.0,449.2200012207031,450.55999755859375,448.1199951171875,450.2300109863281,66665800.0,384.8399963378906,386.19000244140625,383.55999755859375,385.95001220703125,45343500.0,90.95500183105469,91.69000244140625,90.79000091552734,91.58999633789062,11553600.0,4.48799991607666,4.48799991607666,4.432000160217285,4.445000171661377,0.0,104.36000061035156,104.55999755859375,104.01000213623047,104.37000274658203,0.0,14.119999885559082,14.420000076293945,13.680000305175781,14.319999694824219,0.0
2023-11-17,40.266998291015625,40.266998291015625,40.25400161743164,40.25400161743164,700.0,450.239990234375,451.4200134277344,449.2900085449219,450.7900085449219,83133200.0,385.2099914550781,387.07000732421875,384.2900085449219,386.0400085449219,46571900.0,91.38500213623047,91.75,91.00499725341797,91.4000015258789,13277800.0,4.4120001792907715,4.468999862670898,4.4039998054504395,4.440999984741211,0.0,104.4000015258789,104.55000305175781,103.80999755859375,103.81999969482422,0.0,14.180000305175781,14.1899995803833,13.670000076293945,13.800000190734863,0.0
2023-11-20,40.22999954223633,40.672000885009766,40.22999954223633,40.608001708984375,10600.0,450.5299987792969,455.1300048828125,450.5199890136719,454.260009765625,69936200.0,386.04998779296875,391.4100036621094,386.04998779296875,390.739990234375,44429600.0,91.51499938964844,92.96499633789062,91.50499725341797,92.7249984741211,11116200.0,4.4730000495910645,4.48199987411499,4.409999847412109,4.421999931335449,0.0,103.81999969482422,103.97000122070312,103.37999725341797,103.47000122070312,0.0,14.260000228881836,14.3100004196167,13.390000343322754,13.40999984741211,0.0
2023-11-21,40.560001373291016,40.65999984741211,40.47999954223633,40.569000244140625,3000.0,453.17999267578125,454.1300048828125,451.9599914550781,453.2699890136719,49244600.0,389.010009765625,389.2300109863281,386.70001220703125,388.4700012207031,43337000.0,92.30500030517578,92.44999694824219,91.63999938964844,91.9749984741211,13350800.0,4.409999847412109,4.442999839782715,4.390999794006348,4.418000221252441,0.0,103.47000122070312,103.70999908447266,103.18000030517578,103.58999633789062,0.0,13.449999809265137,14.3100004196167,13.130000114440918,13.350000381469727,0.0
2023-11-22,40.779998779296875,40.779998779296875,40.59000015258789,40.65999984741211,4900.0,454.9800109863281,456.3800048828125,453.8900146484375,455.0199890136719,59394900.0,390.57000732421875,393.07000732421875,389.0400085449219,390.05999755859375,44121000.0,92.55500030517578,93.17500305175781,92.13500213623047,92.38500213623047,11213400.0,4.364999771118164,4.447000026702881,4.364999771118164,4.415999889373779,0.0,103.55000305175781,104.20999908447266,103.4800033569336,103.91999816894531,0.0,13.079999923706055,13.25,12.819999694824219,12.850000381469727,0.0
2023-11-24,40.619998931884766,40.689998626708984,40.619998931884766,40.66400146484375,2000.0,455.07000732421875,455.5,454.7300109863281,455.29998779296875,29737400.0,389.6499938964844,390.25,388.5,389.510009765625,15718800.0,92.2300033569336,92.30999755859375,91.8550033569336,92.20500183105469,4193800.0,4.473999977111816,4.492000102996826,4.4629998207092285,4.4720001220703125,0.0,103.75,103.83999633789062,103.36000061035156,103.4000015258789,0.0,13.029999732971191,13.170000076293945,12.449999809265137,12.460000038146973,0.0
2023-11-27,40.5099983215332,40.779998779296875,40.5099983215332,40.59000015258789,2100.0,454.6499938964844,455.489990234375,454.0799865722656,454.4800109863281,50506000.0,389.010009765625,391.1499938964844,388.2799987792969,389.1700134277344,34139700.0,92.07499694824219,92.73500061035156,91.91000366210938,92.19999694824219,8420000.0,4.456999778747559,4.460999965667725,4.388999938964844,4.388999938964844,0.0,103.41999816894531,103.52999877929688,103.19000244140625,103.19999694824219,0.0,13.140000343322754,13.279999732971191,12.640000343322754,12.6899995803833,0.0
2023-11-28,40.41999816894531,40.689998626708984,40.41999816894531,40.60200119018555,2800.0,454.0799865722656,456.2699890136719,453.5,454.92999267578125,62115000.0,388.4100036621094,390.7799987792969,388.04998779296875,390.19000244140625,35491100.0,91.88999938964844,92.62000274658203,91.88999938964844,92.375,11012400.0,4.395999908447266,4.421999931335449,4.331999778747559,4.335999965667725,0.0,103.12999725341797,103.31999969482422,102.61000061035156,102.75,0.0,12.779999732971191,14.300000190734863,12.5600004196167,12.6899995803833,0.0
2023-11-29,40.75,41.0,40.733001708984375,40.733001708984375,2100.0,457.1499938964844,458.32000732421875,454.20001220703125,454.6099853515625,63146000.0,392.69000244140625,394.1400146484375,389.4599914550781,389.80999755859375,38811700.0,93.05000305175781,93.44999694824219,92.38999938964844,92.44499969482422,10765400.0,4.294000148773193,4.322999954223633,4.252999782562256,4.270999908447266,0.0,102.6500015258789,103.01000213623047,102.47000122070312,102.7699966430664,0.0,12.710000038146973,13.100000381469727,12.479999542236328,12.979999542236328,0.0
2023-11-30,40.72999954223633,40.92100143432617,40.66999816894531,40.92100143432617,4000.0,455.4800109863281,456.760009765625,453.3399963378906,456.3999938964844,79752700.0,390.0799865722656,390.54998779296875,385.82000732421875,388.8299865722656,52834400.0,92.83000183105469,92.95500183105469,91.80500030517578,92.58000183105469,13744000.0,4.28000020980835,4.3520002365112305,4.271999835968018,4.3520002365112305,0.0,102.83000183105469,103.58999633789062,102.72000122070312,103.5,0.0,13.069999694824219,13.390000343322754,12.819999694824219,12.920000076293945,0.0
2023-12-01,40.81999969482422,41.25,40.81999969482422,41.233001708984375,1400.0,455.7699890136719,459.6499938964844,455.1600036621094,459.1000061035156,89183400.0,387.75,390.5400085449219,386.07000732421875,389.94000244140625,40490100.0,92.33999633789062,92.95500183105469,91.8949966430664,92.79000091552734,13992200.0,4.320000171661377,4.3480000495910645,4.210999965667725,4.22599983215332,0.0,103.36000061035156,103.72000122070312,103.12000274658203,103.2699966430664,0.0,12.9399995803833,12.960000038146973,12.479999542236328,12.630000114440918,0.0
2023-12-04,40.79999923706055,41.099998474121094,40.779998779296875,40.95500183105469,3200.0,455.6000061035156,459.1199951171875,454.3399963378906,456.69000244140625,72430900.0,386.0899963378906,386.6000061035156,382.6600036621094,386.32000732421875,51186900.0,91.86499786376953,91.86499786376953,90.66000366210938,91.66000366210938,18221800.0,4.243000030517578,4.298999786376953,4.239999771118164,4.288000106811523,0.0,103.19000244140625,103.8499984741211,103.05999755859375,103.63999938964844,0.0,13.279999732971191,13.699999809265137,12.979999542236328,13.079999923706055,0.0
2023-12-05,40.75,40.959999084472656,40.709999084472656,40.88399887084961,2300.0,455.260009765625,457.5899963378906,454.8699951171875,456.6000061035156,69793500.0,384.3900146484375,388.5,384.2099914550781,387.2900085449219,42933000.0,91.16999816894531,92.31500244140625,91.16999816894531,92.20999908447266,10841400.0,4.22599983215332,4.228000164031982,4.164999961853027,4.171000003814697,0.0,103.55999755859375,104.08999633789062,103.55000305175781,104.05000305175781,0.0,13.260000228881836,13.760000228881836,12.8100004196167,12.850000381469727,0.0
2023-12-06,41.13100051879883,41.13100051879883,40.702999114990234,40.702999114990234,3700.0,458.80999755859375,458.8399963378906,454.30999755859375,454.760009765625,69124700.0,390.2699890136719,390.3699951171875,384.70001220703125,385.04998779296875,41994100.0,92.78500366210938,92.91999816894531,91.36000061035156,91.43000030517578,14731400.0,4.179999828338623,4.182000160217285,4.107999801635742,4.120999813079834,0.0,103.98999786376953,104.2300033569336,103.87000274658203,104.1500015258789,0.0,12.779999732971191,13.029999732971191,12.640000343322754,12.970000267028809,0.0
2023-12-07,41.0099983215332,41.209999084472656,41.0099983215332,41.209999084472656,5800.0,456.9100036621094,458.8999938964844,456.2900085449219,458.2300109863281,66995400.0,388.07000732421875,391.2699890136719,386.9599914550781,390.42999267578125,49593500.0,91.86499786376953,92.69499969482422,91.66999816894531,92.54000091552734,13928800.0,4.169000148773193,4.179999828338623,4.105999946594238,4.129000186920166,0.0,104.11000061035156,104.19999694824219,103.2699966430664,103.54000091552734,0.0,13.170000076293945,13.279999732971191,12.949999809265137,13.0600004196167,0.0
2023-12-08,41.2400016784668,41.45600128173828,41.220001220703125,41.4109992980957,5300.0,457.4599914550781,460.75,457.2099914550781,460.20001220703125,83194400.0,388.6700134277344,392.6199951171875,388.4800109863281,392.1700134277344,46687500.0,92.33999633789062,93.40499877929688,92.2249984741211,93.33000183105469,12808800.0,4.184999942779541,4.2779998779296875,4.182000160217285,4.244999885559082,0.0,103.63999938964844,104.26000213623047,103.44000244140625,104.01000213623047,0.0,13.140000343322754,13.239999771118164,12.350000381469727,12.350000381469727,0.0
2023-12-11,41.400001525878906,41.869998931884766,41.400001525878906,41.86800003051758,7200.0,459.69000244140625,462.1700134277344,459.4700012207031,461.989990234375,65002200.0,391.739990234375,395.7900085449219,391.5299987792969,395.5199890136719,41198000.0,93.05500030517578,94.16500091552734,92.83999633789062,94.1449966430664,37795400.0,4.27400016784668,4.293000221252441,4.229000091552734,4.238999843597412,0.0,103.9800033569336,104.26000213623047,103.93000030517578,104.0999984741211,0.0,13.050000190734863,13.140000343322754,12.609999656677246,12.630000114440918,0.0
2023-12-12,41.720001220703125,41.90399932861328,41.720001220703125,41.902000427246094,1500.0,461.6300048828125,464.20001220703125,460.6000061035156,464.1000061035156,68327600.0,395.55999755859375,398.7900085449219,394.4100036621094,398.6700134277344,39221200.0,93.80000305175781,94.80000305175781,93.72000122070312,94.7699966430664,15055400.0,4.179999828338623,4.250999927520752,4.1529998779296875,4.205999851226807,0.0,104.02999877929688,104.0999984741211,103.48999786376953,103.87000274658203,0.0,12.6899995803833,12.739999771118164,11.8100004196167,12.069999694824219,0.0
2023-12-13,41.95000076293945,42.400001525878906,41.810001373291016,42.380001068115234,5200.0,464.489990234375,470.760009765625,464.1199951171875,470.5,93278000.0,399.6199951171875,404.3599853515625,398.8399963378906,403.739990234375,55408100.0,94.99500274658203,95.83499908447266,94.7699966430664,95.6050033569336,29395000.0,4.186999797821045,4.190999984741211,4.008999824523926,4.0329999923706055,0.0,103.81999969482422,104.02999877929688,102.77999877929688,102.87000274658203,0.0,12.199999809265137,12.460000038146973,11.819999694824219,12.1899995803833,0.0
2023-12-14,42.58000183105469,42.683998107910156,42.400001525878906,42.53900146484375,13000.0,472.5,473.7300109863281,469.25,472.010009765625,119026000.0,404.9800109863281,406.29998779296875,400.3399963378906,403.3900146484375,55447800.0,95.68000030517578,96.04000091552734,94.66500091552734,95.37000274658203,15427400.0,3.9660000801086426,3.98799991607666,3.884999990463257,3.930000066757202,0.0,102.77999877929688,102.80000305175781,101.7699966430664,101.95999908447266,0.0,11.960000038146973,12.739999771118164,11.84000015258789,12.479999542236328,0.0
2023-12-15,42.604000091552734,42.64400100708008,42.54999923706055,42.64400100708008,2000.0,469.489990234375,470.70001220703125,467.42999267578125,469.3299865722656,141553700.0,404.17999267578125,406.5400085449219,403.57000732421875,405.3399963378906,62896600.0,95.2699966430664,96.4000015258789,95.2699966430664,95.8499984741211,18131200.0,3.921999931335449,3.9709999561309814,3.8940000534057617,3.927999973297119,0.0,102.0999984741211,102.63999938964844,101.83999633789062,102.55000305175781,0.0,12.119999885559082,12.539999961853027,12.010000228881836,12.279999732971191,0.0
2023-12-18,42.52000045776367,42.84000015258789,42.52000045776367,42.79899978637695,3100.0,470.9800109863281,472.9800109863281,469.8900146484375,471.9700012207031,70375300.0,404.92999267578125,407.989990234375,404.6000061035156,407.0799865722656,46610000.0,95.62000274658203,96.13999938964844,95.21499633789062,95.92500305175781,10138000.0,3.9170000553131104,3.9709999561309814,3.9070000648498535,3.9539999961853027,0.0,102.58999633789062,102.62999725341797,102.37999725341797,102.51000213623047,0.0,12.619999885559082,12.640000343322754,12.399999618530273,12.5600004196167,0.0
2023-12-19,42.900001525878906,43.0099983215332,42.86000061035156,42.99800109863281,7200.0,472.5299987792969,474.9200134277344,472.45001220703125,474.8399963378906,55761800.0,407.5400085449219,409.2799987792969,407.3500061035156,409.1600036621094,35711900.0,95.90499877929688,96.30000305175781,95.8499984741211,96.29000091552734,9003600.0,3.8980000019073486,3.927999973297119,3.8959999084472656,3.921999931335449,0.0,102.47000122070312,102.62999725341797,102.06999969482422,102.16999816894531,0.0,12.600000381469727,12.600000381469727,12.329999923706055,12.529999732971191,0.0
2023-12-20,42.91999816894531,43.08000183105469,42.279998779296875,42.29999923706055,6000.0,473.9599914550781,475.8999938964844,467.82000732421875,468.260009765625,102921000.0,408.3500061035156,410.4700012207031,402.8999938964844,403.0799865722656,54042400.0,96.18000030517578,96.5199966430664,94.81999969482422,94.83499908447266,13734800.0,3.88100004196167,3.921999931335449,3.872999906539917,3.877000093460083,0.0,102.19000244140625,102.54000091552734,102.16000366210938,102.41000366210938,0.0,12.630000114440918,13.930000305175781,12.289999961853027,13.670000076293945,0.0
2023-12-21,42.650001525878906,42.86000061035156,42.650001525878906,42.84600067138672,6000.0,471.3299865722656,472.9800109863281,468.8399963378906,472.70001220703125,86667500.0,407.05999755859375,408.1400146484375,404.4700012207031,407.7699890136719,45568900.0,95.80000305175781,96.11499786376953,95.09500122070312,95.9000015258789,11336000.0,3.859999895095825,3.9049999713897705,3.8289999961853027,3.8940000534057617,0.0,102.38999938964844,102.44999694824219,101.73999786376953,101.83999633789062,0.0,13.399999618530273,14.489999771118164,13.34000015258789,13.649999618530273,0.0
2023-12-22,43.04999923706055,43.04999923706055,42.93199920654297,42.93199920654297,1300.0,473.8599853515625,475.3800048828125,471.70001220703125,473.6499938964844,67160400.0,409.0,409.9700012207031,406.4800109863281,408.3800048828125,34314000.0,96.17500305175781,96.30500030517578,95.55000305175781,96.0250015258789,10215000.0,3.8519999980926514,3.9189999103546143,3.8489999771118164,3.9010000228881836,0.0,101.76000213623047,101.9000015258789,101.43000030517578,101.69999694824219,0.0,13.720000267028809,13.960000038146973,13.0,13.029999732971191,0.0
2023-12-26,42.900001525878906,43.16999816894531,42.900001525878906,43.16999816894531,5400.0,474.07000732421875,476.5799865722656,473.989990234375,475.6499938964844,55387000.0,409.25,411.55999755859375,409.1499938964844,410.8800048828125,22722500.0,96.08499908447266,96.625,96.08499908447266,96.42500305175781,6207600.0,3.9079999923706055,3.9079999923706055,3.881999969482422,3.885999917984009,0.0,101.6500015258789,101.7699966430664,101.44999694824219,101.47000122070312,0.0,13.770000457763672,13.800000190734863,12.960000038146973,12.989999771118164,0.0
2023-12-27,43.2599983215332,43.310001373291016,43.18000030517578,43.310001373291016,2900.0,475.44000244140625,476.6600036621094,474.8900146484375,476.510009765625,68000300.0,410.95001220703125,411.7900085449219,410.0799865722656,411.5,31980500.0,96.4749984741211,96.62000274658203,96.01000213623047,96.41999816894531,11764600.0,3.8519999980926514,3.8519999980926514,3.7850000858306885,3.7890000343322754,0.0,101.55000305175781,101.56999969482422,100.83000183105469,100.98999786376953,0.0,13.020000457763672,13.039999961853027,12.369999885559082,12.430000305175781,0.0
2023-12-28,43.34000015258789,43.39099884033203,43.27799987792969,43.27799987792969,5300.0,476.8800048828125,477.54998779296875,476.260009765625,476.69000244140625,77158100.0,412.6700134277344,412.9200134277344,410.94000244140625,411.29998779296875,27029200.0,96.76000213623047,96.86000061035156,96.48999786376953,96.53500366210938,9615400.0,3.818000078201294,3.8610000610351562,3.799999952316284,3.8499999046325684,0.0,100.87000274658203,101.30000305175781,100.62000274658203,101.2300033569336,0.0,12.4399995803833,12.649999618530273,12.380000114440918,12.470000267028809,0.0
2023-12-29,43.130001068115234,43.209999084472656,43.013999938964844,43.09600067138672,2800.0,476.489990234375,477.0299987792969,473.29998779296875,475.30999755859375,122283100.0,411.2799987792969,411.6400146484375,407.5799865722656,409.5199890136719,42662100.0,96.58499908447266,96.77999877929688,95.76000213623047,96.23999786376953,12190600.0,3.878999948501587,3.8980000019073486,3.8469998836517334,3.865999937057495,0.0,101.19999694824219,101.41999816894531,101.06999969482422,101.33000183105469,0.0,12.550000190734863,13.1899995803833,12.359999656677246,12.449999809265137,0.0
2024-01-02,42.86000061035156,42.86000061035156,42.369998931884766,42.512001037597656,5900.0,472.1600036621094,473.6700134277344,470.489990234375,472.6499938964844,123623700.0,405.8399963378906,406.0899963378906,400.239990234375,402.5899963378906,58026900.0,94.93000030517578,95.08000183105469,93.125,93.72000122070312,23545400.0,3.9690001010894775,3.9730000495910645,3.9179999828338623,3.946000099182129,0.0,101.41999816894531,102.25,101.33999633789062,102.19999694824219,0.0,13.220000267028809,14.229999542236328,13.100000381469727,13.199999809265137,0.0
2024-01-03,42.2599983215332,42.2599983215332,41.93000030517578,41.95000076293945,5800.0,470.42999267578125,471.19000244140625,468.1700134277344,468.7900085449219,103585900.0,399.92999267578125,401.0,397.8900146484375,398.3299865722656,47002800.0,92.86499786376953,93.375,92.5999984741211,92.76499938964844,18190000.0,3.9779999256134033,4.007999897003174,3.8940000534057617,3.9070000648498535,0.0,102.1500015258789,102.7300033569336,102.08000183105469,102.45999908447266,0.0,13.350000381469727,14.220000267028809,13.329999923706055,14.039999961853027,0.0
2024-01-04,41.95000076293945,42.119998931884766,41.880001068115234,41.880001068115234,3800.0,468.29998779296875,470.9599914550781,467.04998779296875,467.2799987792969,84232200.0,396.44000244140625,399.5899963378906,396.05999755859375,396.2799987792969,39432800.0,92.19499969482422,92.83499908447266,91.99500274658203,92.08499908447266,12127200.0,3.9739999771118164,4.00600004196167,3.9709999561309814,3.990999937057495,0.0,102.45999908447266,102.52999877929688,102.1500015258789,102.41999816894531,0.0,13.930000305175781,14.199999809265137,13.640000343322754,14.130000114440918,0.0
2024-01-05,41.95000076293945,42.06999969482422,41.85499954223633,41.92599868774414,8300.0,467.489990234375,470.44000244140625,466.42999267578125,467.9200134277344,86118900.0,396.45001220703125,399.55999755859375,395.3399963378906,396.75,44922800.0,92.19000244140625,92.8550033569336,91.70999908447266,92.05999755859375,16350600.0,4.038000106811523,4.098999977111816,3.953000068664551,4.041999816894531,0.0,102.4000015258789,103.0999984741211,101.91000366210938,102.41000366210938,0.0,14.239999771118164,14.579999923706055,13.289999961853027,13.350000381469727,0.0
2024-01-08,41.9900016784668,42.737998962402344,41.9900016784668,42.737998962402344,9500.0,468.42999267578125,474.75,468.29998779296875,474.6000061035156,74879100.0,397.989990234375,405.239990234375,397.8399963378906,404.95001220703125,42473800.0,92.5250015258789,94.43499755859375,92.43000030517578,94.37000274658203,16434600.0,4.059000015258789,4.063000202178955,3.9660000801086426,4.001999855041504,0.0,102.44000244140625,102.62000274658203,102.08000183105469,102.20999908447266,0.0,14.0,14.180000305175781,13.020000457763672,13.079999923706055,0.0
2024-01-09,42.529998779296875,42.79399871826172,42.529998779296875,42.755001068115234,7600.0,471.8699951171875,474.92999267578125,471.3500061035156,473.8800048828125,65931400.0,401.9100036621094,406.69000244140625,401.7099914550781,405.75,39132900.0,93.6449966430664,94.79000091552734,93.44499969482422,94.5199966430664,10633800.0,4.046999931335449,4.052999973297119,3.996000051498413,4.019000053405762,0.0,102.22000122070312,102.66000366210938,102.11000061035156,102.56999969482422,0.0,13.199999809265137,13.449999809265137,12.739999771118164,12.760000228881836,0.0
2024-01-10,42.78799819946289,42.97999954223633,42.744998931884766,42.97999954223633,5200.0,474.1600036621094,477.45001220703125,473.8699951171875,476.55999755859375,67310600.0,406.07000732421875,409.5199890136719,405.1700134277344,408.5,33962800.0,94.56500244140625,95.52999877929688,94.36499786376953,95.32499694824219,9785400.0,3.992000102996826,4.038000106811523,3.984999895095825,4.03000020980835,0.0,102.4800033569336,102.63999938964844,102.33999633789062,102.36000061035156,0.0,12.859999656677246,12.949999809265137,12.670000076293945,12.6899995803833,0.0
2024-01-11,42.76499938964844,43.005001068115234,42.76499938964844,43.005001068115234,1600.0,477.5899963378906,478.1199951171875,472.260009765625,476.3500061035156,77940700.0,409.7900085449219,411.20001220703125,404.239990234375,409.3500061035156,54536200.0,95.79499816894531,96.2750015258789,94.46499633789062,95.80999755859375,13296600.0,3.99399995803833,4.067999839782715,3.9730000495910645,3.9769999980926514,0.0,102.30000305175781,102.76000213623047,102.16000366210938,102.29000091552734,0.0,12.640000343322754,13.3100004196167,12.350000381469727,12.4399995803833,0.0
2024-01-12,43.02000045776367,43.02000045776367,42.9379997253418,42.939998626708984,5400.0,477.8399963378906,478.6000061035156,475.2300109863281,476.67999267578125,58026400.0,410.3999938964844,411.25,408.1499938964844,409.55999755859375,39595000.0,95.96499633789062,96.33999633789062,95.63999938964844,96.12000274658203,8834600.0,4.002999782562256,4.006999969482422,3.9159998893737793,3.950000047683716,0.0,102.30000305175781,102.58999633789062,102.08999633789062,102.4000015258789,0.0,12.65999984741211,13.079999923706055,12.470000267028809,12.699999809265137,0.0
2024-01-16,43.060001373291016,43.16999816894531,42.880001068115234,43.005001068115234,10900.0,475.260009765625,476.6099853515625,473.05999755859375,474.92999267578125,85014900.0,408.30999755859375,411.1199951171875,406.8299865722656,409.5199890136719,43903000.0,96.0,96.76499938964844,95.44499969482422,96.36000061035156,11775600.0,4.002999782562256,4.083000183105469,3.990000009536743,4.065999984741211,0.0,102.73999786376953,103.43000030517578,102.73999786376953,103.36000061035156,0.0,14.119999885559082,14.350000381469727,13.520000457763672,13.84000015258789,0.0
2024-01-17,42.90999984741211,42.90999984741211,42.599998474121094,42.840999603271484,5900.0,471.82000732421875,472.7900085449219,469.8699951171875,472.2900085449219,68843900.0,406.1700134277344,407.5899963378906,402.9200134277344,407.2099914550781,54386000.0,95.6449966430664,96.0,94.84500122070312,95.88500213623047,14109000.0,4.080999851226807,4.129000186920166,4.074999809265137,4.105999946594238,0.0,103.36000061035156,103.69000244140625,103.26000213623047,103.44999694824219,0.0,14.59000015258789,15.399999618530273,14.380000114440918,14.789999961853027,0.0
2024-01-18,43.08599853515625,43.26100158691406,43.08599853515625,43.26100158691406,2300.0,474.010009765625,477.05999755859375,472.4200134277344,476.489990234375,91856200.0,410.5199890136719,413.5799865722656,409.1600036621094,412.989990234375,59562500.0,97.16500091552734,97.91999816894531,96.80000305175781,97.83000183105469,18918800.0,4.090000152587891,4.1539998054504395,4.090000152587891,4.144000053405762,0.0,103.37000274658203,103.62999725341797,103.1500015258789,103.54000091552734,0.0,14.850000381469727,14.890000343322754,13.890000343322754,14.130000114440918,0.0
2024-01-19,43.41999816894531,44.09000015258789,43.34000015258789,44.066001892089844,3500.0,477.6499938964844,482.7200012207031,476.5400085449219,482.42999267578125,110834500.0,415.2200012207031,421.3399963378906,414.6300048828125,421.17999267578125,70325100.0,98.47000122070312,100.1050033569336,98.25499725341797,100.08499908447266,18333200.0,4.131999969482422,4.197999954223633,4.131999969482422,4.145999908447266,0.0,103.37000274658203,103.55000305175781,103.23999786376953,103.29000091552734,0.0,13.800000190734863,14.579999923706055,13.279999732971191,13.300000190734863,0.0
2024-01-22,44.29999923706055,44.43000030517578,43.709999084472656,44.27399826049805,4400.0,484.010009765625,485.2200012207031,482.7799987792969,483.45001220703125,75844900.0,423.4100036621094,424.7300109863281,421.1199951171875,421.7300109863281,44880600.0,100.57499694824219,101.13999938964844,100.1449966430664,100.5250015258789,14969000.0,4.0980000495910645,4.111000061035156,4.074999809265137,4.093999862670898,0.0,103.23999786376953,103.37000274658203,103.11000061035156,103.33000183105469,0.0,13.770000457763672,13.84000015258789,13.170000076293945,13.1899995803833,0.0
2024-01-23,44.400001525878906,44.400001525878906,44.22600173950195,44.35599899291992,4700.0,484.010009765625,485.1099853515625,482.8900146484375,484.8599853515625,49945300.0,422.42999267578125,423.70001220703125,420.57000732421875,423.4800109863281,33003800.0,100.62000274658203,100.99500274658203,100.03500366210938,100.93000030517578,13263800.0,4.130000114440918,4.15500020980835,4.120999813079834,4.142000198364258,0.0,103.3499984741211,103.81999969482422,102.9800033569336,103.62000274658203,0.0,13.199999809265137,13.289999961853027,12.529999732971191,12.550000190734863,0.0
2024-01-24,44.630001068115234,44.880001068115234,44.48099899291992,44.48099899291992,6600.0,487.80999755859375,488.7699890136719,484.8800048828125,485.3900146484375,81765000.0,427.44000244140625,429.8500061035156,425.3299865722656,425.8299865722656,46948000.0,101.625,102.6449966430664,101.33499908447266,101.625,17651200.0,4.098999977111816,4.188000202178955,4.085999965667725,4.177999973297119,0.0,103.51000213623047,103.55000305175781,102.7699966430664,103.23999786376953,0.0,12.65999984741211,13.180000305175781,12.40999984741211,13.140000343322754,0.0
2024-01-25,44.6349983215332,44.71099853515625,44.22999954223633,44.4640007019043,4400.0,487.5799865722656,488.30999755859375,485.3900146484375,488.0299987792969,72525000.0,428.3599853515625,429.0400085449219,423.9800109863281,426.3500061035156,44367200.0,102.55999755859375,103.07499694824219,101.58000183105469,102.05000305175781,17071400.0,4.15500020980835,4.185999870300293,4.122000217437744,4.131999969482422,0.0,103.3499984741211,103.68000030517578,103.12000274658203,103.56999969482422,0.0,13.180000305175781,13.579999923706055,13.0600004196167,13.449999809265137,0.0
2024-01-26,44.2400016784668,44.31999969482422,44.15999984741211,44.18899917602539,2000.0,487.5899963378906,489.1199951171875,486.5400085449219,487.4100036621094,76641600.0,424.44000244140625,426.2099914550781,423.1499938964844,423.80999755859375,37137000.0,101.33499908447266,101.78500366210938,100.6449966430664,100.875,10553000.0,4.122000217437744,4.165999889373779,4.10699987411499,4.159999847412109,0.0,103.5199966430664,103.7300033569336,103.1500015258789,103.47000122070312,0.0,13.729999542236328,14.100000381469727,13.199999809265137,13.260000228881836,0.0
2024-01-29,44.08000183105469,44.63999938964844,44.08000183105469,44.63999938964844,5700.0,487.7300109863281,491.4200134277344,487.1700134277344,491.2699890136719,61322800.0,424.2699890136719,428.3500061035156,423.6099853515625,428.1499938964844,38694700.0,101.0,101.81999969482422,100.80000305175781,101.80000305175781,7639600.0,4.107999801635742,4.122000217437744,4.089000225067139,4.091000080108643,0.0,103.47000122070312,103.81999969482422,103.4000015258789,103.61000061035156,0.0,13.979999542236328,15.350000381469727,13.59000015258789,13.600000381469727,0.0
2024-01-30,44.7599983215332,44.7599983215332,44.459999084472656,44.516998291015625,3200.0,490.55999755859375,491.6199951171875,490.1099853515625,490.8900146484375,58618400.0,427.1000061035156,427.67999267578125,424.3800048828125,425.29998779296875,36739000.0,101.76499938964844,101.91999816894531,100.6500015258789,100.95999908447266,12251600.0,4.067999839782715,4.103000164031982,4.040999889373779,4.059000015258789,0.0,103.44000244140625,103.61000061035156,103.30999755859375,103.4000015258789,0.0,13.6899995803833,13.739999771118164,13.229999542236328,13.3100004196167,0.0
2024-01-31,44.36000061035156,44.36000061035156,43.81999969482422,43.81999969482422,3500.0,488.6199951171875,489.0799865722656,482.8599853515625,482.8800048828125,126011100.0,420.8500061035156,422.8699951171875,416.7900085449219,416.9700012207031,64010600.0,100.0,100.41000366210938,98.79000091552734,98.83999633789062,16295200.0,4.019999980926514,4.03000020980835,3.944000005722046,3.9670000076293945,0.0,103.41999816894531,103.73999786376953,102.94000244140625,103.2699966430664,0.0,13.420000076293945,14.609999656677246,13.180000305175781,14.350000381469727,0.0
2024-02-01,43.97999954223633,44.25699996948242,43.83000183105469,44.25699996948242,1900.0,484.6300048828125,489.2300109863281,483.79998779296875,489.20001220703125,91891600.0,418.7900085449219,422.3800048828125,417.80999755859375,421.8800048828125,51008600.0,99.23500061035156,100.2249984741211,99.16999816894531,100.08499908447266,14303400.0,3.927000045776367,3.927000045776367,3.816999912261963,3.86299991607666,0.0,103.51000213623047,103.80999755859375,103.0199966430664,103.05000305175781,0.0,14.210000038146973,14.630000114440918,13.869999885559082,13.880000114440918,0.0
2024-02-02,44.369998931884766,44.70000076293945,44.369998931884766,44.62099838256836,2400.0,489.6499938964844,496.04998779296875,489.29998779296875,494.3500061035156,99228200.0,423.79998779296875,430.239990234375,422.7900085449219,429.010009765625,59602400.0,99.40499877929688,101.44000244140625,99.375,101.12000274658203,12872200.0,3.8889999389648438,4.053999900817871,3.88700008392334,4.0329999923706055,0.0,102.98999786376953,104.04000091552734,102.9000015258789,103.91999816894531,0.0,13.949999809265137,14.229999542236328,13.390000343322754,13.850000381469727,0.0
2024-02-05,44.720001220703125,44.720001220703125,44.27000045776367,44.54399871826172,20400.0,493.70001220703125,494.3800048828125,490.2300109863281,492.54998779296875,75757100.0,429.07000732421875,429.6099853515625,425.0,428.45001220703125,39889200.0,101.52999877929688,101.63999938964844,100.4000015258789,101.3499984741211,10086200.0,4.111999988555908,4.177000045776367,4.110000133514404,4.164000034332275,0.0,103.98999786376953,104.5999984741211,103.98999786376953,104.44999694824219,0.0,14.369999885559082,14.529999732971191,13.579999923706055,13.670000076293945,0.0
2024-02-06,44.459999084472656,44.470001220703125,44.27399826049805,44.41999816894531,2800.0,493.5199890136719,494.32000732421875,492.04998779296875,493.9800109863281,55918600.0,429.6099853515625,430.2200012207031,425.2200012207031,427.5899963378906,35846100.0,101.45999908447266,101.63500213623047,100.23500061035156,100.88500213623047,12677200.0,4.1479997634887695,4.1620001792907715,4.078999996185303,4.090000152587891,0.0,104.44000244140625,104.58999633789062,104.13999938964844,104.18000030517578,0.0,13.569999694824219,13.779999732971191,12.979999542236328,13.0600004196167,0.0
2024-02-07,44.529998779296875,44.900001525878906,44.529998779296875,44.88199996948242,8200.0,496.2900085449219,498.5299987792969,495.3599853515625,498.1000061035156,70556500.0,430.4100036621094,432.8299865722656,429.0899963378906,431.989990234375,37712700.0,101.59500122070312,102.24500274658203,101.19000244140625,102.22000122070312,11365800.0,4.125,4.125,4.065000057220459,4.110000133514404,0.0,104.1500015258789,104.16999816894531,103.94000244140625,104.04000091552734,0.0,13.0600004196167,13.130000114440918,12.8100004196167,12.829999923706055,0.0
2024-02-08,45.06999969482422,45.06999969482422,44.86000061035156,44.972999572753906,7900.0,498.1000061035156,498.7099914550781,497.260009765625,498.32000732421875,52343600.0,432.1099853515625,433.55999755859375,431.4200134277344,432.7900085449219,29889900.0,102.3949966430664,102.81500244140625,102.2699966430664,102.54000091552734,9948200.0,4.13700008392334,4.172999858856201,4.13100004196167,4.170000076293945,0.0,104.02999877929688,104.43000030517578,103.95999908447266,104.1500015258789,0.0,12.949999809265137,13.170000076293945,12.739999771118164,12.789999961853027,0.0
2024-02-09,45.13999938964844,45.42599868774414,45.130001068115234,45.42599868774414,2800.0,498.8399963378906,501.6499938964844,498.489990234375,501.20001220703125,63979400.0,433.94000244140625,437.8500061035156,433.1400146484375,437.04998779296875,36943900.0,102.97000122070312,104.05500030517578,102.8499984741211,103.91999816894531,11612200.0,4.172999858856201,4.192999839782715,4.126999855041504,4.186999797821045,0.0,104.13999938964844,104.26000213623047,103.94999694824219,104.08000183105469,0.0,12.789999961853027,13.010000228881836,12.6899995803833,12.930000305175781,0.0
2024-02-12,45.52000045776367,45.619998931884766,45.2599983215332,45.2599983215332,3300.0,501.1700134277344,503.5,500.239990234375,500.9800109863281,56502300.0,436.94000244140625,439.1400146484375,434.6499938964844,435.3399963378906,33203300.0,103.91500091552734,104.23500061035156,102.9800033569336,103.12999725341797,10753200.0,4.1519999504089355,4.197000026702881,4.150000095367432,4.171999931335449,0.0,104.08000183105469,104.27999877929688,103.9000015258789,104.16999816894531,0.0,13.479999542236328,13.9399995803833,13.34000015258789,13.930000305175781,0.0
2024-02-13,44.68000030517578,44.869998931884766,44.369998931884766,44.650001525878906,3700.0,494.5299987792969,497.0899963378906,490.7200012207031,494.0799865722656,113099200.0,427.2799987792969,431.2699890136719,425.3299865722656,428.54998779296875,64491700.0,100.8949966430664,102.05999755859375,100.58999633789062,101.37999725341797,19459400.0,4.1519999504089355,4.315999984741211,4.150000095367432,4.315999984741211,0.0,104.18000030517578,104.95999908447266,103.97000122070312,104.95999908447266,0.0,13.960000038146973,17.940000534057617,13.430000305175781,15.850000381469727,0.0
2024-02-14,44.97999954223633,45.31999969482422,44.91999816894531,45.30500030517578,2100.0,496.7900085449219,499.07000732421875,494.3999938964844,498.57000732421875,68387800.0,431.260009765625,433.6499938964844,428.8800048828125,433.2200012207031,45092700.0,102.13500213623047,102.5199966430664,101.41500091552734,102.44000244140625,11791600.0,4.308000087738037,4.322000026702881,4.245999813079834,4.267000198364258,0.0,104.83999633789062,104.9800033569336,104.66000366210938,104.72000122070312,0.0,15.380000114440918,15.470000267028809,14.220000267028809,14.380000114440918,0.0
2024-02-15,45.41999816894531,45.49100112915039,45.34000015258789,45.49100112915039,6700.0,499.2900085449219,502.20001220703125,498.79998779296875,502.010009765625,61683000.0,433.9200134277344,434.9800109863281,431.3299865722656,434.510009765625,38796100.0,102.57499694824219,102.67500305175781,101.65499877929688,102.2249984741211,10796400.0,4.22599983215332,4.255000114440918,4.190999984741211,4.239999771118164,0.0,104.66000366210938,104.70999908447266,104.18000030517578,104.30000305175781,0.0,14.270000457763672,14.640000343322754,13.9399995803833,14.010000228881836,0.0
2024-02-16,45.5099983215332,45.5099983215332,45.08100128173828,45.08100128173828,2100.0,501.70001220703125,502.8699951171875,498.75,499.510009765625,75532900.0,434.8900146484375,434.989990234375,429.8500061035156,430.57000732421875,53716500.0,102.5,102.70500183105469,101.1500015258789,101.28500366210938,11090400.0,4.2789998054504395,4.328000068664551,4.2769999504089355,4.295000076293945,0.0,104.30000305175781,104.66999816894531,104.16999816894531,104.27999877929688,0.0,13.9399995803833,14.710000038146973,13.75,14.239999771118164,0.0
2024-02-20,44.77000045776367,45.099998474121094,44.279998779296875,44.513999938964844,12600.0,497.7200012207031,498.4100036621094,494.45001220703125,496.760009765625,71736700.0,428.54998779296875,430.0799865722656,423.5,427.32000732421875,53999500.0,100.69000244140625,101.05000305175781,99.25,100.25499725341797,17447600.0,4.2829999923706055,4.289000034332275,4.24399995803833,4.275000095367432,0.0,104.31999969482422,104.41000366210938,103.80000305175781,104.08000183105469,0.0,15.09000015258789,15.90999984741211,15.069999694824219,15.420000076293945,0.0
2024-02-21,44.16999816894531,44.3650016784668,44.11000061035156,44.3650016784668,5900.0,495.4200134277344,497.3699951171875,493.55999755859375,497.2099914550781,59293400.0,424.54998779296875,425.70001220703125,421.6300048828125,425.6099853515625,49779000.0,99.28500366210938,99.625,98.53500366210938,99.625,15954400.0,4.263999938964844,4.330999851226807,4.257999897003174,4.324999809265137,0.0,104.04000091552734,104.20999908447266,103.94000244140625,104.01000213623047,0.0,15.539999961853027,16.1200008392334,15.220000267028809,15.34000015258789,0.0
2024-02-22,45.13999938964844,45.720001220703125,45.13999938964844,45.7140007019043,1300.0,504.010009765625,508.489990234375,503.0199890136719,507.5,76402500.0,434.489990234375,439.1199951171875,433.7099914550781,438.07000732421875,53887800.0,102.19999694824219,103.16500091552734,101.96499633789062,102.88500213623047,18551600.0,4.336999893188477,4.354000091552734,4.296999931335449,4.327000141143799,0.0,103.91000366210938,104.12999725341797,103.43000030517578,103.95999908447266,0.0,14.279999732971191,14.640000343322754,14.119999885559082,14.539999961853027,0.0
2024-02-23,45.79999923706055,45.810001373291016,45.71200180053711,45.71200180053711,2500.0,509.2699890136719,510.1300048828125,507.1000061035156,507.8500061035156,61321800.0,439.6499938964844,440.5899963378906,435.7900085449219,436.7799987792969,39853900.0,103.69999694824219,103.83000183105469,102.31999969482422,102.6449966430664,12324000.0,4.307000160217285,4.328999996185303,4.245999813079834,4.260000228881836,0.0,103.94999694824219,104.05000305175781,103.7699966430664,103.94000244140625,0.0,14.3100004196167,14.3100004196167,13.640000343322754,13.75,0.0
2024-02-26,45.797000885009766,45.880001068115234,45.720001220703125,45.720001220703125,4900.0,508.29998779296875,508.75,505.8599853515625,505.989990234375,50386700.0,437.6000061035156,438.6000061035156,436.3599853515625,436.54998779296875,33043200.0,103.09500122070312,103.3499984741211,102.63999938964844,102.74500274658203,18248800.0,4.24399995803833,4.309000015258789,4.23799991607666,4.298999786376953,0.0,103.95999908447266,104.0199966430664,103.70999908447266,103.83000183105469,0.0,14.170000076293945,14.199999809265137,13.65999984741211,13.739999771118164,0.0
2024-02-27,45.939998626708984,45.939998626708984,45.560001373291016,45.71699905395508,3000.0,506.70001220703125,507.1600036621094,504.75,506.92999267578125,48854500.0,437.6700134277344,437.989990234375,435.0299987792969,437.6000061035156,33713200.0,103.0250015258789,103.0250015258789,102.06999969482422,102.83499908447266,9984400.0,4.271999835968018,4.321000099182129,4.263999938964844,4.315000057220459,0.0,103.77999877929688,103.91999816894531,103.61000061035156,103.83000183105469,0.0,13.630000114440918,13.75,13.40999984741211,13.430000305175781,0.0
2024-02-28,45.689998626708984,45.689998626708984,45.35100173950195,45.555999755859375,5000.0,505.3299865722656,506.8599853515625,504.9599914550781,506.260009765625,56506600.0,435.42999267578125,436.6700134277344,434.29998779296875,435.2699890136719,32938800.0,102.49500274658203,102.62999725341797,101.9800033569336,102.3499984741211,8329000.0,4.28000020980835,4.309000015258789,4.271999835968018,4.27400016784668,0.0,103.83999633789062,104.23999786376953,103.80999755859375,103.9800033569336,0.0,13.520000457763672,13.899999618530273,13.4399995803833,13.84000015258789,0.0
2024-02-29,45.93000030517578,46.02000045776367,45.79999923706055,46.02000045776367,2100.0,508.07000732421875,509.739990234375,505.3500061035156,508.0799865722656,83924800.0,438.2300109863281,440.0899963378906,435.0199890136719,439.0,42495200.0,102.8949966430664,103.73500061035156,102.31999969482422,103.48999786376953,11986800.0,4.310999870300293,4.315000057220459,4.224999904632568,4.251999855041504,0.0,103.91999816894531,104.19999694824219,103.66000366210938,104.16000366210938,0.0,14.140000343322754,14.149999618530273,13.300000190734863,13.399999618530273,0.0
2024-03-01,46.060001373291016,46.63399887084961,46.060001373291016,46.63399887084961,2000.0,508.9800109863281,513.2899780273438,508.55999755859375,512.8499755859375,76844800.0,439.8999938964844,446.5799865722656,439.8399963378906,445.6099853515625,43853000.0,103.75499725341797,105.52999877929688,103.70500183105469,105.37999725341797,13136800.0,4.26800012588501,4.296000003814697,4.177999973297119,4.179999828338623,0.0,104.12999725341797,104.29000091552734,103.83999633789062,103.86000061035156,0.0,13.34000015258789,13.65999984741211,13.079999923706055,13.109999656677246,0.0
2024-03-04,46.66999816894531,46.84000015258789,46.58399963378906,46.58399963378906,5100.0,512.030029296875,514.2000122070312,512.0,512.2999877929688,49799300.0,445.6099853515625,446.0400085449219,443.7699890136719,444.0199890136719,34325700.0,105.2300033569336,105.98500061035156,104.99500274658203,105.37999725341797,20443800.0,4.218999862670898,4.235000133514404,4.204999923706055,4.218999862670898,0.0,103.88999938964844,103.95999908447266,103.7300033569336,103.83000183105469,0.0,13.489999771118164,13.579999923706055,13.319999694824219,13.489999771118164,0.0
2024-03-05,46.45000076293945,46.45000076293945,45.775001525878906,45.88999938964844,4900.0,510.239990234375,510.70001220703125,504.9100036621094,507.17999267578125,72855600.0,440.94000244140625,440.95001220703125,433.6499938964844,436.04998779296875,57917100.0,104.33999633789062,104.38999938964844,102.125,102.79000091552734,18042800.0,4.164000034332275,4.165999889373779,4.113999843597412,4.13700008392334,0.0,103.8499984741211,103.94999694824219,103.58000183105469,103.80000305175781,0.0,13.75,15.100000381469727,13.75,14.460000038146973,0.0
2024-03-06,46.43000030517578,46.459999084472656,46.17599868774414,46.29499816894531,12000.0,510.54998779296875,512.0700073242188,508.4200134277344,509.75,68382400.0,440.32000732421875,441.989990234375,436.8900146484375,438.7900085449219,46234500.0,103.86499786376953,104.38500213623047,102.91000366210938,103.6050033569336,14303200.0,4.138999938964844,4.146999835968018,4.078999996185303,4.104000091552734,0.0,103.80999755859375,103.88999938964844,103.19999694824219,103.37000274658203,0.0,14.270000457763672,14.930000305175781,13.890000343322754,14.5,0.0
2024-03-07,46.5,46.900001525878906,46.5,46.88999938964844,9700.0,513.1400146484375,515.8900146484375,509.80999755859375,514.8099975585938,58652100.0,442.4200134277344,446.7200012207031,440.8599853515625,445.45001220703125,44526700.0,104.48999786376953,105.55999755859375,103.97000122070312,105.23999786376953,12120800.0,4.080999851226807,4.123000144958496,4.053999900817871,4.0920000076293945,0.0,103.30999755859375,103.3499984741211,102.80000305175781,102.81999969482422,0.0,14.979999542236328,14.979999542236328,14.25,14.4399995803833,0.0
2024-03-08,47.029998779296875,47.25,46.323001861572266,46.323001861572266,8000.0,515.4600219726562,518.219970703125,511.1300048828125,511.7200012207031,86532500.0,445.80999755859375,448.6400146484375,438.3399963378906,439.0199890136719,72096000.0,105.43000030517578,106.17500305175781,103.61000061035156,103.67500305175781,14912200.0,4.066999912261963,4.129000186920166,4.038000106811523,4.089000225067139,0.0,102.7300033569336,102.9000015258789,102.36000061035156,102.73999786376953,0.0,14.220000267028809,15.529999732971191,13.970000267028809,14.739999771118164,0.0
2024-03-11,46.31999969482422,46.31999969482422,46.040000915527344,46.224998474121094,1300.0,510.4800109863281,511.8800048828125,508.5,511.2799987792969,62557200.0,437.510009765625,438.6600036621094,435.44000244140625,437.3900146484375,45860000.0,103.19999694824219,103.62000274658203,102.6449966430664,103.38999938964844,15648400.0,4.077000141143799,4.116000175476074,4.074999809265137,4.104000091552734,0.0,102.73999786376953,102.93000030517578,102.63999938964844,102.87000274658203,0.0,15.510000228881836,16.040000915527344,15.130000114440918,15.220000267028809,0.0
2024-03-12,46.38999938964844,46.89899826049805,46.38999938964844,46.89899826049805,5400.0,513.4500122070312,517.3800048828125,510.8599853515625,516.780029296875,73114400.0,439.7300109863281,444.0199890136719,436.4599914550781,443.6600036621094,55300900.0,104.38500213623047,105.5199966430664,103.3949966430664,105.51000213623047,17382800.0,4.089000225067139,4.171999931335449,4.083000183105469,4.15500020980835,0.0,102.81999969482422,103.18000030517578,102.72000122070312,102.95999908447266,0.0,14.970000267028809,15.199999809265137,13.8100004196167,13.84000015258789,0.0
2024-03-13,46.970001220703125,46.970001220703125,46.529998779296875,46.529998779296875,4400.0,517.1099853515625,517.2899780273438,514.489990234375,515.969970703125,55104100.0,442.6499938964844,442.6700134277344,439.1199951171875,440.25,37928700.0,105.19000244140625,105.25,103.93499755859375,104.37000274658203,12815400.0,4.185999870300293,4.196000099182129,4.170000076293945,4.191999912261963,0.0,102.93000030517578,103.0199966430664,102.66999816894531,102.79000091552734,0.0,13.890000343322754,14.039999961853027,13.670000076293945,13.75,0.0
2024-03-14,46.81999969482422,46.81999969482422,46.01499938964844,46.14099884033203,6000.0,516.969970703125,517.1300048828125,511.82000732421875,514.9500122070312,110171800.0,441.5,442.0299987792969,436.3900146484375,439.1400146484375,52195200.0,104.80999755859375,105.18000030517578,103.75499725341797,104.38999938964844,16023200.0,4.196000099182129,4.300000190734863,4.191999912261963,4.297999858856201,0.0,102.76000213623047,103.4000015258789,102.73999786376953,103.36000061035156,0.0,13.619999885559082,15.329999923706055,13.420000076293945,14.399999618530273,0.0
2024-03-15,45.83000183105469,45.83000183105469,45.715999603271484,45.715999603271484,1900.0,510.2099914550781,511.70001220703125,508.1199951171875,509.8299865722656,107646300.0,436.07000732421875,438.8699951171875,432.739990234375,433.9200134277344,73069800.0,102.88999938964844,103.36000061035156,102.3949966430664,102.81500244140625,19633400.0,4.281000137329102,4.320000171661377,4.281000137329102,4.303999900817871,0.0,103.38999938964844,103.48999786376953,103.30000305175781,103.43000030517578,0.0,14.329999923706055,15.529999732971191,14.140000343322754,14.40999984741211,0.0
2024-03-18,46.349998474121094,46.349998474121094,46.09000015258789,46.09000015258789,3500.0,514.0,515.47998046875,512.4400024414062,512.8599853515625,88893300.0,438.7300109863281,441.0400085449219,437.239990234375,437.4800109863281,47323800.0,103.54499816894531,104.20999908447266,103.06999969482422,103.1500015258789,14176600.0,4.314000129699707,4.3480000495910645,4.303999900817871,4.340000152587891,0.0,103.44999694824219,103.6500015258789,103.33999633789062,103.58000183105469,0.0,14.75,14.850000381469727,14.260000228881836,14.329999923706055,0.0
2024-03-19,46.09000015258789,46.222999572753906,45.67399978637695,46.222999572753906,1200.0,512.1500244140625,516.0,511.1199951171875,515.7100219726562,60755300.0,435.45001220703125,438.9800109863281,433.3299865722656,438.57000732421875,43004100.0,102.6449966430664,103.69999694824219,102.12999725341797,103.68499755859375,13390200.0,4.326000213623047,4.335999965667725,4.289000034332275,4.296999931335449,0.0,103.58999633789062,104.05999755859375,103.58000183105469,103.80999755859375,0.0,14.5,14.859999656677246,13.800000190734863,13.819999694824219,0.0
2024-03-20,46.27000045776367,46.709999084472656,46.27000045776367,46.709999084472656,1600.0,515.77001953125,520.6199951171875,515.0800170898438,520.47998046875,69594600.0,439.7799987792969,444.1099853515625,438.05999755859375,443.7699890136719,43653500.0,103.76499938964844,104.87999725341797,103.4000015258789,104.84500122070312,13357400.0,4.2829999923706055,4.323999881744385,4.238999843597412,4.2729997634887695,0.0,103.83999633789062,104.1500015258789,103.37999725341797,103.41000366210938,0.0,13.829999923706055,14.170000076293945,13.010000228881836,13.039999961853027,0.0
2024-03-21,47.0099983215332,47.04999923706055,46.88800048828125,46.88800048828125,1600.0,523.3900146484375,524.1099853515625,521.9099731445312,522.2000122070312,60256100.0,448.8800048828125,449.3399963378906,445.6700134277344,445.8699951171875,39345700.0,105.96499633789062,105.96499633789062,104.83000183105469,104.91999816894531,12312000.0,4.232999801635742,4.293000221252441,4.228000164031982,4.270999908447266,0.0,103.23999786376953,104.05000305175781,103.16999816894531,104.0,0.0,12.979999542236328,13.079999923706055,12.399999618530273,12.920000076293945,0.0
2024-03-22,46.81999969482422,46.81999969482422,46.72999954223633,46.72999954223633,2000.0,522.1099853515625,522.6099853515625,520.969970703125,521.2100219726562,79070800.0,445.3500061035156,447.489990234375,444.489990234375,446.3800048828125,28253900.0,104.92500305175781,105.33999633789062,104.55000305175781,104.95500183105469,11507000.0,4.21999979019165,4.22599983215332,4.199999809265137,4.2179999351501465,0.0,103.98999786376953,104.5,103.91999816894531,104.43000030517578,0.0,12.920000076293945,13.149999618530273,12.579999923706055,13.0600004196167,0.0
2024-03-25,46.56999969482422,46.7400016784668,46.54999923706055,46.63100051879883,4200.0,519.7999877929688,520.9500122070312,519.6099853515625,519.77001953125,48512100.0,443.54998779296875,446.260009765625,442.5400085449219,444.760009765625,27789200.0,103.95999908447266,104.70500183105469,103.66000366210938,104.26000213623047,8777800.0,4.23199987411499,4.261000156402588,4.2220001220703125,4.252999782562256,0.0,104.43000030517578,104.4800033569336,104.13999938964844,104.2300033569336,0.0,13.670000076293945,13.670000076293945,13.109999656677246,13.1899995803833,0.0
2024-03-26,46.880001068115234,46.880001068115234,46.56700134277344,46.56700134277344,800.0,521.22998046875,521.5800170898438,518.4000244140625,518.8099975585938,65463700.0,446.29998779296875,447.2300109863281,443.0899963378906,443.32000732421875,34142000.0,104.63500213623047,104.80500030517578,103.74500274658203,103.83000183105469,8538400.0,4.236000061035156,4.2729997634887695,4.23199987411499,4.234000205993652,0.0,104.22000122070312,104.33999633789062,104.01000213623047,104.29000091552734,0.0,13.119999885559082,13.430000305175781,12.84000015258789,13.239999771118164,0.0
2024-03-27,46.5,46.733001708984375,46.5,46.733001708984375,1900.0,521.7100219726562,523.2100219726562,519.489990234375,523.1699829101562,82999800.0,446.44000244140625,446.5400085449219,441.92999267578125,444.8299865722656,41359200.0,104.48500061035156,104.54000091552734,103.55999755859375,104.36000061035156,12495000.0,4.21999979019165,4.228000164031982,4.183000087738037,4.196000099182129,0.0,104.30000305175781,104.45999908447266,104.22000122070312,104.3499984741211,0.0,13.130000114440918,13.34000015258789,12.65999984741211,12.779999732971191,0.0
2024-03-28,46.7400016784668,46.867000579833984,46.7400016784668,46.867000579833984,700.0,523.2100219726562,524.6099853515625,522.780029296875,523.0700073242188,96294900.0,444.7799987792969,445.6400146484375,443.6499938964844,444.010009765625,36839600.0,104.11499786376953,104.43499755859375,103.92500305175781,104.13500213623047,8854400.0,4.230000019073486,4.234000205993652,4.183000087738037,4.205999851226807,0.0,104.44000244140625,104.7300033569336,104.30999755859375,104.55000305175781,0.0,12.930000305175781,13.100000381469727,12.84000015258789,13.010000228881836,0.0
2024-04-01,46.75,47.0099983215332,46.630001068115234,46.766998291015625,4800.0,523.8300170898438,524.3800048828125,520.969970703125,522.1599731445312,62477500.0,444.9700012207031,447.5299987792969,443.0199890136719,444.95001220703125,38729000.0,104.3550033569336,105.03500366210938,104.04499816894531,104.42500305175781,11654800.0,4.234000205993652,4.336999893188477,4.234000205993652,4.328999996185303,0.0,104.48999786376953,105.08000183105469,104.41999816894531,105.0199966430664,0.0,13.609999656677246,14.149999618530273,13.550000190734863,13.649999618530273,0.0
2024-04-02,46.02000045776367,46.233001708984375,45.900001525878906,46.233001708984375,8100.0,518.239990234375,518.97998046875,516.47998046875,518.8400268554688,74230300.0,440.0799865722656,441.42999267578125,438.0299987792969,441.1099853515625,44259700.0,103.26499938964844,103.56999969482422,102.58000183105469,103.41999816894531,11418200.0,4.375,4.40500020980835,4.355000019073486,4.364999771118164,0.0,105.0,105.0999984741211,104.68000030517578,104.81999969482422,0.0,13.739999771118164,15.430000305175781,13.680000305175781,14.609999656677246,0.0
2024-04-03,46.0099983215332,46.270999908447266,46.0099983215332,46.270999908447266,1100.0,517.719970703125,520.9500122070312,517.6699829101562,519.4099731445312,59155800.0,438.9599914550781,444.0,438.95001220703125,442.1000061035156,39949800.0,102.9000015258789,104.2300033569336,102.875,103.69499969482422,10670000.0,4.382999897003174,4.428999900817871,4.3470001220703125,4.355000019073486,0.0,104.7699966430664,104.83999633789062,104.2300033569336,104.25,0.0,15.0,15.180000305175781,14.25,14.329999923706055,0.0
2024-04-04,46.61000061035156,46.61000061035156,45.49100112915039,45.49100112915039,2300.0,523.52001953125,523.8699951171875,512.760009765625,513.0700073242188,96858100.0,446.3299865722656,446.95001220703125,435.1099853515625,435.3399963378906,57267700.0,104.68499755859375,105.05000305175781,102.0,102.05500030517578,16464800.0,4.370999813079834,4.38100004196167,4.307000160217285,4.309000015258789,0.0,104.2300033569336,104.26000213623047,103.91999816894531,104.12000274658203,0.0,14.289999961853027,16.920000076293945,13.739999771118164,16.350000381469727,0.0
2024-04-05,45.59000015258789,46.03099822998047,45.59000015258789,45.926998138427734,6600.0,514.4600219726562,520.4400024414062,514.010009765625,518.4299926757812,74546500.0,436.7799987792969,443.1700134277344,435.9599914550781,440.4700012207031,54744600.0,102.5,103.75,102.21499633789062,103.2249984741211,12808800.0,4.328000068664551,4.4039998054504395,4.317999839782715,4.377999782562256,0.0,104.20999908447266,104.69000244140625,104.13999938964844,104.30000305175781,0.0,16.450000762939453,16.75,15.529999732971191,16.030000686645508,0.0
2024-04-08,46.18000030517578,46.18000030517578,45.8650016784668,45.95100021362305,7000.0,519.1500244140625,520.1799926757812,517.8900146484375,518.719970703125,48401800.0,441.4100036621094,442.5,439.20001220703125,440.6000061035156,28144900.0,103.29000091552734,103.62999725341797,102.7249984741211,103.1050033569336,8125800.0,4.458000183105469,4.461999893188477,4.406000137329102,4.423999786376953,0.0,104.29000091552734,104.44000244140625,104.0999984741211,104.13999938964844,0.0,16.239999771118164,16.5,15.109999656677246,15.1899995803833,0.0
2024-04-09,46.09000015258789,46.09000015258789,45.72999954223633,46.0,800.0,520.5,520.75,514.3499755859375,519.3200073242188,68049200.0,442.9599914550781,443.239990234375,437.44000244140625,442.2300109863281,39443600.0,103.63500213623047,103.8499984741211,102.33000183105469,103.625,9400800.0,4.383999824523926,4.395999908447266,4.357999801635742,4.366000175476074,0.0,104.12000274658203,104.19999694824219,103.87999725341797,104.1500015258789,0.0,15.34000015258789,16.6299991607666,14.9399995803833,14.979999542236328,0.0
2024-04-10,45.5,45.5,45.29999923706055,45.48099899291992,30600.0,513.47998046875,516.1599731445312,512.0900268554688,514.1199951171875,82652800.0,437.0,439.239990234375,436.2799987792969,438.3699951171875,61502200.0,102.44499969482422,102.73500061035156,101.91500091552734,102.3550033569336,13836800.0,4.3460001945495605,4.567999839782715,4.343999862670898,4.559999942779541,0.0,104.0999984741211,105.30000305175781,104.0199966430664,105.25,0.0,15.239999771118164,16.6200008392334,14.59000015258789,15.800000190734863,0.0
2024-04-11,45.400001525878906,45.970001220703125,45.3380012512207,45.92499923706055,3700.0,515.6799926757812,519.47998046875,512.0800170898438,518.0,70099000.0,440.260009765625,446.3299865722656,437.9599914550781,445.3699951171875,45474600.0,102.80999755859375,104.56999969482422,102.31500244140625,104.4000015258789,10563600.0,4.576000213623047,4.591000080108643,4.514999866485596,4.576000213623047,0.0,105.18000030517578,105.52999877929688,105.02999877929688,105.27999877929688,0.0,16.020000457763672,17.610000610351562,14.90999984741211,14.90999984741211,0.0
2024-04-12,45.36000061035156,45.36000061035156,45.09000015258789,45.12900161743164,4700.0,514.3699951171875,515.8200073242188,509.0799865722656,510.8500061035156,92561100.0,441.1000061035156,442.239990234375,436.8800048828125,438.2699890136719,53665000.0,103.15499877929688,103.63999938964844,102.33000183105469,102.70999908447266,16186800.0,4.513999938964844,4.5320000648498535,4.482999801635742,4.499000072479248,0.0,105.27999877929688,106.11000061035156,105.23999786376953,106.04000091552734,0.0,14.90999984741211,19.200000762939453,14.90999984741211,17.309999465942383,0.0
2024-04-15,45.43000030517578,45.810001373291016,44.39699935913086,44.43600082397461,10600.0,515.1300048828125,515.2999877929688,503.5799865722656,504.45001220703125,92101400.0,442.05999755859375,442.1499938964844,430.2099914550781,431.05999755859375,63453600.0,103.33999633789062,103.40499877929688,100.6050033569336,100.76000213623047,17189000.0,4.585000038146973,4.663000106811523,4.583000183105469,4.627999782562256,0.0,106.01000213623047,106.25,105.83999633789062,106.20999908447266,0.0,16.940000534057617,19.459999084472656,16.260000228881836,19.229999542236328,0.0
2024-04-16,44.4900016784668,44.58000183105469,44.4900016784668,44.56700134277344,1500.0,504.94000244140625,506.5,502.2099914550781,503.5299987792969,73484000.0,430.8999938964844,433.760009765625,429.70001220703125,431.1000061035156,47619000.0,100.9800033569336,101.50499725341797,100.4800033569336,100.87999725341797,14914000.0,4.644999980926514,4.696000099182129,4.625999927520752,4.658999919891357,0.0,106.16999816894531,106.5199966430664,106.06999969482422,106.26000213623047,0.0,19.489999771118164,19.559999465942383,17.639999389648438,18.399999618530273,0.0
2024-04-17,44.689998626708984,44.689998626708984,44.09000015258789,44.09000015258789,2100.0,506.04998779296875,506.2200012207031,499.1199951171875,500.54998779296875,75910300.0,433.1000061035156,433.1199951171875,424.8999938964844,425.8399963378906,56880500.0,101.25,101.41999816894531,99.3499984741211,99.42500305175781,13090400.0,4.65500020980835,4.660999774932861,4.574999809265137,4.585000038146973,0.0,106.33000183105469,106.44000244140625,105.87000274658203,105.94999694824219,0.0,18.239999771118164,19.110000610351562,17.540000915527344,18.209999084472656,0.0
2024-04-18,44.099998474121094,44.220001220703125,43.84000015258789,43.882999420166016,2600.0,501.9800109863281,504.1300048828125,498.55999755859375,499.5199890136719,74548100.0,426.489990234375,428.239990234375,422.8299865722656,423.4100036621094,46549400.0,99.3949966430664,99.6500015258789,98.18499755859375,98.29000091552734,15280600.0,4.5920000076293945,4.6529998779296875,4.5920000076293945,4.646999835968018,0.0,105.93000030517578,106.18000030517578,105.73999786376953,106.1500015258789,0.0,17.90999984741211,18.3700008392334,17.209999084472656,18.0,0.0
2024-04-19,43.689998626708984,43.79999923706055,43.21500015258789,43.25199890136719,2400.0,499.44000244140625,500.4599914550781,493.8599853515625,495.1600036621094,102212600.0,422.2200012207031,422.75,413.07000732421875,414.6499938964844,75231000.0,97.91500091552734,98.23500061035156,96.0199966430664,96.26499938964844,21880000.0,4.590000152587891,4.63100004196167,4.581999778747559,4.614999771118164,0.0,106.19000244140625,106.3499984741211,105.8499984741211,106.1500015258789,0.0,21.329999923706055,21.360000610351562,18.170000076293945,18.709999084472656,0.0
2024-04-22,43.459999084472656,43.58000183105469,43.380001068115234,43.551998138427734,3600.0,497.8299865722656,502.3800048828125,495.42999267578125,499.7200012207031,67961000.0,417.30999755859375,421.17999267578125,413.94000244140625,418.82000732421875,47807700.0,97.00499725341797,97.70999908447266,96.04000091552734,97.125,13293400.0,4.6519999504089355,4.6519999504089355,4.611000061035156,4.623000144958496,0.0,106.12000274658203,106.4000015258789,105.9800033569336,106.08000183105469,0.0,18.59000015258789,18.719999313354492,16.690000534057617,16.940000534057617,0.0
2024-04-23,43.630001068115234,44.16999816894531,43.630001068115234,44.11199951171875,2100.0,501.7799987792969,506.0899963378906,499.5299987792969,505.6499938964844,64633600.0,420.7699890136719,426.2799987792969,418.8699951171875,425.07000732421875,44384700.0,97.52999877929688,98.70999908447266,97.38500213623047,98.56500244140625,12151600.0,4.650000095367432,4.650000095367432,4.567999839782715,4.5980000495910645,0.0,106.12000274658203,106.23999786376953,105.61000061035156,105.69000244140625,0.0,16.719999313354492,16.760000228881836,15.6899995803833,15.6899995803833,0.0
2024-04-24,44.57500076293945,44.61000061035156,44.060001373291016,44.27899932861328,2300.0,506.55999755859375,507.3699951171875,503.1300048828125,505.4100036621094,55928100.0,428.20001220703125,429.7300109863281,424.20001220703125,426.510009765625,48440300.0,99.29499816894531,99.70500183105469,98.47000122070312,99.01499938964844,9160200.0,4.642000198364258,4.671000003814697,4.626999855041504,4.6519999504089355,0.0,105.69000244140625,105.94999694824219,105.58999633789062,105.86000061035156,0.0,15.760000228881836,16.3799991607666,15.579999923706055,15.970000267028809,0.0
2024-04-25,44.0099983215332,44.45000076293945,43.97999954223633,44.362998962402344,2400.0,499.17999267578125,504.2699890136719,497.489990234375,503.489990234375,69122400.0,419.239990234375,425.32000732421875,418.1400146484375,424.45001220703125,57392200.0,97.77999877929688,98.98500061035156,97.34500122070312,98.80000305175781,11568000.0,4.6579999923706055,4.736999988555908,4.625,4.705999851226807,0.0,105.81999969482422,106.0,105.51000213623047,105.5999984741211,0.0,16.25,17.549999237060547,15.270000457763672,15.369999885559082,0.0
2024-04-26,44.72999954223633,44.959999084472656,44.599998474121094,44.91999816894531,1200.0,506.3500061035156,509.8800048828125,505.70001220703125,508.260009765625,64306100.0,427.6199951171875,432.54998779296875,426.9200134277344,431.0,41874900.0,99.58000183105469,100.6449966430664,99.19000244140625,99.91500091552734,10104200.0,4.685999870300293,4.690000057220459,4.644000053405762,4.669000148773193,0.0,105.58000183105469,106.19000244140625,105.41000366210938,105.94000244140625,0.0,15.489999771118164,16.059999465942383,14.920000076293945,15.029999732971191,0.0
2024-04-29,45.11000061035156,45.14099884033203,44.91999816894531,45.0890007019043,1700.0,510.0899963378906,510.75,507.25,510.05999755859375,46415400.0,433.1300048828125,433.760009765625,429.9800109863281,432.75,30022200.0,100.43000030517578,100.58000183105469,99.76000213623047,100.34500122070312,7494800.0,4.625999927520752,4.64900016784668,4.611999988555908,4.613999843597412,0.0,106.08000183105469,106.08000183105469,105.45999908447266,105.58000183105469,0.0,15.369999885559082,15.420000076293945,14.630000114440918,14.670000076293945,0.0
2024-04-30,44.319000244140625,44.319000244140625,44.319000244140625,44.319000244140625,500.0,508.55999755859375,509.55999755859375,501.9800109863281,501.9800109863281,77483600.0,431.1499938964844,432.55999755859375,424.510009765625,424.5899963378906,43665900.0,100.0,100.40499877929688,98.1050033569336,98.13500213623047,14929000.0,4.616000175476074,4.685999870300293,4.616000175476074,4.685999870300293,0.0,105.66999816894531,106.3499984741211,105.66999816894531,106.22000122070312,0.0,14.819999694824219,15.899999618530273,14.670000076293945,15.649999618530273,0.0
2024-05-01,44.09000015258789,44.09000015258789,43.814998626708984,43.814998626708984,2800.0,501.3800048828125,508.19000244140625,499.8699951171875,500.3500061035156,80242800.0,423.1499938964844,430.1400146484375,420.6600036621094,421.5199890136719,52251700.0,97.61000061035156,99.25,97.11000061035156,97.12999725341797,20453600.0,4.670000076293945,4.676000118255615,4.580999851226807,4.59499979019165,0.0,106.31999969482422,106.48999786376953,105.44000244140625,105.76000213623047,0.0,15.75,16.219999313354492,14.350000381469727,15.390000343322754,0.0
2024-05-02,43.87200164794922,44.16999816894531,43.87200164794922,44.16999816894531,1000.0,504.1499938964844,505.8900146484375,499.54998779296875,505.0299987792969,62550200.0,425.29998779296875,427.80999755859375,420.6300048828125,426.8999938964844,36559000.0,98.37000274658203,98.66500091552734,97.12999725341797,98.52999877929688,13340000.0,4.611999988555908,4.651000022888184,4.566999912261963,4.571000099182129,0.0,105.7300033569336,105.9000015258789,105.30000305175781,105.30000305175781,0.0,15.140000343322754,16.09000015258789,14.600000381469727,14.680000305175781,0.0
2024-05-03,44.77000045776367,44.790000915527344,44.66600036621094,44.78799819946289,2300.0,511.1600036621094,512.5499877929688,508.55999755859375,511.2900085449219,72756700.0,434.44000244140625,436.4800109863281,432.6199951171875,435.4800109863281,48515300.0,101.19499969482422,101.61499786376953,100.83499908447266,101.2750015258789,13316400.0,4.551000118255615,4.571000099182129,4.453000068664551,4.5,0.0,105.30999755859375,105.37000274658203,104.5199966430664,105.02999877929688,0.0,14.510000228881836,14.579999923706055,13.479999542236328,13.489999771118164,0.0
2024-05-06,45.0099983215332,45.387001037597656,45.0099983215332,45.387001037597656,5200.0,513.75,516.6099853515625,513.2999877929688,516.5700073242188,47264700.0,437.29998779296875,440.3399963378906,436.5199890136719,440.25,30227200.0,101.66000366210938,102.46499633789062,101.50499725341797,102.46499633789062,8021000.0,4.486999988555908,4.513999938964844,4.4710001945495605,4.488999843597412,0.0,105.08000183105469,105.19999694824219,104.87000274658203,105.05000305175781,0.0,13.979999542236328,14.020000457763672,13.4399995803833,13.489999771118164,0.0
2024-05-07,45.459999084472656,45.56999969482422,45.43000030517578,45.43000030517578,2700.0,517.5599975585938,518.5700073242188,516.4500122070312,517.1400146484375,52561300.0,440.70001220703125,441.9700012207031,439.5799865722656,440.32000732421875,30996100.0,102.76499938964844,102.81500244140625,102.12000274658203,102.12999725341797,10020800.0,4.4730000495910645,4.4730000495910645,4.422999858856201,4.4629998207092285,0.0,105.13999938964844,105.44999694824219,105.02999877929688,105.41000366210938,0.0,13.520000457763672,13.640000343322754,13.15999984741211,13.229999542236328,0.0
2024-05-08,45.231998443603516,45.387001037597656,45.231998443603516,45.387001037597656,2000.0,515.260009765625,517.739990234375,515.1400146484375,517.1900024414062,42047200.0,437.6700134277344,441.4800109863281,437.54998779296875,440.05999755859375,24896700.0,101.76499938964844,102.52999877929688,101.73999786376953,102.41999816894531,7176000.0,4.484000205993652,4.498000144958496,4.474999904632568,4.492000102996826,0.0,105.41999816894531,105.63999938964844,105.38999938964844,105.55000305175781,0.0,13.239999771118164,13.510000228881836,12.9399995803833,13.0,0.0
2024-05-09,45.36000061035156,45.37799835205078,45.310001373291016,45.37799835205078,4200.0,517.3800048828125,520.2100219726562,516.7100219726562,520.1699829101562,43643700.0,440.3299865722656,441.6000061035156,438.4599914550781,441.0199890136719,24580100.0,102.25499725341797,102.47000122070312,101.87999725341797,102.38999938964844,9589600.0,4.515999794006348,4.515999794006348,4.447000026702881,4.448999881744385,0.0,105.5199966430664,105.73999786376953,105.20999908447266,105.2300033569336,0.0,13.079999923706055,13.289999961853027,12.680000305175781,12.6899995803833,0.0
2024-05-10,45.560001373291016,45.57899856567383,45.5099983215332,45.57899856567383,1600.0,521.8099975585938,522.6400146484375,519.5900268554688,520.8400268554688,52233200.0,442.5400085449219,444.30999755859375,440.5,442.05999755859375,27116600.0,102.92500305175781,103.38500213623047,102.44499969482422,102.7699966430664,8753800.0,4.4770002365112305,4.507999897003174,4.4710001945495605,4.504000186920166,0.0,105.20999908447266,105.4000015258789,105.13999938964844,105.30999755859375,0.0,12.770000457763672,12.960000038146973,12.5,12.550000190734863,0.0
2024-05-13,45.790000915527344,45.790000915527344,45.599998474121094,45.60900115966797,1200.0,522.5599975585938,522.6699829101562,519.739990234375,520.9099731445312,36716400.0,443.989990234375,444.0899963378906,441.6499938964844,443.0799865722656,22994200.0,103.5250015258789,103.61000061035156,102.93000030517578,103.25499725341797,6582000.0,4.486999988555908,4.488999843597412,4.459000110626221,4.480999946594238,0.0,105.30999755859375,105.37000274658203,105.05999755859375,105.22000122070312,0.0,13.260000228881836,13.65999984741211,13.25,13.600000381469727,0.0
2024-05-14,45.810001373291016,45.9640007019043,45.720001220703125,45.9640007019043,2400.0,521.1099853515625,523.8300170898438,520.5599975585938,523.2999877929688,57535900.0,442.6499938964844,446.4700012207031,442.4599914550781,445.92999267578125,34478300.0,103.22000122070312,104.31500244140625,103.16000366210938,104.16999816894531,9825200.0,4.480999946594238,4.5320000648498535,4.442999839782715,4.445000171661377,0.0,105.19999694824219,105.45999908447266,104.95999908447266,105.01000213623047,0.0,13.710000038146973,14.029999732971191,13.270000457763672,13.420000076293945,0.0
2024-05-15,46.220001220703125,46.71500015258789,46.220001220703125,46.71500015258789,4300.0,525.8300170898438,530.0800170898438,525.1799926757812,529.780029296875,59504900.0,448.42999267578125,453.1499938964844,446.8999938964844,452.8999938964844,41464700.0,104.82499694824219,106.55000305175781,104.75,106.51499938964844,14308600.0,4.418000221252441,4.418000221252441,4.340000152587891,4.355999946594238,0.0,105.05000305175781,105.05999755859375,104.29000091552734,104.3499984741211,0.0,13.729999542236328,13.9399995803833,12.380000114440918,12.449999809265137,0.0
2024-05-16,46.810001373291016,46.900001525878906,46.667999267578125,46.667999267578125,2900.0,529.8800048828125,531.52001953125,528.5399780273438,528.6900024414062,50244800.0,452.7099914550781,454.69000244140625,451.80999755859375,451.9800109863281,34780400.0,106.58000183105469,106.91000366210938,106.0999984741211,106.1449966430664,12066600.0,4.329999923706055,4.379000186920166,4.318999767303467,4.376999855041504,0.0,104.20999908447266,104.62999725341797,104.08000183105469,104.45999908447266,0.0,12.520000457763672,12.670000076293945,12.329999923706055,12.420000076293945,0.0
2024-05-17,46.83000183105469,46.83000183105469,46.54999923706055,46.61600112915039,1600.0,528.8099975585938,529.52001953125,527.3200073242188,529.4500122070312,59187600.0,452.1099853515625,452.7200012207031,449.5400085449219,451.760009765625,35803700.0,106.38999938964844,106.45500183105469,105.33000183105469,105.91000366210938,7616000.0,4.395999908447266,4.426000118255615,4.390999794006348,4.420000076293945,0.0,104.5,104.80000305175781,104.38999938964844,104.44999694824219,0.0,12.279999732971191,12.479999542236328,11.90999984741211,11.989999771118164,0.0
2024-05-20,46.61000061035156,46.845001220703125,46.61000061035156,46.77299880981445,3200.0,529.5700073242188,531.5599975585938,529.1699829101562,530.0599975585938,37764200.0,451.9800109863281,455.5799865722656,451.7900085449219,454.9100036621094,24474200.0,106.01499938964844,107.3550033569336,105.91999816894531,107.15499877929688,6276800.0,4.421999931335449,4.454999923706055,4.420000076293945,4.436999797821045,0.0,104.5,104.6500015258789,104.38999938964844,104.56999969482422,0.0,12.270000457763672,12.59000015258789,12.069999694824219,12.149999618530273,0.0
2024-05-21,46.689998626708984,46.834999084472656,46.59700012207031,46.834999084472656,1000.0,529.280029296875,531.52001953125,529.0700073242188,531.3599853515625,33437000.0,453.0400085449219,455.989990234375,452.8399963378906,455.79998779296875,23167700.0,106.74500274658203,107.50499725341797,106.55500030517578,107.33000183105469,6140400.0,4.429999828338623,4.435999870300293,4.3979997634887695,4.414000034332275,0.0,104.5999984741211,104.7699966430664,104.4800033569336,104.66000366210938,0.0,12.300000190734863,12.5600004196167,11.84000015258789,11.859999656677246,0.0
2024-05-22,46.849998474121094,46.900001525878906,46.560001373291016,46.66699981689453,1400.0,530.6500244140625,531.3800048828125,527.5999755859375,529.8300170898438,48390000.0,456.05999755859375,456.82000732421875,453.0799865722656,455.7099914550781,25120000.0,107.63500213623047,107.96499633789062,106.93499755859375,107.56999969482422,11783000.0,4.453000068664551,4.460999965667725,4.4120001792907715,4.434000015258789,0.0,104.62000274658203,104.97000122070312,104.55999755859375,104.94000244140625,0.0,12.050000190734863,12.8100004196167,11.779999732971191,12.289999961853027,0.0
2024-05-23,47.09000015258789,47.09000015258789,46.43000030517578,46.43000030517578,5100.0,532.9600219726562,533.0700073242188,524.719970703125,525.9600219726562,57211200.0,460.54998779296875,460.5799865722656,451.8500061035156,453.6600036621094,40899200.0,108.80000305175781,108.80999755859375,106.3550033569336,106.69499969482422,9400400.0,4.418000221252441,4.495999813079834,4.4079999923706055,4.474999904632568,0.0,104.9000015258789,105.11000061035156,104.62999725341797,105.11000061035156,0.0,11.529999732971191,13.369999885559082,11.520000457763672,12.770000457763672,0.0
2024-05-24,46.595001220703125,46.709999084472656,46.56800079345703,46.70399856567383,1300.0,527.8499755859375,530.27001953125,526.8800048828125,529.4400024414062,41291100.0,455.2900085449219,459.2300109863281,453.57000732421875,457.95001220703125,29669500.0,106.96499633789062,107.82499694824219,106.61000061035156,107.59500122070312,5906400.0,4.488999843597412,4.501999855041504,4.459000110626221,4.4670000076293945,0.0,105.04000091552734,105.12000274658203,104.63999938964844,104.72000122070312,0.0,12.859999656677246,12.890000343322754,11.890000343322754,11.930000305175781,0.0
2024-05-28,46.81399917602539,46.880001068115234,46.70000076293945,46.76900100708008,4100.0,530.27001953125,530.510009765625,527.1099853515625,529.8099975585938,36269600.0,459.17999267578125,459.739990234375,456.69000244140625,459.67999267578125,26216800.0,108.20500183105469,108.29000091552734,107.375,108.05000305175781,8786400.0,4.453000068664551,4.546000003814697,4.448999881744385,4.541999816894531,0.0,104.58000183105469,104.63999938964844,104.33999633789062,104.61000061035156,0.0,12.510000228881836,13.4399995803833,12.359999656677246,12.920000076293945,0.0
2024-05-29,46.189998626708984,46.540000915527344,46.189998626708984,46.40999984741211,3800.0,525.6799926757812,527.3099975585938,525.3699951171875,526.0999755859375,45190300.0,455.4800109863281,458.239990234375,455.3399963378906,456.44000244140625,29739200.0,106.91000366210938,107.87999725341797,106.91000366210938,107.36499786376953,8569000.0,4.565999984741211,4.638000011444092,4.559999942779541,4.624000072479248,0.0,104.63999938964844,105.13999938964844,104.58999633789062,105.0999984741211,0.0,13.75,14.319999694824219,13.6899995803833,14.279999732971191,0.0
2024-05-30,46.060001373291016,46.33000183105469,45.733001708984375,45.733001708984375,4600.0,524.52001953125,525.2000122070312,521.3300170898438,522.6099853515625,46377600.0,455.5,455.6400146484375,450.2099914550781,451.54998779296875,30536800.0,106.16999816894531,106.33000183105469,104.58999633789062,104.91500091552734,10450600.0,4.593999862670898,4.599999904632568,4.541999816894531,4.553999900817871,0.0,105.12999725341797,105.18000030517578,104.62999725341797,104.72000122070312,0.0,14.819999694824219,14.880000114440918,13.670000076293945,14.470000267028809,0.0
2024-05-31,45.88999938964844,45.946998596191406,45.334999084472656,45.946998596191406,4500.0,523.5900268554688,527.5,518.3599853515625,527.3699951171875,90785800.0,451.7799987792969,452.4800109863281,443.05999755859375,450.7099914550781,55941300.0,105.2249984741211,105.24500274658203,102.76499938964844,105.08000183105469,12081000.0,4.552000045776367,4.556000232696533,4.485000133514404,4.513999938964844,0.0,104.76000213623047,104.9000015258789,104.36000061035156,104.66999816894531,0.0,14.5,14.869999885559082,12.84000015258789,12.920000076293945,0.0
2024-06-03,46.22999954223633,46.29999923706055,45.81999969482422,45.94900131225586,13400.0,529.02001953125,529.3099975585938,522.5999755859375,527.7999877929688,46835700.0,454.57000732421875,455.5799865722656,447.8999938964844,453.1300048828125,32997500.0,105.88500213623047,105.9800033569336,104.08499908447266,105.34500122070312,9628000.0,4.4730000495910645,4.4730000495910645,4.392000198364258,4.4019999504089355,0.0,104.62999725341797,104.7699966430664,104.05999755859375,104.13999938964844,0.0,13.079999923706055,14.3100004196167,13.0,13.109999656677246,0.0
2024-06-04,46.040000915527344,46.09400177001953,45.880001068115234,46.09400177001953,7600.0,526.4600219726562,529.1500244140625,524.9600219726562,528.3900146484375,34632700.0,452.8699951171875,455.5799865722656,451.1300048828125,454.3699951171875,23767400.0,105.29000091552734,105.73500061035156,104.75,105.56500244140625,6405400.0,4.361000061035156,4.367000102996826,4.314000129699707,4.335999965667725,0.0,104.05000305175781,104.33000183105469,103.98999786376953,104.11000061035156,0.0,13.510000228881836,14.079999923706055,13.109999656677246,13.15999984741211,0.0
2024-06-05,46.44499969482422,46.83300018310547,46.279998779296875,46.83300018310547,15300.0,530.77001953125,534.6900024414062,528.72998046875,534.6699829101562,47610400.0,457.9800109863281,463.6099853515625,454.4100036621094,463.5299987792969,33817400.0,106.4000015258789,107.91000366210938,106.2300033569336,107.91000366210938,8788800.0,4.326000213623047,4.35099983215332,4.2870001792907715,4.289000034332275,0.0,104.16999816894531,104.45999908447266,104.12999725341797,104.2699966430664,0.0,13.140000343322754,13.25,12.600000381469727,12.630000114440918,0.0
2024-06-06,46.95000076293945,46.95000076293945,46.729000091552734,46.808998107910156,8500.0,534.97998046875,535.4199829101562,532.6799926757812,534.6599731445312,30808500.0,464.2200012207031,464.5400085449219,462.19000244140625,463.3699951171875,21966800.0,107.97000122070312,108.04499816894531,107.26499938964844,107.55000305175781,7057600.0,4.301000118255615,4.322000026702881,4.2769999504089355,4.281000137329102,0.0,104.25,104.37000274658203,104.05000305175781,104.0999984741211,0.0,12.75,12.979999542236328,12.539999961853027,12.579999923706055,0.0
2024-06-07,46.70000076293945,46.95000076293945,46.70000076293945,46.779998779296875,6100.0,533.6599731445312,536.8900146484375,532.5399780273438,534.010009765625,43224500.0,463.0,465.739990234375,461.8399963378906,462.9599914550781,25829700.0,107.66500091552734,108.26000213623047,107.2699966430664,107.80000305175781,6398600.0,4.296999931335449,4.434000015258789,4.289000034332275,4.429999828338623,0.0,104.08999633789062,104.94999694824219,104.0,104.88999938964844,0.0,12.6899995803833,13.079999923706055,12.109999656677246,12.220000267028809,0.0
2024-06-10,46.90999984741211,46.90999984741211,46.66999816894531,46.79100036621094,3000.0,533.1799926757812,535.989990234375,532.5700073242188,535.6599731445312,35686100.0,461.82000732421875,465.19000244140625,461.5299987792969,464.8299865722656,20660800.0,107.43499755859375,108.36499786376953,107.36499786376953,108.07499694824219,6734800.0,4.453000068664551,4.479000091552734,4.447000026702881,4.468999862670898,0.0,105.04000091552734,105.38999938964844,105.04000091552734,105.1500015258789,0.0,13.09000015258789,13.279999732971191,12.619999885559082,12.739999771118164,0.0
2024-06-11,46.689998626708984,46.81399917602539,46.59000015258789,46.81399917602539,1500.0,534.0700073242188,537.010009765625,532.0499877929688,536.9500122070312,36383400.0,463.5400085449219,468.1400146484375,462.0299987792969,468.0199890136719,22053300.0,107.80000305175781,110.11499786376953,107.75,110.08499908447266,12719200.0,4.435999870300293,4.460999965667725,4.4019999504089355,4.4039998054504395,0.0,105.1500015258789,105.45999908447266,105.0999984741211,105.2300033569336,0.0,12.850000381469727,13.470000267028809,12.779999732971191,12.850000381469727,0.0
2024-06-12,47.41999816894531,47.709999084472656,47.41999816894531,47.48500061035156,5800.0,541.6300048828125,544.1199951171875,540.2999877929688,541.3599853515625,63251300.0,471.989990234375,476.5,471.2900085449219,474.1499938964844,34532600.0,111.18000030517578,113.65499877929688,110.9749984741211,112.5199966430664,17821200.0,4.388000011444092,4.406000137329102,4.25,4.295000076293945,0.0,105.27999877929688,105.31999969482422,104.26000213623047,104.6500015258789,0.0,13.100000381469727,13.149999618530273,11.9399995803833,12.039999961853027,0.0
2024-06-13,47.54999923706055,47.7599983215332,47.5,47.7599983215332,2500.0,543.1500244140625,543.3300170898438,539.5900268554688,542.4500122070312,44760900.0,477.7200012207031,478.3900146484375,474.4200134277344,476.7200012207031,25859000.0,113.56500244140625,113.87999725341797,112.72000122070312,113.41000366210938,12693600.0,4.309999942779541,4.309999942779541,4.2230000495910645,4.23799991607666,0.0,104.69000244140625,105.27999877929688,104.63999938964844,105.19999694824219,0.0,12.050000190734863,12.680000305175781,11.880000114440918,11.9399995803833,0.0
2024-06-14,47.744998931884766,47.849998474121094,47.720001220703125,47.834999084472656,2200.0,540.8800048828125,542.8099975585938,539.8499755859375,542.780029296875,40089900.0,476.5199890136719,479.260009765625,476.04998779296875,479.19000244140625,23372600.0,113.25,113.9000015258789,113.17500305175781,113.83499908447266,7864600.0,4.196000099182129,4.236000061035156,4.188000202178955,4.2129998207092285,0.0,105.2300033569336,105.80999755859375,105.18000030517578,105.55000305175781,0.0,12.220000267028809,13.449999809265137,12.119999885559082,12.65999984741211,0.0
2024-06-17,47.84000015258789,48.45000076293945,47.82500076293945,48.356998443603516,3100.0,542.0800170898438,548.530029296875,541.6099853515625,547.0999755859375,55839500.0,479.4599914550781,486.8599853515625,478.1400146484375,485.05999755859375,37054500.0,114.11499786376953,115.96499633789062,113.7249984741211,115.55999755859375,11602600.0,4.264999866485596,4.295000076293945,4.260000228881836,4.2789998054504395,0.0,105.51000213623047,105.6500015258789,105.30999755859375,105.31999969482422,0.0,13.069999694824219,13.289999961853027,12.5,12.75,0.0
2024-06-18,48.43000030517578,48.5260009765625,48.43000030517578,48.5260009765625,5500.0,547.1599731445312,548.6199951171875,546.72998046875,548.489990234375,41376400.0,485.010009765625,485.8999938964844,483.42999267578125,485.2099914550781,24438600.0,115.67500305175781,116.08499908447266,115.24500274658203,115.70500183105469,8677800.0,4.2870001792907715,4.289000034332275,4.206999778747559,4.2170000076293945,0.0,105.30000305175781,105.55999755859375,105.12999725341797,105.26000213623047,0.0,12.699999809265137,12.739999771118164,12.239999771118164,12.300000190734863,0.0
2024-06-20,48.650001525878906,48.69499969482422,48.18000030517578,48.361000061035156,11600.0,549.4400024414062,550.1199951171875,545.1799926757812,547.0,70328200.0,486.4200134277344,486.8399963378906,479.6199951171875,481.4700012207031,33918700.0,116.2249984741211,116.29499816894531,114.0199966430664,114.40499877929688,13243000.0,4.23799991607666,4.293000221252441,4.230000019073486,4.254000186920166,0.0,105.19999694824219,105.66999816894531,105.19999694824219,105.58999633789062,0.0,12.5,13.550000190734863,12.180000305175781,13.279999732971191,0.0
2024-06-21,48.34000015258789,48.34000015258789,48.18000030517578,48.24399948120117,4100.0,544.4000244140625,545.6500244140625,543.02001953125,544.510009765625,64338600.0,481.19000244140625,482.5400085449219,478.6700134277344,480.17999267578125,37456800.0,114.43000030517578,114.87999725341797,113.68499755859375,114.20500183105469,13560200.0,4.223999977111816,4.2789998054504395,4.2170000076293945,4.256999969482422,0.0,105.63999938964844,105.91999816894531,105.54000091552734,105.80000305175781,0.0,13.220000267028809,13.779999732971191,12.989999771118164,13.199999809265137,0.0
2024-06-24,48.119998931884766,48.33000183105469,47.89699935913086,47.89699935913086,1900.0,544.3300170898438,546.9500122070312,542.6199951171875,542.739990234375,45528700.0,478.17999267578125,479.92999267578125,473.82000732421875,473.9599914550781,37751000.0,112.81999969482422,113.33000183105469,111.18000030517578,111.20999908447266,13748600.0,4.275000095367432,4.275000095367432,4.245999813079834,4.248000144958496,0.0,105.83000183105469,105.9000015258789,105.37000274658203,105.47000122070312,0.0,13.850000381469727,13.880000114440918,13.149999618530273,13.329999923706055,0.0
2024-06-25,48.0099983215332,48.071998596191406,47.849998474121094,48.071998596191406,6300.0,543.989990234375,545.2000122070312,542.4400024414062,544.8300170898438,37936200.0,476.07000732421875,479.67999267578125,475.1199951171875,479.3800048828125,29014700.0,112.0250015258789,113.30999755859375,111.3949966430664,113.25,9126200.0,4.2170000076293945,4.258999824523926,4.210999965667725,4.23799991607666,0.0,105.51000213623047,105.77999877929688,105.37000274658203,105.61000061035156,0.0,13.479999542236328,13.520000457763672,12.84000015258789,12.84000015258789,0.0
2024-06-26,48.2400016784668,48.2400016784668,47.95000076293945,48.11000061035156,7400.0,543.6900024414062,546.239990234375,543.030029296875,545.510009765625,38550600.0,478.54998779296875,480.9200134277344,478.1300048828125,480.3699951171875,22737100.0,113.08000183105469,113.65499877929688,112.23999786376953,113.12000274658203,9459600.0,4.284999847412109,4.320000171661377,4.281000137329102,4.315999984741211,0.0,105.66000366210938,106.12999725341797,105.61000061035156,106.05000305175781,0.0,12.8100004196167,13.239999771118164,12.369999885559082,12.550000190734863,0.0
2024-06-27,48.02000045776367,48.2599983215332,48.02000045776367,48.159000396728516,15200.0,545.3699951171875,546.9600219726562,544.6099853515625,546.3699951171875,35041500.0,480.1199951171875,483.1000061035156,479.29998779296875,481.6099853515625,26222100.0,112.9000015258789,113.73500061035156,112.76499938964844,113.17500305175781,7923600.0,4.327000141143799,4.3429999351501465,4.275000095367432,4.288000106811523,0.0,106.06999969482422,106.08000183105469,105.70999908447266,105.91000366210938,0.0,12.6899995803833,12.770000457763672,12.210000038146973,12.239999771118164,0.0
2024-06-28,48.55799865722656,48.55799865722656,48.36199951171875,48.36199951171875,700.0,547.1599731445312,550.280029296875,542.9500122070312,544.219970703125,76144500.0,482.4100036621094,487.20001220703125,478.4599914550781,479.1099853515625,34881600.0,113.56999969482422,115.19499969482422,112.95999908447266,113.11499786376953,12488200.0,4.303999900817871,4.359000205993652,4.261000156402588,4.3429999351501465,0.0,105.91999816894531,106.12999725341797,105.75,105.87000274658203,0.0,12.239999771118164,12.760000228881836,11.869999885559082,12.4399995803833,0.0
2024-07-01,48.5099983215332,48.5099983215332,48.13999938964844,48.47800064086914,2700.0,545.6300048828125,545.8800048828125,542.52001953125,545.3400268554688,40297800.0,480.0400085449219,482.489990234375,476.260009765625,481.9200134277344,24898300.0,113.28500366210938,114.16000366210938,111.63999938964844,113.97000122070312,9281600.0,4.423999786376953,4.493000030517578,4.415999889373779,4.479000091552734,0.0,105.8499984741211,105.9800033569336,105.43000030517578,105.9000015258789,0.0,12.979999542236328,13.260000228881836,12.100000381469727,12.220000267028809,0.0
2024-07-02,48.38999938964844,48.97700119018555,48.38999938964844,48.97700119018555,4900.0,543.7000122070312,549.010009765625,543.6500244140625,549.010009765625,40434800.0,480.4100036621094,487.0400085449219,480.2799987792969,486.9800109863281,26723600.0,112.9800033569336,114.55000305175781,112.9800033569336,114.54000091552734,7076600.0,4.441999912261963,4.454999923706055,4.414000034332275,4.435999870300293,0.0,105.8499984741211,106.05000305175781,105.68000030517578,105.72000122070312,0.0,12.670000076293945,12.880000114440918,11.850000381469727,12.029999732971191,0.0
2024-07-03,49.0099983215332,49.428001403808594,49.0099983215332,49.428001403808594,4500.0,548.6900024414062,551.8300170898438,548.6500244140625,551.4600219726562,32789900.0,486.2200012207031,491.1700134277344,486.2200012207031,491.0400085449219,18064900.0,114.375,116.13999938964844,114.27999877929688,116.08499908447266,6249200.0,4.426000118255615,4.429999828338623,4.339000225067139,4.355000019073486,0.0,105.66999816894531,105.80000305175781,105.05000305175781,105.4000015258789,0.0,12.130000114440918,12.229999542236328,11.949999809265137,12.09000015258789,0.0
2024-07-05,49.560001373291016,49.652000427246094,49.42100143432617,49.652000427246094,3700.0,551.77001953125,555.0499877929688,551.1199951171875,554.6400146484375,41488400.0,491.8900146484375,496.6000061035156,491.5899963378906,496.1600036621094,28495900.0,116.21499633789062,116.95500183105469,115.73500061035156,116.44000244140625,6671800.0,4.330999851226807,4.374000072479248,4.270999908447266,4.271999835968018,0.0,105.16999816894531,105.16999816894531,104.83000183105469,104.87999725341797,0.0,12.369999885559082,12.609999656677246,11.84000015258789,12.479999542236328,0.0
2024-07-08,49.689998626708984,49.790000915527344,49.66999816894531,49.77199935913086,8800.0,555.4400024414062,556.25,554.1900024414062,555.280029296875,36110500.0,496.5299987792969,497.8999938964844,495.5,497.3399963378906,22109400.0,116.81500244140625,117.57499694824219,116.61499786376953,117.23500061035156,7671000.0,4.306000232696533,4.306000232696533,4.267000198364258,4.269000053405762,0.0,104.87999725341797,105.02999877929688,104.80000305175781,105.01000213623047,0.0,12.90999984741211,12.90999984741211,12.3100004196167,12.369999885559082,0.0
2024-07-09,49.72999954223633,49.84199905395508,49.67399978637695,49.76599884033203,5000.0,556.260009765625,557.1799926757812,555.52001953125,555.8200073242188,27289700.0,498.8699951171875,500.0,496.239990234375,497.7699890136719,25614500.0,117.83499908447266,118.11499786376953,116.47000122070312,117.13999938964844,8678600.0,4.300000190734863,4.328999996185303,4.2820000648498535,4.300000190734863,0.0,104.98999786376953,105.20999908447266,104.95999908447266,105.12000274658203,0.0,12.479999542236328,12.609999656677246,12.350000381469727,12.510000228881836,0.0
2024-07-10,49.709999084472656,50.16400146484375,49.70000076293945,50.16400146484375,2600.0,557.0700073242188,561.6699829101562,556.77001953125,561.3200073242188,38701200.0,499.7099914550781,503.5199890136719,498.3900146484375,502.9599914550781,28046900.0,117.94499969482422,118.92500305175781,117.28500366210938,118.83999633789062,8749400.0,4.2779998779296875,4.303999900817871,4.271999835968018,4.28000020980835,0.0,105.12000274658203,105.16999816894531,104.9800033569336,105.05000305175781,0.0,12.510000228881836,12.920000076293945,12.390000343322754,12.850000381469727,0.0
2024-07-11,50.189998626708984,50.189998626708984,49.619998931884766,49.70000076293945,2000.0,561.4400024414062,562.3300170898438,555.8300170898438,556.47998046875,53054200.0,503.07000732421875,503.2799987792969,490.7300109863281,491.92999267578125,49966600.0,119.0199966430664,119.06999969482422,115.52999877929688,115.86499786376953,14106000.0,4.288000106811523,4.289999961853027,4.168000221252441,4.192999839782715,0.0,104.98999786376953,105.0,104.08000183105469,104.44000244140625,0.0,12.880000114440918,13.329999923706055,12.229999542236328,12.920000076293945,0.0
2024-07-12,50.13999938964844,50.5099983215332,50.119998931884766,50.24800109863281,3000.0,557.6300048828125,563.6699829101562,557.1500244140625,559.989990234375,53084400.0,492.510009765625,499.6199951171875,492.0400085449219,494.82000732421875,37109400.0,116.18499755859375,118.13999938964844,115.77999877929688,116.9000015258789,9767600.0,4.205999851226807,4.238999843597412,4.186999797821045,4.189000129699707,0.0,104.5199966430664,104.55000305175781,104.04000091552734,104.08999633789062,0.0,12.869999885559082,12.890000343322754,12.109999656677246,12.460000038146973,0.0
2024-07-15,50.56999969482422,50.75,50.457000732421875,50.457000732421875,2300.0,562.030029296875,564.8400268554688,559.6300048828125,561.530029296875,40584300.0,496.6099853515625,501.010009765625,494.0899963378906,496.1499938964844,31151400.0,117.49500274658203,118.26499938964844,116.44499969482422,117.11000061035156,8628000.0,4.236999988555908,4.241000175476074,4.199999809265137,4.229000091552734,0.0,104.08000183105469,104.31999969482422,104.02999877929688,104.19000244140625,0.0,12.779999732971191,13.260000228881836,12.75,13.119999885559082,0.0
2024-07-16,50.7599983215332,50.88999938964844,50.630001068115234,50.88999938964844,13200.0,562.8699951171875,565.1599731445312,562.0999755859375,564.8599853515625,36475300.0,497.6199951171875,498.44000244140625,493.1499938964844,496.3399963378906,25950600.0,117.38500213623047,117.44499969482422,115.88500213623047,116.72000122070312,7652200.0,4.175000190734863,4.216000080108643,4.163000106811523,4.166999816894531,0.0,104.25,104.51000213623047,104.19999694824219,104.2699966430664,0.0,13.380000114440918,13.470000267028809,12.949999809265137,13.1899995803833,0.0
2024-07-17,50.5,50.5,49.790000915527344,49.790000915527344,15200.0,558.7999877929688,560.510009765625,556.6099853515625,556.9400024414062,57119000.0,488.2799987792969,488.79998779296875,481.70001220703125,481.7699890136719,56268800.0,114.05000305175781,114.16500091552734,112.125,112.18000030517578,12440400.0,4.178999900817871,4.196000099182129,4.144000053405762,4.145999908447266,0.0,104.22000122070312,104.29000091552734,103.6500015258789,103.75,0.0,13.600000381469727,14.880000114440918,13.539999961853027,14.479999542236328,0.0
2024-07-18,50.0,50.20000076293945,49.349998474121094,49.4640007019043,11600.0,558.510009765625,559.52001953125,550.4299926757812,552.6599731445312,56270400.0,485.5299987792969,485.7099914550781,476.2699890136719,479.489990234375,49347400.0,113.41000366210938,113.43000030517578,110.7750015258789,112.19000244140625,10837200.0,4.183000087738037,4.190000057220459,4.156000137329102,4.189000129699707,0.0,103.69999694824219,104.2300033569336,103.6500015258789,104.16999816894531,0.0,14.270000457763672,16.43000030517578,14.079999923706055,15.930000305175781,0.0
2024-07-19,49.21799850463867,49.21799850463867,48.900001525878906,48.900001525878906,13200.0,552.4199829101562,554.0800170898438,547.9099731445312,548.989990234375,65509100.0,479.1499938964844,481.69000244140625,473.94000244140625,475.239990234375,42042900.0,111.59500122070312,112.27999877929688,110.19000244140625,110.43499755859375,8472800.0,4.224999904632568,4.249000072479248,4.224999904632568,4.238999843597412,0.0,104.16000366210938,104.41999816894531,104.12999725341797,104.4000015258789,0.0,16.440000534057617,17.190000534057617,10.619999885559082,16.520000457763672,0.0
2024-07-22,49.29999923706055,49.68000030517578,49.27000045776367,49.65999984741211,6000.0,553.0,555.27001953125,551.02001953125,554.6500244140625,43346700.0,481.1600036621094,483.3500061035156,477.7099914550781,482.32000732421875,40300000.0,111.8949966430664,113.18000030517578,111.41999816894531,113.05000305175781,10601600.0,4.224999904632568,4.2779998779296875,4.211999893188477,4.260000228881836,0.0,104.37000274658203,104.41999816894531,104.18000030517578,104.30999755859375,0.0,16.790000915527344,16.889999389648438,14.75,14.90999984741211,0.0
2024-07-23,49.61899948120117,49.70000076293945,49.41999816894531,49.43000030517578,7000.0,554.5399780273438,556.739990234375,553.280029296875,553.780029296875,34439600.0,481.4100036621094,484.42999267578125,480.1400146484375,480.6199951171875,23282500.0,112.58000183105469,113.61499786376953,112.44999694824219,112.5999984741211,5530800.0,4.236999988555908,4.247000217437744,4.2210001945495605,4.238999843597412,0.0,104.30999755859375,104.54000091552734,104.19999694824219,104.44999694824219,0.0,15.210000038146973,15.350000381469727,13.899999618530273,14.720000267028809,0.0
2024-07-24,48.9900016784668,49.0,47.79999923706055,47.79999923706055,5700.0,548.8599853515625,549.1699829101562,540.2899780273438,541.22998046875,74515300.0,473.82000732421875,474.19000244140625,462.510009765625,463.3800048828125,58818600.0,111.12999725341797,111.4800033569336,107.68000030517578,107.94000244140625,14300800.0,4.229000091552734,4.291999816894531,4.210000038146973,4.285999774932861,0.0,104.4800033569336,104.55999755859375,104.12000274658203,104.38999938964844,0.0,15.350000381469727,18.459999084472656,15.180000305175781,18.040000915527344,0.0
2024-07-25,47.97999954223633,48.720001220703125,47.75,47.85100173950195,4600.0,541.3499755859375,547.4600219726562,537.4500122070312,538.4099731445312,61158300.0,463.7200012207031,467.94000244140625,455.6300048828125,458.2699890136719,59256800.0,107.82499694824219,109.43499755859375,105.2300033569336,106.78500366210938,21158000.0,4.205999851226807,4.265999794006348,4.196000099182129,4.25600004196167,0.0,104.37999725341797,104.45999908447266,104.08000183105469,104.36000061035156,0.0,18.40999984741211,19.360000610351562,16.420000076293945,18.459999084472656,0.0
2024-07-26,48.439998626708984,48.439998626708984,48.257999420166016,48.3390007019043,5200.0,542.280029296875,547.1900024414062,541.489990234375,544.4400024414062,53763800.0,462.6499938964844,465.92999267578125,459.7699890136719,462.9700012207031,39992100.0,108.2249984741211,109.0,107.2249984741211,108.13999938964844,11697800.0,4.244999885559082,4.251999855041504,4.191999912261963,4.199999809265137,0.0,104.36000061035156,104.44999694824219,104.20999908447266,104.31999969482422,0.0,17.969999313354492,18.049999237060547,16.3700008392334,16.389999389648438,0.0
2024-07-29,48.70000076293945,48.709999084472656,48.29999923706055,48.4640007019043,3300.0,546.02001953125,547.0499877929688,542.719970703125,544.760009765625,39515800.0,465.7099914550781,467.9100036621094,461.6199951171875,463.8999938964844,28218500.0,109.0,109.47000122070312,107.34500122070312,107.66000366210938,7343800.0,4.163000106811523,4.185999870300293,4.151000022888184,4.177999973297119,0.0,104.33000183105469,104.75,104.13999938964844,104.55999755859375,0.0,16.59000015258789,17.209999084472656,16.229999542236328,16.600000381469727,0.0
2024-07-30,48.69499969482422,48.69499969482422,47.90999984741211,48.138999938964844,5600.0,546.260009765625,547.3400268554688,538.52001953125,542.0,46853600.0,465.8500061035156,466.55999755859375,454.1499938964844,457.5299987792969,41317200.0,108.05999755859375,108.16500091552734,104.1500015258789,104.95500183105469,10694600.0,4.173999786376953,4.184000015258789,4.130000114440918,4.14300012588501,0.0,104.55999755859375,104.80000305175781,104.45999908447266,104.55000305175781,0.0,16.639999389648438,18.31999969482422,16.260000228881836,17.690000534057617,0.0
2024-07-31,49.15999984741211,49.380001068115234,49.08399963378906,49.27000045776367,3900.0,548.97998046875,553.5,547.5800170898438,550.8099975585938,65663400.0,467.8699951171875,472.7900085449219,466.4100036621094,471.07000732421875,44552100.0,108.19499969482422,109.79499816894531,107.43499755859375,109.4000015258789,14614000.0,4.127999782562256,4.133999824523926,4.091000080108643,4.109000205993652,0.0,104.43000030517578,104.52999877929688,103.93000030517578,104.0999984741211,0.0,16.65999984741211,16.770000457763672,15.710000038146973,16.360000610351562,0.0
2024-08-01,49.13999938964844,49.13999938964844,47.720001220703125,47.95000076293945,1800.0,552.5700073242188,554.8699951171875,539.4299926757812,543.010009765625,76428700.0,471.760009765625,475.54998779296875,455.9800109863281,459.6600036621094,56653900.0,109.0999984741211,110.36499786376953,104.19999694824219,105.31999969482422,16991400.0,4.052999973297119,4.052999973297119,3.9649999141693115,3.9760000705718994,0.0,104.06999969482422,104.44999694824219,103.86000061035156,104.41999816894531,0.0,16.200000762939453,19.479999542236328,15.949999809265137,18.59000015258789,0.0
2024-08-02,47.27000045776367,47.27000045776367,46.779998779296875,47.02299880981445,4500.0,535.75,536.989990234375,528.5999755859375,532.9000244140625,82789100.0,450.8900146484375,453.57000732421875,444.4700012207031,448.75,66323200.0,102.5199966430664,103.36499786376953,100.625,102.36000061035156,18621600.0,3.940000057220459,3.940000057220459,3.7920000553131104,3.7920000553131104,0.0,104.30999755859375,104.43000030517578,103.12999725341797,103.20999908447266,0.0,20.520000457763672,29.65999984741211,20.010000228881836,23.389999389648438,0.0
2024-08-05,45.040000915527344,46.06999969482422,43.779998779296875,45.619998931884766,25400.0,511.6400146484375,523.5800170898438,510.2699890136719,517.3800048828125,146267400.0,424.7099914550781,442.2900085449219,423.45001220703125,435.3699951171875,87483500.0,95.95500183105469,100.86000061035156,95.375,98.94999694824219,31430000.0,3.697000026702881,3.8320000171661377,3.6689999103546143,3.7850000858306885,0.0,103.22000122070312,103.27999877929688,102.16000366210938,102.69000244140625,0.0,23.389999389648438,65.7300033569336,23.389999389648438,38.56999969482422,0.0
2024-08-06,46.02000045776367,46.790000915527344,45.720001220703125,46.18000030517578,8000.0,519.219970703125,529.75,517.8699951171875,522.1500244140625,84826300.0,437.2300109863281,447.07000732421875,434.55999755859375,439.5299987792969,63164400.0,100.21499633789062,102.32499694824219,99.1500015258789,100.29499816894531,24575800.0,3.8350000381469727,3.9089999198913574,3.805000066757202,3.888000011444092,0.0,102.77999877929688,103.2300033569336,102.69999694824219,102.97000122070312,0.0,33.709999084472656,34.77000045776367,24.020000457763672,27.709999084472656,0.0
2024-08-07,46.7599983215332,46.90999984741211,45.54999923706055,45.54999923706055,9800.0,528.469970703125,531.5900268554688,518.0499877929688,518.6599731445312,70698300.0,446.489990234375,449.0,434.3699951171875,434.7699890136719,54929200.0,102.7249984741211,103.2249984741211,98.53500366210938,98.66999816894531,17653600.0,3.937000036239624,3.9769999980926514,3.927999973297119,3.9679999351501465,0.0,102.94999694824219,103.37000274658203,102.91999816894531,103.19999694824219,0.0,24.770000457763672,29.760000228881836,21.969999313354492,27.850000381469727,0.0
2024-08-08,46.06999969482422,46.93000030517578,46.06999969482422,46.93000030517578,4600.0,523.9099731445312,531.2899780273438,521.8400268554688,530.6500244140625,63276600.0,441.05999755859375,448.989990234375,437.1499938964844,448.07000732421875,47890100.0,100.45500183105469,102.61000061035156,99.0,102.3550033569336,14477200.0,3.931999921798706,4.021999835968018,3.9260001182556152,3.996999979019165,0.0,103.08999633789062,103.55000305175781,102.91999816894531,103.20999908447266,0.0,28.34000015258789,29.469999313354492,23.360000610351562,23.790000915527344,0.0
2024-08-09,46.83000183105469,47.08700180053711,46.83000183105469,47.0369987487793,1500.0,529.8099975585938,534.510009765625,528.5599975585938,532.989990234375,45619600.0,446.739990234375,452.05999755859375,445.6099853515625,450.4100036621094,33574000.0,102.29499816894531,103.40499877929688,101.67500305175781,102.81500244140625,9535600.0,3.947000026702881,3.947000026702881,3.9210000038146973,3.941999912261963,0.0,103.2699966430664,103.30000305175781,103.02999877929688,103.13999938964844,0.0,23.780000686645508,24.520000457763672,20.260000228881836,20.3700008392334,0.0
2024-08-12,47.18000030517578,47.220001220703125,46.959999084472656,46.959999084472656,7100.0,534.2100219726562,535.72998046875,530.9500122070312,533.27001953125,42542100.0,451.3900146484375,454.3699951171875,448.54998779296875,451.3800048828125,27795000.0,103.13500213623047,104.45500183105469,102.65499877929688,103.65499877929688,8580200.0,3.940000057220459,3.9670000076293945,3.8959999084472656,3.9089999198913574,0.0,103.1500015258789,103.30999755859375,103.08999633789062,103.13999938964844,0.0,20.790000915527344,21.190000534057617,18.889999389648438,20.709999084472656,0.0
2024-08-13,47.400001525878906,47.99300003051758,47.400001525878906,47.99300003051758,1400.0,536.530029296875,542.280029296875,536.280029296875,542.0399780273438,52333100.0,455.82000732421875,462.8500061035156,455.67999267578125,462.5799865722656,40084500.0,104.94000244140625,106.875,104.80999755859375,106.83999633789062,9999600.0,3.8959999084472656,3.8980000019073486,3.8480000495910645,3.8519999980926514,0.0,103.08999633789062,103.2699966430664,102.55000305175781,102.55999755859375,0.0,20.059999465942383,20.790000915527344,17.950000762939453,18.1200008392334,0.0
2024-08-14,48.029998779296875,48.189998626708984,48.029998779296875,48.189998626708984,1600.0,542.8499755859375,544.9600219726562,540.1199951171875,543.75,42446900.0,463.510009765625,465.1099853515625,458.3999938964844,462.7300109863281,34733700.0,107.5,107.97000122070312,105.9800033569336,107.42500305175781,8922400.0,3.8310000896453857,3.871000051498413,3.811000108718872,3.819999933242798,0.0,102.61000061035156,102.72000122070312,102.2699966430664,102.56999969482422,0.0,18.40999984741211,18.489999771118164,16.1200008392334,16.190000534057617,0.0
2024-08-15,48.59000015258789,49.20000076293945,48.59000015258789,49.13999938964844,2400.0,549.5,553.3599853515625,548.8800048828125,553.0700073242188,60846800.0,468.760009765625,474.82000732421875,468.3800048828125,474.4200134277344,38280600.0,108.81500244140625,110.625,108.58000183105469,110.51499938964844,9518800.0,3.8469998836517334,3.953000068664551,3.8450000286102295,3.9260001182556152,0.0,102.62999725341797,103.2300033569336,102.54000091552734,102.9800033569336,0.0,16.270000457763672,16.68000030517578,14.770000457763672,15.229999542236328,0.0
2024-08-16,48.970001220703125,49.36000061035156,48.939998626708984,49.22999954223633,17100.0,551.4199829101562,555.02001953125,551.260009765625,554.3099975585938,44430700.0,472.6199951171875,476.4100036621094,471.6499938964844,475.0299987792969,38383600.0,109.93000030517578,110.91500091552734,109.62999725341797,110.69999694824219,6706400.0,3.878999948501587,3.924999952316284,3.86899995803833,3.8919999599456787,0.0,103.04000091552734,103.05000305175781,102.38999938964844,102.45999908447266,0.0,15.289999961853027,15.760000228881836,14.649999618530273,14.800000190734863,0.0
2024-08-19,49.22999954223633,49.8129997253418,49.220001220703125,49.8129997253418,10800.0,554.72998046875,559.6099853515625,553.8599853515625,559.6099853515625,39121800.0,475.1700134277344,481.30999755859375,473.3699951171875,481.2699890136719,23737700.0,110.44000244140625,112.52999877929688,109.98999786376953,112.5250015258789,13004200.0,3.859999895095825,3.9000000953674316,3.8519999980926514,3.867000102996826,0.0,102.4000015258789,102.4800033569336,101.8499984741211,101.88999938964844,0.0,15.9399995803833,16.06999969482422,14.460000038146973,14.649999618530273,0.0
2024-08-20,49.79999923706055,49.79999923706055,49.599998474121094,49.750999450683594,4500.0,559.1500244140625,560.8400268554688,557.3300170898438,558.7000122070312,33732300.0,480.3500061035156,482.94000244140625,478.54998779296875,480.260009765625,29209300.0,112.2300033569336,112.90499877929688,111.47000122070312,112.12999725341797,7221600.0,3.864000082015991,3.865000009536743,3.813999891281128,3.818000078201294,0.0,101.87999725341797,102.01000213623047,101.36000061035156,101.44000244140625,0.0,14.890000343322754,15.930000305175781,14.779999732971191,15.880000114440918,0.0
2024-08-21,49.72999954223633,49.959999084472656,49.720001220703125,49.95000076293945,10500.0,559.77001953125,562.1099853515625,554.72998046875,560.6199951171875,41514600.0,481.04998779296875,484.3699951171875,479.32000732421875,482.5,25658800.0,112.19999694824219,113.18000030517578,111.84500122070312,112.79000091552734,7538800.0,3.809999942779541,3.8310000896453857,3.763000011444092,3.7780001163482666,0.0,101.3499984741211,101.62999725341797,100.91999816894531,101.04000091552734,0.0,16.25,17.170000076293945,15.920000076293945,16.270000457763672,0.0
2024-08-22,50.22999954223633,50.22999954223633,49.30500030517578,49.30500030517578,7400.0,562.5599975585938,563.1799926757812,554.97998046875,556.219970703125,56121500.0,484.8399963378906,485.5400085449219,473.80999755859375,474.8500061035156,37739600.0,113.41999816894531,113.68499755859375,109.96499633789062,110.19499969482422,9083600.0,3.8369998931884766,3.877000093460083,3.822000026702881,3.861999988555908,0.0,101.12999725341797,101.62999725341797,101.08999633789062,101.51000213623047,0.0,16.270000457763672,18.059999465942383,15.760000228881836,17.549999237060547,0.0
2024-08-23,49.540000915527344,50.029998779296875,49.540000915527344,50.0099983215332,7400.0,559.530029296875,563.0900268554688,557.2899780273438,562.1300048828125,50639400.0,479.239990234375,482.739990234375,475.2799987792969,480.0,36061500.0,111.29000091552734,112.47000122070312,110.55000305175781,111.9800033569336,10681000.0,3.8459999561309814,3.8559999465942383,3.7909998893737793,3.806999921798706,0.0,101.45999908447266,101.55000305175781,100.5999984741211,100.72000122070312,0.0,17.1200008392334,17.209999084472656,15.609999656677246,15.859999656677246,0.0
2024-08-26,50.029998779296875,50.069000244140625,49.60200119018555,49.66999816894531,9500.0,563.1799926757812,563.9099731445312,559.0499877929688,560.7899780273438,35788600.0,479.45001220703125,480.3800048828125,473.239990234375,475.3399963378906,27452600.0,111.87999725341797,112.30000305175781,110.01000213623047,110.57499694824219,6268800.0,3.809999942779541,3.822000026702881,3.7739999294281006,3.818000078201294,0.0,100.68000030517578,100.91999816894531,100.52999877929688,100.8499984741211,0.0,16.270000457763672,16.670000076293945,15.8100004196167,16.149999618530273,0.0
2024-08-27,49.47999954223633,49.88999938964844,49.47999954223633,49.87099838256836,4500.0,559.489990234375,562.0599975585938,558.3200073242188,561.5599975585938,32693900.0,473.69000244140625,477.8399963378906,471.7099914550781,476.760009765625,27510000.0,109.88999938964844,111.4800033569336,109.3499984741211,111.24500274658203,7656000.0,3.8499999046325684,3.867000102996826,3.822000026702881,3.8329999446868896,0.0,100.81999969482422,100.93000030517578,100.51000213623047,100.55000305175781,0.0,16.209999084472656,16.809999465942383,15.369999885559082,15.430000305175781,0.0
2024-08-28,49.779998779296875,49.810001373291016,49.220001220703125,49.48899841308594,3100.0,561.2100219726562,561.6500244140625,555.0399780273438,558.2999877929688,41066000.0,476.2900085449219,477.0199890136719,467.8900146484375,471.3500061035156,37372400.0,111.0999984741211,111.31500244140625,108.79000091552734,109.70999908447266,9002200.0,3.8239998817443848,3.8440001010894775,3.819999933242798,3.8410000801086426,0.0,100.56999969482422,101.18000030517578,100.56999969482422,101.08999633789062,0.0,15.510000228881836,17.889999389648438,15.460000038146973,17.110000610351562,0.0
2024-08-29,49.994998931884766,49.994998931884766,49.41999816894531,49.459999084472656,3000.0,560.3099975585938,563.6799926757812,557.1799926757812,558.3499755859375,38715200.0,473.2799987792969,477.92999267578125,469.3699951171875,470.6600036621094,41081500.0,109.73999786376953,111.28500366210938,108.44000244140625,108.72000122070312,13314800.0,3.8310000896453857,3.888000011444092,3.8310000896453857,3.867000102996826,0.0,101.0,101.58000183105469,100.88999938964844,101.33999633789062,0.0,16.540000915527344,16.56999969482422,15.1899995803833,15.649999618530273,0.0
2024-08-30,49.90999984741211,50.029998779296875,49.540000915527344,50.029998779296875,2800.0,560.77001953125,564.2000122070312,557.1400146484375,563.6799926757812,62700100.0,475.0400085449219,476.8999938964844,470.510009765625,476.2699890136719,33466500.0,109.90499877929688,110.58999633789062,108.72000122070312,110.16500091552734,10048400.0,3.8610000610351562,3.9149999618530273,3.8519999980926514,3.9110000133514404,0.0,101.37999725341797,101.77999877929688,101.25,101.69999694824219,0.0,15.670000076293945,16.040000915527344,14.779999732971191,15.0,0.0
2024-09-03,49.80500030517578,49.80500030517578,48.79999923706055,48.79999923706055,8000.0,560.469970703125,560.8099975585938,549.510009765625,552.0800170898438,60600100.0,473.20001220703125,473.3299865722656,459.4100036621094,461.80999755859375,44985200.0,109.0,109.08000183105469,104.50499725341797,105.1050033569336,14765800.0,3.9149999618530273,3.9230000972747803,3.825000047683716,3.8440001010894775,0.0,101.66000366210938,101.91999816894531,101.55999755859375,101.83000183105469,0.0,15.760000228881836,21.989999771118164,15.710000038146973,20.719999313354492,0.0
2024-09-04,48.709999084472656,49.029998779296875,48.709999084472656,48.95800018310547,1800.0,550.2000122070312,554.4299926757812,549.4600219726562,550.9500122070312,47224900.0,458.6700134277344,464.45001220703125,457.7300109863281,460.6099853515625,32505100.0,104.04000091552734,106.02999877929688,103.70999908447266,104.83499908447266,12330000.0,3.822999954223633,3.8420000076293945,3.7669999599456787,3.7679998874664307,0.0,101.69000244140625,101.77999877929688,101.23999786376953,101.36000061035156,0.0,23.200000762939453,23.309999465942383,19.34000015258789,21.31999969482422,0.0
2024-09-05,48.95000076293945,48.95000076293945,48.68000030517578,48.736000061035156,3500.0,550.8900146484375,553.7999877929688,547.0999755859375,549.6099853515625,44264300.0,458.9700012207031,465.3599853515625,457.94000244140625,461.0400085449219,34452400.0,104.08000183105469,105.9749984741211,103.98500061035156,104.67500305175781,8874800.0,3.740000009536743,3.7720000743865967,3.7209999561309814,3.7309999465942383,0.0,101.27999877929688,101.37000274658203,100.95999908447266,101.11000061035156,0.0,20.75,21.530000686645508,19.209999084472656,19.899999618530273,0.0
2024-09-06,48.79999923706055,48.79999923706055,47.79999923706055,47.83000183105469,3500.0,549.9400024414062,551.5999755859375,539.4400024414062,540.3599853515625,68493800.0,460.3299865722656,461.2200012207031,448.19000244140625,448.69000244140625,50624400.0,104.58999633789062,104.83999633789062,101.48999786376953,101.95999908447266,12441000.0,3.7079999446868896,3.760999917984009,3.6480000019073486,3.7100000381469727,0.0,101.05999755859375,101.4000015258789,100.58000183105469,101.18000030517578,0.0,21.979999542236328,23.760000228881836,18.829999923706055,22.3799991607666,0.0
2024-09-09,48.16999816894531,48.40999984741211,48.16999816894531,48.369998931884766,2400.0,544.6500244140625,547.7100219726562,542.6799926757812,546.4099731445312,40445800.0,453.05999755859375,455.4599914550781,449.82000732421875,454.4599914550781,32981200.0,103.2249984741211,103.74500274658203,102.2699966430664,103.62999725341797,10922000.0,3.747999906539917,3.747999906539917,3.690999984741211,3.697000026702881,0.0,101.19000244140625,101.69999694824219,101.13999938964844,101.55000305175781,0.0,21.31999969482422,21.40999984741211,19.290000915527344,19.450000762939453,0.0
2024-09-10,48.560001373291016,48.88999938964844,48.400001525878906,48.85599899291992,3000.0,548.3599853515625,549.1500244140625,543.3800048828125,548.7899780273438,36394600.0,456.239990234375,459.1700134277344,452.2300109863281,458.6600036621094,29680300.0,104.34500122070312,105.40499877929688,103.3499984741211,105.18000030517578,10123000.0,3.7149999141693115,3.7149999141693115,3.6389999389648438,3.6459999084472656,0.0,101.63999938964844,101.7699966430664,101.54000091552734,101.62999725341797,0.0,19.860000610351562,20.739999771118164,18.899999618530273,19.079999923706055,0.0
2024-09-11,48.900001525878906,49.57600021362305,48.310001373291016,49.57600021362305,4000.0,548.7000122070312,555.3599853515625,539.9600219726562,554.4199829101562,75248600.0,459.9100036621094,469.3699951171875,451.2799987792969,468.6199951171875,57843000.0,105.54000091552734,108.93499755859375,103.87000274658203,108.7699966430664,12768800.0,3.614000082015991,3.688999891281128,3.614000082015991,3.6530001163482666,0.0,101.66000366210938,101.81999969482422,101.2699966430664,101.68000030517578,0.0,19.40999984741211,21.40999984741211,17.549999237060547,17.690000534057617,0.0
2024-09-12,49.650001525878906,49.9900016784668,49.560001373291016,49.902000427246094,5000.0,555.010009765625,559.4000244140625,552.739990234375,559.0900268554688,51819600.0,468.6499938964844,474.0400085449219,466.8500061035156,473.2200012207031,40067800.0,108.69000244140625,110.13500213623047,107.92500305175781,109.66999816894531,10604200.0,3.6610000133514404,3.7039999961853027,3.640000104904175,3.680000066757202,0.0,101.77999877929688,101.83999633789062,101.2300033569336,101.37000274658203,0.0,17.6200008392334,18.59000015258789,16.889999389648438,17.06999969482422,0.0
2024-09-13,50.18000030517578,50.29999923706055,50.119998931884766,50.237998962402344,3600.0,559.7100219726562,563.030029296875,559.4500122070312,562.010009765625,39310500.0,472.4800109863281,476.5299987792969,472.25,475.3399963378906,29111800.0,109.80500030517578,110.49500274658203,109.36000061035156,110.22000122070312,8047400.0,3.6589999198913574,3.6760001182556152,3.6440000534057617,3.6500000953674316,0.0,101.19999694824219,101.19999694824219,100.87999725341797,101.11000061035156,0.0,17.030000686645508,17.18000030517578,16.229999542236328,16.559999465942383,0.0
2024-09-16,50.154998779296875,50.28099822998047,50.125,50.28099822998047,1500.0,561.739990234375,563.1099853515625,559.9000244140625,562.8400268554688,36656100.0,473.19000244140625,473.8599853515625,469.8900146484375,473.239990234375,22585600.0,109.42500305175781,110.1500015258789,108.78500366210938,109.80000305175781,6897800.0,3.638000011444092,3.6630001068115234,3.618000030517578,3.621000051498413,0.0,101.04000091552734,101.0999984741211,100.58999633789062,100.76000213623047,0.0,17.15999984741211,17.690000534057617,16.90999984741211,17.139999389648438,0.0
2024-09-17,50.540000915527344,50.540000915527344,50.040000915527344,50.1150016784668,4000.0,565.0999755859375,566.5800170898438,560.7899780273438,563.0700073242188,49321000.0,476.2900085449219,477.6000061035156,470.9700012207031,473.489990234375,30084400.0,110.9000015258789,111.06999969482422,109.02999877929688,109.58499908447266,6990000.0,3.614000082015991,3.6549999713897705,3.6029999256134033,3.6419999599456787,0.0,100.76000213623047,101.02999877929688,100.56999969482422,100.88999938964844,0.0,17.15999984741211,18.079999923706055,16.670000076293945,17.610000610351562,0.0
2024-09-18,50.119998931884766,50.5099983215332,49.95000076293945,49.95000076293945,4700.0,563.739990234375,568.6900024414062,560.8300170898438,561.4000244140625,59044900.0,474.70001220703125,478.8299865722656,470.8299865722656,471.44000244140625,39909200.0,109.86000061035156,110.62999725341797,108.4800033569336,108.58499908447266,12741600.0,3.680999994277954,3.696000099182129,3.638000011444092,3.684999942779541,0.0,100.94000244140625,101.1500015258789,100.22000122070312,100.5999984741211,0.0,17.579999923706055,19.389999389648438,17.110000610351562,18.229999542236328,0.0
2024-09-19,50.9900016784668,51.0099983215332,50.83000183105469,50.9739990234375,11400.0,571.010009765625,572.8800048828125,568.0800170898438,570.97998046875,75315500.0,482.6099853515625,486.2300109863281,480.489990234375,483.3599853515625,52782500.0,111.63500213623047,112.50499725341797,111.0250015258789,111.80999755859375,13934000.0,3.7190001010894775,3.7679998874664307,3.7109999656677246,3.740000009536743,0.0,101.01000213623047,101.47000122070312,100.5199966430664,100.61000061035156,0.0,17.209999084472656,17.270000457763672,16.209999084472656,16.329999923706055,0.0
2024-09-20,50.83000183105469,50.95000076293945,50.71200180053711,50.86000061035156,5300.0,567.8400268554688,569.3099975585938,565.1699829101562,568.25,77503100.0,482.489990234375,483.69000244140625,478.29998779296875,482.44000244140625,34577700.0,111.37000274658203,111.76499938964844,110.2699966430664,111.26499938964844,14492800.0,3.7339999675750732,3.7639999389648438,3.7149999141693115,3.7279999256134033,0.0,100.69000244140625,101.0199966430664,100.41000366210938,100.72000122070312,0.0,16.350000381469727,16.68000030517578,15.8100004196167,16.149999618530273,0.0
2024-09-23,50.9900016784668,51.0880012512207,50.880001068115234,51.0880012512207,1700.0,569.3400268554688,570.3300170898438,568.0999755859375,569.6699829101562,44116900.0,482.95001220703125,484.1400146484375,481.6000061035156,483.0400085449219,24843000.0,111.16500091552734,111.30999755859375,110.70500183105469,111.04499816894531,7490600.0,3.757999897003174,3.7939999103546143,3.7300000190734863,3.739000082015991,0.0,100.73999786376953,101.2300033569336,100.72000122070312,100.91999816894531,0.0,16.709999084472656,16.950000762939453,15.75,15.890000343322754,0.0
2024-09-24,51.349998474121094,51.349998474121094,50.87900161743164,51.16899871826172,2600.0,570.47998046875,571.3599853515625,567.5999755859375,571.2999877929688,46805700.0,484.4599914550781,486.3299865722656,480.1700134277344,485.3699951171875,25952600.0,111.51000213623047,112.02999877929688,110.30999755859375,111.80500030517578,7025800.0,3.7939999103546143,3.809999942779541,3.7279999256134033,3.7360000610351562,0.0,100.97000122070312,101.05000305175781,100.33999633789062,100.37000274658203,0.0,15.869999885559082,16.670000076293945,15.270000457763672,15.390000343322754,0.0
2024-09-25,51.22999954223633,51.279998779296875,51.064998626708984,51.14699935913086,6000.0,571.1400146484375,571.8900146484375,568.9099731445312,570.0399780273438,38428600.0,484.739990234375,487.7900085449219,484.55999755859375,485.82000732421875,26549900.0,111.58499908447266,112.61499786376953,111.53500366210938,112.125,6111600.0,3.7750000953674316,3.7829999923706055,3.75600004196167,3.7809998989105225,0.0,100.27999877929688,100.98999786376953,100.22000122070312,100.91999816894531,0.0,15.819999694824219,15.819999694824219,15.170000076293945,15.40999984741211,0.0
2024-09-26,51.4640007019043,51.60100173950195,51.45000076293945,51.60100173950195,600.0,574.3800048828125,574.7100219726562,569.9000244140625,572.2999877929688,48336000.0,493.3699951171875,493.70001220703125,485.79998779296875,489.4700012207031,32020200.0,114.31500244140625,114.44000244140625,112.41500091552734,113.61000061035156,9244800.0,3.757999897003174,3.821000099182129,3.755000114440918,3.7909998893737793,0.0,100.93000030517578,100.97000122070312,100.4800033569336,100.55999755859375,0.0,15.0600004196167,15.829999923706055,14.899999618530273,15.369999885559082,0.0
2024-09-27,51.65999984741211,51.65999984741211,51.47999954223633,51.5260009765625,33900.0,573.3900146484375,574.219970703125,570.4199829101562,571.469970703125,42100900.0,490.5,490.6400146484375,485.55999755859375,486.75,22851100.0,113.7699966430664,113.80500030517578,112.12999725341797,112.55000305175781,6093800.0,3.7769999504089355,3.7829999923706055,3.740999937057495,3.749000072479248,0.0,100.58999633789062,100.87999725341797,100.16000366210938,100.41999816894531,0.0,15.640000343322754,16.969999313354492,15.199999809265137,16.959999084472656,0.0
2024-09-30,51.459999084472656,51.643001556396484,51.25,51.643001556396484,6000.0,570.4199829101562,574.3800048828125,568.0800170898438,573.760009765625,63557400.0,485.7799987792969,488.4100036621094,482.9200134277344,488.07000732421875,30281100.0,112.05999755859375,112.94999694824219,111.5,112.87999725341797,5500400.0,3.7899999618530273,3.805999994277954,3.753999948501587,3.802000045776367,0.0,100.41999816894531,100.91999816894531,100.18000030517578,100.77999877929688,0.0,17.010000228881836,17.790000915527344,16.469999313354492,16.729999542236328,0.0
2024-10-01,51.68299865722656,51.68299865722656,50.779998779296875,50.99800109863281,2900.0,573.4000244140625,574.0599975585938,566.0,568.6199951171875,72668800.0,487.70001220703125,488.0,477.3999938964844,481.2699890136719,42735400.0,112.54499816894531,112.61000061035156,109.4749984741211,110.12999725341797,11295400.0,3.744999885559082,3.752000093460083,3.696000099182129,3.743000030517578,0.0,100.73999786376953,101.38999938964844,100.69999694824219,101.19000244140625,0.0,16.959999084472656,20.729999542236328,16.610000610351562,19.260000228881836,0.0
2024-10-02,50.849998474121094,51.25,50.720001220703125,51.16999816894531,1400.0,567.7100219726562,569.9000244140625,565.27001953125,568.8599853515625,38097800.0,480.3599853515625,483.8800048828125,477.7200012207031,481.95001220703125,23744000.0,110.15499877929688,111.44999694824219,109.52999877929688,110.94499969482422,4532400.0,3.7829999923706055,3.816999912261963,3.7750000953674316,3.7850000858306885,0.0,101.23999786376953,101.69000244140625,101.16000366210938,101.68000030517578,0.0,19.649999618530273,20.360000610351562,18.579999923706055,18.899999618530273,0.0
2024-10-03,50.93000030517578,51.18000030517578,50.93000030517578,51.069000244140625,2600.0,567.3599853515625,569.7999877929688,565.489990234375,567.8200073242188,40846500.0,479.739990234375,484.54998779296875,478.989990234375,481.5899963378906,25337200.0,110.62000274658203,112.22000122070312,110.6050033569336,111.40499877929688,5784800.0,3.806999921798706,3.8499999046325684,3.802000045776367,3.8499999046325684,0.0,101.63999938964844,102.0999984741211,101.62999725341797,101.98999786376953,0.0,19.6299991607666,20.75,19.15999984741211,20.489999771118164,0.0
2024-10-04,51.650001525878906,51.66699981689453,51.29999923706055,51.66699981689453,6400.0,572.3499755859375,573.3599853515625,568.0999755859375,572.97998046875,42939100.0,487.45001220703125,487.8800048828125,482.3900146484375,487.32000732421875,30686600.0,112.84500122070312,112.92500305175781,111.45999908447266,112.6449966430664,5009200.0,3.867000102996826,3.9809999465942383,3.867000102996826,3.9809999465942383,0.0,101.91000366210938,102.69000244140625,101.80999755859375,102.5199966430664,0.0,20.479999542236328,20.479999542236328,18.479999542236328,19.209999084472656,0.0
2024-10-07,51.4900016784668,51.5099983215332,51.09000015258789,51.1510009765625,1800.0,571.2999877929688,571.9600219726562,566.6300048828125,567.7999877929688,49964700.0,485.3900146484375,486.57000732421875,480.8699951171875,482.1000061035156,24975100.0,112.13999938964844,112.88500213623047,111.58999633789062,111.87000274658203,4430400.0,4.00600004196167,4.0329999923706055,4.004000186920166,4.026000022888184,0.0,102.48999786376953,102.62000274658203,102.37000274658203,102.54000091552734,0.0,20.760000228881836,23.030000686645508,20.649999618530273,22.639999389648438,0.0
2024-10-08,51.40999984741211,51.849998474121094,51.40999984741211,51.849998474121094,2700.0,570.4199829101562,573.780029296875,569.530029296875,573.1699829101562,37398700.0,484.6600036621094,489.989990234375,483.8500061035156,489.29998779296875,28272000.0,112.67500305175781,114.1500015258789,112.41999816894531,113.95999908447266,7864800.0,4.0329999923706055,4.057000160217285,4.021999835968018,4.0329999923706055,0.0,102.45999908447266,102.63999938964844,102.29000091552734,102.55000305175781,0.0,22.920000076293945,23.139999389648438,21.139999389648438,21.420000076293945,0.0
2024-10-09,51.69200134277344,52.250999450683594,51.69200134277344,52.250999450683594,2400.0,573.1599731445312,577.7100219726562,572.5499877929688,577.1400146484375,37912200.0,489.0,493.7300109863281,487.95001220703125,493.1499938964844,24995000.0,114.05000305175781,115.3949966430664,113.69499969482422,115.23500061035156,7579800.0,4.043000221252441,4.078000068664551,4.0320000648498535,4.066999912261963,0.0,102.48999786376953,102.94000244140625,102.45999908447266,102.93000030517578,0.0,21.979999542236328,22.010000228881836,20.709999084472656,20.860000610351562,0.0
2024-10-10,52.02000045776367,52.18000030517578,51.904998779296875,52.18000030517578,4700.0,575.77001953125,577.5800170898438,574.489990234375,576.1300048828125,44138100.0,490.8500061035156,494.4700012207031,489.5299987792969,492.5899963378906,25750400.0,114.46499633789062,115.50499725341797,114.1449966430664,115.20500183105469,5692200.0,4.078999996185303,4.119999885559082,4.052999973297119,4.0960001945495605,0.0,102.87999725341797,103.18000030517578,102.72000122070312,102.98999786376953,0.0,20.90999984741211,21.389999389648438,20.639999389648438,20.93000030517578,0.0
2024-10-11,51.95000076293945,52.26300048828125,51.86000061035156,52.231998443603516,3700.0,576.0499877929688,580.3300170898438,575.9099731445312,579.5800170898438,42268000.0,490.739990234375,494.3900146484375,490.1700134277344,493.3599853515625,20644500.0,114.93000030517578,115.66500091552734,114.76000213623047,115.40499877929688,8849000.0,4.0920000076293945,4.116000175476074,4.066999912261963,4.072999954223633,0.0,102.87999725341797,102.98999786376953,102.7699966430664,102.88999938964844,0.0,20.8700008392334,21.15999984741211,20.139999389648438,20.459999084472656,0.0
2024-10-14,52.43000030517578,52.76300048828125,52.43000030517578,52.76300048828125,3400.0,581.219970703125,585.27001953125,580.72998046875,584.3200073242188,36217200.0,495.7699890136719,498.8299865722656,495.260009765625,497.5,26060100.0,116.13999938964844,117.1500015258789,116.08499908447266,116.91000366210938,9810200.0,4.0980000495910645,4.0980000495910645,4.0980000495910645,4.0980000495910645,0.0,102.93000030517578,103.36000061035156,102.93000030517578,103.30000305175781,0.0,20.860000610351562,20.860000610351562,19.690000534057617,19.700000762939453,0.0
2024-10-15,52.720001220703125,52.720001220703125,51.90999984741211,51.94599914550781,6000.0,584.5900268554688,584.9000244140625,578.5399780273438,579.780029296875,54203600.0,497.8299865722656,498.5,488.67999267578125,490.8500061035156,34784500.0,117.0,117.28500366210938,113.91500091552734,114.33999633789062,14179400.0,4.068999767303467,4.074999809265137,4.0320000648498535,4.038000106811523,0.0,103.20999908447266,103.3499984741211,103.02999877929688,103.26000213623047,0.0,19.610000610351562,20.889999389648438,19.440000534057617,20.639999389648438,0.0
2024-10-16,52.0099983215332,52.327999114990234,52.0099983215332,52.2760009765625,3600.0,579.780029296875,582.8300170898438,578.9600219726562,582.2999877929688,30725400.0,491.17999267578125,491.69000244140625,487.57000732421875,490.9100036621094,22996800.0,114.69999694824219,114.87000274658203,113.45999908447266,114.69499969482422,5758800.0,4.010000228881836,4.0279998779296875,3.994999885559082,4.015999794006348,0.0,103.26000213623047,103.61000061035156,103.16999816894531,103.58999633789062,0.0,20.770000457763672,21.010000228881836,19.450000762939453,19.579999923706055,0.0
2024-10-17,52.540000915527344,52.540000915527344,52.34000015258789,52.34000015258789,4000.0,585.9099731445312,586.1199951171875,582.1599731445312,582.3499755859375,34393700.0,496.44000244140625,496.489990234375,491.19000244140625,491.25,27210700.0,116.29499816894531,116.36000061035156,115.04499816894531,115.04499816894531,6051200.0,4.0320000648498535,4.099999904632568,4.0320000648498535,4.0960001945495605,0.0,103.55999755859375,103.87000274658203,103.44000244140625,103.83000183105469,0.0,19.549999237060547,19.649999618530273,18.8799991607666,19.110000610351562,0.0
2024-10-18,52.290000915527344,52.41999816894531,52.290000915527344,52.39400100708008,3600.0,584.0700073242188,585.3900146484375,582.5800170898438,584.5900268554688,37416800.0,494.05999755859375,495.57000732421875,493.29998779296875,494.4700012207031,25335000.0,115.6449966430664,115.87999725341797,115.20999908447266,115.45500183105469,4537000.0,4.107999801635742,4.110000133514404,4.065000057220459,4.072999954223633,0.0,103.80999755859375,103.80999755859375,103.45999908447266,103.48999786376953,0.0,19.299999237060547,19.31999969482422,17.989999771118164,18.030000686645508,0.0
2024-10-21,52.2599983215332,52.2599983215332,52.1349983215332,52.22999954223633,4400.0,583.8499755859375,584.8499755859375,580.5999755859375,583.6300048828125,36439000.0,493.25,496.2300109863281,491.30999755859375,495.4200134277344,30336500.0,115.09500122070312,116.01000213623047,114.88500213623047,115.99500274658203,6322400.0,4.138000011444092,4.185999870300293,4.124000072479248,4.182000160217285,0.0,103.45999908447266,104.0199966430664,103.41999816894531,104.01000213623047,0.0,18.780000686645508,19.34000015258789,18.360000610351562,18.3700008392334,0.0
2024-10-22,52.0099983215332,52.099998474121094,51.86000061035156,52.060001373291016,2400.0,581.0499877929688,584.5,580.3800048828125,583.3200073242188,34183800.0,492.7300109863281,497.45001220703125,491.9700012207031,495.9599914550781,26685800.0,115.37999725341797,116.2699966430664,115.05000305175781,115.875,6169200.0,4.185999870300293,4.216000080108643,4.165999889373779,4.203999996185303,0.0,103.97000122070312,104.12999725341797,103.81999969482422,104.08000183105469,0.0,18.790000915527344,19.440000534057617,18.049999237060547,18.200000762939453,0.0
2024-10-23,51.72999954223633,51.79999923706055,51.29499816894531,51.52000045776367,8800.0,581.260009765625,581.7100219726562,574.4199829101562,577.989990234375,49314600.0,493.5899963378906,494.25,485.04998779296875,488.3599853515625,39346600.0,115.44499969482422,115.62000274658203,113.23999786376953,114.21499633789062,6083600.0,4.236000061035156,4.257999897003174,4.21999979019165,4.242000102996826,0.0,104.08999633789062,104.56999969482422,104.08999633789062,104.43000030517578,0.0,18.209999084472656,20.469999313354492,18.18000030517578,19.239999771118164,0.0
2024-10-24,51.93000030517578,52.03300094604492,51.814998626708984,52.03300094604492,2600.0,579.97998046875,580.0599975585938,576.5700073242188,579.239990234375,34979900.0,492.1099853515625,493.0,489.44000244140625,492.32000732421875,22024900.0,114.68000030517578,114.83499908447266,113.87000274658203,114.55000305175781,4832800.0,4.197999954223633,4.239999771118164,4.182000160217285,4.199999809265137,0.0,104.43000030517578,104.45999908447266,104.01000213623047,104.05999755859375,0.0,18.8700008392334,20.239999771118164,18.6299991607666,19.079999923706055,0.0
2024-10-25,52.15999984741211,52.56999969482422,52.09299850463867,52.09299850463867,1600.0,581.510009765625,584.4600219726562,578.0800170898438,579.0399780273438,47268200.0,495.1400146484375,500.2799987792969,494.42999267578125,495.32000732421875,38762100.0,115.19999694824219,116.44000244140625,114.9800033569336,115.1449966430664,8314800.0,4.203999996185303,4.234000205993652,4.177999973297119,4.23199987411499,0.0,104.05000305175781,104.33999633789062,103.94000244140625,104.26000213623047,0.0,19.219999313354492,20.510000228881836,18.229999542236328,20.329999923706055,0.0
2024-10-28,52.459999084472656,52.47999954223633,52.17399978637695,52.17399978637695,11900.0,582.5800170898438,582.7100219726562,580.52001953125,580.8300170898438,30174700.0,498.4599914550781,498.5199890136719,495.1000061035156,495.3999938964844,20477800.0,115.97000122070312,115.97000122070312,115.08499908447266,115.11000061035156,5899200.0,4.248000144958496,4.300000190734863,4.230000019073486,4.2779998779296875,0.0,104.31999969482422,104.56999969482422,104.12000274658203,104.31999969482422,0.0,19.110000610351562,19.8799991607666,18.90999984741211,19.799999237060547,0.0
2024-10-29,52.020999908447266,52.433998107910156,52.020999908447266,52.433998107910156,1500.0,579.8499755859375,582.9099731445312,578.4299926757812,581.77001953125,42899700.0,495.7200012207031,501.3500061035156,493.8500061035156,500.1600036621094,28014100.0,115.33000183105469,116.99500274658203,114.9000015258789,116.66000366210938,7451600.0,4.306000232696533,4.339000225067139,4.271999835968018,4.27400016784668,0.0,104.30999755859375,104.63999938964844,104.20999908447266,104.27999877929688,0.0,19.75,20.530000686645508,19.059999465942383,19.34000015258789,0.0
2024-10-30,52.38999938964844,52.38999938964844,52.097999572753906,52.097999572753906,1700.0,581.2899780273438,583.3200073242188,579.2899780273438,580.010009765625,41435800.0,499.3900146484375,500.3500061035156,495.8900146484375,496.3800048828125,29756000.0,115.59500122070312,115.90499877929688,114.7300033569336,114.80500030517578,8341200.0,4.260000228881836,4.2779998779296875,4.197999954223633,4.265999794006348,0.0,104.25,104.44000244140625,103.9800033569336,103.98999786376953,0.0,19.329999923706055,20.440000534057617,19.299999237060547,20.350000381469727,0.0
2024-10-31,52.56999969482422,52.56999969482422,51.150001525878906,51.20000076293945,4100.0,575.5599975585938,575.6300048828125,568.4400024414062,568.6400146484375,60182500.0,492.3800048828125,492.42999267578125,483.75,483.8500061035156,41245200.0,113.54499816894531,113.54499816894531,111.08000183105469,111.12000274658203,12110200.0,4.288000106811523,4.333000183105469,4.260000228881836,4.283999919891357,0.0,104.08999633789062,104.22000122070312,103.81999969482422,103.9800033569336,0.0,21.440000534057617,23.420000076293945,21.1200008392334,23.15999984741211,0.0
2024-11-01,51.215999603271484,51.61000061035156,51.215999603271484,51.35100173950195,1800.0,571.3200073242188,575.5499877929688,570.6199951171875,571.0399780273438,45667500.0,485.5,490.75,485.20001220703125,487.42999267578125,33655800.0,111.23999786376953,112.79000091552734,111.08999633789062,111.95500183105469,11565800.0,4.307000160217285,4.364999771118164,4.2230000495910645,4.361000061035156,0.0,103.86000061035156,104.3499984741211,103.68000030517578,104.27999877929688,0.0,22.959999084472656,23.09000015258789,21.15999984741211,21.8799991607666,0.0
2024-11-04,51.36000061035156,51.45000076293945,51.224998474121094,51.224998474121094,5400.0,571.1799926757812,572.5,567.8900146484375,569.8099975585938,38217000.0,486.82000732421875,489.3800048828125,484.25,486.010009765625,23291600.0,112.05999755859375,112.67500305175781,111.3949966430664,111.87000274658203,6311800.0,4.281000137329102,4.328999996185303,4.263000011444092,4.309000015258789,0.0,103.97000122070312,103.97000122070312,103.58000183105469,103.88999938964844,0.0,22.5,23.06999969482422,21.729999542236328,21.979999542236328,0.0
2024-11-05,51.779998779296875,51.970001220703125,51.7599983215332,51.970001220703125,2100.0,570.739990234375,576.739990234375,570.52001953125,576.7000122070312,39478300.0,487.6099853515625,492.8800048828125,487.5199890136719,492.2099914550781,24353600.0,112.21499633789062,113.53500366210938,112.21499633789062,113.44499969482422,7273000.0,4.330999851226807,4.366000175476074,4.284999847412109,4.289000034332275,0.0,103.91000366210938,103.95999908447266,103.37000274658203,103.41999816894531,0.0,21.979999542236328,22.059999465942383,20.200000762939453,20.489999771118164,0.0
2024-11-06,53.29999923706055,53.79499816894531,53.29999923706055,53.79499816894531,2200.0,589.2000122070312,591.9299926757812,585.3900146484375,591.0399780273438,68182000.0,500.55999755859375,506.4100036621094,499.6000061035156,505.5799865722656,43082200.0,115.63500213623047,116.88999938964844,115.29000091552734,116.67500305175781,10967800.0,4.432000160217285,4.4770002365112305,4.4019999504089355,4.426000118255615,0.0,104.04000091552734,105.44000244140625,104.04000091552734,105.08999633789062,0.0,16.059999465942383,16.81999969482422,15.4399995803833,16.270000457763672,0.0
2024-11-07,54.0,54.40999984741211,54.0,54.40999984741211,8100.0,593.0800170898438,596.6500244140625,593.0,595.6099853515625,47233200.0,508.3999938964844,514.3300170898438,508.3399963378906,513.5399780273438,32853100.0,117.48500061035156,118.84500122070312,117.43000030517578,118.70999908447266,10463000.0,4.415999889373779,4.433000087738037,4.339000225067139,4.341000080108643,0.0,105.16000366210938,105.25,104.19000244140625,104.51000213623047,0.0,15.859999656677246,15.859999656677246,15.130000114440918,15.199999809265137,0.0
2024-11-08,54.59000015258789,54.77899932861328,54.525001525878906,54.696998596191406,3200.0,596.1699829101562,599.6400146484375,596.1699829101562,598.1900024414062,46444900.0,513.0399780273438,514.9199829101562,512.4099731445312,514.1400146484375,22924500.0,118.55999755859375,118.97000122070312,118.1500015258789,118.58000183105469,7236400.0,4.314000129699707,4.329999923706055,4.263999938964844,4.306000232696533,0.0,104.44999694824219,105.20999908447266,104.33999633789062,105.0,0.0,15.130000114440918,15.329999923706055,14.65999984741211,14.9399995803833,0.0
2024-11-11,55.02000045776367,55.18000030517578,54.90999984741211,55.13199996948242,3800.0,599.8099975585938,600.1699829101562,597.0,598.760009765625,37586800.0,515.3699951171875,515.5800170898438,510.9200134277344,513.8400268554688,24167500.0,118.56500244140625,118.63999938964844,117.22000122070312,117.92500305175781,7267200.0,4.308000087738037,4.308000087738037,4.308000087738037,4.308000087738037,0.0,104.94999694824219,105.70999908447266,104.93000030517578,105.54000091552734,0.0,15.329999923706055,15.5600004196167,14.890000343322754,14.970000267028809,0.0
2024-11-12,55.2400016784668,55.2400016784668,54.630001068115234,54.81800079345703,5200.0,598.6799926757812,599.2899780273438,594.3699951171875,596.9000244140625,43006100.0,513.77001953125,514.6599731445312,509.8299865722656,512.9099731445312,25835300.0,117.84500122070312,118.2249984741211,117.1449966430664,118.07499694824219,7530800.0,4.370999813079834,4.442999839782715,4.361000061035156,4.432000160217285,0.0,105.48999786376953,106.18000030517578,105.48999786376953,106.0199966430664,0.0,15.09000015258789,15.369999885559082,14.6899995803833,14.710000038146973,0.0
2024-11-13,54.86000061035156,54.86000061035156,54.65700149536133,54.65700149536133,81100.0,597.3699951171875,599.22998046875,594.9600219726562,597.1900024414062,47388600.0,512.4000244140625,514.97998046875,509.95001220703125,512.25,24567400.0,117.82499694824219,118.53500366210938,117.30000305175781,117.66500091552734,6329600.0,4.433000087738037,4.460999965667725,4.359000205993652,4.451000213623047,0.0,106.0199966430664,106.54000091552734,105.72000122070312,106.4800033569336,0.0,15.09000015258789,15.260000228881836,13.770000457763672,14.020000457763672,0.0
2024-11-14,54.68000030517578,54.68000030517578,54.09700012207031,54.09700012207031,4100.0,597.3200073242188,597.8099975585938,592.6500244140625,593.3499755859375,38904100.0,511.9100036621094,512.7899780273438,507.7699890136719,508.69000244140625,28679500.0,117.8550033569336,118.05999755859375,117.07499694824219,117.26499938964844,6602000.0,4.445000171661377,4.482999801635742,4.386000156402588,4.418000221252441,0.0,106.5,107.05999755859375,106.37999725341797,106.66999816894531,0.0,14.170000076293945,14.319999694824219,13.59000015258789,14.3100004196167,0.0
2024-11-15,53.75,53.75,53.279998779296875,53.42399978637695,6700.0,589.719970703125,590.2000122070312,583.8599853515625,585.75,75988800.0,502.94000244140625,503.3299865722656,494.489990234375,496.57000732421875,51461100.0,115.81500244140625,115.96499633789062,113.9749984741211,114.3550033569336,11229800.0,4.429999828338623,4.505000114440918,4.400000095367432,4.427999973297119,0.0,106.9000015258789,106.95999908447266,106.33000183105469,106.69000244140625,0.0,15.020000457763672,17.549999237060547,14.5600004196167,16.139999389648438,0.0
2024-11-18,53.709999084472656,53.849998474121094,53.689998626708984,53.7760009765625,1600.0,586.219970703125,589.489990234375,585.3400268554688,588.1500244140625,37001700.0,498.1300048828125,502.1400146484375,496.7300109863281,500.0199890136719,27080800.0,114.3550033569336,115.20999908447266,113.86000061035156,114.7249984741211,6166800.0,4.480999946594238,4.491000175476074,4.4079999923706055,4.414000034332275,0.0,106.66999816894531,106.80999755859375,106.12999725341797,106.27999877929688,0.0,16.600000381469727,17.0,15.350000381469727,15.579999923706055,0.0
2024-11-19,53.439998626708984,53.96200180053711,53.439998626708984,53.96200180053711,3200.0,584.7100219726562,591.0399780273438,584.030029296875,590.2999877929688,49412000.0,497.4200134277344,503.95001220703125,497.0799865722656,503.4599914550781,24523000.0,114.00499725341797,115.76000213623047,114.00499725341797,115.66500091552734,6906800.0,4.36299991607666,4.392000198364258,4.336999893188477,4.379000186920166,0.0,106.26000213623047,106.62999725341797,106.11000061035156,106.20999908447266,0.0,15.4399995803833,17.93000030517578,15.369999885559082,16.350000381469727,0.0
2024-11-20,53.834999084472656,53.9900016784668,53.569000244140625,53.9900016784668,17500.0,590.3800048828125,590.7899780273438,584.6300048828125,590.5,50032600.0,503.1600036621094,503.4800109863281,496.55999755859375,503.1700134277344,29565500.0,115.76499938964844,115.80500030517578,114.0250015258789,115.56500244140625,8874400.0,4.421999931335449,4.438000202178955,4.388000011444092,4.406000137329102,0.0,106.12000274658203,106.91999816894531,106.11000061035156,106.68000030517578,0.0,16.190000534057617,18.790000915527344,16.040000915527344,17.15999984741211,0.0
2024-11-21,54.15999984741211,54.470001220703125,54.15999984741211,54.470001220703125,600.0,593.4000244140625,595.1199951171875,587.4500122070312,593.6699829101562,46750300.0,506.239990234375,506.9599914550781,497.55999755859375,504.9800109863281,34526700.0,116.68499755859375,117.28500366210938,114.9000015258789,116.73999786376953,10591800.0,4.4039998054504395,4.438000202178955,4.376999855041504,4.432000160217285,0.0,106.58999633789062,107.16000366210938,106.45999908447266,106.97000122070312,0.0,17.100000381469727,17.989999771118164,15.729999542236328,16.8700008392334,0.0
2024-11-22,54.61000061035156,54.75,54.61000061035156,54.742000579833984,7600.0,593.6599731445312,596.1500244140625,593.1500244140625,595.510009765625,38226400.0,504.4200134277344,506.5299987792969,502.7799987792969,505.7900085449219,23826600.0,116.52999877929688,117.06999969482422,116.11000061035156,116.80000305175781,7090800.0,4.389999866485596,4.429999828338623,4.382999897003174,4.409999847412109,0.0,107.05999755859375,108.06999969482422,106.91999816894531,107.48999786376953,0.0,16.670000076293945,17.559999465942383,15.239999771118164,15.239999771118164,0.0
2024-11-25,55.41999816894531,55.41999816894531,54.90999984741211,54.91999816894531,2900.0,599.52001953125,600.8599853515625,595.2000122070312,597.530029296875,42441400.0,509.8999938964844,511.45001220703125,504.260009765625,506.5899963378906,26375200.0,117.68000030517578,117.88500213623047,116.26499938964844,116.79499816894531,11137200.0,4.317999839782715,4.331999778747559,4.261000156402588,4.264999866485596,0.0,107.25,107.25,106.58000183105469,106.81999969482422,0.0,15.229999542236328,15.720000267028809,14.539999961853027,14.600000381469727,0.0
2024-11-26,55.08000183105469,55.08000183105469,54.99399948120117,54.99399948120117,1000.0,598.7999877929688,601.3300170898438,598.0700073242188,600.6500244140625,45621300.0,508.0799865722656,510.1400146484375,507.2300109863281,509.30999755859375,26557100.0,117.32499694824219,117.74500274658203,116.87999725341797,117.37999725341797,6229400.0,4.289000034332275,4.323999881744385,4.281000137329102,4.302000045776367,0.0,107.48999786376953,107.5,106.48999786376953,107.01000213623047,0.0,14.949999809265137,15.029999732971191,13.880000114440918,14.100000381469727,0.0
2024-11-27,54.3849983215332,54.5629997253418,54.3849983215332,54.5629997253418,1000.0,600.4600219726562,600.8499755859375,597.280029296875,598.8300170898438,34000200.0,508.1700134277344,508.239990234375,501.92999267578125,505.29998779296875,24957400.0,116.58499908447266,116.65499877929688,114.76499938964844,115.79000091552734,6369400.0,4.25,4.275000095367432,4.2270002365112305,4.242000102996826,0.0,106.81999969482422,106.91999816894531,105.86000061035156,106.08000183105469,0.0,14.279999732971191,15.130000114440918,13.960000038146973,14.100000381469727,0.0
2024-11-29,54.779998779296875,55.03900146484375,54.779998779296875,54.96200180053711,4000.0,599.6599731445312,603.3499755859375,599.3800048828125,602.5499877929688,30177400.0,505.92999267578125,510.3399963378906,505.30999755859375,509.739990234375,15334000.0,116.05999755859375,117.11000061035156,115.94499969482422,116.86499786376953,4168400.0,4.224999904632568,4.224999904632568,4.171999931335449,4.177999973297119,0.0,105.94999694824219,106.12999725341797,105.62000274658203,105.73999786376953,0.0,14.0,14.149999618530273,13.489999771118164,13.510000228881836,0.0
2024-12-02,55.11000061035156,55.22999954223633,55.04999923706055,55.176998138427734,3900.0,602.969970703125,604.3200073242188,602.469970703125,603.6300048828125,31746000.0,511.010009765625,516.260009765625,510.6199951171875,515.2899780273438,25147200.0,116.94999694824219,118.41500091552734,116.91999816894531,117.9749984741211,9398200.0,4.206999778747559,4.248000144958496,4.173999786376953,4.196000099182129,0.0,105.81999969482422,106.7300033569336,105.81999969482422,106.44999694824219,0.0,14.079999923706055,14.100000381469727,13.300000190734863,13.34000015258789,0.0
2024-12-03,54.84000015258789,55.08000183105469,54.84000015258789,55.064998626708984,5000.0,603.3900146484375,604.1599731445312,602.3400268554688,603.9099731445312,26906600.0,513.9500122070312,517.1500244140625,513.3699951171875,516.8699951171875,18597900.0,117.4749984741211,118.43000030517578,117.24500274658203,118.4000015258789,5576000.0,4.210999965667725,4.2270002365112305,4.164999961853027,4.2230000495910645,0.0,106.4800033569336,106.5999984741211,106.08999633789062,106.37000274658203,0.0,13.380000114440918,13.770000457763672,13.1899995803833,13.300000190734863,0.0
2024-12-04,55.529998779296875,55.76100158691406,55.529998779296875,55.76100158691406,1100.0,605.6300048828125,607.9099731445312,604.9500122070312,607.6599731445312,42787600.0,520.3200073242188,523.52001953125,519.5999755859375,523.260009765625,26086200.0,119.87999725341797,120.625,119.52999877929688,120.56500244140625,10840000.0,4.270999908447266,4.281000137329102,4.176000118255615,4.179999828338623,0.0,106.43000030517578,106.72000122070312,106.08999633789062,106.33999633789062,0.0,13.15999984741211,13.609999656677246,12.890000343322754,13.449999809265137,0.0
2024-12-05,55.84000015258789,55.84000015258789,55.30099868774414,55.36199951171875,3100.0,607.6599731445312,608.47998046875,606.2999877929688,606.6599731445312,28762200.0,523.3099975585938,524.0399780273438,521.4199829101562,521.8099975585938,18169600.0,120.375,120.51499938964844,119.79000091552734,119.95500183105469,5638000.0,4.206999778747559,4.224999904632568,4.173999786376953,4.179999828338623,0.0,106.33999633789062,106.37000274658203,105.69999694824219,105.70999908447266,0.0,13.460000038146973,13.699999809265137,13.260000228881836,13.539999961853027,0.0
2024-12-06,55.5099983215332,55.72999954223633,55.33000183105469,55.683998107910156,4900.0,607.4400024414062,609.0700073242188,607.02001953125,607.8099975585938,31241500.0,522.47998046875,526.719970703125,522.3499755859375,526.47998046875,23762600.0,120.16500091552734,120.94000244140625,120.03500366210938,120.41999816894531,6654200.0,4.184000015258789,4.215000152587891,4.125999927520752,4.151000022888184,0.0,105.79000091552734,106.16000366210938,105.41999816894531,105.97000122070312,0.0,13.619999885559082,13.739999771118164,12.699999809265137,12.770000457763672,0.0
2024-12-09,55.65999984741211,55.65999984741211,55.15599822998047,55.15599822998047,4700.0,607.6900024414062,607.8599853515625,604.0800170898438,604.6799926757812,34742700.0,525.5499877929688,526.3499755859375,521.219970703125,522.3800048828125,20674400.0,119.97000122070312,120.4000015258789,119.33000183105469,119.63500213623047,8032400.0,4.182000160217285,4.198999881744385,4.164000034332275,4.198999881744385,0.0,105.97000122070312,106.20999908447266,105.80000305175781,106.1500015258789,0.0,13.359999656677246,14.229999542236328,13.350000381469727,14.1899995803833,0.0
2024-12-10,55.10499954223633,55.10499954223633,54.8650016784668,54.8650016784668,1700.0,605.3699951171875,605.7999877929688,602.1300048828125,602.7999877929688,37234500.0,523.6199951171875,525.3800048828125,519.1599731445312,520.5999755859375,24350000.0,119.2300033569336,119.55500030517578,117.5999984741211,117.9749984741211,11234400.0,4.234000205993652,4.24399995803833,4.2170000076293945,4.2210001945495605,0.0,106.18000030517578,106.63999938964844,106.04000091552734,106.4000015258789,0.0,14.300000190734863,14.539999961853027,13.859999656677246,14.180000305175781,0.0
2024-12-11,55.595001220703125,55.608001708984375,55.54999923706055,55.55500030517578,3600.0,605.780029296875,608.4299926757812,605.5,607.4600219726562,28677700.0,525.0,530.6099853515625,524.5900268554688,529.9199829101562,32168600.0,118.91000366210938,120.06500244140625,118.5,119.68499755859375,8689600.0,4.25,4.2769999504089355,4.201000213623047,4.270999908447266,0.0,106.37000274658203,106.80999755859375,106.2699966430664,106.70999908447266,0.0,14.420000076293945,14.430000305175781,13.520000457763672,13.579999923706055,0.0
2024-12-12,55.130001068115234,55.20000076293945,54.94499969482422,54.94499969482422,7300.0,606.5800170898438,607.1599731445312,604.3300170898438,604.3300170898438,31543800.0,527.6799926757812,528.9600219726562,526.02001953125,526.5,23577500.0,118.91999816894531,119.45500183105469,118.62999725341797,119.01499938964844,7218200.0,4.300000190734863,4.331999778747559,4.269000053405762,4.323999881744385,0.0,106.56999969482422,107.04000091552734,106.3499984741211,106.95999908447266,0.0,13.729999542236328,13.949999809265137,13.390000343322754,13.920000076293945,0.0
2024-12-13,54.84000015258789,55.53300094604492,54.84000015258789,55.44499969482422,5200.0,606.4000244140625,607.1300048828125,602.8099975585938,604.2100219726562,35904700.0,530.4600219726562,533.1699829101562,527.2999877929688,530.530029296875,28780400.0,120.08999633789062,120.55999755859375,118.57499694824219,119.5250015258789,8677000.0,4.343999862670898,4.4029998779296875,4.3420000076293945,4.39900016784668,0.0,106.97000122070312,107.19000244140625,106.72000122070312,107.0,0.0,13.569999694824219,14.25,13.239999771118164,13.8100004196167,0.0
2024-12-16,55.709999084472656,56.08000183105469,55.709999084472656,55.96900177001953,15200.0,606.0,607.780029296875,605.2100219726562,606.7899780273438,43695200.0,533.0800170898438,539.1500244140625,533.0,538.1699829101562,31979900.0,119.68000030517578,120.82499694824219,119.42500305175781,120.72000122070312,9442600.0,4.36899995803833,4.410999774932861,4.361000061035156,4.396999835968018,0.0,106.94999694824219,107.16999816894531,106.75,106.86000061035156,0.0,14.369999885559082,14.6899995803833,13.989999771118164,14.6899995803833,0.0
2024-12-17,55.939998626708984,55.939998626708984,55.45000076293945,55.6150016784668,4000.0,604.1900024414062,605.1699829101562,602.8900146484375,604.2899780273438,55773500.0,536.3599853515625,537.47998046875,534.1300048828125,535.7999877929688,28579100.0,119.86499786376953,120.45999908447266,119.40499877929688,119.98999786376953,8145000.0,4.429999828338623,4.434000015258789,4.373000144958496,4.385000228881836,0.0,106.81999969482422,107.08000183105469,106.69999694824219,106.95999908447266,0.0,14.979999542236328,15.9399995803833,14.779999732971191,15.869999885559082,0.0
2024-12-18,55.720001220703125,55.720001220703125,53.810001373291016,53.810001373291016,3400.0,603.97998046875,606.4099731445312,585.8900146484375,586.280029296875,108248700.0,535.1500244140625,536.8800048828125,515.010009765625,516.469970703125,54703200.0,120.3949966430664,120.7249984741211,115.8499984741211,116.12000274658203,16927200.0,4.418000221252441,4.498000144958496,4.382999897003174,4.49399995803833,0.0,106.93000030517578,108.2699966430664,106.81999969482422,108.02999877929688,0.0,15.569999694824219,28.31999969482422,14.819999694824219,27.6200008392334,0.0
2024-12-19,54.31999969482422,54.33000183105469,53.66999816894531,53.66999816894531,7500.0,591.3599853515625,593.0,585.8499755859375,586.0999755859375,85919500.0,521.1900024414062,521.760009765625,513.8300170898438,514.1699829101562,46441800.0,117.30000305175781,117.68000030517578,116.09500122070312,116.24500274658203,13383400.0,4.5320000648498535,4.593999862670898,4.5279998779296875,4.570000171661377,0.0,108.0999984741211,108.48999786376953,107.81999969482422,108.41000366210938,0.0,21.610000610351562,24.1200008392334,20.15999984741211,24.09000015258789,0.0
2024-12-20,53.310001373291016,54.7400016784668,53.292999267578125,54.20600128173828,4200.0,581.77001953125,595.75,580.9099731445312,591.1500244140625,125716700.0,510.44000244140625,524.8200073242188,509.2900085449219,518.6599731445312,60530000.0,115.45500183105469,118.93000030517578,115.09500122070312,117.9800033569336,14924800.0,4.541999816894531,4.546000003814697,4.484000205993652,4.52400016784668,0.0,108.4800033569336,108.54000091552734,107.58999633789062,107.62000274658203,0.0,24.139999389648438,26.510000228881836,17.81999969482422,18.360000610351562,0.0
2024-12-23,54.34000015258789,54.72700119018555,54.220001220703125,54.72700119018555,5300.0,590.8900146484375,595.2999877929688,587.6599731445312,594.6900024414062,57635800.0,519.5499877929688,523.25,516.1300048828125,522.8699951171875,29672800.0,118.125,119.08499908447266,117.49500274658203,119.03500366210938,7973400.0,4.550000190734863,4.598999977111816,4.533999919891357,4.598999977111816,0.0,107.81999969482422,108.27999877929688,107.68000030517578,108.04000091552734,0.0,18.09000015258789,20.020000457763672,16.739999771118164,16.780000686645508,0.0
2024-12-24,54.97800064086914,55.40399932861328,54.97800064086914,55.40399932861328,1500.0,596.0599975585938,601.3400268554688,595.469970703125,601.2999877929688,33160100.0,524.8300170898438,530.0499877929688,524.1900024414062,529.9600219726562,17558200.0,119.45999908447266,120.2699966430664,119.27999877929688,120.26499938964844,4653400.0,4.609000205993652,4.629000186920166,4.583000183105469,4.591000080108643,0.0,108.16000366210938,108.30000305175781,107.91999816894531,108.26000213623047,0.0,16.969999313354492,17.040000915527344,14.270000457763672,14.270000457763672,0.0
2024-12-26,55.5099983215332,55.551998138427734,55.459999084472656,55.54999923706055,4200.0,599.5,602.47998046875,598.0800170898438,601.3400268554688,41219100.0,528.3200073242188,531.239990234375,526.3099975585938,529.5999755859375,19090500.0,119.87999725341797,120.78500366210938,119.49500274658203,120.34500122070312,7150800.0,4.63100004196167,4.640999794006348,4.572999954223633,4.578999996185303,0.0,108.16999816894531,108.30000305175781,108.02999877929688,108.12999725341797,0.0,14.989999771118164,15.930000305175781,14.550000190734863,14.729999542236328,0.0
2024-12-27,55.2599983215332,55.2599983215332,54.56999969482422,54.76300048828125,4700.0,597.5399780273438,597.780029296875,590.760009765625,595.010009765625,64969300.0,526.010009765625,526.4500122070312,517.8599853515625,522.5599975585938,33839600.0,119.53500366210938,119.69000244140625,117.57499694824219,118.74500274658203,8726400.0,4.603000164031982,4.623000144958496,4.574999809265137,4.61899995803833,0.0,108.08000183105469,108.19999694824219,107.87000274658203,108.0,0.0,15.380000114440918,18.450000762939453,15.289999961853027,15.949999809265137,0.0
2024-12-30,54.09000015258789,54.38999938964844,53.959999084472656,54.150001525878906,4800.0,587.8900146484375,591.739990234375,584.4099731445312,588.219970703125,56578800.0,515.510009765625,519.3599853515625,511.8299865722656,515.6099853515625,34584000.0,117.01499938964844,118.16999816894531,116.29000091552734,117.23500061035156,7950400.0,4.577000141143799,4.577000141143799,4.5370001792907715,4.545000076293945,0.0,108.01000213623047,108.37999725341797,107.73999786376953,108.12999725341797,0.0,17.209999084472656,19.219999313354492,16.440000534057617,17.399999618530273,0.0
2024-12-31,54.150001525878906,54.15999984741211,53.720001220703125,53.757999420166016,5800.0,589.9099731445312,590.6400146484375,584.4199829101562,586.0800170898438,57052700.0,516.9000244140625,517.6599731445312,510.260009765625,511.2300109863281,29117000.0,117.55500030517578,117.63500213623047,115.87999725341797,116.26000213623047,9381200.0,4.5289998054504395,4.586999893188477,4.520999908447266,4.572999954223633,0.0,108.08999633789062,108.58000183105469,107.87000274658203,108.48999786376953,0.0,17.389999389648438,17.809999465942383,16.68000030517578,17.350000381469727,0.0
2025-01-02,54.04999923706055,54.16999816894531,53.209999084472656,53.52299880981445,4300.0,589.3900146484375,591.1300048828125,580.5,584.6400146484375,50204000.0,514.2999877929688,516.6400146484375,505.7099914550781,510.2300109863281,36389800.0,117.18000030517578,117.51000213623047,114.88999938964844,115.98500061035156,12766600.0,4.520999908447266,4.598999977111816,4.517000198364258,4.574999809265137,0.0,108.52999877929688,109.52999877929688,108.2699966430664,109.38999938964844,0.0,17.209999084472656,19.5,16.959999084472656,17.93000030517578,0.0
2025-01-03,53.70000076293945,54.40999984741211,53.70000076293945,54.3380012512207,7400.0,587.530029296875,592.5999755859375,586.4299926757812,591.9500122070312,37888500.0,513.3499755859375,519.6500244140625,512.530029296875,518.5800170898438,29059500.0,116.69499969482422,118.0,116.46499633789062,117.875,9117600.0,4.545000076293945,4.599999904632568,4.539000034332275,4.5960001945495605,0.0,109.19999694824219,109.22000122070312,108.9000015258789,108.94999694824219,0.0,17.65999984741211,17.940000534057617,16.110000610351562,16.1299991607666,0.0
2025-01-06,54.79999923706055,55.0890007019043,54.58000183105469,54.58000183105469,5100.0,596.27001953125,599.7000122070312,593.5999755859375,595.3599853515625,47679400.0,524.02001953125,527.9199829101562,522.030029296875,524.5399780273438,36109700.0,119.22000122070312,120.52999877929688,118.90499877929688,119.375,8975400.0,4.585000038146973,4.644000053405762,4.578999996185303,4.618000030517578,0.0,108.91999816894531,109.06999969482422,107.75,108.26000213623047,0.0,16.770000457763672,16.8700008392334,15.710000038146973,16.040000915527344,0.0
2025-01-07,54.880001068115234,54.880001068115234,53.814998626708984,53.93600082397461,2800.0,597.4199829101562,597.75,586.780029296875,588.6300048828125,60393100.0,525.5900268554688,525.989990234375,513.280029296875,515.1799926757812,36690300.0,120.0,120.0,116.56999969482422,116.9800033569336,10006800.0,4.633999824523926,4.698999881744385,4.625999927520752,4.683000087738037,0.0,108.33999633789062,108.69999694824219,107.8499984741211,108.54000091552734,0.0,16.479999542236328,18.899999618530273,15.789999961853027,17.81999969482422,0.0
2025-01-08,53.83000183105469,54.040000915527344,53.66999816894531,54.0260009765625,4300.0,588.7000122070312,590.5800170898438,585.2000122070312,589.489990234375,47304700.0,515.0800170898438,516.9199829101562,510.57000732421875,515.27001953125,30777800.0,117.25,117.2699966430664,115.81500244140625,116.94000244140625,10023800.0,4.704999923706055,4.716000080108643,4.672999858856201,4.692999839782715,0.0,108.62000274658203,109.37999725341797,108.55000305175781,109.08999633789062,0.0,17.90999984741211,19.5,17.3700008392334,17.700000762939453,0.0
2025-01-10,53.45000076293945,53.45000076293945,52.90999984741211,52.9900016784668,7300.0,585.8800048828125,585.9500122070312,578.5499877929688,580.489990234375,73105000.0,511.4800109863281,511.5799865722656,503.9200134277344,507.19000244140625,40532500.0,115.70999908447266,115.7300033569336,113.71499633789062,114.38999938964844,11665800.0,4.693999767303467,4.789999961853027,4.693999767303467,4.776000022888184,0.0,109.2300033569336,109.97000122070312,109.08000183105469,109.6500015258789,0.0,18.290000915527344,20.309999465942383,18.049999237060547,19.540000915527344,0.0
2025-01-13,52.599998474121094,53.11000061035156,52.599998474121094,53.099998474121094,2500.0,575.77001953125,581.75,575.3499755859375,581.3900146484375,47910100.0,501.20001220703125,506.0199890136719,499.70001220703125,505.55999755859375,31694200.0,112.55000305175781,113.66000366210938,112.2249984741211,113.58000183105469,10656000.0,4.76800012588501,4.804999828338623,4.758999824523926,4.802999973297119,0.0,109.63999938964844,110.18000030517578,109.41000366210938,109.95999908447266,0.0,21.18000030517578,22.040000915527344,19.149999618530273,19.190000534057617,0.0
2025-01-14,53.470001220703125,53.560001373291016,53.07500076293945,53.33700180053711,3400.0,584.3599853515625,585.0,578.3499755859375,582.1900024414062,48420600.0,508.739990234375,510.1600036621094,501.5899963378906,505.0799865722656,33737200.0,114.45999908447266,114.7750015258789,112.9749984741211,113.87999725341797,7220200.0,4.788000106811523,4.809000015258789,4.755000114440918,4.788000106811523,0.0,109.56999969482422,109.76000213623047,109.18000030517578,109.2699966430664,0.0,18.790000915527344,19.65999984741211,18.239999771118164,18.709999084472656,0.0
2025-01-15,54.599998474121094,54.599998474121094,54.189998626708984,54.34000015258789,2300.0,590.3300170898438,593.9400024414062,589.2000122070312,592.780029296875,56900200.0,513.030029296875,517.8499755859375,511.4599914550781,516.7000122070312,34957600.0,115.43499755859375,116.48500061035156,115.05500030517578,116.1449966430664,10465400.0,4.76200008392334,4.77400016784668,4.63700008392334,4.6529998779296875,0.0,109.2300033569336,109.37999725341797,108.5999984741211,109.08999633789062,0.0,19.079999923706055,19.139999389648438,15.960000038146973,16.1200008392334,0.0
2025-01-16,54.323001861572266,54.540000915527344,54.130001068115234,54.130001068115234,16600.0,594.1699829101562,594.3499755859375,590.9299926757812,591.6400146484375,43319700.0,518.97998046875,519.0599975585938,512.9500122070312,513.0800170898438,28229000.0,117.08999633789062,117.16500091552734,115.2249984741211,115.25,5368400.0,4.684000015258789,4.693999767303467,4.5879998207092285,4.605999946594238,0.0,109.06999969482422,109.37999725341797,108.83000183105469,108.95999908447266,0.0,15.869999885559082,16.600000381469727,15.640000343322754,16.600000381469727,0.0
2025-01-17,54.935001373291016,55.130001068115234,54.849998474121094,54.90999984741211,3300.0,596.9600219726562,599.3599853515625,595.6099853515625,597.5800170898438,58070600.0,522.8499755859375,524.0700073242188,513.1099853515625,521.739990234375,51837900.0,117.33000183105469,117.47000122070312,116.54000091552734,117.05500030517578,6742600.0,4.572000026702881,4.625,4.567999839782715,4.609000205993652,0.0,108.93000030517578,109.41999816894531,108.83000183105469,109.3499984741211,0.0,16.190000534057617,16.229999542236328,15.529999732971191,15.970000267028809,0.0
2025-01-21,55.19499969482422,55.479000091552734,55.0,55.470001220703125,9800.0,600.6699829101562,603.0599975585938,598.6699829101562,603.0499877929688,42532900.0,524.47998046875,525.969970703125,520.0599975585938,524.7999877929688,23628000.0,117.44499969482422,118.31999969482422,116.62999725341797,118.02999877929688,6744200.0,4.573999881744385,4.585000038146973,4.552000045776367,4.573999881744385,0.0,107.9800033569336,108.79000091552734,107.91999816894531,108.05999755859375,0.0,16.290000915527344,16.290000915527344,14.930000305175781,15.0600004196167,0.0
2025-01-22,55.83000183105469,55.948001861572266,55.77000045776367,55.779998779296875,5900.0,605.9199829101562,607.8200073242188,605.3599853515625,606.4400024414062,48196000.0,529.5700073242188,533.8200073242188,529.260009765625,531.510009765625,33593000.0,119.625,120.9749984741211,119.45500183105469,120.69499969482422,10243800.0,4.559999942779541,4.617000102996826,4.559999942779541,4.598999977111816,0.0,107.98999786376953,108.2699966430664,107.75,108.16999816894531,0.0,14.890000343322754,15.289999961853027,14.59000015258789,15.100000381469727,0.0
2025-01-23,55.5099983215332,56.0099983215332,55.5099983215332,56.0099983215332,2900.0,605.7999877929688,609.75,605.52001953125,609.75,41152100.0,529.0399780273438,532.760009765625,528.4500122070312,532.6400146484375,23096600.0,119.76499938964844,120.93499755859375,119.6500015258789,120.91000366210938,7604400.0,4.638000011444092,4.664000034332275,4.617000102996826,4.638000011444092,0.0,108.25,108.51000213623047,107.91999816894531,108.05000305175781,0.0,15.279999732971191,15.390000343322754,14.59000015258789,15.020000457763672,0.0
2025-01-24,56.119998931884766,56.119998931884766,55.7400016784668,55.819000244140625,9800.0,609.8099975585938,610.780029296875,606.7999877929688,607.969970703125,34604700.0,533.02001953125,533.7899780273438,528.1500244140625,529.6300048828125,19878300.0,121.29000091552734,121.29000091552734,119.26499938964844,119.6500015258789,6607600.0,4.642000198364258,4.6620001792907715,4.605000019073486,4.625999927520752,0.0,108.08999633789062,108.19000244140625,107.22000122070312,107.44000244140625,0.0,15.020000457763672,15.15999984741211,14.579999923706055,14.850000381469727,0.0
2025-01-27,54.25,54.810001373291016,54.150001525878906,54.400001525878906,13500.0,594.8099975585938,599.6900024414062,594.6400146484375,599.3699951171875,70361100.0,511.0,517.989990234375,510.1499938964844,514.2100219726562,60771700.0,114.29000091552734,115.48999786376953,112.73500061035156,113.78500366210938,20705600.0,4.5320000648498535,4.565000057220459,4.521999835968018,4.5279998779296875,0.0,107.47000122070312,107.80999755859375,106.97000122070312,107.33999633789062,0.0,18.829999923706055,22.510000228881836,17.56999969482422,17.899999618530273,0.0
2025-01-28,54.58000183105469,55.060001373291016,54.30699920654297,54.95000076293945,9700.0,600.6199951171875,605.3699951171875,597.25,604.52001953125,44433300.0,515.219970703125,523.0,511.7799987792969,521.8099975585938,33194200.0,114.55500030517578,117.08000183105469,113.34500122070312,116.81999969482422,11260600.0,4.568999767303467,4.578999996185303,4.545000076293945,4.551000118255615,0.0,107.70999908447266,108.05000305175781,107.69000244140625,107.87000274658203,0.0,18.290000915527344,18.389999389648438,16.25,16.40999984741211,0.0
2025-01-29,55.0099983215332,55.0099983215332,54.599998474121094,54.63999938964844,4700.0,603.719970703125,604.1300048828125,599.219970703125,601.8099975585938,37177400.0,522.4600219726562,522.5900268554688,516.9000244140625,520.8300170898438,26649000.0,116.58999633789062,116.6449966430664,114.74500274658203,115.87000274658203,9050000.0,4.526000022888184,4.591000080108643,4.510000228881836,4.554999828338623,0.0,107.88999938964844,108.30000305175781,107.75,108.0,0.0,16.420000076293945,18.079999923706055,16.170000076293945,16.559999465942383,0.0
2025-01-30,54.959999084472656,55.52000045776367,54.959999084472656,55.380001068115234,11400.0,603.9600219726562,606.5999755859375,600.719970703125,605.0399780273438,39281300.0,523.7100219726562,526.0999755859375,518.2100219726562,523.0499877929688,27431300.0,115.66500091552734,116.48500061035156,114.87000274658203,116.08499908447266,8840200.0,4.49399995803833,4.5370001792907715,4.48799991607666,4.51200008392334,0.0,107.86000061035156,108.23999786376953,107.5,107.80000305175781,0.0,15.930000305175781,16.420000076293945,15.319999694824219,15.84000015258789,0.0
2025-01-31,55.77000045776367,55.970001220703125,55.18000030517578,55.25,11200.0,607.5,609.9600219726562,601.0499877929688,601.8200073242188,66566900.0,526.9199829101562,531.52001953125,521.1900024414062,522.2899780273438,38755200.0,117.16500091552734,117.86499786376953,115.09500122070312,115.40499877929688,10741800.0,4.525000095367432,4.568999767303467,4.501999855041504,4.568999767303467,0.0,108.16000366210938,108.56999969482422,107.79000091552734,108.37000274658203,0.0,15.449999809265137,17.09000015258789,14.899999618530273,16.43000030517578,0.0
2025-02-03,54.0,54.95000076293945,54.0,54.78499984741211,29700.0,592.6699829101562,600.2899780273438,590.489990234375,597.77001953125,65857200.0,513.469970703125,520.8499755859375,511.04998779296875,518.1099853515625,40580800.0,112.8499984741211,114.54499816894531,112.25,113.8499984741211,13752800.0,4.50600004196167,4.557000160217285,4.461999893188477,4.543000221252441,0.0,108.5,109.87999725341797,108.33999633789062,108.98999786376953,0.0,20.360000610351562,20.420000076293945,17.65999984741211,18.6200008392334,0.0
2025-02-04,54.79999923706055,55.16899871826172,54.79999923706055,55.16899871826172,7100.0,597.8300170898438,602.2999877929688,597.280029296875,601.780029296875,33457800.0,518.6300048828125,525.1099853515625,518.22998046875,524.469970703125,26046800.0,114.23999786376953,115.66999816894531,114.19999694824219,115.48999786376953,8371200.0,4.577000141143799,4.5980000495910645,4.508999824523926,4.513000011444092,0.0,108.68000030517578,109.04000091552734,107.91999816894531,107.95999908447266,0.0,18.780000686645508,19.110000610351562,16.780000686645508,17.209999084472656,0.0
2025-02-05,55.41999816894531,55.439998626708984,54.79800033569336,55.439998626708984,20900.0,600.6400146484375,604.3699951171875,598.5800170898438,604.219970703125,30653100.0,521.8200073242188,527.010009765625,520.6199951171875,526.8499755859375,21134100.0,115.59500122070312,117.12000274658203,115.2300033569336,117.09500122070312,5398000.0,4.464000225067139,4.473999977111816,4.400000095367432,4.421999931335449,0.0,108.01000213623047,108.01000213623047,107.30000305175781,107.58000183105469,0.0,17.540000915527344,17.75,15.770000457763672,15.770000457763672,0.0
2025-02-06,55.290000915527344,55.290000915527344,54.91999816894531,55.290000915527344,11200.0,605.989990234375,606.4500122070312,602.6300048828125,606.3200073242188,35771500.0,527.3599853515625,529.8099975585938,525.739990234375,529.5999755859375,19434500.0,117.09500122070312,117.65499877929688,116.57499694824219,117.41500091552734,6808000.0,4.447999954223633,4.460000038146973,4.4120001792907715,4.440000057220459,0.0,107.62000274658203,108.0999984741211,107.54000091552734,107.69000244140625,0.0,15.880000114440918,16.149999618530273,14.989999771118164,15.5,0.0
2025-02-07,55.459999084472656,55.59000015258789,54.68000030517578,54.74599838256836,13800.0,606.8900146484375,608.1300048828125,600.0499877929688,600.77001953125,50788500.0,530.1400146484375,532.0999755859375,522.1900024414062,522.9199829101562,29605500.0,117.88999938964844,118.45500183105469,116.0199966430664,116.41000366210938,8552800.0,4.443999767303467,4.513000011444092,4.3979997634887695,4.486999988555908,0.0,107.69999694824219,108.31999969482422,107.5199966430664,108.04000091552734,0.0,15.380000114440918,16.65999984741211,14.789999961853027,16.540000915527344,0.0
2025-02-10,55.15999984741211,55.349998474121094,55.15999984741211,55.249000549316406,7500.0,604.030029296875,605.5,602.739990234375,604.8499755859375,26048700.0,527.219970703125,530.3599853515625,526.75,529.25,20852800.0,117.33000183105469,118.40499877929688,117.29499816894531,118.11000061035156,6054200.0,4.491000175476074,4.499000072479248,4.458000183105469,4.493000030517578,0.0,108.0999984741211,108.44000244140625,108.08999633789062,108.31999969482422,0.0,16.579999923706055,16.610000610351562,15.699999809265137,15.8100004196167,0.0
2025-02-11,54.99800109863281,55.16999816894531,54.99800109863281,55.09600067138672,1400.0,602.5499877929688,605.8599853515625,602.4299926757812,605.3099975585938,30056700.0,525.9600219726562,529.9199829101562,525.8300170898438,527.989990234375,19325500.0,117.45500183105469,118.63999938964844,117.375,118.16500091552734,6456200.0,4.534999847412109,4.546999931335449,4.525000095367432,4.5370001792907715,0.0,108.33999633789062,108.45999908447266,107.77999877929688,107.95999908447266,0.0,16.1299991607666,16.420000076293945,15.75,16.020000457763672,0.0
2025-02-12,54.619998931884766,55.04999923706055,54.518001556396484,54.92499923706055,6900.0,599.2000122070312,604.5499877929688,598.510009765625,603.3599853515625,45076100.0,522.2999877929688,529.1900024414062,521.9500122070312,528.2999877929688,25009400.0,116.5,118.05000305175781,116.37000274658203,117.91000366210938,8555600.0,4.534999847412109,4.659999847412109,4.5269999504089355,4.63700008392334,0.0,108.01000213623047,108.5199966430664,107.62999725341797,107.94000244140625,0.0,15.90999984741211,17.18000030517578,15.640000343322754,15.890000343322754,0.0
2025-02-13,55.16999816894531,55.70000076293945,55.16999816894531,55.70000076293945,20300.0,604.47998046875,609.9400024414062,603.2000122070312,609.72998046875,40921300.0,529.97998046875,536.219970703125,529.1900024414062,535.9000244140625,28714800.0,118.12000274658203,119.65499877929688,117.95500183105469,119.58000183105469,7829600.0,4.60099983215332,4.61899995803833,4.514999866485596,4.525000095367432,0.0,107.91999816894531,108.0,107.02999877929688,107.30999755859375,0.0,15.970000267028809,16.329999923706055,14.979999542236328,15.100000381469727,0.0
2025-02-14,55.70000076293945,55.7599983215332,55.55099868774414,55.683998107910156,4500.0,609.9400024414062,610.989990234375,609.0700073242188,609.7000122070312,26910400.0,536.010009765625,538.8400268554688,535.6699829101562,538.1500244140625,17862600.0,119.4800033569336,120.08499908447266,119.26000213623047,119.98500061035156,4557000.0,4.531000137329102,4.5329999923706055,4.447000026702881,4.4720001220703125,0.0,107.12000274658203,107.18000030517578,106.56999969482422,106.56999969482422,0.0,15.079999923706055,15.420000076293945,14.739999771118164,14.770000457763672,0.0
2025-02-18,55.77000045776367,55.84299850463867,55.540000915527344,55.84299850463867,14200.0,610.8800048828125,611.489990234375,608.3800048828125,611.489990234375,26749000.0,539.72998046875,540.0,536.0399780273438,539.3699951171875,20565000.0,120.6050033569336,121.09500122070312,120.04499816894531,121.08000183105469,6024000.0,4.519000053405762,4.546000003814697,4.506999969482422,4.544000148773193,0.0,106.81999969482422,107.12000274658203,106.80999755859375,107.05000305175781,0.0,15.569999694824219,16.030000686645508,15.350000381469727,15.350000381469727,0.0
2025-02-19,55.869998931884766,55.99599838256836,55.869998931884766,55.99599838256836,3600.0,610.0800170898438,613.22998046875,609.5599975585938,612.9299926757812,31011100.0,538.5700073242188,540.8099975585938,536.4600219726562,539.52001953125,19666900.0,120.94499969482422,121.56999969482422,120.0999984741211,121.08999633789062,5604200.0,4.565999984741211,4.576000213623047,4.5289998054504395,4.534999847412109,0.0,107.02999877929688,107.37999725341797,106.87999725341797,107.16999816894531,0.0,15.140000343322754,15.960000038146973,15.050000190734863,15.270000457763672,0.0
2025-02-20,55.86000061035156,55.86000061035156,55.3849983215332,55.59000015258789,6700.0,611.5399780273438,611.6799926757812,607.02001953125,610.3800048828125,36554000.0,538.72998046875,539.0999755859375,532.4600219726562,537.22998046875,26550800.0,120.9749984741211,121.13500213623047,119.43000030517578,120.70500183105469,5987400.0,4.506999969482422,4.525000095367432,4.492000102996826,4.5,0.0,107.12000274658203,107.1500015258789,106.33999633789062,106.33999633789062,0.0,15.609999656677246,16.6299991607666,15.119999885559082,15.65999984741211,0.0
2025-02-21,55.5099983215332,55.5099983215332,54.2140007019043,54.2140007019043,6000.0,610.1599731445312,610.2999877929688,599.469970703125,599.9400024414062,76519800.0,538.3800048828125,538.4000244140625,525.7100219726562,526.0800170898438,47093800.0,120.73999786376953,120.79000091552734,117.375,117.43499755859375,9057600.0,4.484000205993652,4.500999927520752,4.406000137329102,4.420000076293945,0.0,106.45999908447266,106.75,106.37999725341797,106.61000061035156,0.0,15.630000114440918,19.030000686645508,15.279999732971191,18.209999084472656,0.0
2025-02-24,54.43000030517578,54.43000030517578,53.630001068115234,53.76300048828125,14800.0,602.02001953125,603.030029296875,596.489990234375,597.2100219726562,50737200.0,527.8800048828125,529.0700073242188,519.530029296875,519.8699951171875,39268400.0,117.88999938964844,118.22000122070312,115.61000061035156,115.75499725341797,7447600.0,4.436999797821045,4.451000213623047,4.388999938964844,4.39300012588501,0.0,106.63999938964844,106.75,106.12999725341797,106.5999984741211,0.0,18.079999923706055,20.239999771118164,17.309999465942383,18.979999542236328,0.0
2025-02-25,53.63999938964844,53.63999938964844,52.95000076293945,53.301998138427734,12500.0,597.1500244140625,597.8900146484375,589.5599975585938,594.239990234375,58266500.0,519.239990234375,519.3200073242188,509.44000244140625,513.3200073242188,48940000.0,115.51000213623047,115.61499786376953,113.4749984741211,114.25499725341797,10433600.0,4.328999996185303,4.335000038146973,4.2829999923706055,4.297999858856201,0.0,106.7699966430664,106.79000091552734,106.19000244140625,106.30999755859375,0.0,19.09000015258789,21.479999542236328,18.850000381469727,19.43000030517578,0.0
2025-02-26,53.45000076293945,53.7400016784668,53.29999923706055,53.36000061035156,1700.0,595.9299926757812,599.5800170898438,591.8599853515625,594.5399780273438,43321600.0,515.530029296875,519.6599731445312,511.3699951171875,514.5599975585938,34457600.0,115.375,116.58999633789062,114.61499786376953,115.5,7630600.0,4.290999889373779,4.314000129699707,4.247000217437744,4.249000072479248,0.0,106.16999816894531,106.6500015258789,106.16000366210938,106.41999816894531,0.0,18.959999084472656,20.059999465942383,17.829999923706055,19.100000381469727,0.0
2025-02-27,53.529998779296875,53.529998779296875,52.279998779296875,52.279998779296875,11900.0,596.8499755859375,598.02001953125,584.6500244140625,585.0499877929688,74196700.0,518.1300048828125,519.0700073242188,500.04998779296875,500.2699890136719,52448000.0,116.12999725341797,116.25,111.24500274658203,111.29499816894531,10100000.0,4.284999847412109,4.308000087738037,4.26800012588501,4.284999847412109,0.0,106.52999877929688,107.30999755859375,106.5199966430664,107.23999786376953,0.0,18.25,21.469999313354492,17.670000076293945,21.1299991607666,0.0
2025-02-28,52.369998931884766,53.005001068115234,52.16999816894531,53.005001068115234,4400.0,585.5599975585938,594.719970703125,582.4400024414062,594.1799926757812,88744100.0,500.1300048828125,508.7799987792969,496.92999267578125,508.1700134277344,47654000.0,110.79499816894531,112.87999725341797,109.8499984741211,112.76499938964844,14172200.0,4.25600004196167,4.2769999504089355,4.214000225067139,4.230999946594238,0.0,107.25,107.66000366210938,107.18000030517578,107.61000061035156,0.0,21.209999084472656,22.399999618530273,19.049999237060547,19.6299991607666,0.0
2025-03-03,53.459999084472656,53.459999084472656,51.81999969482422,52.084999084472656,8700.0,596.1799926757812,597.3400268554688,579.9000244140625,583.77001953125,74249200.0,511.5199890136719,513.0399780273438,493.5799865722656,497.04998779296875,44587200.0,113.34500122070312,113.57499694824219,108.5250015258789,109.33499908447266,12516200.0,4.254000186920166,4.25600004196167,4.170000076293945,4.179999828338623,0.0,107.55999755859375,107.55999755859375,106.47000122070312,106.75,0.0,19.829999923706055,24.309999465942383,19.25,22.780000686645508,0.0
2025-03-04,51.470001220703125,52.279998779296875,51.02199935913086,51.62300109863281,5700.0,579.7100219726562,585.3900146484375,572.25,576.8599853515625,109648200.0,494.17999267578125,503.739990234375,487.739990234375,495.54998779296875,67875400.0,108.5250015258789,111.18000030517578,107.12999725341797,109.25,17721000.0,4.133999824523926,4.2179999351501465,4.105999946594238,4.210000038146973,0.0,106.55999755859375,106.6500015258789,105.52999877929688,105.73999786376953,0.0,22.959999084472656,26.350000381469727,21.709999084472656,23.510000228881836,0.0
2025-03-05,51.68000030517578,52.215999603271484,51.25,52.165000915527344,4600.0,576.6900024414062,584.8800048828125,573.0800170898438,583.0599975585938,71230500.0,496.20001220703125,503.6300048828125,491.260009765625,502.010009765625,46323700.0,109.58999633789062,111.1449966430664,108.12000274658203,110.78500366210938,11931000.0,4.230999946594238,4.283999919891357,4.184999942779541,4.264999866485596,0.0,105.62000274658203,105.7699966430664,104.26000213623047,105.73999786376953,0.0,23.030000686645508,24.84000015258789,21.3700008392334,21.93000030517578,0.0
2025-03-06,51.29999923706055,51.29999923706055,50.93600082397461,50.93600082397461,4400.0,575.47998046875,580.1699829101562,570.1199951171875,572.7100219726562,80094900.0,493.69000244140625,498.5799865722656,486.20001220703125,488.20001220703125,57574300.0,108.51000213623047,110.2249984741211,107.19000244140625,107.70999908447266,16432000.0,4.2769999504089355,4.343999862670898,4.267000198364258,4.285999774932861,0.0,104.31999969482422,104.38999938964844,103.76000213623047,104.05999755859375,0.0,22.600000381469727,25.920000076293945,22.389999389648438,24.8700008392334,0.0
2025-03-07,50.97999954223633,51.62900161743164,50.540000915527344,51.62900161743164,9300.0,570.9000244140625,577.3900146484375,565.6300048828125,575.9199829101562,81158800.0,487.1600036621094,493.2799987792969,480.5299987792969,491.7900085449219,54714700.0,107.58499908447266,109.54499816894531,106.31500244140625,109.2699966430664,11263400.0,4.250999927520752,4.328000068664551,4.210999965667725,4.316999912261963,0.0,104.11000061035156,104.23999786376953,103.45999908447266,103.83999633789062,0.0,24.850000381469727,26.559999465942383,23.09000015258789,23.3700008392334,0.0
2025-03-10,50.619998931884766,50.75,49.51499938964844,49.797000885009766,22800.0,567.5900268554688,569.5399780273438,555.5900268554688,560.5800170898438,99326600.0,483.45001220703125,483.9700012207031,468.6600036621094,472.7300109863281,76668000.0,107.11000061035156,107.30999755859375,103.54000091552734,104.625,21561800.0,4.23199987411499,4.250999927520752,4.197999954223633,4.2129998207092285,0.0,103.91000366210938,104.05999755859375,103.55999755859375,103.91000366210938,0.0,24.700000762939453,29.559999465942383,24.68000030517578,27.860000610351562,0.0
2025-03-11,49.689998626708984,49.89500045776367,48.939998626708984,49.43000030517578,9000.0,559.4000244140625,564.02001953125,552.02001953125,555.9199829101562,88102100.0,472.3500061035156,478.80999755859375,467.010009765625,471.6000061035156,68760800.0,104.30500030517578,105.95500183105469,103.1449966430664,104.19999694824219,14832800.0,4.23799991607666,4.295000076293945,4.188000202178955,4.288000106811523,0.0,103.83999633789062,103.91999816894531,103.22000122070312,103.44000244140625,0.0,27.940000534057617,29.56999969482422,26.18000030517578,26.920000076293945,0.0
2025-03-12,50.060001373291016,50.099998474121094,49.52000045776367,49.85499954223633,3200.0,562.1699829101562,563.1099853515625,553.6900024414062,558.8699951171875,69588200.0,479.1600036621094,481.05999755859375,471.7900085449219,476.9200134277344,46971100.0,106.05999755859375,106.76000213623047,104.57499694824219,105.83999633789062,10981600.0,4.309000015258789,4.331999778747559,4.250999927520752,4.317999839782715,0.0,103.41999816894531,103.77999877929688,103.3499984741211,103.61000061035156,0.0,26.8799991607666,26.90999984741211,23.889999389648438,24.229999542236328,0.0
2025-03-13,49.7599983215332,49.7599983215332,48.814998626708984,48.939998626708984,14000.0,558.489990234375,559.1099853515625,549.6799926757812,551.4199829101562,74079400.0,476.25,476.2799987792969,466.42999267578125,468.3399963378906,46563300.0,105.53500366210938,105.7699966430664,103.42500305175781,103.83000183105469,12383000.0,4.329999923706055,4.353000164031982,4.258999824523926,4.27400016784668,0.0,103.61000061035156,104.08000183105469,103.51000213623047,103.83000183105469,0.0,24.920000076293945,26.1299991607666,23.459999084472656,24.65999984741211,0.0
2025-03-14,49.45000076293945,50.09299850463867,49.45000076293945,50.09299850463867,4000.0,556.1099853515625,563.8300170898438,551.489990234375,562.8099975585938,62660300.0,473.7300109863281,480.55999755859375,473.1199951171875,479.6600036621094,43563000.0,105.19000244140625,107.08000183105469,105.15499877929688,106.97000122070312,10040800.0,4.315999984741211,4.323999881744385,4.290999889373779,4.308000087738037,0.0,103.83999633789062,104.08999633789062,103.56999969482422,103.72000122070312,0.0,24.350000381469727,24.360000610351562,21.479999542236328,21.770000457763672,0.0
2025-03-17,49.959999084472656,50.53099822998047,49.959999084472656,50.53099822998047,1700.0,562.7899780273438,569.7100219726562,562.3499755859375,567.1500244140625,49008700.0,479.6099853515625,485.8399963378906,477.79998779296875,482.7699890136719,41744400.0,106.88500213623047,108.4800033569336,106.57499694824219,107.71499633789062,10148800.0,4.2789998054504395,4.330999851226807,4.257999897003174,4.306000232696533,0.0,103.73999786376953,103.80999755859375,103.30000305175781,103.37000274658203,0.0,22.889999389648438,22.950000762939453,20.31999969482422,20.510000228881836,0.0
2025-03-18,50.08000183105469,50.08000183105469,49.3849983215332,49.959999084472656,1900.0,564.7999877929688,565.02001953125,559.0599975585938,561.02001953125,66041400.0,479.4100036621094,479.6099853515625,472.4100036621094,474.5400085449219,39072300.0,106.94999694824219,107.05999755859375,105.68499755859375,106.07499694824219,11486600.0,4.320000171661377,4.339000225067139,4.265999794006348,4.281000137329102,0.0,103.44000244140625,103.68000030517578,103.19999694824219,103.23999786376953,0.0,20.829999923706055,22.56999969482422,20.40999984741211,21.700000762939453,0.0
2025-03-19,50.0,50.88999938964844,50.0,50.5620002746582,2800.0,562.8300170898438,570.9500122070312,561.6300048828125,567.1300048828125,66556000.0,476.80999755859375,485.3299865722656,474.8699951171875,480.8900146484375,40430300.0,106.62000274658203,108.71499633789062,106.17500305175781,107.45500183105469,8838600.0,4.293000221252441,4.322999954223633,4.251999855041504,4.25600004196167,0.0,103.2699966430664,103.91000366210938,103.25,103.43000030517578,0.0,21.84000015258789,22.100000381469727,19.420000076293945,19.899999618530273,0.0
2025-03-20,50.20000076293945,50.33300018310547,50.20000076293945,50.33300018310547,3700.0,563.3300170898438,570.5700073242188,562.5999755859375,565.489990234375,62958200.0,476.8800048828125,484.54998779296875,476.17999267578125,479.260009765625,36780500.0,106.23500061035156,107.86499786376953,106.07499694824219,106.69000244140625,7145200.0,4.190999984741211,4.245999813079834,4.173999786376953,4.232999801635742,0.0,103.43000030517578,104.12999725341797,103.31999969482422,103.8499984741211,0.0,19.520000457763672,21.170000076293945,19.299999237060547,19.799999237060547,0.0
2025-03-21,49.77000045776367,50.349998474121094,49.77000045776367,50.34000015258789,4900.0,559.280029296875,564.8900146484375,558.030029296875,563.97998046875,83763000.0,474.0799865722656,481.6099853515625,472.9100036621094,480.8399963378906,42234900.0,105.36000061035156,107.125,104.97000122070312,106.9800033569336,10425400.0,4.210000038146973,4.25600004196167,4.199999809265137,4.251999855041504,0.0,103.77999877929688,104.22000122070312,103.76000213623047,104.08999633789062,0.0,20.020000457763672,21.139999389648438,19.149999618530273,19.280000686645508,0.0
2025-03-24,51.0,51.44300079345703,51.0,51.44300079345703,6000.0,570.7999877929688,575.1500244140625,570.2000122070312,574.0800170898438,58766800.0,487.739990234375,491.510009765625,484.3999938964844,490.6600036621094,34567200.0,108.56999969482422,109.07499694824219,108.28500366210938,108.81500244140625,8200200.0,4.302000045776367,4.339000225067139,4.288000106811523,4.330999851226807,0.0,104.1500015258789,104.44000244140625,103.83999633789062,104.26000213623047,0.0,19.1299991607666,19.139999389648438,17.459999084472656,17.479999542236328,0.0
2025-03-25,51.474998474121094,51.551998138427734,51.33000183105469,51.551998138427734,1700.0,575.2999877929688,576.4099731445312,573.6900024414062,575.4600219726562,38355700.0,491.3900146484375,493.6199951171875,490.4200134277344,493.4599914550781,26035200.0,108.74500274658203,109.31999969482422,108.69000244140625,109.17500305175781,7481800.0,4.361999988555908,4.363999843597412,4.297999858856201,4.307000160217285,0.0,104.33000183105469,104.47000122070312,103.94000244140625,104.18000030517578,0.0,17.579999923706055,17.770000457763672,17.020000457763672,17.149999618530273,0.0
2025-03-26,50.970001220703125,50.974998474121094,50.65999984741211,50.832000732421875,2100.0,575.1900024414062,576.3300170898438,567.1900024414062,568.5900268554688,51848300.0,492.29998779296875,493.1600036621094,482.82000732421875,484.3800048828125,34627100.0,108.83999633789062,109.0999984741211,106.31999969482422,106.73999786376953,7873000.0,4.3480000495910645,4.361999988555908,4.327000141143799,4.3379998207092285,0.0,104.25,104.68000030517578,104.18000030517578,104.55000305175781,0.0,17.229999542236328,19.06999969482422,16.969999313354492,18.329999923706055,0.0
2025-03-27,50.58000183105469,50.95000076293945,50.5,50.529998779296875,2300.0,567.1799926757812,570.9000244140625,564.9400024414062,567.0800170898438,42164200.0,482.4100036621094,486.5799865722656,480.25,481.6199951171875,33469800.0,106.01000213623047,106.61000061035156,105.19499969482422,105.75499725341797,6577800.0,4.385000228881836,4.38700008392334,4.355999946594238,4.36899995803833,0.0,104.6500015258789,104.6500015258789,104.06999969482422,104.06999969482422,0.0,18.360000610351562,19.280000686645508,17.950000762939453,18.690000534057617,0.0
2025-03-28,49.75,49.75,49.439998626708984,49.47100067138672,5500.0,565.530029296875,566.27001953125,555.0700073242188,555.6599731445312,71662700.0,479.80999755859375,480.5199890136719,468.04998779296875,468.94000244140625,46363800.0,105.20500183105469,105.62999725341797,102.83999633789062,103.19000244140625,10667600.0,4.326000213623047,4.340000152587891,4.250999927520752,4.255000114440918,0.0,104.27999877929688,104.5,103.9000015258789,104.04000091552734,0.0,19.079999923706055,22.18000030517578,18.920000076293945,21.649999618530273,0.0
2025-03-31,49.2400016784668,49.71900177001953,48.779998779296875,49.71900177001953,4600.0,549.8300170898438,560.7100219726562,546.8699951171875,559.3900146484375,95328200.0,461.9200134277344,469.8599853515625,457.3299865722656,468.9200134277344,53000300.0,101.38999938964844,103.4749984741211,100.36499786376953,103.23999786376953,14219000.0,4.203000068664551,4.258999824523926,4.191999912261963,4.245999813079834,0.0,104.01000213623047,104.38999938964844,103.75,104.20999908447266,0.0,24.110000610351562,24.799999237060547,21.670000076293945,22.280000686645508,0.0
2025-04-01,49.77000045776367,49.94900131225586,49.611000061035156,49.94900131225586,3000.0,557.4500122070312,562.9400024414062,553.6799926757812,560.969970703125,54609600.0,467.29998779296875,473.6300048828125,464.4200134277344,472.70001220703125,41156200.0,102.83000183105469,104.08499908447266,101.98999786376953,103.99500274658203,9480200.0,4.158999919891357,4.185999870300293,4.132999897003174,4.156000137329102,0.0,104.18000030517578,104.37000274658203,104.0199966430664,104.26000213623047,0.0,22.059999465942383,23.520000457763672,21.579999923706055,21.770000457763672,0.0
2025-04-02,49.86000061035156,50.61000061035156,49.86000061035156,50.430999755859375,21500.0,555.0499877929688,567.4199829101562,554.8099975585938,564.52001953125,76014500.0,466.1199951171875,479.55999755859375,465.8599853515625,476.1499938964844,49894500.0,102.51000213623047,105.62999725341797,102.43000030517578,104.76499938964844,9292000.0,4.142000198364258,4.22599983215332,4.110000133514404,4.196000099182129,0.0,104.19999694824219,104.30999755859375,103.37000274658203,103.80999755859375,0.0,22.299999237060547,23.65999984741211,20.68000030517578,21.510000228881836,0.0
2025-04-03,48.13999938964844,49.25,47.87900161743164,47.87900161743164,12300.0,545.1099853515625,547.969970703125,536.7000122070312,536.7000122070312,125986000.0,456.44000244140625,460.07000732421875,450.1400146484375,450.6600036621094,70456300.0,99.74500274658203,100.3499984741211,97.53500366210938,97.61499786376953,19451400.0,4.073999881744385,4.073999881744385,4.004000186920166,4.054999828338623,0.0,103.1500015258789,103.37999725341797,101.2699966430664,102.06999969482422,0.0,26.3799991607666,30.020000457763672,24.93000030517578,30.020000457763672,0.0
2025-04-04,47.130001068115234,47.130001068115234,44.900001525878906,44.900001525878906,8600.0,523.6699829101562,525.8699951171875,505.05999755859375,505.2799987792969,217965100.0,438.1400146484375,440.3699951171875,422.6700134277344,422.6700134277344,117088400.0,94.56999969482422,95.31999969482422,91.1500015258789,91.18499755859375,33804600.0,3.9119999408721924,4.014999866485596,3.885999917984009,3.984999895095825,0.0,101.98999786376953,103.18000030517578,101.54000091552734,103.0199966430664,0.0,30.1200008392334,45.61000061035156,29.989999771118164,45.310001373291016,0.0
2025-04-07,43.22999954223633,45.77000045776367,42.43000030517578,44.849998474121094,24000.0,489.19000244140625,523.1699829101562,481.79998779296875,504.3800048828125,256611400.0,408.6600036621094,443.1400146484375,402.3900146484375,423.69000244140625,161557000.0,87.46499633789062,95.90499877929688,86.2249984741211,91.7300033569336,44557800.0,3.9769999980926514,4.210000038146973,3.9719998836517334,4.15500020980835,0.0,103.06999969482422,103.54000091552734,102.18000030517578,103.26000213623047,0.0,60.130001068115234,60.130001068115234,38.58000183105469,46.97999954223633,0.0
2025-04-08,46.400001525878906,46.689998626708984,43.55500030517578,44.25,11200.0,521.8599853515625,524.97998046875,489.1600036621094,496.4800109863281,165816600.0,438.1600036621094,443.1400146484375,409.7900085449219,416.05999755859375,101248100.0,95.1449966430664,96.41999816894531,88.22000122070312,89.86499786376953,25811400.0,4.2179999351501465,4.275000095367432,4.164000034332275,4.26200008392334,0.0,103.43000030517578,103.44000244140625,102.75,102.95999908447266,0.0,44.040000915527344,57.52000045776367,36.47999954223633,52.33000183105469,0.0
2025-04-09,43.83000183105469,48.7599983215332,43.83000183105469,48.72999954223633,11900.0,493.44000244140625,548.6199951171875,493.04998779296875,548.6199951171875,241867300.0,415.57000732421875,467.8299865722656,415.42999267578125,466.0,142876900.0,90.05000305175781,102.48999786376953,89.93499755859375,101.93000030517578,36988800.0,4.455999851226807,4.473999977111816,4.3429999351501465,4.400000095367432,0.0,102.75,103.33000183105469,101.83999633789062,102.9000015258789,0.0,50.97999954223633,57.959999084472656,31.899999618530273,33.619998931884766,0.0
2025-04-10,47.67499923706055,47.67499923706055,46.10200119018555,46.98500061035156,8100.0,532.1699829101562,533.5,509.32000732421875,524.5800170898438,162331200.0,453.55999755859375,455.5899963378906,432.6300048828125,446.17999267578125,108384100.0,98.42500305175781,99.0999984741211,93.86499786376953,97.18499755859375,19747600.0,4.328000068664551,4.400000095367432,4.289000034332275,4.394000053405762,0.0,102.98999786376953,103.02999877929688,100.69999694824219,100.87000274658203,0.0,34.439998626708984,54.869998931884766,34.439998626708984,40.720001220703125,0.0
2025-04-11,46.9900016784668,47.880001068115234,46.66999816894531,47.83000183105469,4800.0,523.010009765625,536.4299926757812,520.0700073242188,533.9400024414062,97866300.0,444.6499938964844,455.7900085449219,441.3299865722656,454.3999938964844,52483800.0,96.69999694824219,99.5999984741211,95.9749984741211,99.17500305175781,14423200.0,4.440000057220459,4.5920000076293945,4.427000045776367,4.493000030517578,0.0,100.77999877929688,100.77999877929688,99.01000213623047,99.77999877929688,0.0,40.79999923706055,46.119998931884766,36.849998474121094,37.560001373291016,0.0
2025-04-14,48.2599983215332,48.619998931884766,48.14099884033203,48.14099884033203,3600.0,544.0499877929688,544.280029296875,533.8599853515625,539.1199951171875,68034000.0,464.4599914550781,465.04998779296875,452.6300048828125,457.4800109863281,43941200.0,102.25,102.31500244140625,99.0,100.08000183105469,11904400.0,4.438000202178955,4.458000183105469,4.360000133514404,4.363999843597412,0.0,100.0199966430664,100.16000366210938,99.20999908447266,99.63999938964844,0.0,34.7599983215332,35.16999816894531,29.75,30.889999389648438,0.0
2025-04-15,48.04999923706055,48.43000030517578,48.04999923706055,48.19499969482422,2800.0,539.6699829101562,543.22998046875,536.8099975585938,537.6099853515625,56892900.0,458.5400085449219,462.3800048828125,456.1499938964844,457.989990234375,35404200.0,100.23500061035156,101.20500183105469,99.9749984741211,100.44499969482422,7200000.0,4.380000114440918,4.39900016784668,4.308000087738037,4.322999954223633,0.0,99.80999755859375,100.27999877929688,99.4800033569336,100.22000122070312,0.0,30.010000228881836,31.450000762939453,28.290000915527344,30.1200008392334,0.0
2025-04-16,48.06999969482422,48.06999969482422,46.90999984741211,47.15599822998047,3300.0,531.6799926757812,537.8900146484375,520.2899780273438,525.6599731445312,83484800.0,449.0299987792969,452.6199951171875,437.760009765625,444.17999267578125,48980600.0,97.75,98.79000091552734,95.2699966430664,96.95500183105469,13222400.0,4.315999984741211,4.3520002365112305,4.275000095367432,4.2789998054504395,0.0,100.05999755859375,100.0999984741211,99.16999816894531,99.37999725341797,0.0,33.2400016784668,34.959999084472656,29.479999542236328,32.63999938964844,0.0
2025-04-17,46.68000030517578,46.7599983215332,46.68000030517578,46.68000030517578,1700.0,527.6400146484375,531.1699829101562,523.9099731445312,526.4099731445312,79868100.0,447.1700134277344,447.75,441.3599853515625,444.1000061035156,44837000.0,97.6500015258789,97.6500015258789,96.0199966430664,96.43000030517578,7480800.0,4.291999816894531,4.343999862670898,4.2779998779296875,4.333000183105469,0.0,99.2300033569336,99.75,99.22000122070312,99.37999725341797,0.0,30.790000915527344,32.54999923706055,29.56999969482422,29.649999618530273,0.0
2025-04-21,46.369998931884766,46.369998931884766,44.95000076293945,45.35900115966797,3500.0,521.1599731445312,521.7000122070312,508.4599914550781,513.8800048828125,69368100.0,438.2300109863281,439.0799865722656,427.92999267578125,433.1099853515625,44149300.0,94.90499877929688,95.1449966430664,92.59500122070312,93.94000244140625,8973400.0,4.396999835968018,4.4070000648498535,4.333000183105469,4.40500020980835,0.0,99.08000183105469,99.20999908447266,97.91999816894531,98.27999877929688,0.0,32.75,35.75,31.790000915527344,33.81999969482422,0.0
2025-04-22,45.900001525878906,46.599998474121094,45.900001525878906,46.5260009765625,3300.0,520.1400146484375,529.2999877929688,519.1900024414062,527.25,75948100.0,438.82000732421875,447.5799865722656,437.6199951171875,444.4800109863281,52304400.0,95.19000244140625,96.78500366210938,94.63500213623047,96.2300033569336,9312800.0,4.4070000648498535,4.4070000648498535,4.370999813079834,4.388999938964844,0.0,98.30000305175781,99.3499984741211,98.01000213623047,98.91999816894531,0.0,32.61000061035156,32.68000030517578,30.079999923706055,30.56999969482422,0.0
2025-04-23,47.75299835205078,47.75299835205078,47.52000045776367,47.52000045776367,900.0,540.4299926757812,545.4299926757812,533.8800048828125,535.4199829101562,90590700.0,458.1700134277344,463.3800048828125,452.8800048828125,454.55999755859375,55801100.0,99.91999816894531,100.9749984741211,98.61499786376953,99.0199966430664,13413800.0,4.291999816894531,4.39900016784668,4.261000156402588,4.38700008392334,0.0,99.4800033569336,99.94000244140625,98.86000061035156,99.83999633789062,0.0,28.75,30.290000915527344,27.110000610351562,28.450000762939453,0.0
2025-04-24,48.189998626708984,48.59299850463867,47.86000061035156,48.59299850463867,3300.0,536.719970703125,547.4299926757812,535.4500122070312,546.6900024414062,64150400.0,456.4800109863281,467.6600036621094,455.8299865722656,467.3500061035156,45956100.0,99.99500274658203,102.8550033569336,99.83499908447266,102.71499633789062,9317000.0,4.343999862670898,4.3480000495910645,4.302999973297119,4.304999828338623,0.0,99.75,99.83999633789062,99.22000122070312,99.29000091552734,0.0,28.690000534057617,29.65999984741211,26.360000610351562,26.469999313354492,0.0
2025-04-25,48.7599983215332,48.97999954223633,48.7599983215332,48.97999954223633,3800.0,546.6500244140625,551.0499877929688,543.6900024414062,550.6400146484375,61119600.0,466.9700012207031,473.0899963378906,465.3900146484375,472.55999755859375,38697100.0,102.40499877929688,104.43000030517578,102.30500030517578,104.23500061035156,6518400.0,4.2820000648498535,4.293000221252441,4.250999927520752,4.265999794006348,0.0,99.41000366210938,99.88999938964844,99.4000015258789,99.47000122070312,0.0,26.219999313354492,27.200000762939453,24.84000015258789,24.84000015258789,0.0
2025-04-28,49.3380012512207,49.3380012512207,48.540000915527344,49.0989990234375,6900.0,551.3900146484375,553.5499877929688,545.02001953125,550.8499755859375,47613800.0,473.0299987792969,474.80999755859375,466.0299987792969,472.4100036621094,33550800.0,104.0999984741211,104.61499786376953,102.51000213623047,104.06500244140625,5574400.0,4.28000020980835,4.295000076293945,4.214000225067139,4.216000080108643,0.0,99.61000061035156,99.83999633789062,98.9000015258789,99.01000213623047,0.0,25.75,26.93000030517578,24.700000762939453,25.149999618530273,0.0
2025-04-29,48.970001220703125,49.369998931884766,48.91999816894531,49.347999572753906,2200.0,548.9099731445312,555.4500122070312,548.5499877929688,554.3200073242188,47775100.0,470.1700134277344,476.4200134277344,469.5899963378906,475.5299987792969,30613100.0,103.56500244140625,104.98500061035156,103.56500244140625,104.55000305175781,9144400.0,4.2270002365112305,4.244999885559082,4.164000034332275,4.172999858856201,0.0,99.04000091552734,99.37000274658203,98.94999694824219,99.23999786376953,0.0,24.760000228881836,25.989999771118164,23.760000228881836,24.170000076293945,0.0
2025-04-30,48.619998931884766,49.57899856567383,48.369998931884766,49.57899856567383,8900.0,547.5700073242188,556.52001953125,541.52001953125,554.5399780273438,93101500.0,467.1300048828125,477.20001220703125,462.42999267578125,475.4700012207031,46810600.0,102.49500274658203,105.375,101.9000015258789,104.98500061035156,10203800.0,4.138999938964844,4.229000091552734,4.135000228881836,4.177000045776367,0.0,99.16999816894531,99.70999908447266,99.13999938964844,99.47000122070312,0.0,24.350000381469727,28.170000076293945,24.229999542236328,24.700000762939453,0.0
2025-05-01,50.060001373291016,50.060001373291016,49.59000015258789,49.61000061035156,18800.0,560.3699951171875,564.0700073242188,557.8599853515625,558.469970703125,63186100.0,483.4100036621094,487.17999267578125,480.739990234375,481.67999267578125,43316500.0,107.27999877929688,108.2750015258789,106.43000030517578,106.5250015258789,11532800.0,4.150000095367432,4.241000175476074,4.124000072479248,4.230999946594238,0.0,99.6500015258789,100.37999725341797,99.61000061035156,100.25,0.0,23.940000534057617,25.18000030517578,23.299999237060547,24.600000381469727,0.0
2025-05-02,50.04999923706055,50.45800018310547,50.04999923706055,50.45800018310547,2900.0,564.72998046875,568.3800048828125,562.3800048828125,566.760009765625,60717300.0,486.5400085449219,490.9100036621094,484.8299865722656,488.8299865722656,39218100.0,107.74500274658203,108.80999755859375,107.45500183105469,108.30500030517578,8125400.0,4.224999904632568,4.331999778747559,4.224999904632568,4.322000026702881,0.0,100.18000030517578,100.33000183105469,99.4000015258789,100.0,0.0,23.6299991607666,24.31999969482422,22.34000015258789,22.68000030517578,0.0
2025-05-05,50.130001068115234,50.54999923706055,50.119998931884766,50.32600021362305,3200.0,562.5700073242188,566.6500244140625,561.7000122070312,563.510009765625,38659200.0,484.6000061035156,489.0299987792969,484.1000061035156,485.92999267578125,28309500.0,107.375,108.5,107.31999969482422,107.7300033569336,6757000.0,4.301000118255615,4.370999813079834,4.297999858856201,4.3429999351501465,0.0,100.0,100.05000305175781,99.45999908447266,99.83000183105469,0.0,24.25,24.6299991607666,22.809999465942383,23.639999389648438,0.0
2025-05-06,49.810001373291016,50.2400016784668,49.79999923706055,50.11000061035156,3500.0,557.9299926757812,563.3499755859375,556.9600219726562,558.7999877929688,48264700.0,479.55999755859375,485.04998779296875,478.19000244140625,481.4100036621094,32786300.0,106.12999725341797,107.62000274658203,105.80500030517578,106.83499908447266,7958200.0,4.336999893188477,4.36299991607666,4.306000232696533,4.308000087738037,0.0,99.83000183105469,100.0999984741211,99.16999816894531,99.23999786376953,0.0,23.969999313354492,25.110000610351562,23.899999618530273,24.760000228881836,0.0
2025-05-07,50.09000015258789,50.25,49.83000183105469,50.25,4800.0,560.1500244140625,563.8200073242188,556.0399780273438,561.1500244140625,55588000.0,482.0799865722656,485.79998779296875,476.7799987792969,483.29998779296875,38006300.0,106.83499908447266,108.375,106.0999984741211,107.90499877929688,8169400.0,4.320000171661377,4.328000068664551,4.260000228881836,4.275000095367432,0.0,99.5,99.97000122070312,99.29000091552734,99.61000061035156,0.0,24.559999465942383,25.6200008392334,23.290000915527344,23.549999237060547,0.0
2025-05-08,50.61000061035156,51.05799865722656,50.59000015258789,50.59000015258789,2300.0,565.239990234375,570.3099975585938,561.7000122070312,565.0599975585938,65130800.0,488.5299987792969,492.70001220703125,484.1700134277344,488.2900085449219,39577600.0,108.9749984741211,109.97000122070312,108.00499725341797,108.93499755859375,8704400.0,4.300000190734863,4.383999824523926,4.2829999923706055,4.373000144958496,0.0,99.8499984741211,100.76000213623047,99.61000061035156,100.63999938964844,0.0,22.84000015258789,23.610000610351562,21.8799991607666,22.479999542236328,0.0
2025-05-09,50.68000030517578,50.86800003051758,50.68000030517578,50.722999572753906,2700.0,566.47998046875,567.5,562.760009765625,564.3400268554688,37603400.0,490.2099914550781,491.5400085449219,486.20001220703125,487.9700012207031,27767400.0,109.41999816894531,109.62000274658203,108.23999786376953,108.80000305175781,7330000.0,4.392000198364258,4.3979997634887695,4.3429999351501465,4.375,0.0,100.63999938964844,100.86000061035156,100.08999633789062,100.33999633789062,0.0,22.399999618530273,22.81999969482422,21.829999923706055,21.899999618530273,0.0
2025-05-12,52.869998931884766,52.869998931884766,51.91999816894531,52.400001525878906,8200.0,581.469970703125,583.0,577.0399780273438,582.989990234375,78993600.0,506.989990234375,507.8900146484375,501.4800109863281,507.8500061035156,45090600.0,113.41500091552734,113.88999938964844,112.2699966430664,113.8499984741211,13478200.0,4.460999965667725,4.468999862670898,4.428999900817871,4.456999778747559,0.0,100.69000244140625,101.9800033569336,100.51000213623047,101.79000091552734,0.0,19.84000015258789,20.440000534057617,18.139999389648438,18.389999389648438,0.0
2025-05-13,52.577999114990234,52.97999954223633,52.56999969482422,52.915000915527344,2600.0,583.4099731445312,589.0800170898438,582.8400268554688,586.8400268554688,67947200.0,509.1600036621094,517.3900146484375,508.4200134277344,515.5900268554688,53269600.0,114.26000213623047,116.69000244140625,114.12999725341797,116.30999755859375,12757200.0,4.453000068664551,4.505000114440918,4.428999900817871,4.499000072479248,0.0,101.7300033569336,101.76000213623047,100.91000366210938,101.0,0.0,18.690000534057617,18.850000381469727,17.649999618530273,18.219999313354492,0.0
2025-05-14,53.1150016784668,53.1150016784668,52.939998626708984,53.053001403808594,8500.0,587.8099975585938,588.97998046875,585.5399780273438,587.5900268554688,66283500.0,516.77001953125,519.22998046875,515.75,518.6799926757812,47014500.0,116.8550033569336,117.5250015258789,116.37999725341797,117.06500244140625,10248000.0,4.4770002365112305,4.53000020980835,4.4770002365112305,4.5279998779296875,0.0,100.94999694824219,101.13999938964844,100.2699966430664,101.04000091552734,0.0,18.100000381469727,18.81999969482422,18.059999465942383,18.6200008392334,0.0
2025-05-15,52.810001373291016,53.16999816894531,52.810001373291016,53.150001525878906,1400.0,585.5599975585938,590.969970703125,585.0999755859375,590.4600219726562,71268100.0,516.52001953125,521.9299926757812,515.1699829101562,519.25,50153300.0,116.43000030517578,117.88500213623047,116.29000091552734,117.2249984741211,9536400.0,4.513000011444092,4.541999816894531,4.440999984741211,4.454999923706055,0.0,100.97000122070312,101.05999755859375,100.58999633789062,100.87999725341797,0.0,19.190000534057617,19.3799991607666,17.770000457763672,17.829999923706055,0.0
2025-05-16,53.29999923706055,53.54800033569336,53.15999984741211,53.54800033569336,3300.0,591.25,594.5,589.280029296875,594.2000122070312,76052100.0,520.6599731445312,521.7000122070312,517.0999755859375,521.510009765625,48394600.0,117.6050033569336,117.6050033569336,116.43000030517578,117.44499969482422,8111600.0,4.395999908447266,4.445000171661377,4.388000011444092,4.440999984741211,0.0,100.7699966430664,101.26000213623047,100.5199966430664,101.08999633789062,0.0,17.959999084472656,17.959999084472656,17.149999618530273,17.239999771118164,0.0
2025-05-19,52.970001220703125,53.720001220703125,52.970001220703125,53.68000030517578,3400.0,588.0999755859375,595.5399780273438,588.0999755859375,594.8499755859375,68168500.0,514.239990234375,522.530029296875,514.239990234375,522.010009765625,52536200.0,115.70999908447266,117.54000091552734,115.66999816894531,117.2750015258789,11863000.0,4.548999786376953,4.561999797821045,4.4710001945495605,4.474999904632568,0.0,100.91000366210938,100.91000366210938,100.05999755859375,100.43000030517578,0.0,19.84000015258789,19.920000076293945,17.920000076293945,18.139999389648438,0.0
2025-05-20,53.349998474121094,53.512001037597656,53.275001525878906,53.441001892089844,1800.0,593.0900268554688,594.0499877929688,589.5999755859375,592.8499755859375,60614500.0,519.469970703125,520.9299926757812,516.6599731445312,520.27001953125,42517600.0,116.54499816894531,116.8550033569336,115.94999694824219,116.83499908447266,10273200.0,4.474999904632568,4.5229997634887695,4.4730000495910645,4.480999946594238,0.0,100.43000030517578,100.58000183105469,100.01000213623047,100.12000274658203,0.0,18.459999084472656,18.68000030517578,17.700000762939453,18.09000015258789,0.0
2025-05-21,53.560001373291016,53.560001373291016,52.435001373291016,52.58000183105469,2900.0,588.4400024414062,592.5800170898438,581.8200073242188,582.8599853515625,95197700.0,516.27001953125,523.0,511.239990234375,513.0399780273438,71292800.0,115.73999786376953,117.3550033569336,114.17500305175781,114.63999938964844,18643600.0,4.543000221252441,4.604000091552734,4.5229997634887695,4.5960001945495605,0.0,99.98999786376953,99.98999786376953,99.33999633789062,99.55999755859375,0.0,18.770000457763672,21.049999237060547,17.770000457763672,20.8700008392334,0.0
2025-05-22,52.560001373291016,52.810001373291016,52.439998626708984,52.51499938964844,5000.0,582.6599731445312,586.6199951171875,581.4099731445312,583.0900268554688,70860400.0,513.6599731445312,517.7100219726562,512.2999877929688,514.0,55607200.0,114.69499969482422,115.69999694824219,114.41500091552734,114.66999816894531,11372000.0,4.61299991607666,4.629000186920166,4.540999889373779,4.552999973297119,0.0,99.63999938964844,100.12000274658203,99.44000244140625,99.95999908447266,0.0,20.6200008392334,22.06999969482422,19.639999389648438,20.280000686645508,0.0
2025-05-23,51.790000915527344,52.290000915527344,51.790000915527344,52.02799987792969,7700.0,575.97998046875,581.8099975585938,575.5999755859375,579.1099853515625,76029000.0,506.17999267578125,511.8399963378906,505.5799865722656,509.239990234375,58368100.0,112.67500305175781,114.1449966430664,112.55000305175781,113.40499877929688,12004000.0,4.4730000495910645,4.5269999504089355,4.465000152587891,4.508999824523926,0.0,99.87999725341797,99.94000244140625,99.05000305175781,99.11000061035156,0.0,20.139999389648438,25.530000686645508,19.829999923706055,22.290000915527344,0.0
2025-05-27,53.02000045776367,53.209999084472656,52.61800003051758,53.154998779296875,3900.0,586.0700073242188,591.3099975585938,578.4299926757812,591.1500244140625,72588500.0,516.1500244140625,521.7100219726562,514.5900268554688,521.219970703125,47226300.0,115.16999816894531,116.26000213623047,114.78500366210938,116.0999984741211,14208400.0,4.468999862670898,4.486999988555908,4.432000160217285,4.434000015258789,0.0,98.95999908447266,99.62000274658203,98.77999877929688,99.5199966430664,0.0,20.6299991607666,21.010000228881836,18.950000762939453,18.959999084472656,0.0
2025-05-28,53.45000076293945,53.45000076293945,53.00600051879883,53.00600051879883,10400.0,591.5599975585938,592.77001953125,586.989990234375,587.72998046875,68445500.0,522.1799926757812,523.6799926757812,518.3900146484375,518.9099731445312,46637200.0,116.23999786376953,116.70500183105469,115.44999694824219,115.62000274658203,10789200.0,4.443999767303467,4.500999927520752,4.438000202178955,4.4770002365112305,0.0,99.52999877929688,99.95999908447266,99.44000244140625,99.87999725341797,0.0,19.209999084472656,19.43000030517578,18.68000030517578,19.309999465942383,0.0
2025-05-29,53.2599983215332,53.2599983215332,52.97999954223633,53.09199905395508,3200.0,593.0599975585938,593.2000122070312,586.0700073242188,590.0499877929688,69973300.0,526.3300170898438,526.47998046875,517.3200073242188,519.9299926757812,58513300.0,117.37000274658203,117.48999786376953,115.22000122070312,115.81500244140625,14011800.0,4.497000217437744,4.499000072479248,4.415999889373779,4.423999786376953,0.0,100.54000091552734,100.54000091552734,99.22000122070312,99.27999877929688,0.0,18.25,20.200000762939453,18.110000610351562,19.18000030517578,0.0
2025-05-30,53.02000045776367,53.141998291015625,52.540000915527344,53.08700180053711,5700.0,588.9299926757812,591.1300048828125,583.239990234375,589.3900146484375,90601200.0,519.4400024414062,520.6799926757812,511.92999267578125,519.1099853515625,67662800.0,115.76000213623047,115.81500244140625,113.70999908447266,115.45500183105469,13494000.0,4.421999931335449,4.441999912261963,4.394000053405762,4.415999889373779,0.0,99.25,99.66999816894531,99.12999725341797,99.33000183105469,0.0,19.610000610351562,20.549999237060547,18.56999969482422,18.56999969482422,0.0
2025-06-02,53.0,53.20000076293945,52.630001068115234,53.1879997253418,4100.0,587.760009765625,592.7899780273438,585.0599975585938,592.7100219726562,61630500.0,517.239990234375,523.4500122070312,515.969970703125,523.2100219726562,44762800.0,115.1500015258789,116.54499816894531,115.01000213623047,116.4749984741211,12878800.0,4.438000202178955,4.46999979019165,4.418000221252441,4.461999893188477,0.0,99.41000366210938,99.41999816894531,98.61000061035156,98.69999694824219,0.0,19.809999465942383,20.450000762939453,18.360000610351562,18.360000610351562,0.0
2025-06-03,53.209999084472656,53.720001220703125,53.209999084472656,53.56700134277344,5300.0,592.3400268554688,597.0800170898438,591.8499755859375,596.0900268554688,63606200.0,523.5599975585938,528.739990234375,522.6900024414062,527.2999877929688,44070300.0,116.62999725341797,118.31500244140625,116.54499816894531,118.2249984741211,14312400.0,4.409999847412109,4.473999977111816,4.406000137329102,4.460000038146973,0.0,98.58999633789062,99.33000183105469,98.58000183105469,99.25,0.0,18.829999923706055,19.209999084472656,17.639999389648438,17.690000534057617,0.0
2025-06-04,53.900001525878906,54.0099983215332,53.75,53.770999908447266,15800.0,596.9600219726562,597.9500122070312,595.489990234375,595.9299926757812,57314200.0,528.010009765625,529.8400268554688,525.969970703125,528.77001953125,41359300.0,118.375,118.7699966430664,117.81500244140625,118.4000015258789,10899200.0,4.427999973297119,4.429999828338623,4.348999977111816,4.364999771118164,0.0,99.18000030517578,99.38999938964844,98.66999816894531,98.79000091552734,0.0,17.68000030517578,18.06999969482422,17.40999984741211,17.610000610351562,0.0
2025-06-05,53.68000030517578,53.95000076293945,53.45000076293945,53.63999938964844,8400.0,597.6300048828125,599.0,591.0499877929688,593.0499877929688,92278700.0,530.1799926757812,533.0499877929688,522.6599731445312,524.7899780273438,61031200.0,118.75,119.78500366210938,117.55500030517578,118.06500244140625,15885200.0,4.3379998207092285,4.400000095367432,4.317999839782715,4.394000053405762,0.0,98.80000305175781,98.94000244140625,98.3499984741211,98.73999786376953,0.0,17.68000030517578,18.799999237060547,17.079999923706055,18.479999542236328,0.0
2025-06-06,53.939998626708984,54.18000030517578,53.78499984741211,54.145999908447266,2400.0,598.6599731445312,600.8300170898438,596.8599853515625,599.1400146484375,66588700.0,530.0,531.7999877929688,528.2100219726562,529.9199829101562,42467000.0,119.20500183105469,119.7300033569336,118.83999633789062,119.18000030517578,9026000.0,4.4029998779296875,4.51200008392334,4.400000095367432,4.510000228881836,0.0,98.69999694824219,99.36000061035156,98.66000366210938,99.19000244140625,0.0,18.15999984741211,18.350000381469727,16.649999618530273,16.770000457763672,0.0
2025-06-09,54.04999923706055,54.290000915527344,54.04999923706055,54.1150016784668,5900.0,599.719970703125,601.25,598.489990234375,599.6799926757812,53016400.0,530.1400146484375,532.3499755859375,529.010009765625,530.7000122070312,33688700.0,119.6449966430664,120.50499725341797,119.55500030517578,119.76499938964844,11100600.0,4.501999855041504,4.51800012588501,4.46999979019165,4.48199987411499,0.0,99.19999694824219,99.2300033569336,98.81999969482422,98.94000244140625,0.0,17.690000534057617,17.719999313354492,16.81999969482422,17.15999984741211,0.0
2025-06-10,54.150001525878906,54.310001373291016,54.150001525878906,54.28300094604492,3200.0,600.219970703125,603.469970703125,599.0900268554688,603.0800170898438,66247000.0,531.1699829101562,534.9000244140625,528.8900146484375,534.2100219726562,40664800.0,119.74500274658203,120.61499786376953,119.29499816894531,120.43499755859375,9831600.0,4.449999809265137,4.48199987411499,4.440000057220459,4.473999977111816,0.0,98.9800033569336,99.38999938964844,98.86000061035156,99.05000305175781,0.0,17.5,17.989999771118164,16.68000030517578,16.950000762939453,0.0
2025-06-11,54.5,54.56999969482422,54.04999923706055,54.18000030517578,2400.0,604.1900024414062,605.0599975585938,599.27001953125,601.3599853515625,73658200.0,535.6199951171875,536.780029296875,530.1099853515625,532.4099731445312,53701000.0,120.7249984741211,121.21499633789062,119.55000305175781,120.16999816894531,9599600.0,4.498000144958496,4.50600004196167,4.4070000648498535,4.4120001792907715,0.0,98.95999908447266,99.22000122070312,98.52999877929688,98.62999725341797,0.0,17.040000915527344,18.09000015258789,16.229999542236328,17.260000228881836,0.0
2025-06-12,54.18000030517578,54.540000915527344,54.18000030517578,54.42499923706055,2400.0,600.010009765625,603.75,599.52001953125,603.75,64129000.0,531.0900268554688,534.6400146484375,530.8400268554688,533.6599731445312,34104900.0,120.1449966430664,121.56500244140625,120.125,121.28500366210938,11210400.0,4.367000102996826,4.38700008392334,4.343999862670898,4.35699987411499,0.0,98.45999908447266,98.5199966430664,97.5999984741211,97.91999816894531,0.0,17.8700008392334,18.8700008392334,17.43000030517578,18.020000457763672,0.0
2025-06-13,53.720001220703125,54.04499816894531,53.54499816894531,53.54499816894531,2300.0,598.5,601.8499755859375,595.47998046875,597.0,89506000.0,527.6799926757812,531.8699951171875,525.72998046875,526.9600219726562,55814400.0,119.87999725341797,120.79499816894531,119.1449966430664,119.58499908447266,13193800.0,4.343999862670898,4.446000099182129,4.340000152587891,4.423999786376953,0.0,97.80999755859375,98.58999633789062,97.62000274658203,98.18000030517578,0.0,21.760000228881836,22.0,18.8799991607666,20.81999969482422,0.0
2025-06-16,54.02000045776367,54.40999984741211,54.02000045776367,54.196998596191406,3100.0,600.4000244140625,604.4500122070312,600.219970703125,602.6799926757812,79984100.0,530.5,535.3699951171875,530.4500122070312,534.2899780273438,37622100.0,120.30500030517578,121.87999725341797,120.30500030517578,121.5199966430664,13866200.0,4.441999912261963,4.453999996185303,4.4029998779296875,4.452000141143799,0.0,98.26000213623047,98.37000274658203,97.69000244140625,98.0,0.0,19.780000686645508,20.219999313354492,18.670000076293945,19.110000610351562,0.0
2025-06-17,53.81999969482422,54.150001525878906,53.81999969482422,53.849998474121094,1500.0,600.2100219726562,601.75,596.760009765625,597.530029296875,82209400.0,531.7100219726562,533.3300170898438,527.9099731445312,529.0800170898438,42180900.0,121.01000213623047,121.86499786376953,120.375,120.66000366210938,10525400.0,4.4029998779296875,4.441999912261963,4.38100004196167,4.39300012588501,0.0,98.19000244140625,98.87000274658203,98.0199966430664,98.81999969482422,0.0,20.530000686645508,21.790000915527344,19.549999237060547,21.600000381469727,0.0
2025-06-18,54.15999984741211,54.15999984741211,53.61000061035156,53.61000061035156,2500.0,598.4400024414062,601.219970703125,596.469970703125,597.4400024414062,76605000.0,530.0999755859375,532.5499877929688,527.4000244140625,528.989990234375,43983500.0,120.95500183105469,121.56500244140625,120.19000244140625,120.80500030517578,11066000.0,4.364999771118164,4.39900016784668,4.3460001945495605,4.396999835968018,0.0,98.87000274658203,99.01000213623047,98.4800033569336,98.91000366210938,0.0,20.899999618530273,21.579999923706055,19.59000015258789,20.139999389648438,0.0
2025-06-20,53.90999984741211,53.90999984741211,53.37300109863281,53.37300109863281,1900.0,598.3800048828125,599.4600219726562,592.8599853515625,594.280029296875,94051400.0,532.260009765625,533.5599975585938,524.8800048828125,526.8300170898438,61643500.0,121.23500061035156,121.6449966430664,119.70500183105469,120.2699966430664,11490600.0,4.436999797821045,4.442999839782715,4.361000061035156,4.375,0.0,98.66999816894531,98.88999938964844,98.54000091552734,98.70999908447266,0.0,20.739999771118164,21.06999969482422,19.110000610351562,20.6200008392334,0.0
2025-06-23,53.459999084472656,53.9370002746582,53.150001525878906,53.9370002746582,7500.0,595.0399780273438,600.5399780273438,591.8900146484375,600.1500244140625,87426000.0,526.8099975585938,532.1699829101562,523.6500244140625,531.6500244140625,50666100.0,120.19000244140625,121.54499816894531,119.375,121.44000244140625,12277000.0,4.361000061035156,4.361000061035156,4.290999889373779,4.320000171661377,0.0,99.08999633789062,99.41999816894531,98.3499984741211,98.41999816894531,0.0,21.149999618530273,22.510000228881836,19.81999969482422,19.829999923706055,0.0
2025-06-24,54.59000015258789,54.92499923706055,54.59000015258789,54.92499923706055,1500.0,604.3300170898438,607.8499755859375,603.4099731445312,606.780029296875,67735300.0,536.8900146484375,540.7000122070312,536.27001953125,539.780029296875,45442000.0,122.67500305175781,123.7699966430664,122.52999877929688,123.62000274658203,11329400.0,4.3520002365112305,4.370999813079834,4.284999847412109,4.293000221252441,0.0,98.16000366210938,98.27999877929688,97.70999908447266,97.86000061035156,0.0,18.190000534057617,18.719999313354492,17.329999923706055,17.479999542236328,0.0
2025-06-25,55.005001068115234,55.005001068115234,54.77000045776367,54.770999908447266,4300.0,607.9099731445312,608.6099853515625,605.5399780273438,607.1199951171875,62114800.0,542.0599975585938,543.3099975585938,539.3800048828125,541.1599731445312,44804200.0,124.26000213623047,124.86000061035156,124.1500015258789,124.67500305175781,9228600.0,4.308000087738037,4.3379998207092285,4.293000221252441,4.293000221252441,0.0,97.94000244140625,98.19999694824219,97.6500015258789,97.68000030517578,0.0,17.280000686645508,17.510000228881836,16.68000030517578,16.760000228881836,0.0
2025-06-26,55.11000061035156,55.167999267578125,54.59000015258789,55.167999267578125,5500.0,608.989990234375,612.3099975585938,608.3699951171875,611.8699951171875,78548400.0,543.3499755859375,546.6699829101562,541.52001953125,546.219970703125,43811400.0,125.23500061035156,125.73500061035156,124.73999786376953,125.53500366210938,11288400.0,4.2769999504089355,4.293000221252441,4.25,4.252999782562256,0.0,97.55000305175781,97.61000061035156,97.0,97.1500015258789,0.0,16.670000076293945,16.780000686645508,16.110000610351562,16.59000015258789,0.0
2025-06-27,55.380001068115234,55.599998474121094,55.06999969482422,55.40599822998047,4100.0,612.8800048828125,616.3900146484375,610.8300170898438,614.9099731445312,86258400.0,547.260009765625,549.989990234375,544.5399780273438,548.0900268554688,57577100.0,125.875,126.3550033569336,124.81500244140625,125.38500213623047,12196600.0,4.270999908447266,4.293000221252441,4.239999771118164,4.2829999923706055,0.0,97.33000183105469,97.5,97.0,97.4000015258789,0.0,16.309999465942383,17.290000915527344,16.1200008392334,16.31999969482422,0.0
2025-06-30,55.83000183105469,56.02299880981445,55.70500183105469,56.02299880981445,1400.0,617.3800048828125,619.219970703125,615.0399780273438,617.8499755859375,92502500.0,551.260009765625,552.7999877929688,549.010009765625,551.6400146484375,45548700.0,126.48500061035156,126.95999908447266,125.875,126.61499786376953,13365200.0,4.252999782562256,4.2769999504089355,4.230000019073486,4.230000019073486,0.0,97.19000244140625,97.31999969482422,96.7699966430664,96.87999725341797,0.0,17.190000534057617,17.43000030517578,16.549999237060547,16.729999542236328,0.0
2025-07-01,55.880001068115234,55.97999954223633,55.7400016784668,55.959999084472656,5900.0,616.3599853515625,618.8300170898438,615.52001953125,617.6500244140625,70030100.0,549.72998046875,550.7100219726562,544.6599731445312,546.989990234375,56166700.0,126.20999908447266,126.4749984741211,124.625,125.48500061035156,15144800.0,4.206999778747559,4.2769999504089355,4.204999923706055,4.250999927520752,0.0,96.77999877929688,96.94999694824219,96.37999725341797,96.81999969482422,0.0,16.979999542236328,17.479999542236328,16.510000228881836,16.829999923706055,0.0
2025-07-02,55.755001068115234,56.0359992980957,55.720001220703125,56.0359992980957,1600.0,617.239990234375,620.489990234375,616.6099853515625,620.4500122070312,66510400.0,546.1599731445312,551.0,546.1199951171875,550.7999877929688,36538300.0,125.16999816894531,126.8949966430664,125.08000183105469,126.80999755859375,11950200.0,4.269000053405762,4.308000087738037,4.263000011444092,4.293000221252441,0.0,96.63999938964844,97.1500015258789,96.62000274658203,96.77999877929688,0.0,16.75,17.3700008392334,16.540000915527344,16.639999389648438,0.0
2025-07-03,56.279998779296875,56.63999938964844,56.27899932861328,56.619998931884766,2100.0,622.4500122070312,626.280029296875,622.4299926757812,625.3400268554688,51065800.0,553.1799926757812,557.2000122070312,553.1799926757812,556.219970703125,26443500.0,127.5,128.86500549316406,127.44999694824219,128.47999572753906,7112800.0,4.256999969482422,4.363999843597412,4.255000114440918,4.3480000495910645,0.0,96.75,97.41999816894531,96.69000244140625,97.18000030517578,0.0,16.649999618530273,16.829999923706055,16.139999389648438,16.3799991607666,0.0
2025-07-07,56.58000183105469,56.58000183105469,56.06999969482422,56.12099838256836,2500.0,623.3599853515625,624.030029296875,617.8699951171875,620.6799926757812,74814500.0,553.52001953125,554.3400268554688,549.5800170898438,552.030029296875,45349300.0,127.98500061035156,128.32000732421875,126.88999938964844,127.45999908447266,11560800.0,4.363999843597412,4.39900016784668,4.349999904632568,4.394999980926514,0.0,96.95999908447266,97.66999816894531,96.88999938964844,97.4800033569336,0.0,17.829999923706055,18.5,17.510000228881836,17.790000915527344,0.0
2025-07-08,56.22999954223633,56.22999954223633,56.1510009765625,56.1510009765625,2100.0,621.3499755859375,622.1099853515625,619.52001953125,620.3400268554688,59024600.0,553.3800048828125,554.010009765625,551.0999755859375,552.3400268554688,36153300.0,128.1300048828125,128.38999938964844,127.61499786376953,128.14500427246094,15715200.0,4.414999961853027,4.434999942779541,4.413000106811523,4.414999961853027,0.0,97.36000061035156,97.83999633789062,97.18000030517578,97.51000213623047,0.0,17.40999984741211,17.440000534057617,16.540000915527344,16.809999465942383,0.0
2025-07-09,56.29999923706055,56.40999984741211,56.130001068115234,56.32099914550781,5600.0,622.77001953125,624.719970703125,620.9099731445312,624.0599975585938,66113300.0,554.47998046875,557.6300048828125,553.0999755859375,556.25,43045500.0,128.60000610351562,129.39999389648438,127.95999908447266,128.9149932861328,12933600.0,4.416999816894531,4.422999858856201,4.340000152587891,4.3420000076293945,0.0,97.55000305175781,97.75,97.45999908447266,97.47000122070312,0.0,16.760000228881836,16.760000228881836,15.760000228881836,15.9399995803833,0.0
2025-07-10,56.209999084472656,56.40999984741211,56.150001525878906,56.17599868774414,2000.0,624.2000122070312,626.8699951171875,623.010009765625,625.8200073242188,57529000.0,556.8900146484375,557.2999877929688,552.75,555.4500122070312,34710900.0,129.23500061035156,129.35000610351562,127.81500244140625,128.49000549316406,9988600.0,4.3460001945495605,4.375999927520752,4.3420000076293945,4.3460001945495605,0.0,97.44000244140625,97.91999816894531,97.2699966430664,97.6500015258789,0.0,16.229999542236328,16.239999771118164,15.699999809265137,15.779999732971191,0.0
2025-07-11,55.93000030517578,55.93000030517578,55.7140007019043,55.7140007019043,1000.0,622.739990234375,624.8599853515625,621.530029296875,623.6199951171875,63670200.0,553.2999877929688,555.7899780273438,552.0499877929688,554.2000122070312,39618600.0,127.87999725341797,128.6750030517578,127.72000122070312,127.92500305175781,9239000.0,4.388000011444092,4.425000190734863,4.380000114440918,4.422999858856201,0.0,97.56999969482422,97.95999908447266,97.55999755859375,97.8499984741211,0.0,16.40999984741211,17.239999771118164,15.979999542236328,16.399999618530273,0.0
2025-07-14,55.650001525878906,55.93000030517578,55.61000061035156,55.869998931884766,4200.0,623.1599731445312,625.1599731445312,621.7999877929688,624.8099975585938,51898500.0,553.989990234375,556.9500122070312,551.6300048828125,556.2100219726562,36453300.0,127.61000061035156,128.13499450683594,126.5999984741211,127.81999969482422,8125200.0,4.433000087738037,4.447000026702881,4.4029998779296875,4.427000045776367,0.0,97.95999908447266,98.13999938964844,97.7699966430664,98.08000183105469,0.0,17.729999542236328,17.850000381469727,16.90999984741211,17.200000762939453,0.0
2025-07-15,57.0,57.0,55.790000915527344,55.790000915527344,3200.0,627.52001953125,627.8599853515625,622.0599975585938,622.1400146484375,74317300.0,560.25,560.7999877929688,556.6599731445312,556.719970703125,43277700.0,129.30999755859375,129.61500549316406,128.91000366210938,128.9550018310547,15657000.0,4.431000232696533,4.491000175476074,4.395999908447266,4.488999843597412,0.0,98.13999938964844,98.69999694824219,97.93000030517578,98.62000274658203,0.0,16.889999389648438,17.389999389648438,16.559999465942383,17.3799991607666,0.0
2025-07-16,55.93000030517578,56.02899932861328,55.52299880981445,56.02899932861328,2600.0,623.739990234375,624.72998046875,618.0499877929688,624.219970703125,88987500.0,557.280029296875,560.2100219726562,551.5599975585938,557.2899780273438,52314700.0,129.0,129.42999267578125,127.40499877929688,129.35499572753906,17782600.0,4.474999904632568,4.488999843597412,4.436999797821045,4.454999923706055,0.0,98.58000183105469,98.91000366210938,97.70999908447266,98.38999938964844,0.0,17.65999984741211,19.479999542236328,16.690000534057617,17.15999984741211,0.0
2025-07-17,56.02000045776367,56.38800048828125,56.02000045776367,56.38800048828125,2000.0,624.4000244140625,628.4000244140625,624.1799926757812,628.0399780273438,68885700.0,558.02001953125,562.3099975585938,557.2100219726562,561.7999877929688,40423800.0,129.50999450683594,130.73500061035156,129.2550048828125,130.52999877929688,11955000.0,4.4770002365112305,4.493000030517578,4.428999900817871,4.4629998207092285,0.0,98.3499984741211,98.94999694824219,98.33999633789062,98.7300033569336,0.0,17.15999984741211,17.3700008392334,16.479999542236328,16.520000457763672,0.0
2025-07-18,56.65999984741211,56.65999984741211,56.220001220703125,56.26599884033203,2300.0,629.2999877929688,629.469970703125,626.4600219726562,627.5800170898438,65621600.0,563.1199951171875,564.72998046875,559.97998046875,561.260009765625,50484700.0,131.02999877929688,131.0749969482422,130.09500122070312,130.44500732421875,10281000.0,4.423999786376953,4.441999912261963,4.415999889373779,4.432000160217285,0.0,98.48999786376953,98.58000183105469,98.0999984741211,98.4800033569336,0.0,16.43000030517578,16.809999465942383,16.280000686645508,16.40999984741211,0.0
2025-07-21,56.5099983215332,56.7400016784668,56.10100173950195,56.426998138427734,2800.0,628.77001953125,631.5399780273438,628.3400268554688,628.77001953125,63375000.0,562.0900268554688,566.0599975585938,562.0599975585938,564.1699829101562,39595200.0,130.58999633789062,131.5050048828125,130.44000244140625,130.61500549316406,9246600.0,4.368000030517578,4.383999824523926,4.3520002365112305,4.372000217437744,0.0,98.36000061035156,98.51000213623047,97.69999694824219,97.8499984741211,0.0,16.8700008392334,16.989999771118164,16.299999237060547,16.649999618530273,0.0
2025-07-22,56.29999923706055,56.52000045776367,56.29999923706055,56.52000045776367,2200.0,629.0999755859375,629.72998046875,626.1900024414062,628.8599853515625,60046300.0,564.2999877929688,564.3499755859375,558.6099853515625,561.25,43270600.0,130.51499938964844,130.60499572753906,128.47500610351562,129.40499877929688,13448800.0,4.372000217437744,4.377999782562256,4.328000068664551,4.335999965667725,0.0,97.87000274658203,97.98999786376953,97.30999755859375,97.38999938964844,0.0,16.75,17.479999542236328,16.43000030517578,16.5,0.0
2025-07-23,56.56999969482422,56.70000076293945,56.0,56.70000076293945,5800.0,631.5499877929688,634.2100219726562,629.72998046875,634.2100219726562,70511000.0,562.3400268554688,563.8499755859375,559.5800170898438,563.8099975585938,40215300.0,129.74000549316406,130.31500244140625,128.97000122070312,130.14500427246094,10091800.0,4.357999801635742,4.3979997634887695,4.357999801635742,4.388000011444092,0.0,97.47000122070312,97.61000061035156,97.19000244140625,97.20999908447266,0.0,16.229999542236328,16.31999969482422,15.319999694824219,15.369999885559082,0.0
2025-07-24,56.95000076293945,56.95000076293945,56.74800109863281,56.81399917602539,5700.0,634.5999755859375,636.1500244140625,633.989990234375,634.4199829101562,71307100.0,565.1300048828125,566.239990234375,563.2899780273438,565.010009765625,42275500.0,130.46499633789062,130.9499969482422,129.9600067138672,130.69500732421875,12159600.0,4.4079999923706055,4.441999912261963,4.394000053405762,4.4079999923706055,0.0,97.18000030517578,97.55000305175781,97.11000061035156,97.37999725341797,0.0,15.390000343322754,15.539999961853027,14.949999809265137,15.390000343322754,0.0
2025-07-25,56.81999969482422,56.97999954223633,56.779998779296875,56.91699981689453,1700.0,635.0900268554688,637.5800170898438,634.8400268554688,637.0999755859375,56865400.0,564.9299926757812,567.7000122070312,564.27001953125,566.3699951171875,30630800.0,130.65499877929688,131.3249969482422,130.38499450683594,130.9949951171875,8002000.0,4.415999889373779,4.429999828338623,4.381999969482422,4.386000156402588,0.0,97.44999694824219,97.91000366210938,97.43000030517578,97.6500015258789,0.0,15.329999923706055,15.390000343322754,14.920000076293945,14.930000305175781,0.0
2025-07-28,57.11000061035156,57.11000061035156,56.900001525878906,56.96699905395508,1900.0,637.47998046875,638.0399780273438,635.5399780273438,636.9400024414062,54917100.0,567.739990234375,569.0399780273438,566.8699951171875,568.1400146484375,31498700.0,131.4949951171875,132.0749969482422,131.22500610351562,132.0399932861328,11517600.0,4.400000095367432,4.420000076293945,4.392000198364258,4.420000076293945,0.0,97.58000183105469,98.69000244140625,97.48999786376953,98.66000366210938,0.0,15.149999618530273,15.539999961853027,15.0,15.029999732971191,0.0
2025-07-29,57.13999938964844,57.15999984741211,56.790000915527344,56.82699966430664,2300.0,638.3499755859375,638.6699829101562,634.3400268554688,635.260009765625,60556300.0,570.760009765625,572.1099853515625,566.530029296875,567.260009765625,45463300.0,132.89999389648438,133.63499450683594,131.82000732421875,132.0449981689453,13739000.0,4.381999969482422,4.4039998054504395,4.326000213623047,4.329999923706055,0.0,98.63999938964844,99.13999938964844,98.58000183105469,98.91000366210938,0.0,14.949999809265137,16.1200008392334,14.699999809265137,15.979999542236328,0.0
2025-07-30,56.900001525878906,56.9900016784668,56.599998474121094,56.790000915527344,3500.0,635.9199829101562,637.6799926757812,631.5399780273438,634.4600219726562,80418900.0,568.1799926757812,570.6199951171875,565.0499877929688,568.02001953125,43433800.0,132.18499755859375,132.7899932861328,131.3000030517578,132.33999633789062,13934600.0,4.343999862670898,4.380000114440918,4.331999778747559,4.375999927520752,0.0,98.91999816894531,99.9800033569336,98.69999694824219,99.94000244140625,0.0,15.869999885559082,17.270000457763672,15.4399995803833,15.479999542236328,0.0
2025-07-31,56.810001373291016,56.810001373291016,56.090999603271484,56.090999603271484,3000.0,639.4600219726562,639.8499755859375,630.77001953125,632.0800170898438,103385200.0,574.5399780273438,574.6300048828125,563.8699951171875,565.010009765625,64613600.0,134.0050048828125,134.0050048828125,130.72999572753906,131.3699951171875,16414400.0,4.343999862670898,4.360000133514404,4.326000213623047,4.360000133514404,0.0,99.80000305175781,100.0999984741211,99.5199966430664,100.02999877929688,0.0,14.989999771118164,17.170000076293945,14.739999771118164,16.719999313354492,0.0
2025-08-01,55.529998779296875,55.529998779296875,54.959999084472656,55.069000244140625,9500.0,626.2999877929688,626.3400268554688,619.2899780273438,621.719970703125,140103600.0,558.8300170898438,559.02001953125,551.6799926757812,553.8800048828125,69400800.0,129.94000244140625,129.98500061035156,127.88999938964844,128.53500366210938,19438000.0,4.4039998054504395,4.4079999923706055,4.216000080108643,4.21999979019165,0.0,100.01000213623047,100.26000213623047,98.61000061035156,98.69000244140625,0.0,17.399999618530273,21.899999618530273,17.389999389648438,20.3799991607666,0.0
2025-08-04,55.36000061035156,55.981998443603516,55.11000061035156,55.981998443603516,4600.0,625.6699829101562,631.219970703125,625.5800170898438,631.1699829101562,73218000.0,559.0499877929688,564.3200073242188,558.9500122070312,564.0999755859375,47669800.0,129.7449951171875,131.1699981689453,129.7449951171875,131.14500427246094,12377000.0,4.223999977111816,4.236000061035156,4.197999954223633,4.199999809265137,0.0,98.6500015258789,98.9800033569336,98.58999633789062,98.77999877929688,0.0,19.559999465942383,19.579999923706055,17.479999542236328,17.520000457763672,0.0
2025-08-05,56.02000045776367,56.02000045776367,55.5880012512207,55.6870002746582,3600.0,631.7899780273438,632.6099853515625,627.0399780273438,627.969970703125,68051400.0,565.3900146484375,566.5599975585938,559.72998046875,560.27001953125,48666600.0,131.6300048828125,131.7449951171875,129.75999450683594,130.05999755859375,11176000.0,4.211999893188477,4.22599983215332,4.188000202178955,4.196000099182129,0.0,98.62000274658203,99.06999969482422,98.58999633789062,98.77999877929688,0.0,17.209999084472656,18.940000534057617,17.110000610351562,17.850000381469727,0.0
2025-08-06,55.75,56.0099983215332,55.58000183105469,56.0099983215332,900.0,629.0499877929688,633.4400024414062,628.1300048828125,632.780029296875,64357500.0,561.1099853515625,567.760009765625,560.6300048828125,567.3200073242188,41823700.0,130.18499755859375,131.69500732421875,130.10000610351562,131.52499389648438,10167000.0,4.230000019073486,4.281000137329102,4.214000225067139,4.21999979019165,0.0,98.75,98.83999633789062,98.12999725341797,98.18000030517578,0.0,17.219999313354492,17.8799991607666,16.559999465942383,16.770000457763672,0.0
2025-08-07,55.790000915527344,55.880001068115234,55.7400016784668,55.880001068115234,2100.0,636.239990234375,636.97998046875,629.1099853515625,632.25,74205800.0,571.6699829101562,573.3200073242188,565.1099853515625,569.239990234375,44463000.0,132.99000549316406,133.2050018310547,130.5500030517578,131.64500427246094,10318000.0,4.236999988555908,4.254000186920166,4.2210001945495605,4.24399995803833,0.0,98.19000244140625,98.47000122070312,97.94999694824219,98.4000015258789,0.0,16.40999984741211,17.639999389648438,15.979999542236328,16.56999969482422,0.0
2025-08-08,56.029998779296875,56.19300079345703,56.029998779296875,56.19300079345703,4600.0,634.0599975585938,637.6500244140625,633.739990234375,637.1799926757812,64051600.0,570.4500122070312,574.77001953125,570.1500244140625,574.5499877929688,35255500.0,132.13999938964844,133.11000061035156,131.7949981689453,132.9600067138672,11015800.0,4.260000228881836,4.289000034332275,4.254000186920166,4.284999847412109,0.0,97.9800033569336,98.3499984741211,97.95999908447266,98.18000030517578,0.0,16.479999542236328,16.520000457763672,15.149999618530273,15.149999618530273,0.0
2025-08-11,56.220001220703125,56.220001220703125,55.87900161743164,55.87900161743164,4300.0,637.4600219726562,638.9500122070312,634.6599731445312,635.9199829101562,58742300.0,574.6900024414062,576.7999877929688,571.5700073242188,572.8499755859375,33112900.0,132.875,133.47500610351562,131.7550048828125,132.05999755859375,9425400.0,4.269000053405762,4.284999847412109,4.257999897003174,4.2729997634887695,0.0,98.23999786376953,99.31999969482422,98.02999877929688,98.5199966430664,0.0,15.8100004196167,16.360000610351562,15.520000457763672,16.25,0.0
2025-08-12,56.26599884033203,56.542999267578125,56.26599884033203,56.542999267578125,2900.0,638.2899780273438,642.8499755859375,636.7899780273438,642.6900024414062,64730800.0,575.1599731445312,580.3499755859375,572.489990234375,580.0499877929688,42143300.0,132.72000122070312,134.13999938964844,131.98500061035156,134.10499572753906,11153800.0,4.293000221252441,4.317999839782715,4.245999813079834,4.293000221252441,0.0,98.51000213623047,98.62000274658203,97.9000015258789,98.0999984741211,0.0,16.09000015258789,16.559999465942383,14.65999984741211,14.729999542236328,0.0
2025-08-13,56.88999938964844,56.92599868774414,56.736000061035156,56.92599868774414,1200.0,644.9099731445312,646.1900024414062,642.6799926757812,644.8900146484375,60092800.0,582.760009765625,583.3200073242188,578.9400024414062,580.3400268554688,41209300.0,134.8800048828125,135.02499389648438,133.6649932861328,134.15499877929688,13990200.0,4.260000228881836,4.260000228881836,4.224999904632568,4.23799991607666,0.0,98.04000091552734,98.12999725341797,97.62999725341797,97.83999633789062,0.0,14.619999885559082,14.8100004196167,14.300000190734863,14.489999771118164,0.0
2025-08-14,56.7400016784668,56.77299880981445,56.7400016784668,56.77299880981445,600.0,642.7899780273438,645.6199951171875,642.3400268554688,644.9500122070312,59327500.0,578.280029296875,581.8800048828125,577.9099731445312,579.8900146484375,45425000.0,133.47500610351562,134.3249969482422,133.1649932861328,133.86500549316406,15484400.0,4.208000183105469,4.296000003814697,4.203999996185303,4.293000221252441,0.0,97.75,98.31999969482422,97.62999725341797,98.25,0.0,14.65999984741211,15.390000343322754,14.569999694824219,14.829999923706055,0.0
2025-08-15,56.92499923706055,56.92499923706055,56.63999938964844,56.75,1900.0,645.989990234375,646.0900268554688,642.52001953125,643.4400024414062,68592500.0,579.7999877929688,579.8400268554688,575.5700073242188,577.3400268554688,49480200.0,133.68499755859375,133.68499755859375,132.32000732421875,132.85000610351562,13373200.0,4.293000221252441,4.331999778747559,4.281000137329102,4.328000068664551,0.0,98.18000030517578,98.20999908447266,97.7300033569336,97.8499984741211,0.0,14.430000305175781,15.180000305175781,14.399999618530273,15.09000015258789,0.0
2025-08-18,56.709999084472656,56.91999816894531,56.709999084472656,56.91999816894531,3000.0,642.8599853515625,644.0,642.1799926757812,643.2999877929688,43804900.0,576.4400024414062,577.77001953125,575.239990234375,577.1099853515625,29831000.0,132.68499755859375,133.2550048828125,132.55499267578125,133.13499450683594,12233800.0,4.297999858856201,4.35099983215332,4.295000076293945,4.341000080108643,0.0,97.79000091552734,98.19000244140625,97.77999877929688,98.16999816894531,0.0,15.729999542236328,15.949999809265137,14.949999809265137,14.989999771118164,0.0
2025-08-19,57.040000915527344,57.040000915527344,56.4370002746582,56.465999603271484,1600.0,643.1199951171875,644.1099853515625,638.47998046875,639.8099975585938,69750700.0,576.3900146484375,576.5599975585938,568.25,569.280029296875,53752600.0,133.0850067138672,133.11500549316406,130.56500244140625,130.80999755859375,17367000.0,4.323999881744385,4.326000213623047,4.297999858856201,4.302000045776367,0.0,98.1500015258789,98.31999969482422,97.94000244140625,98.2699966430664,0.0,15.229999542236328,15.90999984741211,14.760000228881836,15.569999694824219,0.0
2025-08-20,56.47999954223633,56.47999954223633,55.939998626708984,56.36800003051758,8600.0,639.4000244140625,639.6599731445312,632.9500122070312,638.1099853515625,88890300.0,568.3300170898438,568.4500122070312,558.8400268554688,565.9000244140625,76781100.0,130.47999572753906,130.47999572753906,127.91999816894531,129.9250030517578,23064200.0,4.297999858856201,4.309999942779541,4.275000095367432,4.296000003814697,0.0,98.29000091552734,98.44000244140625,98.08000183105469,98.22000122070312,0.0,15.949999809265137,17.190000534057617,15.569999694824219,15.6899995803833,0.0
2025-08-21,56.2400016784668,56.2400016784668,56.060001373291016,56.178001403808594,7500.0,636.280029296875,637.969970703125,633.8099975585938,635.5499877929688,54805800.0,564.3499755859375,566.489990234375,560.97998046875,563.280029296875,46436900.0,129.61000061035156,130.1300048828125,128.89500427246094,129.4550018310547,15148600.0,4.315999984741211,4.3470001220703125,4.296000003814697,4.329999923706055,0.0,98.25,98.68000030517578,98.18000030517578,98.62000274658203,0.0,15.720000267028809,17.239999771118164,15.649999618530273,16.600000381469727,0.0
2025-08-22,56.45000076293945,57.119998931884766,56.45000076293945,57.0099983215332,3000.0,637.760009765625,646.5,637.25,645.3099975585938,84083200.0,564.6699829101562,573.989990234375,563.27001953125,571.969970703125,51502100.0,129.31500244140625,132.06500244140625,128.9550018310547,131.2100067138672,13756000.0,4.315999984741211,4.320000171661377,4.242000102996826,4.260000228881836,0.0,98.5999984741211,98.83000183105469,97.55999755859375,97.72000122070312,0.0,16.809999465942383,16.829999923706055,14.210000038146973,14.220000267028809,0.0
2025-08-25,57.0099983215332,57.0099983215332,56.801998138427734,56.801998138427734,3900.0,644.0399780273438,645.2899780273438,642.3499755859375,642.469970703125,51274300.0,570.4000244140625,573.2899780273438,569.1599731445312,570.3200073242188,34044700.0,131.2050018310547,131.73500061035156,130.55499267578125,130.9149932861328,10691800.0,4.281000137329102,4.295000076293945,4.267000198364258,4.275000095367432,0.0,97.7300033569336,98.54000091552734,97.70999908447266,98.43000030517578,0.0,15.050000190734863,15.1899995803833,14.239999771118164,14.789999961853027,0.0
2025-08-26,56.86000061035156,56.970001220703125,56.810001373291016,56.904998779296875,2200.0,642.2000122070312,645.510009765625,641.5700073242188,645.1599731445312,51581600.0,569.8300170898438,572.9199829101562,568.7999877929688,572.6099853515625,34103000.0,131.02499389648438,131.69000244140625,130.8350067138672,131.51499938964844,11081000.0,4.2769999504089355,4.290999889373779,4.254000186920166,4.257999897003174,0.0,98.47000122070312,98.55999755859375,98.08999633789062,98.2300033569336,0.0,15.75,15.75,14.619999885559082,14.619999885559082,0.0
2025-08-27,57.0,57.189998626708984,57.0,57.16299819946289,2900.0,644.5700073242188,647.3699951171875,644.4199829101562,646.6300048828125,48341100.0,571.5900268554688,574.4099731445312,570.3699951171875,573.489990234375,36927100.0,131.64500427246094,132.375,131.0399932861328,132.22500610351562,11538600.0,4.2729997634887695,4.290999889373779,4.236000061035156,4.23799991607666,0.0,98.25,98.7300033569336,98.16000366210938,98.2300033569336,0.0,14.65999984741211,15.229999542236328,14.65999984741211,14.850000381469727,0.0
2025-08-28,57.189998626708984,57.63999938964844,57.189998626708984,57.57600021362305,6400.0,647.239990234375,649.47998046875,645.3400268554688,648.9199829101562,61519500.0,574.1099853515625,578.0,572.4600219726562,577.0800170898438,46787900.0,132.38499450683594,133.55499267578125,131.72500610351562,133.27000427246094,12380600.0,4.234000205993652,4.25,4.203000068664551,4.206999778747559,0.0,98.12000274658203,98.2300033569336,97.73999786376953,97.80999755859375,0.0,14.420000076293945,14.6899995803833,14.119999885559082,14.430000305175781,0.0
2025-08-29,57.3849983215332,57.3849983215332,56.93000030517578,57.082000732421875,4200.0,647.469970703125,647.8400268554688,643.1400146484375,645.0499877929688,74522200.0,574.6599731445312,575.030029296875,568.5399780273438,570.4000244140625,56030400.0,132.68499755859375,132.7100067138672,130.7449951171875,131.22500610351562,17481200.0,4.228000164031982,4.242000102996826,4.215000152587891,4.2270002365112305,0.0,97.87000274658203,98.12999725341797,97.69000244140625,97.7699966430664,0.0,14.3100004196167,15.970000267028809,14.3100004196167,15.359999656677246,0.0
2025-09-02,56.349998474121094,56.57699966430664,56.18000030517578,56.57699966430664,2300.0,637.5,640.489990234375,634.9199829101562,640.27001953125,81983500.0,561.3099975585938,565.969970703125,559.5399780273438,565.6199951171875,65876800.0,128.90499877929688,130.02000427246094,128.13999938964844,129.89999389648438,18226000.0,4.297999858856201,4.306000232696533,4.260000228881836,4.2769999504089355,0.0,97.6500015258789,98.5999984741211,97.62000274658203,98.4000015258789,0.0,16.649999618530273,19.3799991607666,16.549999237060547,17.170000076293945,0.0
2025-09-03,56.70000076293945,56.95000076293945,56.66999816894531,56.95000076293945,1400.0,642.6699829101562,644.2100219726562,640.4600219726562,643.739990234375,70820900.0,569.22998046875,571.7000122070312,566.72998046875,570.0700073242188,54230200.0,130.56500244140625,130.93499755859375,129.6999969482422,130.6750030517578,15636600.0,4.269000053405762,4.2829999923706055,4.203000068664551,4.210999965667725,0.0,98.4000015258789,98.63999938964844,98.01000213623047,98.13999938964844,0.0,17.399999618530273,17.56999969482422,16.34000015258789,16.350000381469727,0.0
2025-09-04,56.88999938964844,57.24100112915039,56.755001068115234,57.24100112915039,3100.0,644.4199829101562,649.1500244140625,643.510009765625,649.1199951171875,65219200.0,570.739990234375,575.5999755859375,569.030029296875,575.22998046875,47526300.0,130.13999938964844,131.375,129.61000061035156,131.32000732421875,24397400.0,4.190000057220459,4.206999778747559,4.173999786376953,4.176000118255615,0.0,98.1500015258789,98.44000244140625,98.08000183105469,98.3499984741211,0.0,16.219999313354492,16.350000381469727,15.279999732971191,15.300000190734863,0.0
2025-09-05,57.72999954223633,57.72999954223633,57.27000045776367,57.50299835205078,3000.0,651.47998046875,652.2100219726562,643.3300170898438,647.239990234375,85178900.0,580.489990234375,581.1199951171875,571.530029296875,576.0599975585938,68342500.0,132.56500244140625,132.61500549316406,130.09500122070312,131.42999267578125,38561800.0,4.138000011444092,4.138000011444092,4.063000202178955,4.085999965667725,0.0,98.23999786376953,98.26000213623047,97.43000030517578,97.7699966430664,0.0,15.229999542236328,16.920000076293945,14.739999771118164,15.180000305175781,0.0
2025-09-08,57.790000915527344,57.9119987487793,57.10499954223633,57.9119987487793,6800.0,648.6199951171875,649.8400268554688,647.22998046875,648.8300170898438,63133100.0,578.3699951171875,580.8400268554688,577.77001953125,578.8699951171875,46371400.0,132.1199951171875,132.89500427246094,132.08999633789062,132.4149932861328,20556000.0,4.072000026702881,4.0879998207092285,4.044000148773193,4.046000003814697,0.0,97.79000091552734,97.94000244140625,97.41999816894531,97.44999694824219,0.0,15.579999923706055,15.649999618530273,14.989999771118164,15.109999656677246,0.0
2025-09-09,57.880001068115234,58.034000396728516,57.72999954223633,58.034000396728516,5000.0,648.969970703125,650.8599853515625,647.219970703125,650.3300170898438,66133900.0,579.6699829101562,580.9400024414062,577.0399780273438,580.510009765625,44007600.0,132.7100067138672,132.80999755859375,131.72999572753906,132.6699981689453,19355000.0,4.065000057220459,4.091000080108643,4.039999961853027,4.073999881744385,0.0,97.37999725341797,97.81999969482422,97.25,97.79000091552734,0.0,15.020000457763672,15.819999694824219,14.970000267028809,15.039999961853027,0.0
2025-09-10,58.779998779296875,59.08000183105469,58.439998626708984,58.797000885009766,5200.0,653.6199951171875,654.5499877929688,650.6300048828125,652.2100219726562,78034500.0,583.739990234375,583.77001953125,578.5499877929688,580.7000122070312,49308000.0,135.35499572753906,135.98500061035156,134.42999267578125,135.0749969482422,25957200.0,4.0879998207092285,4.091000080108643,4.026000022888184,4.0320000648498535,0.0,97.83000183105469,97.93000030517578,97.5999984741211,97.77999877929688,0.0,14.979999542236328,15.630000114440918,14.630000114440918,15.350000381469727,0.0
2025-09-11,58.970001220703125,59.20000076293945,58.970001220703125,59.1510009765625,6500.0,654.1799926757812,658.3300170898438,653.5900268554688,657.6300048828125,69934400.0,583.239990234375,584.8800048828125,581.6199951171875,584.0800170898438,44745800.0,135.9250030517578,136.11500549316406,135.30999755859375,135.52999877929688,23429200.0,4.051000118255615,4.064000129699707,3.996000051498413,4.011000156402588,0.0,97.79000091552734,98.08999633789062,97.47000122070312,97.54000091552734,0.0,15.1899995803833,15.239999771118164,14.649999618530273,14.710000038146973,0.0
2025-09-12,59.150001525878906,59.150001525878906,58.737998962402344,58.737998962402344,3200.0,657.5999755859375,659.1099853515625,656.9000244140625,657.4099731445312,72780100.0,585.0399780273438,587.8599853515625,584.0999755859375,586.6599731445312,50745900.0,135.8000030517578,135.92999267578125,135.14999389648438,135.44000244140625,15612200.0,4.052999973297119,4.083000183105469,4.051000118255615,4.060999870300293,0.0,97.5199966430664,97.86000061035156,97.48999786376953,97.55000305175781,0.0,14.619999885559082,14.970000267028809,14.40999984741211,14.760000228881836,0.0
2025-09-15,58.91999816894531,59.099998474121094,58.91999816894531,59.099998474121094,2800.0,659.6400146484375,661.0399780273438,659.3400268554688,660.9099731445312,63772400.0,588.4400024414062,591.7899780273438,588.2899780273438,591.6799926757812,44360300.0,135.65499877929688,136.69000244140625,135.49000549316406,136.66000366210938,16268000.0,4.059000015258789,4.059000015258789,4.03000020980835,4.033999919891357,0.0,97.62999725341797,97.69999694824219,97.2699966430664,97.30000305175781,0.0,15.140000343322754,15.84000015258789,14.920000076293945,15.6899995803833,0.0
2025-09-16,59.36000061035156,59.36000061035156,58.78900146484375,58.948001861572266,3600.0,661.469970703125,661.780029296875,659.2100219726562,660.0,61169000.0,592.6099853515625,592.8599853515625,590.489990234375,591.1799926757812,36942100.0,136.97500610351562,137.07000732421875,136.02000427246094,136.18499755859375,16081400.0,4.040999889373779,4.064000129699707,4.021999835968018,4.026000022888184,0.0,97.33999633789062,97.38999938964844,96.55999755859375,96.62999725341797,0.0,15.600000381469727,16.3799991607666,15.4399995803833,16.360000610351562,0.0
2025-09-17,58.88999938964844,59.029998779296875,58.849998474121094,59.029998779296875,3500.0,660.010009765625,661.719970703125,654.2999877929688,659.1799926757812,101952200.0,591.0999755859375,591.75,584.3699951171875,590.0,69384800.0,136.09500122070312,136.25999450683594,134.30999755859375,135.71499633789062,18948600.0,4.02400016784668,4.080999851226807,3.992000102996826,4.076000213623047,0.0,96.62000274658203,97.06999969482422,96.22000122070312,96.87000274658203,0.0,16.420000076293945,16.75,15.260000228881836,15.720000267028809,0.0
2025-09-18,59.029998779296875,59.534000396728516,59.029998779296875,59.28499984741211,5100.0,661.8900146484375,664.8900146484375,660.27001953125,662.260009765625,90459200.0,594.9099731445312,598.1400146484375,592.9600219726562,595.3200073242188,61069300.0,137.47500610351562,138.46499633789062,136.80999755859375,138.05999755859375,20882600.0,4.064000129699707,4.13700008392334,4.061999797821045,4.104000091552734,0.0,96.93000030517578,97.5999984741211,96.83999633789062,97.3499984741211,0.0,14.930000305175781,15.800000190734863,14.329999923706055,15.699999809265137,0.0
2025-09-19,59.54999923706055,59.560001373291016,59.16999816894531,59.54499816894531,7300.0,662.3300170898438,664.5499877929688,660.3699951171875,663.7000122070312,97945600.0,597.3300170898438,600.0499877929688,595.8499755859375,599.3499755859375,58196100.0,138.61500549316406,139.58999633789062,138.1649932861328,139.4600067138672,15670800.0,4.13100004196167,4.14300012588501,4.116000175476074,4.138999938964844,0.0,97.33999633789062,97.80999755859375,97.2699966430664,97.63999938964844,0.0,15.760000228881836,16.1299991607666,15.289999961853027,15.449999809265137,0.0
2025-09-22,59.5099983215332,60.00699996948242,59.43000030517578,60.00699996948242,2700.0,662.2000122070312,667.2899780273438,662.1699829101562,666.8400268554688,69452200.0,597.739990234375,602.8699951171875,597.719970703125,602.2000122070312,57154800.0,139.0749969482422,141.44500732421875,139.02000427246094,141.3300018310547,15771200.0,4.13100004196167,4.150000095367432,4.122000217437744,4.14300012588501,0.0,97.6500015258789,97.81999969482422,97.30999755859375,97.33000183105469,0.0,16.139999389648438,16.350000381469727,15.779999732971191,16.100000381469727,0.0
2025-09-23,60.029998779296875,60.029998779296875,59.5099983215332,59.58100128173828,2100.0,666.719970703125,667.3400268554688,661.97998046875,663.2100219726562,81708900.0,602.3699951171875,602.5700073242188,596.97998046875,598.2000122070312,64635500.0,141.13499450683594,141.36500549316406,139.49000549316406,140.11000061035156,16456400.0,4.135000228881836,4.14900016784668,4.110000133514404,4.119999885559082,0.0,97.31999969482422,97.45999908447266,97.19999694824219,97.26000213623047,0.0,16.100000381469727,17.06999969482422,15.949999809265137,16.639999389648438,0.0
2025-09-24,59.779998779296875,59.9900016784668,59.28099822998047,59.28099822998047,3400.0,664.510009765625,664.6099853515625,659.6699829101562,661.0999755859375,68082200.0,599.5800170898438,599.9000244140625,593.3599853515625,596.0999755859375,49850300.0,140.48500061035156,140.48500061035156,138.31500244140625,139.2449951171875,13471000.0,4.129000186920166,4.1519999504089355,4.126999855041504,4.146999835968018,0.0,97.23999786376953,97.91999816894531,97.22000122070312,97.87000274658203,0.0,16.56999969482422,17.209999084472656,16.18000030517578,16.18000030517578,0.0
2025-09-25,58.650001525878906,59.01900100708008,58.650001525878906,59.01900100708008,1800.0,657.9400024414062,659.4099731445312,654.4099731445312,658.0499877929688,89622100.0,592.2000122070312,595.1199951171875,588.5,593.530029296875,70920200.0,137.97999572753906,139.34500122070312,137.125,139.0,21349600.0,4.1539998054504395,4.201000213623047,4.150000095367432,4.171999931335449,0.0,97.81999969482422,98.61000061035156,97.73999786376953,98.55000305175781,0.0,16.549999237060547,17.739999771118164,16.31999969482422,16.739999771118164,0.0
2025-09-26,59.0,59.33000183105469,59.0,59.266998291015625,3700.0,659.510009765625,662.3699951171875,657.8800048828125,661.8200073242188,69179200.0,594.3499755859375,596.2999877929688,591.0599975585938,595.969970703125,54337400.0,139.14999389648438,139.5449981689453,138.19000244140625,139.4199981689453,16534000.0,4.164000034332275,4.197000026702881,4.1519999504089355,4.186999797821045,0.0,98.5,98.52999877929688,98.12999725341797,98.1500015258789,0.0,16.889999389648438,17.049999237060547,15.289999961853027,15.289999961853027,0.0
2025-09-29,59.529998779296875,59.571998596191406,59.41899871826172,59.41899871826172,2900.0,664.3599853515625,665.280029296875,661.8599853515625,663.6799926757812,73499000.0,599.1099853515625,602.0499877929688,597.4099731445312,598.72998046875,48332900.0,140.22000122070312,140.9600067138672,139.83999633789062,140.1649932861328,16107400.0,4.150000095367432,4.168000221252441,4.135000228881836,4.140999794006348,0.0,98.16999816894531,98.18000030517578,97.7699966430664,97.91000366210938,0.0,15.84000015258789,16.290000915527344,15.739999771118164,16.1200008392334,0.0
2025-09-30,59.43000030517578,59.470001220703125,59.43000030517578,59.46200180053711,1300.0,662.9299926757812,666.6500244140625,661.6099853515625,666.1799926757812,86288000.0,598.4299926757812,600.7100219726562,596.0999755859375,600.3699951171875,46533800.0,140.1649932861328,141.07000732421875,139.8699951171875,140.92999267578125,18215200.0,4.132999897003174,4.1519999504089355,4.105999946594238,4.1479997634887695,0.0,97.91000366210938,98.05000305175781,97.62999725341797,97.7699966430664,0.0,16.489999771118164,16.700000762939453,16.020000457763672,16.280000686645508,0.0
2025-10-01,59.45000076293945,59.71699905395508,59.45000076293945,59.71699905395508,3800.0,663.1699829101562,669.3699951171875,663.0599975585938,668.4500122070312,72545400.0,597.1699829101562,603.7899780273438,596.3400268554688,603.25,46899600.0,140.2100067138672,142.41000366210938,140.1699981689453,142.30999755859375,17411200.0,4.107999801635742,4.129000186920166,4.089000225067139,4.105999946594238,0.0,97.81999969482422,97.87999725341797,97.45999908447266,97.70999908447266,0.0,17.280000686645508,17.280000686645508,15.979999542236328,16.290000915527344,0.0
2025-10-02,60.0,60.06999969482422,59.869998931884766,59.98899841308594,2000.0,670.4500122070312,670.5700073242188,666.780029296875,669.219970703125,56896000.0,607.0599975585938,607.1599731445312,602.9299926757812,605.72998046875,43765400.0,143.63499450683594,143.6649932861328,142.43499755859375,143.0800018310547,17607800.0,4.105999946594238,4.126999855041504,4.083000183105469,4.0879998207092285,0.0,97.69999694824219,98.12999725341797,97.5199966430664,97.8499984741211,0.0,16.1200008392334,16.920000076293945,15.930000305175781,16.6299991607666,0.0
2025-10-03,60.13999938964844,60.38999938964844,60.01100158691406,60.01100158691406,4500.0,669.989990234375,672.6799926757812,668.1599731445312,669.2100219726562,70494400.0,606.510009765625,607.3300170898438,601.3900146484375,603.1799926757812,46482100.0,143.2100067138672,143.94000244140625,141.8699951171875,142.36000061035156,17458000.0,4.083000183105469,4.11899995803833,4.080999851226807,4.11899995803833,0.0,97.8499984741211,97.94999694824219,97.5999984741211,97.72000122070312,0.0,16.350000381469727,17.059999465942383,16.200000762939453,16.649999618530273,0.0
2025-10-06,60.790000915527344,60.790000915527344,60.34199905395508,60.34199905395508,2400.0,671.6199951171875,672.510009765625,669.4600219726562,671.6099853515625,54623300.0,608.4500122070312,609.3599853515625,605.969970703125,607.7100219726562,41962100.0,144.27999877929688,144.72000122070312,143.72500610351562,143.8000030517578,17945600.0,4.1620001792907715,4.165999889373779,4.132999897003174,4.1620001792907715,0.0,97.95999908447266,98.5,97.95999908447266,98.11000061035156,0.0,16.739999771118164,17.09000015258789,16.290000915527344,16.3700008392334,0.0
2025-10-07,60.63999938964844,60.63999938964844,60.03900146484375,60.03900146484375,1400.0,672.5399780273438,672.989990234375,667.6699829101562,669.1199951171875,72020100.0,609.02001953125,609.7100219726562,603.030029296875,604.510009765625,58209500.0,144.5399932861328,144.75,142.0850067138672,142.83999633789062,15588400.0,4.164000034332275,4.171000003814697,4.11299991607666,4.126999855041504,0.0,98.08999633789062,98.66000366210938,98.08999633789062,98.58000183105469,0.0,16.579999923706055,17.549999237060547,16.190000534057617,17.239999771118164,0.0
2025-10-08,60.16999816894531,60.694000244140625,60.16999816894531,60.694000244140625,2300.0,670.25,673.2100219726562,669.4199829101562,673.1099853515625,60702200.0,605.4099731445312,611.75,605.260009765625,611.4400024414062,50629800.0,143.1699981689453,145.35000610351562,143.09500122070312,145.34500122070312,14037800.0,4.104000091552734,4.136000156402588,4.0960001945495605,4.129000186920166,0.0,98.61000061035156,99.05999755859375,98.58999633789062,98.8499984741211,0.0,17.170000076293945,17.200000762939453,16.229999542236328,16.299999237060547,0.0
2025-10-09,60.66999816894531,60.66999816894531,60.375999450683594,60.43299865722656,3200.0,673.530029296875,673.9400024414062,669.2100219726562,671.1599731445312,66501900.0,611.47998046875,611.6099853515625,607.47998046875,610.7000122070312,45551000.0,145.27999877929688,145.41000366210938,144.34500122070312,145.10000610351562,11989400.0,4.132999897003174,4.1519999504089355,4.126999855041504,4.1479997634887695,0.0,98.83999633789062,99.55999755859375,98.69999694824219,99.54000091552734,0.0,16.309999465942383,17.270000457763672,16.260000228881836,16.43000030517578,0.0
2025-10-10,60.279998779296875,60.70000076293945,58.7599983215332,58.7599983215332,5100.0,672.1300048828125,673.9500122070312,652.8400268554688,653.02001953125,159422600.0,611.4000244140625,613.1799926757812,589.0499877929688,589.5,97614800.0,145.40499877929688,145.6699981689453,139.13999938964844,139.19500732421875,44574600.0,4.0980000495910645,4.105000019073486,4.044000148773193,4.051000118255615,0.0,99.38999938964844,99.43000030517578,98.80999755859375,98.9800033569336,0.0,16.360000610351562,22.440000534057617,16.229999542236328,21.65999984741211,0.0
2025-10-13,59.77000045776367,60.0099983215332,59.54999923706055,59.78900146484375,2200.0,660.6500244140625,665.1300048828125,659.77001953125,663.0399780273438,79560500.0,599.6799926757812,602.9500122070312,597.22998046875,602.010009765625,65872600.0,142.36500549316406,143.05999755859375,141.55499267578125,142.5850067138672,22030400.0,4.051000118255615,4.051000118255615,4.051000118255615,4.051000118255615,0.0,98.94000244140625,99.3499984741211,98.83000183105469,99.2699966430664,0.0,19.450000762939453,20.770000457763672,18.610000610351562,19.030000686645508,0.0
2025-10-14,58.900001525878906,60.0,58.821998596191406,59.66999816894531,6300.0,657.1699829101562,665.8300170898438,653.1699829101562,662.22998046875,88779600.0,595.3099975585938,602.6900024414062,590.1300048828125,598.0,69203200.0,140.71499633789062,142.19000244140625,139.1199951171875,140.7550048828125,26956800.0,4.019000053405762,4.051000118255615,4.014999866485596,4.021999835968018,0.0,99.30000305175781,99.4800033569336,98.98999786376953,99.05000305175781,0.0,21.459999084472656,22.940000534057617,19.18000030517578,20.809999465942383,0.0
2025-10-15,60.279998779296875,60.47800064086914,59.709999084472656,60.02899932861328,2600.0,666.8200073242188,670.22998046875,658.9299926757812,665.1699829101562,81702600.0,604.010009765625,606.7000122070312,595.9299926757812,602.219970703125,62805500.0,142.72999572753906,143.2899932861328,140.39999389648438,142.14999389648438,20937600.0,4.02400016784668,4.046999931335449,4.000999927520752,4.046000003814697,0.0,99.05000305175781,99.08000183105469,98.66000366210938,98.79000091552734,0.0,20.020000457763672,22.440000534057617,19.110000610351562,20.639999389648438,0.0
2025-10-16,60.43000030517578,60.43000030517578,59.590999603271484,59.68299865722656,3400.0,666.8200073242188,668.7100219726562,657.1099853515625,660.6400146484375,110563300.0,605.1099853515625,608.3099975585938,595.5,599.989990234375,70982000.0,143.1750030517578,143.80999755859375,141.28500366210938,142.2550048828125,23166200.0,4.019000053405762,4.051000118255615,3.9709999561309814,3.9760000705718994,0.0,98.66999816894531,98.69999694824219,98.30000305175781,98.38999938964844,0.0,20.489999771118164,25.43000030517578,19.850000381469727,25.309999465942383,0.0
2025-10-17,59.540000915527344,59.91999816894531,59.40999984741211,59.904998779296875,5400.0,659.5,665.760009765625,658.1400146484375,664.3900146484375,96500900.0,597.9500122070312,605.510009765625,596.3699951171875,603.9299926757812,72024900.0,141.41000366210938,142.92999267578125,140.50999450683594,142.5050048828125,25511600.0,3.994999885559082,4.017000198364258,3.990000009536743,4.006999969482422,0.0,98.26000213623047,98.55000305175781,98.02999877929688,98.43000030517578,0.0,28.40999984741211,28.989999771118164,20.729999542236328,20.780000686645508,0.0
2025-10-20,59.9900016784668,60.479000091552734,59.9900016784668,60.457000732421875,2600.0,667.3200073242188,672.2100219726562,667.27001953125,671.2999877929688,60493400.0,607.1400146484375,612.7999877929688,607.0700073242188,611.5399780273438,45761700.0,143.32000732421875,144.7100067138672,143.23500061035156,144.09500122070312,13805200.0,4.005000114440918,4.005000114440918,3.9860000610351562,3.9860000610351562,0.0,98.66999816894531,98.66999816894531,98.38999938964844,98.58999633789062,0.0,20.530000686645508,21.020000457763672,18.229999542236328,18.229999542236328,0.0
2025-10-21,60.65999984741211,60.724998474121094,60.29999923706055,60.62300109863281,6400.0,671.4400024414062,672.989990234375,669.97998046875,671.2899780273438,56249000.0,611.6400146484375,612.719970703125,609.3200073242188,611.3800048828125,44538200.0,144.0050048828125,144.68499755859375,143.47500610351562,144.1699981689453,12503800.0,3.9760000705718994,3.9760000705718994,3.947000026702881,3.9630000591278076,0.0,98.61000061035156,98.9800033569336,98.51000213623047,98.93000030517578,0.0,18.649999618530273,18.889999389648438,17.399999618530273,17.8700008392334,0.0
2025-10-22,60.689998626708984,60.689998626708984,59.86000061035156,59.99100112915039,4600.0,672.0,672.0,663.2999877929688,667.7999877929688,80564000.0,610.8200073242188,611.4099731445312,599.739990234375,605.489990234375,61478800.0,144.10499572753906,144.4199981689453,140.9499969482422,142.7449951171875,20723200.0,3.9509999752044678,3.9779999256134033,3.947000026702881,3.953000068664551,0.0,98.97000122070312,99.13999938964844,98.79000091552734,98.9000015258789,0.0,17.84000015258789,21.010000228881836,17.729999542236328,18.600000381469727,0.0
2025-10-23,59.81999969482422,60.3390007019043,59.81999969482422,60.3390007019043,2100.0,668.1199951171875,672.7100219726562,667.7999877929688,671.760009765625,65604500.0,604.9099731445312,611.3699951171875,604.52001953125,610.5800170898438,42844300.0,142.18499755859375,144.77499389648438,142.18499755859375,144.5449981689453,11923400.0,3.989000082015991,4.005000114440918,3.9779999256134033,3.990999937057495,0.0,98.91999816894531,99.13999938964844,98.91000366210938,98.94000244140625,0.0,18.360000610351562,19.350000381469727,17.079999923706055,17.299999237060547,0.0
2025-10-24,60.96500015258789,61.36000061035156,60.96500015258789,61.19300079345703,9700.0,676.4600219726562,678.469970703125,675.6500244140625,677.25,74356500.0,615.989990234375,618.4199829101562,615.1300048828125,617.0999755859375,47632500.0,146.25,147.28500366210938,146.03500366210938,146.7899932861328,14359600.0,4.01200008392334,4.015999794006348,3.9639999866485596,3.996999979019165,0.0,98.94000244140625,99.0999984741211,98.7300033569336,98.94999694824219,0.0,17.020000457763672,17.219999313354492,16.020000457763672,16.3700008392334,0.0
2025-10-27,61.7400016784668,61.926998138427734,61.64500045776367,61.926998138427734,5000.0,682.72998046875,685.5399780273438,682.1199951171875,685.239990234375,63339800.0,624.52001953125,628.5499877929688,624.030029296875,628.0900268554688,54098600.0,148.85000610351562,149.6300048828125,148.61000061035156,149.5,15167000.0,4.019999980926514,4.0329999923706055,3.994999885559082,3.996999979019165,0.0,98.83999633789062,99.0,98.7300033569336,98.77999877929688,0.0,15.729999542236328,16.06999969482422,15.619999885559082,15.789999961853027,0.0
2025-10-28,61.970001220703125,62.349998474121094,61.849998474121094,61.983001708984375,4600.0,687.0499877929688,688.9099731445312,684.8300170898438,687.0599975585938,61738100.0,630.3599853515625,634.6799926757812,629.25,632.9199829101562,61195700.0,150.22500610351562,151.57000732421875,149.7100067138672,150.97999572753906,15055200.0,3.9830000400543213,4.004000186920166,3.9700000286102295,3.9830000400543213,0.0,98.75,98.94999694824219,98.56999969482422,98.69000244140625,0.0,15.949999809265137,16.549999237060547,15.65999984741211,16.420000076293945,0.0
2025-10-29,62.0099983215332,62.0099983215332,61.66299819946289,61.66299819946289,4200.0,688.719970703125,689.7000122070312,682.8699951171875,687.3900146484375,85657100.0,635.5900268554688,637.010009765625,630.25,635.77001953125,67422800.0,152.35000610351562,152.9949951171875,150.93499755859375,152.06500244140625,21506200.0,3.994999885559082,4.058000087738037,3.9830000400543213,4.058000087738037,0.0,98.73999786376953,99.36000061035156,98.62000274658203,99.22000122070312,0.0,16.34000015258789,17.579999923706055,16.260000228881836,16.920000076293945,0.0
2025-10-30,61.5099983215332,61.808998107910156,61.209999084472656,61.209999084472656,4200.0,683.9000244140625,685.9400024414062,679.8300170898438,679.8300170898438,76335800.0,632.1699829101562,633.5,625.9400024414062,626.0499877929688,61628600.0,151.1999969482422,151.97999572753906,150.14500427246094,150.19500732421875,19218600.0,4.098999977111816,4.116000175476074,4.067999839782715,4.0929999351501465,0.0,99.13999938964844,99.72000122070312,98.91999816894531,99.52999877929688,0.0,16.260000228881836,17.40999984741211,15.729999542236328,16.90999984741211,0.0
2025-10-31,61.470001220703125,61.5,61.290000915527344,61.393001556396484,8200.0,685.0399780273438,685.0800170898438,679.239990234375,682.0599975585938,87164100.0,634.1699829101562,634.2000122070312,626.6900024414062,629.0700073242188,66305100.0,151.7100067138672,151.82000732421875,149.47000122070312,150.33999633789062,16303800.0,4.10099983215332,4.103000164031982,4.076000213623047,4.10099983215332,0.0,99.48999786376953,99.83999633789062,99.41999816894531,99.80000305175781,0.0,16.43000030517578,18.540000915527344,15.960000038146973,17.440000534057617,0.0
2025-11-03,61.65999984741211,61.65999984741211,60.880001068115234,61.196998596191406,6000.0,685.6699829101562,685.7999877929688,679.9400024414062,683.3400268554688,57315000.0,635.1099853515625,635.8200073242188,629.8499755859375,632.0800170898438,37154300.0,151.77999877929688,152.11000061035156,150.1300048828125,150.9550018310547,13983600.0,4.105999946594238,4.122000217437744,4.0970001220703125,4.105999946594238,0.0,99.75,99.98999786376953,99.70999908447266,99.87000274658203,0.0,18.059999465942383,18.829999923706055,17.0,17.170000076293945,0.0
2025-11-04,60.52000045776367,60.97999954223633,60.301998138427734,60.301998138427734,7700.0,676.1099853515625,679.9600219726562,674.5800170898438,675.239990234375,78427000.0,623.280029296875,626.9500122070312,618.4600219726562,619.25,63830800.0,148.22500610351562,149.1999969482422,146.72500610351562,146.97000122070312,16722600.0,4.0970001220703125,4.10099983215332,4.078999996185303,4.089000225067139,0.0,99.9800033569336,100.26000213623047,99.73999786376953,100.22000122070312,0.0,19.729999542236328,20.479999542236328,17.899999618530273,19.0,0.0
2025-11-05,60.27000045776367,60.970001220703125,60.27000045776367,60.7599983215332,4000.0,674.97998046875,680.8599853515625,674.1699829101562,677.5800170898438,74402400.0,618.489990234375,626.5999755859375,617.2100219726562,623.280029296875,48688500.0,146.7100067138672,148.74000549316406,146.48500061035156,147.5449981689453,14447000.0,4.0970001220703125,4.160999774932861,4.0929999351501465,4.1570000648498535,0.0,100.18000030517578,100.36000061035156,100.05999755859375,100.19999694824219,0.0,19.3700008392334,20.020000457763672,17.309999465942383,18.010000228881836,0.0
2025-11-06,60.45000076293945,60.45000076293945,59.75,59.8650016784668,4000.0,676.469970703125,677.3800048828125,668.719970703125,670.3099975585938,85035300.0,621.7899780273438,622.0399780273438,610.2999877929688,611.6699829101562,72115100.0,147.30999755859375,147.47000122070312,143.8350067138672,144.5800018310547,24797400.0,4.131999969482422,4.131999969482422,4.077000141143799,4.0929999351501465,0.0,100.11000061035156,100.11000061035156,99.66999816894531,99.7300033569336,0.0,18.360000610351562,20.309999465942383,17.639999389648438,19.5,0.0
2025-11-07,59.43000030517578,59.73500061035156,58.810001373291016,59.73500061035156,7700.0,667.9099731445312,671.0800170898438,661.2100219726562,670.969970703125,100592400.0,608.3099975585938,609.9500122070312,598.6699829101562,609.739990234375,81835400.0,143.34500122070312,144.11500549316406,140.8000030517578,144.0800018310547,25547000.0,4.086999893188477,4.111999988555908,4.065999984741211,4.0929999351501465,0.0,99.76000213623047,99.87000274658203,99.4000015258789,99.5999984741211,0.0,19.520000457763672,22.719999313354492,19.079999923706055,19.079999923706055,0.0
2025-11-10,60.54999923706055,60.729000091552734,60.14500045776367,60.619998931884766,9800.0,677.239990234375,682.1799926757812,675.030029296875,681.4400024414062,75842900.0,618.9199829101562,624.3099975585938,616.8900146484375,623.22998046875,55919900.0,146.65499877929688,148.0449981689453,145.89500427246094,147.76499938964844,18286400.0,4.136000156402588,4.138000011444092,4.0980000495910645,4.110000133514404,0.0,99.62999725341797,99.73999786376953,99.45999908447266,99.62000274658203,0.0,18.579999923706055,18.81999969482422,17.600000381469727,17.600000381469727,0.0
2025-11-11,60.47999954223633,60.630001068115234,60.2400016784668,60.51300048828125,4900.0,679.9500122070312,683.5700073242188,678.72998046875,683.0,58953400.0,620.5700073242188,622.719970703125,617.52001953125,621.5700073242188,44868800.0,146.7899932861328,147.05499267578125,145.52999877929688,146.5050048828125,14871600.0,4.119999885559082,4.119999885559082,4.119999885559082,4.119999885559082,0.0,99.66000366210938,99.73999786376953,99.29000091552734,99.45999908447266,0.0,17.899999618530273,18.010000228881836,17.25,17.280000686645508,0.0
2025-11-12,60.970001220703125,61.060001373291016,60.61000061035156,60.77899932861328,5900.0,684.7899780273438,684.9600219726562,680.9500122070312,683.3800048828125,62312500.0,624.8400268554688,624.8599853515625,617.8099975585938,621.0800170898438,47444400.0,147.72999572753906,147.72999572753906,146.0749969482422,146.9600067138672,13179200.0,4.074999809265137,4.091000080108643,4.056000232696533,4.065000057220459,0.0,99.45999908447266,99.70999908447266,99.41999816894531,99.4800033569336,0.0,17.209999084472656,18.059999465942383,17.100000381469727,17.510000228881836,0.0
2025-11-13,60.439998626708984,60.5099983215332,59.58000183105469,59.61000061035156,7200.0,680.5,680.8599853515625,670.52001953125,672.0399780273438,103457800.0,617.5399780273438,618.1199951171875,606.0800170898438,608.4000244140625,71333600.0,146.13999938964844,146.33999633789062,142.51499938964844,143.2949981689453,22385800.0,4.104000091552734,4.117000102996826,4.0879998207092285,4.111999988555908,0.0,99.5199966430664,99.58999633789062,98.98999786376953,99.18000030517578,0.0,17.610000610351562,21.309999465942383,17.510000228881836,20.0,0.0
2025-11-14,58.970001220703125,59.779998779296875,58.66999816894531,59.5260009765625,2000.0,665.3800048828125,675.6599731445312,663.27001953125,671.9299926757812,96846700.0,599.5499877929688,613.3499755859375,597.1699829101562,608.8599853515625,80087300.0,140.64999389648438,145.3800048828125,140.14500427246094,144.0749969482422,27429600.0,4.066999912261963,4.1479997634887695,4.065000057220459,4.1479997634887695,0.0,99.26000213623047,99.4000015258789,98.98999786376953,99.2699966430664,0.0,21.329999923706055,23.030000686645508,19.559999465942383,19.829999923706055,0.0
2025-11-17,59.4900016784668,59.858001708984375,58.7400016784668,58.7400016784668,5200.0,669.7000122070312,673.7100219726562,662.1699829101562,665.6699829101562,90456100.0,606.2999877929688,612.47998046875,599.8699951171875,603.6599731445312,63850400.0,142.72500610351562,144.28500366210938,140.6750030517578,141.82000732421875,24675400.0,4.138999938964844,4.145999908447266,4.125,4.132999897003174,0.0,99.2699966430664,99.5999984741211,99.25,99.58999633789062,0.0,19.579999923706055,23.440000534057617,19.540000915527344,22.3799991607666,0.0
2025-11-18,58.45000076293945,58.64500045776367,58.0,58.33700180053711,2900.0,662.0999755859375,665.1199951171875,655.8599853515625,660.0800170898438,114467500.0,599.6199951171875,602.3099975585938,591.3400268554688,596.3099975585938,83327300.0,140.59500122070312,141.32000732421875,138.23500061035156,139.51499938964844,36747600.0,4.105999946594238,4.138999938964844,4.085000038146973,4.123000144958496,0.0,99.55999755859375,99.66000366210938,99.4000015258789,99.55000305175781,0.0,23.540000915527344,25.84000015258789,22.90999984741211,24.690000534057617,0.0
2025-11-19,58.40999984741211,58.790000915527344,58.20500183105469,58.612998962402344,17000.0,660.780029296875,667.3400268554688,658.75,662.6300048828125,94703000.0,597.0700073242188,606.1599731445312,594.5900268554688,599.8699951171875,73111500.0,139.52499389648438,142.05999755859375,139.1649932861328,140.48500061035156,27668800.0,4.110000133514404,4.135000228881836,4.0980000495910645,4.132999897003174,0.0,99.58000183105469,100.23999786376953,99.48999786376953,100.2300033569336,0.0,24.520000457763672,24.790000915527344,21.93000030517578,23.65999984741211,0.0
2025-11-20,59.72999954223633,59.76499938964844,57.45000076293945,57.46799850463867,3400.0,672.9099731445312,675.5599975585938,651.8900146484375,652.530029296875,165293500.0,611.6199951171875,614.030029296875,584.75,585.6699829101562,117743200.0,143.72000122070312,144.2550048828125,135.75999450683594,136.0749969482422,56551800.0,4.145999908447266,4.1620001792907715,4.085999965667725,4.105999946594238,0.0,100.16999816894531,100.36000061035156,100.02999877929688,100.16000366210938,0.0,20.780000686645508,28.270000457763672,19.280000686645508,26.420000076293945,0.0
2025-11-21,57.939998626708984,58.70000076293945,57.29999923706055,58.12900161743164,8000.0,655.0499877929688,664.5499877929688,650.8499755859375,659.030029296875,123956200.0,587.469970703125,596.97998046875,580.739990234375,590.0700073242188,103344200.0,136.3000030517578,138.4199981689453,133.74000549316406,136.60000610351562,44959000.0,4.071000099182129,4.085999965667725,4.053999900817871,4.063000202178955,0.0,100.16000366210938,100.4000015258789,99.98999786376953,100.18000030517578,0.0,25.969999313354492,27.84000015258789,22.540000915527344,23.43000030517578,0.0
2025-11-24,58.45000076293945,59.33000183105469,58.45000076293945,59.26499938964844,4600.0,662.6900024414062,670.0599975585938,661.5900268554688,668.72998046875,80437900.0,595.280029296875,606.6799926757812,595.1599731445312,605.1599731445312,60168100.0,137.52000427246094,140.35000610351562,137.43499755859375,139.85499572753906,20124800.0,4.056000232696533,4.060999870300293,4.0320000648498535,4.038000106811523,0.0,100.19999694824219,100.30000305175781,100.01000213623047,100.13999938964844,0.0,22.690000534057617,23.68000030517578,20.40999984741211,20.520000457763672,0.0
2025-11-25,59.2599983215332,59.81999969482422,58.7400016784668,59.81999969482422,6500.0,668.6300048828125,676.2100219726562,664.47998046875,675.02001953125,81077100.0,603.510009765625,610.260009765625,597.3200073242188,608.8900146484375,57560900.0,138.625,140.58999633789062,136.65499877929688,140.22999572753906,21303400.0,4.013000011444092,4.0269999504089355,3.98799991607666,4.001999855041504,0.0,100.20999908447266,100.26000213623047,99.6500015258789,99.66000366210938,0.0,20.549999237060547,21.770000457763672,18.389999389648438,18.559999465942383,0.0
2025-11-26,59.90999984741211,60.2599983215332,59.90999984741211,60.125999450683594,2700.0,677.6300048828125,681.7000122070312,676.719970703125,679.6799926757812,71879600.0,612.510009765625,616.1900024414062,610.3900146484375,614.27001953125,42393600.0,141.88499450683594,142.4949951171875,140.7899932861328,141.88999938964844,13358800.0,4.0,4.041999816894531,3.996000051498413,3.997999906539917,0.0,99.83999633789062,99.95999908447266,99.55999755859375,99.5999984741211,0.0,18.25,18.700000762939453,16.93000030517578,17.190000534057617,0.0
2025-11-28,60.09000015258789,60.39400100708008,60.09000015258789,60.39400100708008,3900.0,680.8599853515625,683.6699829101562,680.5,683.3900146484375,49212000.0,616.1099853515625,619.3200073242188,615.4199829101562,619.25,23034400.0,142.19000244140625,143.13499450683594,141.80499267578125,143.11000061035156,6792200.0,3.990000009536743,4.035999774932861,3.990000009536743,4.017000198364258,0.0,99.56999969482422,99.81999969482422,99.37999725341797,99.45999908447266,0.0,17.40999984741211,18.520000457763672,15.779999732971191,16.350000381469727,0.0
2025-12-01,59.709999084472656,60.439998626708984,59.709999084472656,60.06999969482422,3800.0,678.8099975585938,682.989990234375,678.739990234375,680.27001953125,61201200.0,613.6300048828125,619.4400024414062,612.52001953125,617.1699829101562,40957600.0,141.72000122070312,143.60499572753906,141.28500366210938,143.1750030517578,12846600.0,4.050000190734863,4.0980000495910645,4.050000190734863,4.0960001945495605,0.0,99.4800033569336,99.51000213623047,99.01000213623047,99.41000366210938,0.0,18.049999237060547,18.329999923706055,16.579999923706055,17.239999771118164,0.0
2025-12-02,60.15999984741211,60.560001373291016,60.15999984741211,60.36399841308594,5300.0,681.9199829101562,683.8200073242188,679.3300170898438,681.530029296875,62953800.0,619.4600219726562,623.75,617.5900268554688,622.0,54541800.0,144.06500244140625,145.51499938964844,143.64500427246094,144.64999389648438,15719000.0,4.110000133514404,4.113999843597412,4.080999851226807,4.085999965667725,0.0,99.44999694824219,99.56999969482422,99.31999969482422,99.36000061035156,0.0,17.280000686645508,17.309999465942383,16.389999389648438,16.59000015258789,0.0
2025-12-03,60.20000076293945,60.856998443603516,60.20000076293945,60.856998443603516,2500.0,680.5700073242188,684.9099731445312,679.6900024414062,683.8900146484375,57238500.0,619.6199951171875,624.219970703125,618.030029296875,623.52001953125,47841600.0,143.9499969482422,145.09500122070312,143.22999572753906,144.9949951171875,11623200.0,4.053999900817871,4.085999965667725,4.052000045776367,4.057000160217285,0.0,99.27999877929688,99.29000091552734,98.81999969482422,98.8499984741211,0.0,16.43000030517578,17.280000686645508,15.930000305175781,16.079999923706055,0.0
2025-12-04,60.8390007019043,60.849998474121094,60.619998931884766,60.81700134277344,3100.0,685.2999877929688,685.3699951171875,681.3400268554688,684.3900146484375,61970300.0,624.9299926757812,624.9400024414062,619.5399780273438,622.9400024414062,47067800.0,145.19000244140625,145.7949981689453,144.4949951171875,145.53500366210938,9995200.0,4.093999862670898,4.110000133514404,4.083000183105469,4.107999801635742,0.0,98.91999816894531,99.08000183105469,98.7699966430664,98.98999786376953,0.0,16.229999542236328,16.6299991607666,15.680000305175781,15.779999732971191,0.0
2025-12-05,61.2400016784668,61.40999984741211,61.2400016784668,61.2859992980957,1900.0,685.469970703125,688.3900146484375,684.5800170898438,685.6900024414062,79241000.0,624.3800048828125,628.9199829101562,623.7100219726562,625.47998046875,53614200.0,146.2100067138672,147.30999755859375,145.69000244140625,146.60000610351562,6628000.0,4.118000030517578,4.144999980926514,4.0980000495910645,4.138999938964844,0.0,99.04000091552734,99.12999725341797,98.80999755859375,98.98999786376953,0.0,15.579999923706055,16.18000030517578,15.279999732971191,15.40999984741211,0.0
2025-12-08,61.63999938964844,61.63999938964844,61.17499923706055,61.20800018310547,5400.0,686.5900268554688,686.6400146484375,681.5700073242188,683.6300048828125,55231500.0,627.2100219726562,628.8400268554688,621.6900024414062,624.280029296875,43462400.0,147.42999267578125,148.3800048828125,146.9199981689453,147.6300048828125,8272800.0,4.14300012588501,4.191999912261963,4.14300012588501,4.171999931335449,0.0,98.97000122070312,99.2300033569336,98.79000091552734,99.08999633789062,0.0,16.149999618530273,17.09000015258789,16.100000381469727,16.65999984741211,0.0
2025-12-09,61.209999084472656,61.53900146484375,61.209999084472656,61.388999938964844,2800.0,683.1500244140625,685.3900146484375,682.5900268554688,683.0399780273438,58310100.0,623.010009765625,625.8699951171875,621.0,625.0499877929688,37156000.0,147.33999633789062,148.25,146.9600067138672,148.02000427246094,6978200.0,4.1620001792907715,4.190000057220459,4.14300012588501,4.185999870300293,0.0,99.05000305175781,99.30999755859375,98.94999694824219,99.22000122070312,0.0,16.65999984741211,17.200000762939453,16.450000762939453,16.93000030517578,0.0
2025-12-10,61.37200164794922,62.0099983215332,61.37200164794922,61.99300003051758,2800.0,682.5599975585938,688.969970703125,681.3099975585938,687.5700073242188,85671300.0,623.8499755859375,629.2100219726562,620.989990234375,627.6099853515625,55031400.0,147.69000244140625,149.22000122070312,146.82000732421875,148.72999572753906,8961100.0,4.202000141143799,4.203999996185303,4.146999835968018,4.164000034332275,0.0,99.22000122070312,99.26000213623047,98.58999633789062,98.79000091552734,0.0,16.940000534057617,17.65999984741211,15.5600004196167,15.770000457763672,0.0
2025-12-11,61.2599983215332,61.790000915527344,61.2599983215332,61.71699905395508,2600.0,685.1400146484375,689.25,682.1699829101562,689.1699829101562,86173700.0,623.8200073242188,625.780029296875,617.719970703125,625.5800170898438,58272800.0,147.05999755859375,148.1300048828125,145.11000061035156,147.97000122070312,9769300.0,4.13100004196167,4.14300012588501,4.1020002365112305,4.140999794006348,0.0,98.55999755859375,98.76000213623047,98.12999725341797,98.3499984741211,0.0,16.84000015258789,16.8799991607666,14.850000381469727,14.850000381469727,0.0
2025-12-12,61.52000045776367,61.64400100708008,60.569000244140625,60.569000244140625,5600.0,688.1699829101562,688.8800048828125,679.1699829101562,681.760009765625,113160300.0,622.0800170898438,623.5399780273438,611.3599853515625,613.6199951171875,75158700.0,146.94000244140625,147.0800018310547,143.25999450683594,143.69000244140625,14873200.0,4.177999973297119,4.199999809265137,4.177999973297119,4.193999767303467,0.0,98.31999969482422,98.52999877929688,98.30000305175781,98.4000015258789,0.0,14.989999771118164,17.850000381469727,14.850000381469727,15.739999771118164,0.0
2025-12-15,60.56999969482422,60.56999969482422,60.138999938964844,60.145999908447266,3400.0,685.739990234375,685.760009765625,679.25,680.72998046875,90811000.0,618.3699951171875,618.4199829101562,609.3200073242188,610.5399780273438,49538200.0,144.4199981689453,144.6300048828125,142.02000427246094,142.3000030517578,10790300.0,4.170000076293945,4.185999870300293,4.151000022888184,4.182000160217285,0.0,98.4000015258789,98.4800033569336,98.13999938964844,98.1500015258789,0.0,16.510000228881836,17.350000381469727,15.989999771118164,16.5,0.0
2025-12-16,60.20000076293945,60.20000076293945,59.79999923706055,59.9900016784668,4500.0,679.22998046875,681.0800170898438,674.97998046875,678.8699951171875,122030600.0,608.260009765625,613.510009765625,606.9099731445312,611.75,55152800.0,141.91000366210938,142.97000122070312,141.3000030517578,142.55999755859375,10790900.0,4.170000076293945,4.196000099182129,4.14300012588501,4.14900016784668,0.0,98.2699966430664,98.31999969482422,97.87000274658203,98.1500015258789,0.0,17.280000686645508,17.610000610351562,16.190000534057617,16.479999542236328,0.0
2025-12-17,60.060001373291016,60.060001373291016,58.94599914550781,58.94599914550781,3300.0,679.8900146484375,680.4400024414062,671.2000122070312,671.4000244140625,110625200.0,613.0599975585938,613.6500244140625,600.280029296875,600.4099731445312,70654300.0,142.72000122070312,142.83999633789062,139.32000732421875,139.38999938964844,18178700.0,4.163000106811523,4.170000076293945,4.14300012588501,4.151000022888184,0.0,98.20999908447266,98.63999938964844,98.18000030517578,98.37000274658203,0.0,16.450000762939453,18.0,15.819999694824219,17.6200008392334,0.0
2025-12-18,59.7599983215332,59.90999984741211,59.52000045776367,59.560001373291016,2500.0,677.5999755859375,680.739990234375,674.9000244140625,676.469970703125,108650100.0,609.7999877929688,612.9299926757812,606.9199829101562,609.1099853515625,78875800.0,141.86000061035156,142.4199981689453,140.7899932861328,141.5399932861328,12319500.0,4.125,4.13700008392334,4.107999801635742,4.116000175476074,0.0,98.37999725341797,98.55999755859375,98.16999816894531,98.43000030517578,0.0,17.610000610351562,17.68000030517578,15.930000305175781,16.8700008392334,0.0
2025-12-19,59.63999938964844,60.54600143432617,59.63999938964844,60.529998779296875,6400.0,676.5900268554688,681.0900268554688,676.469970703125,680.5900268554688,103599500.0,611.9500122070312,617.6199951171875,611.8699951171875,617.0499877929688,60369800.0,142.58999633789062,144.6199951171875,142.57000732421875,144.60000610351562,14265900.0,4.146999835968018,4.1570000648498535,4.130000114440918,4.151000022888184,0.0,98.45999908447266,98.75,98.41999816894531,98.5999984741211,0.0,16.309999465942383,16.530000686645508,14.90999984741211,14.90999984741211,0.0
2025-12-22,61.02000045776367,61.08000183105469,60.869998931884766,61.064998626708984,76300.0,683.9400024414062,685.3599853515625,680.5900268554688,684.8300170898438,69556700.0,621.3499755859375,621.6500244140625,617.77001953125,619.2100219726562,43703100.0,146.00999450683594,146.00999450683594,144.64999389648438,145.16000366210938,8864500.0,4.166999816894531,4.175000190734863,4.15500020980835,4.169000148773193,0.0,98.66999816894531,98.7300033569336,98.19999694824219,98.29000091552734,0.0,15.15999984741211,15.260000228881836,14.029999732971191,14.079999923706055,0.0
2025-12-23,60.869998931884766,61.18000030517578,60.869998931884766,61.18000030517578,38300.0,683.9199829101562,688.2000122070312,683.8699951171875,687.9600219726562,64840000.0,618.2000122070312,622.4099731445312,617.780029296875,622.1099853515625,41120400.0,144.74000549316406,145.97999572753906,144.36000061035156,145.9499969482422,7546100.0,4.151000022888184,4.202000141143799,4.151000022888184,4.169000148773193,0.0,98.19999694824219,98.19999694824219,97.8499984741211,97.94000244140625,0.0,14.09000015258789,14.449999809265137,13.640000343322754,14.0,0.0
2025-12-24,61.099998474121094,61.50899887084961,61.099998474121094,61.47999954223633,3000.0,687.9500122070312,690.8300170898438,687.7999877929688,690.3800048828125,39445600.0,621.989990234375,624.280029296875,621.719970703125,623.9299926757812,18468700.0,145.7899932861328,146.5,145.67999267578125,146.3000030517578,3676300.0,4.166999816894531,4.166999816894531,4.131999969482422,4.136000156402588,0.0,97.88999938964844,98.01000213623047,97.75,97.9800033569336,0.0,14.09000015258789,14.15999984741211,13.380000114440918,13.470000267028809,0.0
2025-12-26,61.540000915527344,61.59000015258789,61.43000030517578,61.53799819946289,6200.0,690.6400146484375,691.6599731445312,689.27001953125,690.3099975585938,41613300.0,624.6599731445312,625.52001953125,623.1400146484375,623.8900146484375,28959800.0,146.61000061035156,146.97999572753906,146.24000549316406,146.52999877929688,5052900.0,4.122000217437744,4.144999980926514,4.110000133514404,4.136000156402588,0.0,97.91999816894531,98.12999725341797,97.86000061035156,98.0199966430664,0.0,14.119999885559082,14.289999961853027,13.520000457763672,13.600000381469727,0.0
2025-12-29,61.11000061035156,61.52000045776367,61.11000061035156,61.459999084472656,8200.0,687.5399780273438,689.2000122070312,686.0700073242188,687.8499755859375,62559500.0,620.0999755859375,622.780029296875,618.72998046875,620.8699951171875,32458300.0,145.35000610351562,146.3800048828125,145.0399932861328,145.8699951171875,9822300.0,4.116000175476074,4.130000114440918,4.107999801635742,4.116000175476074,0.0,98.05000305175781,98.18000030517578,97.91999816894531,98.04000091552734,0.0,14.6899995803833,15.079999923706055,13.989999771118164,14.199999809265137,0.0
2025-12-30,61.77000045776367,61.77000045776367,61.38999938964844,61.38999938964844,5300.0,687.4500122070312,688.5599975585938,686.5800170898438,687.010009765625,47160700.0,619.8400268554688,622.1799926757812,619.219970703125,619.4299926757812,31226800.0,145.85000610351562,146.25999450683594,145.3800048828125,145.41000366210938,6387400.0,4.140999794006348,4.140999794006348,4.116000175476074,4.130000114440918,0.0,98.01000213623047,98.2699966430664,97.94000244140625,98.23999786376953,0.0,14.430000305175781,14.619999885559082,14.039999961853027,14.329999923706055,0.0
2025-12-31,61.279998779296875,61.279998779296875,60.810001373291016,60.810001373291016,1700.0,687.1400146484375,687.3599853515625,681.7100219726562,681.9199829101562,74144800.0,619.6500244140625,619.9600219726562,614.0499877929688,614.3099975585938,40746500.0,145.7100067138672,145.8000030517578,143.89999389648438,143.97000122070312,9528400.0,4.125999927520752,4.172999858856201,4.125999927520752,4.163000106811523,0.0,98.25,98.5,98.18000030517578,98.27999877929688,0.0,14.770000457763672,15.170000076293945,14.380000114440918,14.949999809265137,0.0
2026-01-02,61.27000045776367,61.27000045776367,60.880001068115234,61.07600021362305,3400.0,685.7100219726562,686.8699951171875,679.8200073242188,683.1699829101562,89377200.0,620.0599975585938,622.8499755859375,610.1500244140625,613.1199951171875,61859200.0,145.6300048828125,146.52000427246094,143.41000366210938,144.3000030517578,15299500.0,4.160999774932861,4.197000026702881,4.158999919891357,4.186999797821045,0.0,98.23999786376953,98.48999786376953,98.1500015258789,98.41999816894531,0.0,14.850000381469727,15.420000076293945,14.460000038146973,14.510000228881836,0.0
2026-01-05,61.564998626708984,61.810001373291016,61.529998779296875,61.53099822998047,7100.0,686.5399780273438,689.4299926757812,686.3800048828125,687.719970703125,71927200.0,619.3200073242188,620.8099975585938,616.719970703125,617.989990234375,46828400.0,146.00999450683594,146.38999938964844,144.25,144.6199951171875,17476300.0,4.183000087738037,4.190999984741211,4.1529998779296875,4.164999961853027,0.0,98.4800033569336,98.86000061035156,98.25,98.2699966430664,0.0,15.140000343322754,15.270000457763672,14.649999618530273,14.899999618530273,0.0
2026-01-06,61.560001373291016,62.310001373291016,61.560001373291016,62.284000396728516,4900.0,687.9299926757812,692.3200073242188,687.780029296875,691.8099975585938,69273800.0,619.22998046875,624.02001953125,618.5399780273438,623.4199829101562,43137500.0,145.2100067138672,146.77000427246094,144.6300048828125,146.64999389648438,14985700.0,4.172999858856201,4.197000026702881,4.164999961853027,4.178999900817871,0.0,98.41000366210938,98.62999725341797,98.16000366210938,98.58000183105469,0.0,15.0,15.210000038146973,14.630000114440918,14.75,0.0
2026-01-07,62.119998931884766,62.2239990234375,61.952999114990234,61.952999114990234,2100.0,692.1900024414062,693.9600219726562,689.3200073242188,689.5800170898438,75588300.0,623.0399780273438,627.9400024414062,622.5599975585938,624.02001953125,44880300.0,146.52999877929688,147.3800048828125,146.0399932861328,146.52999877929688,13957100.0,4.131999969482422,4.160999774932861,4.124000072479248,4.138000011444092,0.0,98.58000183105469,98.75,98.5,98.68000030517578,0.0,14.949999809265137,15.479999542236328,14.829999923706055,15.380000114440918,0.0
2026-01-08,61.869998931884766,61.869998931884766,61.44200134277344,61.56399917602539,3000.0,688.8200073242188,690.6199951171875,687.489990234375,689.510009765625,64019200.0,623.030029296875,623.4199829101562,617.7999877929688,620.469970703125,50435900.0,145.92999267578125,145.92999267578125,143.5,144.24000549316406,16870100.0,4.166999816894531,4.186999797821045,4.160999774932861,4.183000087738037,0.0,98.73999786376953,98.9800033569336,98.68000030517578,98.93000030517578,0.0,15.6899995803833,15.850000381469727,15.149999618530273,15.449999809265137,0.0
2026-01-09,61.810001373291016,62.290000915527344,61.810001373291016,62.11800003051758,1300.0,690.6300048828125,695.3099975585938,689.1799926757812,694.0700073242188,80125500.0,621.4099731445312,627.8900146484375,619.0599975585938,626.6500244140625,49688700.0,144.57000732421875,146.5800018310547,144.02999877929688,146.14999389648438,15652600.0,4.186999797821045,4.210999965667725,4.158999919891357,4.171000003814697,0.0,98.91000366210938,99.26000213623047,98.9000015258789,99.12999725341797,0.0,15.680000305175781,15.8100004196167,14.430000305175781,14.489999771118164,0.0
2026-01-12,61.599998474121094,62.25,61.599998474121094,62.24700164794922,2900.0,690.6799926757812,696.0900268554688,690.6300048828125,695.1599731445312,63976000.0,622.3099975585938,628.8499755859375,622.260009765625,627.1699829101562,37388700.0,145.19000244140625,147.2899932861328,145.0500030517578,146.7899932861328,12867200.0,4.197000026702881,4.201000213623047,4.169000148773193,4.186999797821045,0.0,99.16999816894531,99.25,98.66999816894531,98.86000061035156,0.0,16.059999465942383,16.65999984741211,15.029999732971191,15.119999885559082,0.0
2026-01-13,61.900001525878906,61.900001525878906,61.7400016784668,61.75,2400.0,695.489990234375,696.0900268554688,691.3499755859375,693.77001953125,78309700.0,627.27001953125,629.469970703125,623.7000122070312,626.239990234375,44481400.0,146.85000610351562,147.52000427246094,145.85000610351562,146.47999572753906,16552200.0,4.192999839782715,4.195000171661377,4.156000137329102,4.171000003814697,0.0,98.9000015258789,99.2300033569336,98.8499984741211,99.12999725341797,0.0,15.359999656677246,16.5,14.75,15.979999542236328,0.0
2026-01-14,61.630001068115234,61.630001068115234,61.0,61.47999954223633,6600.0,691.0,691.719970703125,686.0399780273438,690.3599853515625,94676700.0,622.239990234375,623.4500122070312,614.5599975585938,619.5499877929688,72598700.0,145.5,145.92999267578125,143.32000732421875,144.6999969482422,22104200.0,4.159999847412109,4.169000148773193,4.131999969482422,4.139999866485596,0.0,99.19000244140625,99.25,98.93000030517578,99.12999725341797,0.0,16.329999923706055,18.100000381469727,16.219999313354492,16.75,0.0
2026-01-15,62.15999984741211,62.178001403808594,61.54800033569336,61.54800033569336,1900.0,694.5700073242188,695.4500122070312,691.25,692.239990234375,77862000.0,626.5999755859375,630.0,620.75,621.780029296875,53934900.0,146.92999267578125,147.57000732421875,145.30999755859375,145.4600067138672,17370900.0,4.138000011444092,4.164000034332275,4.136000156402588,4.159999847412109,0.0,99.12999725341797,99.48999786376953,99.08999633789062,99.31999969482422,0.0,16.520000457763672,16.540000915527344,15.300000190734863,15.84000015258789,0.0
2026-01-16,61.900001525878906,61.900001525878906,61.7599983215332,61.81999969482422,3900.0,693.6599731445312,694.25,690.0999755859375,691.6599731445312,79289200.0,625.5,626.0800170898438,618.8800048828125,621.260009765625,61058100.0,146.72000122070312,146.9499969482422,145.02000427246094,145.6199951171875,14156700.0,4.195000171661377,4.232999801635742,4.181000232696533,4.230999946594238,0.0,99.37000274658203,99.4800033569336,99.16000366210938,99.38999938964844,0.0,15.4399995803833,16.290000915527344,15.300000190734863,15.859999656677246,0.0
2026-01-20,60.91999816894531,61.224998474121094,60.52799987792969,60.52799987792969,3400.0,681.489990234375,684.77001953125,676.5700073242188,677.5800170898438,111623300.0,610.530029296875,615.0599975585938,607.0499877929688,608.0599975585938,81988900.0,143.08999633789062,144.10000610351562,141.61000061035156,141.83999633789062,20029200.0,4.2789998054504395,4.310999870300293,4.269000053405762,4.295000076293945,0.0,99.13999938964844,99.13999938964844,98.25,98.63999938964844,0.0,19.940000534057617,20.989999771118164,18.639999389648438,20.09000015258789,0.0
2026-01-21,61.04999923706055,61.525001525878906,61.04999923706055,61.525001525878906,1200.0,679.6500244140625,688.739990234375,678.1300048828125,685.4000244140625,127844500.0,609.469970703125,620.4199829101562,607.8599853515625,616.280029296875,79837900.0,142.77999877929688,145.0399932861328,141.9600067138672,143.80999755859375,27892800.0,4.281000137329102,4.301000118255615,4.249000072479248,4.252999782562256,0.0,98.61000061035156,98.87000274658203,98.37999725341797,98.76000213623047,0.0,19.309999465942383,20.809999465942383,16.670000076293945,16.899999618530273,0.0
2026-01-22,62.099998474121094,62.099998474121094,61.999000549316406,61.999000549316406,1600.0,689.8499755859375,691.1300048828125,686.9199829101562,688.97998046875,77112200.0,622.3499755859375,622.4600219726562,617.780029296875,620.760009765625,42254800.0,145.61000061035156,145.6999969482422,144.16000366210938,144.8800048828125,12971600.0,4.258999824523926,4.2769999504089355,4.243000030517578,4.249000072479248,0.0,98.79000091552734,98.83000183105469,98.27999877929688,98.36000061035156,0.0,16.649999618530273,16.670000076293945,15.270000457763672,15.640000343322754,0.0
2026-01-23,61.88999938964844,61.88999938964844,61.59000015258789,61.766998291015625,3100.0,688.1500244140625,690.9600219726562,687.1599731445312,689.22998046875,63059600.0,619.72998046875,625.4000244140625,618.6500244140625,622.719970703125,43645800.0,144.52999877929688,145.8300018310547,143.75,145.08999633789062,14654500.0,4.236999988555908,4.263000011444092,4.232999801635742,4.238999843597412,0.0,98.33000183105469,98.4800033569336,97.43000030517578,97.5999984741211,0.0,15.680000305175781,16.209999084472656,15.300000190734863,16.09000015258789,0.0
2026-01-26,61.72999954223633,62.15999984741211,61.72999954223633,62.03900146484375,10800.0,690.489990234375,694.1300048828125,689.9199829101562,692.72998046875,60473800.0,623.2100219726562,627.6099853515625,622.1199951171875,625.4600219726562,35983000.0,145.27000427246094,146.7100067138672,144.88999938964844,146.0800018310547,10195600.0,4.2129998207092285,4.229000091552734,4.203000068664551,4.2129998207092285,0.0,97.02999877929688,97.33000183105469,96.80999755859375,97.04000091552734,0.0,16.899999618530273,17.389999389648438,15.800000190734863,16.149999618530273,0.0
2026-01-27,61.79899978637695,61.79899978637695,61.70000076293945,61.70000076293945,1400.0,694.1799926757812,696.530029296875,693.5700073242188,695.489990234375,55506100.0,628.9099731445312,632.0399780273438,627.3400268554688,631.1300048828125,38997200.0,147.4199981689453,148.6199951171875,147.02999877929688,148.0500030517578,12436200.0,4.235000133514404,4.238999843597412,4.206999778747559,4.2230000495910645,0.0,97.05000305175781,97.29000091552734,95.55000305175781,96.22000122070312,0.0,16.020000457763672,16.3700008392334,15.739999771118164,16.350000381469727,0.0
2026-01-28,62.34000015258789,62.34000015258789,62.189998626708984,62.33000183105469,2200.0,697.0499877929688,697.8400268554688,693.9400024414062,695.4199829101562,61172200.0,635.4600219726562,636.5999755859375,631.8099975585938,633.219970703125,50691700.0,149.0,149.89999389648438,148.61000061035156,149.22999572753906,19497400.0,4.235000133514404,4.270999908447266,4.235000133514404,4.250999927520752,0.0,95.97000122070312,96.79000091552734,95.86000061035156,96.44999694824219,0.0,16.09000015258789,17.18000030517578,16.049999237060547,16.350000381469727,0.0
2026-01-29,62.650001525878906,62.650001525878906,61.36000061035156,62.37900161743164,7800.0,696.3900146484375,697.0599975585938,684.8300170898438,694.0399780273438,97486200.0,632.6500244140625,633.6699829101562,618.27001953125,629.4299926757812,79944000.0,147.83999633789062,147.92999267578125,143.27000427246094,146.8699951171875,25581000.0,4.247000217437744,4.270999908447266,4.2230000495910645,4.2270002365112305,0.0,96.16000366210938,96.66000366210938,96.0199966430664,96.27999877929688,0.0,16.040000915527344,19.739999771118164,16.020000457763672,16.8799991607666,0.0
2026-01-30,62.0099983215332,62.01499938964844,61.290000915527344,61.435001373291016,2500.0,691.7899780273438,694.2100219726562,687.1199951171875,691.969970703125,101835100.0,625.7100219726562,628.260009765625,619.2999877929688,621.8699951171875,65650700.0,146.0399932861328,146.75,142.99000549316406,143.8800048828125,18342600.0,4.247000217437744,4.261000156402588,4.236000061035156,4.241000175476074,0.0,96.31999969482422,97.1500015258789,96.31999969482422,96.98999786376953,0.0,18.719999313354492,19.270000457763672,16.670000076293945,17.440000534057617,0.0
2026-02-02,61.33000183105469,62.59000015258789,61.0099983215332,62.292999267578125,20800.0,689.5800170898438,696.9299926757812,689.4199829101562,695.4099731445312,79286500.0,618.7000122070312,628.489990234375,618.6599731445312,626.1400146484375,49020300.0,143.52999877929688,146.14999389648438,143.38999938964844,145.25999450683594,16337600.0,4.236000061035156,4.281000137329102,4.230999946594238,4.275000095367432,0.0,97.19000244140625,97.7300033569336,97.01000213623047,97.61000061035156,0.0,19.950000762939453,19.959999084472656,16.079999923706055,16.34000015258789,0.0
2026-02-03,62.40999984741211,62.40999984741211,60.5,61.08000183105469,3200.0,696.2100219726562,696.9600219726562,684.030029296875,689.530029296875,107904600.0,628.2999877929688,629.97998046875,610.9600219726562,616.52001953125,81234000.0,145.8800048828125,145.97000122070312,140.1699981689453,142.0800018310547,30464500.0,4.289999961853027,4.300000190734863,4.265999794006348,4.27400016784668,0.0,97.5199966430664,97.69000244140625,97.30000305175781,97.44000244140625,0.0,16.15999984741211,20.3700008392334,16.049999237060547,18.0,0.0
2026-02-04,60.720001220703125,60.720001220703125,59.178001403808594,59.900001525878906,15000.0,690.3499755859375,691.4500122070312,681.760009765625,686.1900024414062,105204600.0,615.02001953125,615.0999755859375,600.469970703125,605.75,81850700.0,140.8300018310547,141.00999450683594,136.11000061035156,138.1199951171875,45649500.0,4.26800012588501,4.289999961853027,4.261000156402588,4.275000095367432,0.0,97.43000030517578,97.7300033569336,97.30999755859375,97.62000274658203,0.0,17.6299991607666,21.239999771118164,17.469999313354492,18.639999389648438,0.0
2026-02-05,59.13999938964844,59.40999984741211,59.06999969482422,59.14699935913086,6200.0,680.9400024414062,683.6900024414062,675.7899780273438,677.6199951171875,113610800.0,600.2100219726562,604.8099975585938,594.760009765625,597.030029296875,89354500.0,137.22000122070312,138.47999572753906,135.0800018310547,135.6300048828125,42950900.0,4.251999855041504,4.25600004196167,4.203999996185303,4.210000038146973,0.0,97.66999816894531,97.98999786376953,97.61000061035156,97.81999969482422,0.0,19.239999771118164,23.100000381469727,19.059999465942383,21.770000457763672,0.0
2026-02-06,59.689998626708984,60.77000045776367,59.689998626708984,60.77000045776367,6100.0,681.4600219726562,692.3099975585938,680.8499755859375,690.6199951171875,89127600.0,600.1900024414062,611.4099731445312,598.77001953125,609.6500244140625,78019300.0,138.00999450683594,141.47000122070312,137.4199981689453,141.1300048828125,37131900.0,4.203999996185303,4.223999977111816,4.193999767303467,4.205999851226807,0.0,97.94999694824219,97.94999694824219,97.55999755859375,97.62999725341797,0.0,21.239999771118164,21.489999771118164,19.989999771118164,20.3700008392334,0.0
2026-02-09,60.41999816894531,61.16999816894531,60.27000045776367,61.040000915527344,13400.0,689.4199829101562,695.8699951171875,688.3400268554688,693.9500122070312,73885200.0,607.5399780273438,616.4600219726562,605.0700073242188,614.3200073242188,56797600.0,140.60000610351562,144.02999877929688,139.91000366210938,143.35000610351562,24629500.0,4.23799991607666,4.23799991607666,4.196000099182129,4.197999954223633,0.0,97.69999694824219,97.76000213623047,96.79000091552734,96.81999969482422,0.0,17.950000762939453,19.200000762939453,16.899999618530273,17.360000610351562,0.0
2026-02-10,60.97999954223633,61.130001068115234,60.82099914550781,60.82099914550781,6600.0,694.9500122070312,696.5399780273438,691.6599731445312,692.1199951171875,65185700.0,615.3099975585938,617.02001953125,611.010009765625,611.469970703125,53938900.0,143.82000732421875,144.14999389648438,142.38999938964844,142.5500030517578,22564300.0,4.176000118255615,4.176000118255615,4.135000228881836,4.146999835968018,0.0,97.0,97.01000213623047,96.61000061035156,96.80000305175781,0.0,17.469999313354492,17.969999313354492,17.139999389648438,17.790000915527344,0.0
2026-02-11,61.13999938964844,61.13999938964844,60.95000076293945,60.98899841308594,4400.0,696.3900146484375,697.1400146484375,689.1799926757812,691.9600219726562,76353900.0,616.3800048828125,617.52001953125,607.6900024414062,613.1099853515625,58575100.0,144.50999450683594,144.75999450683594,141.32000732421875,142.97000122070312,18905700.0,4.132999897003174,4.205999851226807,4.125,4.171999931335449,0.0,96.91000366210938,97.2699966430664,96.48999786376953,96.83000183105469,0.0,17.8700008392334,18.959999084472656,16.75,17.649999618530273,0.0
2026-02-12,60.93000030517578,60.93000030517578,59.64500045776367,59.64500045776367,2400.0,694.239990234375,695.3499755859375,680.3699951171875,681.27001953125,118829000.0,614.7100219726562,615.8099975585938,599.5700073242188,600.6400146484375,81378900.0,143.30999755859375,143.77000427246094,138.9199981689453,139.2100067138672,32154700.0,4.1579999923706055,4.169000148773193,4.099999904632568,4.104000091552734,0.0,96.95999908447266,97.06999969482422,96.73999786376953,96.93000030517578,0.0,17.440000534057617,21.209999084472656,17.079999923706055,20.81999969482422,0.0
2026-02-13,59.66999816894531,60.2599983215332,59.66999816894531,59.808998107910156,1900.0,681.6900024414062,686.280029296875,677.52001953125,681.75,96267500.0,600.4299926757812,606.47998046875,596.4199829101562,601.9199829101562,69237500.0,139.55999755859375,140.91000366210938,137.92999267578125,139.55999755859375,26637100.0,4.099999904632568,4.105999946594238,4.046000003814697,4.056000232696533,0.0,96.94000244140625,97.16000366210938,96.80000305175781,96.87999725341797,0.0,21.479999542236328,22.399999618530273,18.920000076293945,20.600000381469727,0.0
2026-02-17,59.5099983215332,59.939998626708984,59.130001068115234,59.6349983215332,5500.0,680.1400146484375,684.9400024414062,675.780029296875,682.8499755859375,81354700.0,598.3800048828125,603.9500122070312,593.3400268554688,601.2999877929688,69013800.0,138.63999938964844,140.4499969482422,137.02000427246094,139.47999572753906,25743800.0,4.031000137329102,4.059999942779541,4.025000095367432,4.052000045776367,0.0,97.12000274658203,97.55000305175781,97.06999969482422,97.16000366210938,0.0,21.739999771118164,22.959999084472656,19.760000228881836,20.290000915527344,0.0
2026-02-18,59.7400016784668,60.40999984741211,59.63999938964844,60.09000015258789,4300.0,684.02001953125,689.1500244140625,682.8300170898438,686.2899780273438,73570300.0,602.1099853515625,609.77001953125,600.719970703125,605.7899780273438,64250700.0,140.05999755859375,142.1199951171875,139.27000427246094,140.91000366210938,13705800.0,4.064000129699707,4.0879998207092285,4.059999942779541,4.078999996185303,0.0,97.13999938964844,97.73999786376953,97.12000274658203,97.69999694824219,0.0,19.780000686645508,20.34000015258789,18.479999542236328,19.6200008392334,0.0
2026-02-19,59.7400016784668,59.90999984741211,59.650001525878906,59.90999984741211,2100.0,683.8400268554688,686.1799926757812,681.5499877929688,684.47998046875,58649400.0,602.8099975585938,605.8200073242188,600.75,603.469970703125,60960800.0,140.08999633789062,140.7100067138672,139.27999877929688,140.2100067138672,13484000.0,4.104000091552734,4.105999946594238,4.065000057220459,4.074999809265137,0.0,97.7300033569336,98.06999969482422,97.56999969482422,97.93000030517578,0.0,19.34000015258789,21.110000610351562,19.229999542236328,20.229999542236328,0.0
2026-02-20,60.018001556396484,60.29999923706055,60.018001556396484,60.290000915527344,3800.0,682.3200073242188,690.0599975585938,681.72998046875,689.4299926757812,100034000.0,600.1199951171875,610.3499755859375,599.22998046875,608.8099975585938,74127300.0,139.1999969482422,141.75,138.97000122070312,140.8800048828125,14942400.0,4.059999942779541,4.104000091552734,4.059999942779541,4.085999965667725,0.0,97.9000015258789,98.08000183105469,97.58999633789062,97.80000305175781,0.0,20.040000915527344,21.209999084472656,18.760000228881836,19.09000015258789,0.0
2026-02-23,59.9900016784668,59.9900016784668,58.68199920654297,58.68199920654297,27500.0,687.8300170898438,690.0,680.3699951171875,682.3900146484375,90558100.0,606.6099853515625,608.010009765625,599.0499877929688,601.4099731445312,63859100.0,140.17999267578125,140.64999389648438,137.88999938964844,138.52000427246094,22021900.0,4.074999809265137,4.074999809265137,4.01800012588501,4.0289998054504395,0.0,97.69999694824219,97.8499984741211,97.36000061035156,97.69999694824219,0.0,20.489999771118164,22.040000915527344,19.5,21.010000228881836,0.0
2026-02-24,59.27000045776367,59.5099983215332,58.790000915527344,59.349998474121094,12400.0,681.9000244140625,688.3499755859375,680.0,687.3499755859375,73798700.0,602.4000244140625,608.989990234375,599.72998046875,607.8699951171875,55023700.0,139.24000549316406,140.94000244140625,138.19000244140625,140.32000732421875,13030600.0,4.041999816894531,4.046000003814697,4.0269999504089355,4.0329999923706055,0.0,97.69999694824219,97.98999786376953,97.69999694824219,97.87999725341797,0.0,21.239999771118164,22.079999923706055,19.229999542236328,19.549999237060547,0.0
2026-02-25,60.189998626708984,60.189998626708984,59.83000183105469,60.0880012512207,20700.0,690.1799926757812,693.6799926757812,690.0999755859375,693.1500244140625,56369500.0,611.0700073242188,616.8300170898438,611.0,616.6799926757812,55710700.0,141.36000061035156,143.33999633789062,141.2100067138672,143.00999450683594,13296000.0,4.056000232696533,4.058000087738037,4.034999847412109,4.047999858856201,0.0,97.8499984741211,98.0,97.62000274658203,97.69999694824219,0.0,19.59000015258789,19.6200008392334,17.860000610351562,17.93000030517578,0.0
2026-02-26,60.310001373291016,60.310001373291016,59.31999969482422,59.930999755859375,13600.0,693.280029296875,693.2999877929688,684.3499755859375,689.2999877929688,71671000.0,615.5900268554688,615.5900268554688,603.97998046875,609.239990234375,96178900.0,142.94000244140625,143.00999450683594,139.25999450683594,141.00999450683594,19364900.0,4.041999816894531,4.047999858856201,4.013999938964844,4.017000198364258,0.0,97.58999633789062,97.9800033569336,97.48999786376953,97.79000091552734,0.0,18.06999969482422,20.540000915527344,17.5,18.6299991607666,0.0
2026-02-27,59.060001373291016,59.61000061035156,59.060001373291016,59.59000015258789,8500.0,683.0900268554688,686.8599853515625,681.6400146484375,685.989990234375,83308900.0,602.97998046875,608.3200073242188,602.1900024414062,607.2899780273438,68125200.0,138.30999755859375,139.77000427246094,137.94000244140625,138.75999450683594,15328600.0,3.9790000915527344,3.99399995803833,3.9560000896453857,3.9619998931884766,0.0,97.75,97.8499984741211,97.55999755859375,97.61000061035156,0.0,19.280000686645508,21.739999771118164,18.770000457763672,19.860000610351562,0.0
2026-03-02,58.599998474121094,59.7400016784668,58.599998474121094,59.652000427246094,3300.0,678.7000122070312,688.6199951171875,678.02001953125,686.3800048828125,87477200.0,598.8599853515625,609.9199829101562,597.989990234375,608.0900268554688,75264600.0,137.02999877929688,139.9600067138672,136.55999755859375,139.5399932861328,20156700.0,3.997999906539917,4.066999912261963,3.996000051498413,4.047999858856201,0.0,97.87000274658203,98.75,97.7699966430664,98.37999725341797,0.0,24.65999984741211,25.239999771118164,20.3700008392334,21.440000534057617,0.0
2026-03-03,58.599998474121094,59.04999923706055,57.84000015258789,58.854000091552734,6300.0,675.0599975585938,682.6099853515625,669.6599731445312,680.3300170898438,105003100.0,596.3300170898438,603.9600219726562,591.8699951171875,601.5800170898438,97015500.0,136.36000061035156,138.3300018310547,134.99000549316406,137.5,34153000.0,4.093999862670898,4.117000102996826,4.039999961853027,4.056000232696533,0.0,98.55999755859375,99.68000030517578,98.44000244140625,99.05000305175781,0.0,24.56999969482422,28.149999618530273,22.18000030517578,23.56999969482422,0.0
2026-03-04,59.560001373291016,59.83000183105469,59.470001220703125,59.709999084472656,1700.0,681.6300048828125,687.0900268554688,679.6199951171875,685.1300048828125,79182200.0,604.1599731445312,612.8800048828125,603.4299926757812,610.75,70943900.0,138.52999877929688,140.6300048828125,138.0399932861328,139.83999633789062,15201400.0,4.077000141143799,4.0879998207092285,4.063000202178955,4.079999923706055,0.0,99.11000061035156,99.33000183105469,98.69999694824219,98.7699966430664,0.0,24.389999389648438,24.8700008392334,20.399999618530273,21.149999618530273,0.0
2026-03-05,59.650001525878906,59.869998931884766,59.08000183105469,59.630001068115234,10300.0,682.0800170898438,685.530029296875,675.6099853515625,681.3099975585938,106606500.0,607.4000244140625,612.760009765625,602.260009765625,608.9099731445312,89602400.0,139.16000366210938,141.25999450683594,138.08999633789062,140.17999267578125,19422500.0,4.132999897003174,4.1479997634887695,4.123000144958496,4.145999908447266,0.0,98.7699966430664,99.41000366210938,98.66999816894531,99.31999969482422,0.0,22.110000610351562,25.84000015258789,20.549999237060547,23.75,0.0
2026-03-06,58.86899948120117,59.209999084472656,58.630001068115234,58.630001068115234,6000.0,673.4099731445312,676.1099853515625,669.760009765625,672.3800048828125,100687000.0,600.3099975585938,606.0,598.3300170898438,599.75,86302300.0,137.82000732421875,139.8300018310547,136.7899932861328,137.2899932861328,19677200.0,4.164999961853027,4.186999797821045,4.105000019073486,4.132999897003174,0.0,99.01000213623047,99.44000244140625,98.83999633789062,98.98999786376953,0.0,23.200000762939453,29.93000030517578,22.920000076293945,29.489999771118164,0.0
2026-03-09,58.029998779296875,59.145999908447266,58.029998779296875,59.145999908447266,7000.0,666.3900146484375,679.9199829101562,662.3900146484375,678.27001953125,102667700.0,594.22998046875,609.27001953125,591.3300170898438,607.760009765625,93068200.0,135.97000122070312,140.2100067138672,135.4600067138672,139.75999450683594,22760900.0,4.172999858856201,4.177000045776367,4.117000102996826,4.136000156402588,0.0,98.86000061035156,99.69999694824219,98.72000122070312,99.18000030517578,0.0,35.119998931884766,35.29999923706055,24.760000228881836,25.5,0.0
2026-03-10,59.25,59.71099853515625,59.047000885009766,59.047000885009766,4400.0,677.719970703125,683.3599853515625,674.760009765625,677.1799926757812,81505300.0,607.780029296875,613.2899780273438,605.4199829101562,607.77001953125,64078900.0,139.83999633789062,141.38999938964844,139.02000427246094,139.75999450683594,24338500.0,4.131999969482422,4.1539998054504395,4.104000091552734,4.136000156402588,0.0,98.80000305175781,98.94999694824219,98.48999786376953,98.83000183105469,0.0,24.389999389648438,26.010000228881836,22.190000534057617,24.93000030517578,0.0
2026-03-11,59.470001220703125,59.470001220703125,59.119998931884766,59.220001220703125,1100.0,677.5800170898438,680.0800170898438,673.3400268554688,676.3300170898438,68441700.0,608.9500122070312,612.4299926757812,605.030029296875,607.6900024414062,60114800.0,140.5800018310547,141.58999633789062,139.52000427246094,140.42999267578125,14009200.0,4.177000045776367,4.22599983215332,4.164999961853027,4.208000183105469,0.0,98.94000244140625,99.30000305175781,98.69999694824219,99.2300033569336,0.0,24.899999618530273,26.229999542236328,23.75,24.229999542236328,0.0
2026-03-12,58.540000915527344,58.540000915527344,58.23400115966797,58.23400115966797,11100.0,671.1599731445312,671.6500244140625,665.8699951171875,666.0599975585938,108882200.0,602.760009765625,604.1400146484375,597.0499877929688,597.260009765625,71836600.0,139.27000427246094,139.75,137.64999389648438,137.83999633789062,32372800.0,4.22599983215332,4.2729997634887695,4.216000080108643,4.2729997634887695,0.0,99.44999694824219,99.76000213623047,99.25,99.73999786376953,0.0,25.479999542236328,27.329999923706055,24.600000381469727,27.290000915527344,0.0
2026-03-13,58.63999938964844,58.63999938964844,58.16999816894531,58.207000732421875,2400.0,669.27001953125,672.3400268554688,661.3599853515625,662.2899780273438,97200200.0,599.72998046875,603.5999755859375,592.5700073242188,593.719970703125,63145500.0,138.4499969482422,139.7100067138672,136.52000427246094,136.8000030517578,15701800.0,4.263000011444092,4.289999961853027,4.236000061035156,4.284999847412109,0.0,99.69000244140625,100.54000091552734,99.58999633789062,100.36000061035156,0.0,27.850000381469727,28.469999313354492,24.670000076293945,27.190000534057617,0.0
2026-03-16,58.959999084472656,59.20000076293945,58.959999084472656,58.959999084472656,4000.0,668.3800048828125,672.0700073242188,667.1199951171875,669.030029296875,82023100.0,600.0399780273438,603.8599853515625,599.1099853515625,600.3800048828125,49077200.0,138.72000122070312,140.0800018310547,138.52000427246094,138.77999877929688,16626400.0,4.236000061035156,4.244999885559082,4.2179999351501465,4.21999979019165,0.0,100.43000030517578,100.4800033569336,99.66000366210938,99.70999908447266,0.0,25.8799991607666,26.420000076293945,23.229999542236328,23.510000228881836,0.0
2026-03-17,59.262001037597656,59.262001037597656,59.262001037597656,59.262001037597656,400.0,672.3900146484375,674.4400024414062,669.7000122070312,670.7899780273438,87128000.0,603.1400146484375,605.9000244140625,601.8699951171875,603.3099975585938,47106600.0,139.38999938964844,140.27000427246094,138.92999267578125,139.5399932861328,12034600.0,4.216000080108643,4.216000080108643,4.189000129699707,4.202000141143799,0.0,99.86000061035156,100.12000274658203,99.5,99.58000183105469,0.0,24.559999465942383,24.579999923706055,21.8700008392334,22.3700008392334,0.0
2026-03-18,59.220001220703125,59.310001373291016,58.577999114990234,58.577999114990234,22500.0,668.3599853515625,669.719970703125,661.1900024414062,661.4299926757812,82062600.0,601.489990234375,603.1599731445312,594.5599975585938,594.9000244140625,56128000.0,139.30999755859375,140.07000732421875,137.92999267578125,137.9600067138672,12634500.0,4.197000026702881,4.258999824523926,4.195000171661377,4.258999824523926,0.0,99.55000305175781,100.30999755859375,99.47000122070312,100.08999633789062,0.0,21.510000228881836,25.1299991607666,21.469999313354492,25.09000015258789,0.0
2026-03-19,57.939998626708984,58.59400177001953,57.939998626708984,58.59400177001953,2400.0,656.969970703125,662.97998046875,655.1699829101562,659.7999877929688,111272500.0,589.510009765625,595.7999877929688,587.0800170898438,593.02001953125,75597600.0,136.0,139.1699981689453,135.44000244140625,138.42999267578125,18087900.0,4.308000087738037,4.326000213623047,4.256999969482422,4.281000137329102,0.0,100.2300033569336,100.30999755859375,98.9800033569336,99.2300033569336,0.0,25.600000381469727,27.520000457763672,23.540000915527344,24.059999465942383,0.0
2026-03-20,57.970001220703125,57.970001220703125,57.56999969482422,57.645999908447266,4600.0,656.510009765625,656.6900024414062,644.719970703125,648.5700073242188,163617500.0,591.0599975585938,591.1699829101562,578.5399780273438,582.0599975585938,91964700.0,137.97999572753906,137.97999572753906,134.32000732421875,135.2899932861328,27251800.0,4.303999900817871,4.394000053405762,4.296000003814697,4.390999794006348,0.0,99.29000091552734,99.79000091552734,99.25,99.6500015258789,0.0,24.459999084472656,29.280000686645508,23.68000030517578,26.780000686645508,0.0
2026-03-23,58.709999084472656,58.72800064086914,57.97999954223633,58.159000396728516,3400.0,658.0700073242188,662.6199951171875,653.9400024414062,655.3800048828125,134802700.0,590.52001953125,595.0800170898438,585.9600219726562,588.0,89936100.0,137.5,139.1999969482422,136.22000122070312,136.9499969482422,21818500.0,4.375999927520752,4.395999908447266,4.311999797821045,4.334000110626221,0.0,99.68000030517578,100.1500015258789,98.87999725341797,98.94999694824219,0.0,30.040000915527344,31.040000915527344,20.280000686645508,26.149999618530273,0.0
2026-03-24,57.72999954223633,57.810001373291016,57.560001373291016,57.659000396728516,2100.0,651.3200073242188,657.030029296875,649.8800048828125,653.1799926757812,96457500.0,584.8099975585938,587.9299926757812,581.9299926757812,583.97998046875,57750900.0,136.0500030517578,136.9199981689453,134.8699951171875,136.14999389648438,16843900.0,4.375999927520752,4.426000118255615,4.360000133514404,4.392000198364258,0.0,99.13999938964844,99.62000274658203,99.05999755859375,99.43000030517578,0.0,25.90999984741211,27.940000534057617,25.639999389648438,26.950000762939453,0.0
2026-03-25,58.16999816894531,58.16999816894531,57.68000030517578,57.77000045776367,10900.0,658.6699829101562,660.8900146484375,654.239990234375,656.8200073242188,90653800.0,589.1400146484375,591.3699951171875,585.6900024414062,587.8200073242188,60475500.0,137.2899932861328,138.0,136.27999877929688,136.75999450683594,13872400.0,4.334000110626221,4.349999904632568,4.314000129699707,4.328000068664551,0.0,99.19999694824219,99.66999816894531,99.06999969482422,99.5999984741211,0.0,25.790000915527344,26.670000076293945,24.81999969482422,25.329999923706055,0.0
2026-03-26,57.2400016784668,57.54999923706055,56.57899856567383,56.57899856567383,3300.0,652.0599975585938,654.8499755859375,644.8200073242188,645.0900268554688,96494400.0,582.5999755859375,584.6300048828125,573.4299926757812,573.7899780273438,81492100.0,135.17999267578125,135.52000427246094,132.4199981689453,132.5,15434600.0,4.377999782562256,4.421999931335449,4.354000091552734,4.415999889373779,0.0,99.62999725341797,100.01000213623047,99.55999755859375,99.9000015258789,0.0,26.489999771118164,28.489999771118164,26.1200008392334,27.440000534057617,0.0
2026-03-27,56.279998779296875,56.279998779296875,55.439998626708984,55.51499938964844,6800.0,642.5,642.6599731445312,633.1099853515625,634.0900268554688,103649400.0,570.8099975585938,571.02001953125,561.5700073242188,562.5800170898438,82702200.0,131.52999877929688,132.0500030517578,129.5800018310547,129.9199981689453,15895200.0,4.461999893188477,4.484000205993652,4.409999847412109,4.440000057220459,0.0,99.87000274658203,100.20999908447266,99.80000305175781,100.1500015258789,0.0,27.540000915527344,31.649999618530273,27.540000915527344,31.049999237060547,0.0
2026-03-30,55.959999084472656,55.959999084472656,54.6150016784668,54.89699935913086,8000.0,640.1099853515625,640.3699951171875,629.280029296875,631.969970703125,99275900.0,567.3800048828125,568.0499877929688,555.5999755859375,558.280029296875,70602600.0,131.27000427246094,131.5500030517578,126.68000030517578,127.5,18830000.0,4.374000072479248,4.380000114440918,4.323999881744385,4.3420000076293945,0.0,100.22000122070312,100.61000061035156,100.05000305175781,100.51000213623047,0.0,30.790000915527344,31.520000457763672,29.329999923706055,30.610000610351562,0.0
2026-03-31,55.349998474121094,56.52000045776367,55.349998474121094,56.49800109863281,7000.0,638.9400024414062,651.5399780273438,637.97998046875,650.3400268554688,152534100.0,564.2899780273438,578.6400146484375,564.2100219726562,577.1799926757812,95878000.0,129.14999389648438,133.22000122070312,128.97999572753906,132.89999389648438,19405300.0,4.307000160217285,4.331999778747559,4.2870001792907715,4.310999870300293,0.0,100.58999633789062,100.63999938964844,99.80999755859375,99.95999908447266,0.0,29.530000686645508,29.639999389648438,25.079999923706055,25.25,0.0
2026-04-01,57.16999816894531,57.59000015258789,57.119998931884766,57.27000045776367,5200.0,653.9000244140625,658.52001953125,653.0,655.239990234375,97841500.0,581.47998046875,587.739990234375,580.4199829101562,584.3099975585938,79435100.0,134.1199951171875,136.0500030517578,133.75999450683594,134.91000366210938,17050100.0,4.293000221252441,4.334000110626221,4.293000221252441,4.318999767303467,0.0,99.79000091552734,99.87999725341797,99.30000305175781,99.6500015258789,0.0,24.299999237060547,25.350000381469727,23.5,24.540000915527344,0.0
2026-04-02,56.6150016784668,57.6150016784668,56.6150016784668,57.6150016784668,2800.0,646.4199829101562,658.2000122070312,645.1099853515625,655.8300170898438,68358700.0,573.969970703125,586.0499877929688,571.9199829101562,584.97998046875,50941700.0,131.91000366210938,136.0399932861328,131.35000610351562,135.99000549316406,12266200.0,4.354000091552734,4.361999988555908,4.289000034332275,4.313000202178955,0.0,99.54000091552734,100.26000213623047,99.44999694824219,100.02999877929688,0.0,26.780000686645508,27.889999389648438,23.8700008392334,23.8700008392334,0.0
2026-04-06,57.79999923706055,58.11000061035156,57.79999923706055,58.07500076293945,2300.0,655.8599853515625,659.719970703125,655.52001953125,658.9299926757812,39105800.0,586.22998046875,590.6099853515625,584.6900024414062,588.5,35108500.0,136.47999572753906,137.25,135.7100067138672,136.77999877929688,10147600.0,4.360000133514404,4.366000175476074,4.316999912261963,4.335000038146973,0.0,100.18000030517578,100.29000091552734,99.76000213623047,99.9800033569336,0.0,24.93000030517578,25.299999237060547,23.780000686645508,24.170000076293945,0.0
2026-04-07,57.959999084472656,58.380001068115234,57.73500061035156,58.380001068115234,3000.0,656.6500244140625,659.6099853515625,651.0599975585938,659.219970703125,69980400.0,585.6400146484375,588.97998046875,578.4000244140625,588.5900268554688,49948200.0,136.1699981689453,137.49000549316406,134.11000061035156,137.42999267578125,8585500.0,4.34499979019165,4.380000114440918,4.324999809265137,4.3429999351501465,0.0,100.01000213623047,100.16000366210938,99.5999984741211,99.63999938964844,0.0,25.09000015258789,28.0,24.34000015258789,25.780000686645508,0.0
2026-04-08,60.34000015258789,60.369998931884766,59.82400131225586,59.974998474121094,3000.0,676.3900146484375,677.0800170898438,671.4600219726562,676.010009765625,93606100.0,608.7100219726562,609.9000244140625,602.1199951171875,606.0900268554688,63086000.0,143.1300048828125,143.55999755859375,140.74000549316406,141.69000244140625,13359000.0,4.248000144958496,4.296999931335449,4.234000205993652,4.290999889373779,0.0,98.94999694824219,99.18000030517578,98.52999877929688,99.12999725341797,0.0,20.969999313354492,22.170000076293945,19.90999984741211,21.040000915527344,0.0
2026-04-09,59.880001068115234,60.11000061035156,59.810001373291016,60.060001373291016,6800.0,674.8400268554688,681.1599731445312,673.77001953125,679.9099731445312,57134400.0,605.9299926757812,610.5,603.030029296875,610.1900024414062,37837500.0,141.75999450683594,142.19000244140625,140.35000610351562,142.07000732421875,8235100.0,4.296999931335449,4.321000099182129,4.260000228881836,4.293000221252441,0.0,99.05999755859375,99.16000366210938,98.62999725341797,98.81999969482422,0.0,21.25,21.6299991607666,19.450000762939453,19.489999771118164,0.0
2026-04-10,60.41999816894531,60.41999816894531,59.90999984741211,60.0099983215332,4500.0,681.3200073242188,682.030029296875,678.4500122070312,679.4600219726562,42253500.0,611.8400268554688,613.6699829101562,609.5800170898438,611.0700073242188,34038500.0,142.5,143.55999755859375,141.9199981689453,142.6199951171875,9310100.0,4.284999847412109,4.322999954223633,4.2769999504089355,4.316999912261963,0.0,98.87000274658203,99.01000213623047,98.54000091552734,98.6500015258789,0.0,19.709999084472656,20.280000686645508,18.829999923706055,19.229999542236328,0.0
2026-04-13,59.79999923706055,61.15700149536133,59.79999923706055,61.15700149536133,2000.0,677.4099731445312,686.2999877929688,676.5800170898438,686.0999755859375,54185800.0,609.47998046875,626.739990234375,608.1099853515625,617.3900146484375,32972100.0,142.3300018310547,145.6699981689453,142.1300048828125,145.61000061035156,10407700.0,4.348999977111816,4.35099983215332,4.296999931335449,4.296999931335449,0.0,99.05000305175781,99.18000030517578,98.36000061035156,98.37000274658203,0.0,21.170000076293945,21.579999923706055,18.959999084472656,19.1200008392334,0.0
2026-04-14,61.439998626708984,62.07899856567383,61.439998626708984,62.07899856567383,1700.0,687.6900024414062,694.5800170898438,687.6599731445312,694.4600219726562,63480500.0,620.219970703125,628.5999755859375,620.0999755859375,628.5999755859375,49921100.0,146.89999389648438,147.94000244140625,146.0800018310547,147.94000244140625,10183300.0,4.296999931335449,4.304999828338623,4.251999855041504,4.25600004196167,0.0,98.37000274658203,98.41000366210938,97.97000122070312,98.12000274658203,0.0,18.729999542236328,18.760000228881836,17.889999389648438,18.360000610351562,0.0
2026-04-15,62.2400016784668,62.7400016784668,62.099998474121094,62.7400016784668,12600.0,695.260009765625,700.280029296875,694.2000122070312,699.9400024414062,58240400.0,629.0800170898438,637.8300170898438,628.2000122070312,637.4000244140625,50102400.0,148.27000427246094,150.3699951171875,147.9600067138672,150.3000030517578,10622500.0,4.271999835968018,4.293000221252441,4.263999938964844,4.2820000648498535,0.0,98.06999969482422,98.29000091552734,98.01000213623047,98.05999755859375,0.0,18.18000030517578,18.5,17.399999618530273,18.170000076293945,0.0
2026-04-16,62.810001373291016,63.459999084472656,62.810001373291016,63.430999755859375,4200.0,701.0599975585938,702.780029296875,698.530029296875,701.6599731445312,49972400.0,639.2100219726562,642.1799926757812,635.260009765625,640.469970703125,42320600.0,150.99000549316406,152.17999267578125,149.75,152.02000427246094,11778000.0,4.276000022888184,4.316999912261963,4.265999794006348,4.309000015258789,0.0,98.01000213623047,98.29000091552734,97.83000183105469,98.22000122070312,0.0,18.040000915527344,19.09000015258789,17.760000228881836,17.940000534057617,0.0
2026-04-17,64.0,64.27999877929688,64.0,64.197998046875,7000.0,706.1400146484375,712.3900146484375,705.760009765625,710.1400146484375,70661900.0,645.5900268554688,650.0,644.0700073242188,648.8499755859375,53488900.0,154.05999755859375,154.80999755859375,153.50999450683594,154.35000610351562,10630400.0,4.296999931335449,4.296999931335449,4.22599983215332,4.245999813079834,0.0,98.19000244140625,98.29000091552734,97.62999725341797,98.0999984741211,0.0,18.18000030517578,18.239999771118164,16.8700008392334,17.479999542236328,0.0
2026-04-20,64.25,64.31999969482422,64.15499877929688,64.19100189208984,2500.0,708.780029296875,709.9099731445312,706.1400146484375,708.719970703125,43546800.0,648.0399780273438,648.760009765625,642.52001953125,646.7899780273438,37138500.0,154.3000030517578,154.75,153.0399932861328,154.55999755859375,8131600.0,4.26200008392334,4.27400016784668,4.24399995803833,4.25,0.0,98.27999877929688,98.4000015258789,98.01000213623047,98.05000305175781,0.0,19.579999923706055,19.989999771118164,18.770000457763672,18.8700008392334,0.0
2026-04-21,64.69999694824219,64.91999816894531,64.36299896240234,64.36299896240234,3200.0,710.280029296875,711.280029296875,702.6400146484375,704.0800170898438,58941400.0,648.4099731445312,650.2000122070312,642.2100219726562,644.3300170898438,39580500.0,155.0,156.07000732421875,154.14999389648438,154.69000244140625,12657300.0,4.271999835968018,4.309000015258789,4.26200008392334,4.291999816894531,0.0,98.05999755859375,98.56999969482422,98.05999755859375,98.41000366210938,0.0,19.18000030517578,20.850000381469727,18.75,19.5,0.0
2026-04-22,64.94999694824219,65.51000213623047,64.80999755859375,65.51000213623047,2500.0,709.1500244140625,711.4500122070312,708.219970703125,711.2100219726562,42518500.0,650.1500244140625,655.3300170898438,648.52001953125,655.1099853515625,37368400.0,156.22000122070312,158.16000366210938,155.52000427246094,158.08999633789062,13830400.0,4.265999794006348,4.303999900817871,4.263999938964844,4.294000148773193,0.0,98.4000015258789,98.63999938964844,98.20999908447266,98.58999633789062,0.0,19.030000686645508,19.540000915527344,18.68000030517578,18.920000076293945,0.0
2026-04-23,65.27999877929688,65.27999877929688,64.61000061035156,64.82099914550781,3100.0,709.5,712.3599853515625,702.280029296875,708.4500122070312,56174000.0,653.5499877929688,656.9199829101562,645.52001953125,651.4199829101562,40099800.0,156.77000427246094,157.8000030517578,153.9499969482422,155.83999633789062,12151400.0,4.306000232696533,4.35099983215332,4.285999774932861,4.322999954223633,0.0,98.62000274658203,98.94000244140625,98.52999877929688,98.80000305175781,0.0,19.420000076293945,21.559999465942383,18.700000762939453,19.309999465942383,0.0
2026-04-24,65.55000305175781,65.87999725341797,65.37000274658203,65.86900329589844,5100.0,710.75,714.469970703125,709.010009765625,713.9400024414062,45182000.0,658.510009765625,664.510009765625,656.530029296875,663.8800048828125,45563100.0,158.42999267578125,160.39999389648438,157.60000610351562,160.22000122070312,11059800.0,4.311999797821045,4.353000164031982,4.300000190734863,4.309999942779541,0.0,98.81999969482422,98.91999816894531,98.48999786376953,98.51000213623047,0.0,18.889999389648438,19.350000381469727,18.459999084472656,18.709999084472656,0.0
2026-04-27,65.81999969482422,66.00900268554688,65.81999969482422,66.00900268554688,4400.0,713.1699829101562,715.6300048828125,712.2999877929688,715.1699829101562,33135900.0,663.4000244140625,664.4299926757812,660.6900024414062,664.22998046875,32717000.0,160.02000427246094,160.6199951171875,158.80999755859375,160.57000732421875,8963900.0,4.311999797821045,4.349999904632568,4.309999942779541,4.335999965667725,0.0,99.33000183105469,99.33999633789062,98.20999908447266,98.4800033569336,0.0,19.209999084472656,19.270000457763672,18.020000457763672,18.020000457763672,0.0
2026-04-28,64.91000366210938,65.49199676513672,64.91000366210938,65.23300170898438,3600.0,711.8200073242188,712.8800048828125,709.25,711.6900024414062,43117400.0,657.4099731445312,659.6400146484375,653.8099975585938,657.5499877929688,34147900.0,157.11000061035156,158.63999938964844,156.16000366210938,157.85000610351562,9253000.0,4.370999813079834,4.377999782562256,4.35099983215332,4.354000091552734,0.0,98.47000122070312,98.87000274658203,98.43000030517578,98.62000274658203,0.0,18.299999237060547,19.43000030517578,17.780000686645508,17.829999923706055,0.0
2026-04-29,65.66000366210938,65.9489974975586,65.66000366210938,65.9489974975586,1100.0,711.0,712.2000122070312,708.3699951171875,711.5800170898438,41859200.0,658.6300048828125,661.719970703125,656.5900268554688,661.5700073242188,31724900.0,158.8300018310547,159.14999389648438,157.75,159.11000061035156,7506900.0,4.361999988555908,4.432000160217285,4.361999988555908,4.418000221252441,0.0,98.61000061035156,99.05000305175781,98.56999969482422,98.91999816894531,0.0,17.829999923706055,19.0,17.809999465942383,18.809999465942383,0.0
2026-04-30,66.08999633789062,66.72699737548828,66.08999633789062,66.72699737548828,2200.0,714.6300048828125,719.7899780273438,710.4500122070312,718.6599731445312,67240900.0,665.3499755859375,668.9000244140625,657.5599975585938,667.739990234375,40622200.0,159.64999389648438,159.8000030517578,156.8800048828125,159.5,9276400.0,4.392000198364258,4.409999847412109,4.381999969482422,4.389999866485596,0.0,98.8499984741211,99.08999633789062,98.01000213623047,98.08000183105469,0.0,18.68000030517578,18.729999542236328,16.8700008392334,16.889999389648438,0.0
2026-05-01,66.62999725341797,67.55999755859375,66.62999725341797,67.47799682617188,5500.0,721.25,724.8699951171875,720.469970703125,720.6500244140625,43049800.0,669.1599731445312,675.969970703125,668.7999877929688,674.1500244140625,39172600.0,160.38999938964844,162.2899932861328,160.13999938964844,161.8699951171875,10161800.0,4.368000030517578,4.4039998054504395,4.3420000076293945,4.377999782562256,0.0,98.12999725341797,98.23999786376953,97.72000122070312,98.20999908447266,0.0,17.010000228881836,17.389999389648438,16.440000534057617,16.989999771118164,0.0
2026-05-04,67.33000183105469,68.0,67.33000183105469,67.58300018310547,5800.0,720.0700073242188,722.1199951171875,714.989990234375,718.010009765625,51950600.0,674.6599731445312,676.72998046875,668.9000244140625,672.8800048828125,34542000.0,162.7100067138672,163.24000549316406,160.8800048828125,162.0500030517578,10740000.0,4.400000095367432,4.464000225067139,4.389999866485596,4.446000099182129,0.0,98.05000305175781,98.54000091552734,97.97000122070312,98.47000122070312,0.0,17.3799991607666,19.079999923706055,17.149999618530273,18.290000915527344,0.0
2026-05-05,68.47000122070312,69.0009994506836,68.41500091552734,68.93000030517578,3800.0,721.77001953125,725.0399780273438,721.489990234375,723.77001953125,36933200.0,677.9600219726562,682.77001953125,677.510009765625,681.6099853515625,37101100.0,163.8699951171875,166.02000427246094,163.52000427246094,165.6300048828125,9813500.0,4.426000118255615,4.429999828338623,4.406000137329102,4.415999889373779,0.0,98.47000122070312,98.58000183105469,98.30999755859375,98.4800033569336,0.0,17.950000762939453,18.020000457763672,17.200000762939453,17.3799991607666,0.0
2026-05-06,70.0,70.3949966430664,69.80000305175781,70.3949966430664,4900.0,728.1599731445312,734.5900268554688,727.8200073242188,733.8300170898438,53288900.0,687.780029296875,695.9299926757812,686.47998046875,695.77001953125,38778500.0,167.8800048828125,170.0800018310547,166.83999633789062,170.02999877929688,11304700.0,4.366000175476074,4.372000217437744,4.3480000495910645,4.355999946594238,0.0,98.30999755859375,98.33999633789062,97.62999725341797,98.0199966430664,0.0,17.149999618530273,17.459999084472656,16.18000030517578,17.389999389648438,0.0
2026-05-07,70.23999786376953,70.25,69.81999969482422,70.01200103759766,5800.0,735.0499877929688,736.1300048828125,729.75,731.5800170898438,51724600.0,696.5800170898438,701.239990234375,691.77001953125,694.9400024414062,43779100.0,170.25999450683594,171.9499969482422,168.6999969482422,169.69000244140625,11031500.0,4.334000110626221,4.395999908447266,4.314000129699707,4.392000198364258,0.0,98.02999877929688,98.27999877929688,97.81999969482422,98.25,0.0,17.530000686645508,17.600000381469727,16.850000381469727,17.079999923706055,0.0
2026-05-08,71.0199966430664,72.22200012207031,71.0199966430664,72.22200012207031,1600.0,734.9299926757812,738.0800170898438,734.5700073242188,737.6199951171875,47227100.0,699.9199829101562,711.22998046875,699.5,711.22998046875,44320400.0,171.58999633789062,175.60000610351562,171.3000030517578,175.52000427246094,11222200.0,4.372000217437744,4.388000011444092,4.3460001945495605,4.363999843597412,0.0,98.25,98.27999877929688,97.83000183105469,97.83999633789062,0.0,17.3700008392334,17.530000686645508,16.81999969482422,17.190000534057617,0.0
2026-05-11,72.64800262451172,73.08999633789062,72.51899719238281,72.87000274658203,11100.0,736.4500122070312,740.7899780273438,736.4500122070312,739.2999877929688,44024000.0,710.3599853515625,714.5900268554688,708.9099731445312,713.2899780273438,36019100.0,176.14999389648438,178.3000030517578,175.8699951171875,177.8800048828125,10461800.0,4.392000198364258,4.409999847412109,4.377999782562256,4.409999847412109,0.0,98.04000091552734,98.1500015258789,97.8499984741211,97.94000244140625,0.0,18.209999084472656,18.469999313354492,17.899999618530273,18.3799991607666,0.0
2026-05-12,72.31999969482422,72.37999725341797,71.25,72.16400146484375,4700.0,736.8900146484375,738.8400268554688,731.8300170898438,738.1799926757812,54185300.0,708.219970703125,710.1799926757812,696.6400146484375,707.239990234375,45873000.0,176.14999389648438,176.99000549316406,171.1999969482422,175.1999969482422,15950700.0,4.436999797821045,4.4670000076293945,4.422999858856201,4.4629998207092285,0.0,97.95999908447266,98.45999908447266,97.94999694824219,98.29000091552734,0.0,18.770000457763672,19.100000381469727,17.920000076293945,17.989999771118164,0.0
2026-05-13,72.62000274658203,72.98999786376953,72.05999755859375,72.61000061035156,5100.0,738.469970703125,743.9099731445312,735.469970703125,742.3099975585938,44200200.0,709.9600219726562,716.6500244140625,704.8300170898438,714.7100219726562,40012500.0,177.27000427246094,177.74000549316406,174.25999450683594,176.85000610351562,9817900.0,4.465000152587891,4.5,4.460999965667725,4.480999946594238,0.0,98.30999755859375,98.5999984741211,98.26000213623047,98.4800033569336,0.0,17.979999542236328,18.399999618530273,17.760000228881836,17.8700008392334,0.0
2026-05-14,73.25,73.76499938964844,73.25,73.43000030517578,2300.0,743.6500244140625,749.530029296875,743.5599975585938,748.1699829101562,45307600.0,714.6199951171875,722.030029296875,714.219970703125,719.7899780273438,33327500.0,177.36000061035156,180.22000122070312,176.8699951171875,179.5,11424900.0,4.439000129699707,4.460999965667725,4.435999870300293,4.460999965667725,0.0,98.45999908447266,98.91000366210938,98.41999816894531,98.87999725341797,0.0,17.860000610351562,18.079999923706055,17.200000762939453,17.260000228881836,0.0
2026-05-15,72.18000030517578,72.33999633789062,72.10099792480469,72.10099792480469,1400.0,741.7899780273438,743.4600219726562,737.9600219726562,739.1699829101562,60410800.0,710.1400146484375,715.1300048828125,705.5499877929688,708.9299926757812,51792700.0,176.2100067138672,178.6999969482422,174.6300048828125,176.25999450683594,14519000.0,4.547999858856201,4.598999977111816,4.546000003814697,4.59499979019165,0.0,98.93000030517578,99.31999969482422,98.91999816894531,99.2699966430664,0.0,18.06999969482422,19.270000457763672,17.799999237060547,18.43000030517578,0.0
2026-05-18,72.72000122070312,72.72000122070312,70.87999725341797,71.64800262451172,4900.0,739.8300170898438,741.4199829101562,733.3900146484375,738.6500244140625,47843900.0,711.5399780273438,712.0700073242188,698.8499755859375,705.8800048828125,49834500.0,177.6199951171875,177.85000610351562,171.91000366210938,174.36000061035156,19162600.0,4.598999977111816,4.626999855041504,4.564000129699707,4.623000144958496,0.0,99.27999877929688,99.41000366210938,98.94999694824219,98.97000122070312,0.0,19.25,19.440000534057617,17.700000762939453,17.81999969482422,0.0
2026-05-19,70.88999938964844,71.97000122070312,70.62000274658203,71.16999816894531,7300.0,734.780029296875,737.6500244140625,731.530029296875,733.72998046875,54255900.0,699.8099975585938,706.489990234375,695.25,701.530029296875,46827500.0,172.67999267578125,175.17999267578125,170.8300018310547,173.24000549316406,15751400.0,4.617000102996826,4.686999797821045,4.61299991607666,4.666999816894531,0.0,98.97000122070312,99.43000030517578,98.97000122070312,99.30000305175781,0.0,18.010000228881836,18.360000610351562,17.65999984741211,18.059999465942383,0.0
2026-05-20,71.95999908447266,72.52300262451172,71.80000305175781,72.52300262451172,2900.0,735.7100219726562,741.8699951171875,733.8900146484375,741.25,45768000.0,705.2899780273438,713.1500244140625,703.7899780273438,713.1500244140625,36779200.0,174.66000366210938,177.25,173.9499969482422,177.13999938964844,12630300.0,4.64300012588501,4.658999919891357,4.565999984741211,4.572000026702881,0.0,99.2699966430664,99.47000122070312,98.97000122070312,99.11000061035156,0.0,18.170000076293945,18.18000030517578,17.1299991607666,17.440000534057617,0.0
2026-05-21,72.20999908447266,73.29399871826172,72.20999908447266,73.29399871826172,2200.0,738.6400146484375,744.8699951171875,737.030029296875,742.719970703125,43332200.0,708.989990234375,717.1199951171875,706.77001953125,714.510009765625,36415400.0,175.8300018310547,178.97999572753906,175.8300018310547,178.60000610351562,10873200.0,4.609000205993652,4.635000228881836,4.553999900817871,4.585999965667725,0.0,99.12000274658203,99.5199966430664,99.05999755859375,99.19000244140625,0.0,17.579999923706055,17.8700008392334,16.600000381469727,16.760000228881836,0.0
2026-05-22,73.88999938964844,74.18000030517578,73.8479995727539,73.8479995727539,4200.0,746.239990234375,748.9400024414062,744.47998046875,745.6400146484375,41762000.0,718.0700073242188,722.1199951171875,715.9500122070312,717.5399780273438,33118600.0,180.02999877929688,181.72999572753906,179.55999755859375,180.38999938964844,10739900.0,4.541999816894531,4.585999965667725,4.5279998779296875,4.558000087738037,0.0,99.19999694824219,99.41000366210938,99.16999816894531,99.31999969482422,0.0,16.829999923706055,17.389999389648438,16.459999084472656,16.700000762939453,0.0
2026-05-26,75.1500015258789,76.06999969482422,74.77200317382812,75.9739990234375,10600.0,750.010009765625,752.1300048828125,748.3699951171875,750.5900268554688,41123600.0,725.9600219726562,731.1699829101562,724.1599731445312,730.280029296875,34254700.0,183.1999969482422,186.0,182.58999633789062,185.13999938964844,12500300.0,4.488999843597412,4.51200008392334,4.479000091552734,4.493000030517578,0.0,98.98999786376953,99.25,98.98999786376953,99.16999816894531,0.0,16.920000076293945,17.229999542236328,16.559999465942383,17.010000228881836,0.0
2026-05-27,76.66999816894531,76.66999816894531,75.6500015258789,76.07599639892578,4000.0,750.8800048828125,751.3800048828125,748.219970703125,750.4600219726562,42106300.0,732.9600219726562,733.3200073242188,725.4400024414062,729.4500122070312,35148700.0,186.17999267578125,186.27000427246094,182.5399932861328,184.42999267578125,12297400.0,4.4710001945495605,4.488999843597412,4.448999881744385,4.480999946594238,0.0,99.08000183105469,99.26000213623047,98.97000122070312,99.20999908447266,0.0,17.010000228881836,17.18000030517578,16.290000915527344,16.290000915527344,0.0
2026-05-28,76.20999908447266,77.0,75.8499984741211,76.71399688720703,7100.0,750.25,755.1500244140625,749.22998046875,754.5999755859375,41562600.0,729.72998046875,736.5999755859375,726.4099731445312,735.5999755859375,32840000.0,184.8300018310547,187.5800018310547,183.7899932861328,186.85000610351562,11167600.0,4.507999897003174,4.510000228881836,4.436999797821045,4.454999923706055,0.0,99.2699966430664,99.54000091552734,98.94999694824219,99.0199966430664,0.0,16.760000228881836,16.850000381469727,15.609999656677246,15.739999771118164,0.0
2026-05-29,77.83999633789062,78.2300033569336,77.7750015258789,78.2300033569336,5400.0,755.9000244140625,758.0800170898438,754.6900024414062,756.47998046875,55075700.0,737.8400268554688,741.6300048828125,735.25,738.3099975585938,37541700.0,189.3300018310547,191.6300048828125,189.1999969482422,191.02000427246094,15031700.0,4.440999984741211,4.456999778747559,4.426000118255615,4.453000068664551,0.0,99.0,99.19000244140625,98.75,98.91000366210938,0.0,15.8100004196167,15.880000114440918,15.220000267028809,15.319999694824219,0.0
2026-06-01,78.48999786376953,79.98999786376953,78.48999786376953,79.81700134277344,7100.0,755.3599853515625,760.280029296875,754.6900024414062,758.5399780273438,43634900.0,737.0399780273438,745.6500244140625,735.989990234375,742.739990234375,33890600.0,192.32000732421875,196.5,191.14999389648438,195.75999450683594,18968800.0,4.456999778747559,4.515999794006348,4.445000171661377,4.474999904632568,0.0,98.95999908447266,99.38999938964844,98.91999816894531,99.19999694824219,0.0,15.880000114440918,16.34000015258789,15.710000038146973,16.049999237060547,0.0
2026-06-02,79.97000122070312,80.73999786376953,79.69000244140625,80.67900085449219,10200.0,757.030029296875,760.4000244140625,756.75,759.5700073242188,31581900.0,742.4000244140625,746.4400024414062,739.22998046875,746.1599731445312,30085200.0,196.4499969482422,198.3800048828125,195.75,198.2100067138672,10175200.0,4.429999828338623,4.4629998207092285,4.427999973297119,4.454999923706055,0.0,99.16999816894531,99.33000183105469,99.05000305175781,99.22000122070312,0.0,16.280000686645508,16.290000915527344,15.710000038146973,15.770000457763672,0.0
2026-06-03,80.9800033569336,80.9800033569336,79.76499938964844,80.16600036621094,4700.0,758.1500244140625,758.7999877929688,753.5700073242188,754.239990234375,51402500.0,747.3099975585938,748.6500244140625,741.010009765625,744.2100219726562,40270200.0,198.3699951171875,198.72999572753906,194.52999877929688,196.22999572753906,11582100.0,4.485000133514404,4.502999782562256,4.474999904632568,4.491000175476074,0.0,99.29000091552734,99.55000305175781,99.19000244140625,99.52999877929688,0.0,15.970000267028809,16.6299991607666,15.9399995803833,16.059999465942383,0.0
2026-06-04,78.87999725341797,79.9000015258789,77.66000366210938,79.55699920654297,11500.0,752.0999755859375,758.3099975585938,751.469970703125,757.0900268554688,49923000.0,735.47998046875,743.5,732.6199951171875,740.6099853515625,40782600.0,191.52000427246094,194.74000549316406,189.69000244140625,193.1699981689453,13142600.0,4.456999778747559,4.479000091552734,4.448999881744385,4.4770002365112305,0.0,99.45999908447266,99.52999877929688,99.18000030517578,99.41000366210938,0.0,16.329999923706055,16.799999237060547,15.180000305175781,15.399999618530273,0.0
2026-06-05,78.0199966430664,78.0199966430664,75.5,75.52200317382812,10000.0,752.3099975585938,752.8200073242188,735.530029296875,737.5499877929688,93989400.0,730.0599975585938,731.6900024414062,704.3200073242188,705.0599975585938,99606600.0,188.88999938964844,189.22000122070312,179.8000030517578,180.3000030517578,26816100.0,4.4670000076293945,4.553999900817871,4.465000152587891,4.535999774932861,0.0,99.43000030517578,100.11000061035156,99.16000366210938,100.06999969482422,0.0,15.869999885559082,21.56999969482422,15.5600004196167,21.510000228881836,0.0
2026-06-08,77.1500015258789,77.58000183105469,76.58000183105469,76.74400329589844,4200.0,743.3599853515625,745.3400268554688,738.1900024414062,739.219970703125,49319100.0,717.8099975585938,723.030029296875,713.0700073242188,716.0700073242188,47401500.0,185.22000122070312,186.7100067138672,183.1699981689453,184.17999267578125,14685000.0,4.539999961853027,4.558000087738037,4.515999794006348,4.552000045776367,0.0,100.1500015258789,100.20999908447266,99.81999969482422,100.05000305175781,0.0,20.290000915527344,20.350000381469727,17.940000534057617,18.920000076293945,0.0
2026-06-09,77.30999755859375,77.95999908447266,74.01000213623047,75.94000244140625,5200.0,743.6300048828125,746.9000244140625,722.5900268554688,737.0499877929688,87683500.0,722.97998046875,725.6599731445312,686.3699951171875,707.8300170898438,91932200.0,185.91000366210938,187.0800018310547,172.8800048828125,180.77000427246094,29884400.0,4.546000003814697,4.556000232696533,4.519999980926514,4.5279998779296875,0.0,100.02999877929688,100.08000183105469,99.68000030517578,99.91000366210938,0.0,18.190000534057617,23.34000015258789,17.520000457763672,19.8700008392334,0.0
2026-06-10,75.5,76.83000183105469,74.76000213623047,74.83499908447266,5000.0,733.3900146484375,738.3800048828125,725.3300170898438,725.4299926757812,60341300.0,701.6599731445312,711.280029296875,692.9299926757812,693.6900024414062,65334300.0,178.16000366210938,182.41000366210938,176.14999389648438,176.6300048828125,20059800.0,4.533999919891357,4.559999942779541,4.513000011444092,4.541999816894531,0.0,100.01000213623047,100.05000305175781,99.72000122070312,99.94999694824219,0.0,20.100000381469727,22.65999984741211,20.059999465942383,22.219999313354492,0.0
2026-06-11,75.4000015258789,77.54000091552734,75.23500061035156,77.54000091552734,4200.0,728.760009765625,740.0,724.4099731445312,737.760009765625,86330500.0,699.2899780273438,718.3699951171875,695.0,717.1199951171875,71798900.0,177.7899932861328,183.66000366210938,176.5,183.2100067138672,18238400.0,4.520999908447266,4.550000190734863,4.456999778747559,4.4629998207092285,0.0,100.12000274658203,100.30999755859375,99.58999633789062,99.86000061035156,0.0,21.25,22.59000015258789,19.360000610351562,19.440000534057617,0.0
2026-06-12,77.73999786376953,78.58999633789062,77.73999786376953,78.43299865722656,3600.0,740.7100219726562,744.4400024414062,735.030029296875,741.75,57079500.0,717.6099853515625,724.010009765625,711.280029296875,721.3400268554688,51168400.0,183.24000549316406,185.83999633789062,181.63999938964844,184.8000030517578,15014300.0,4.4730000495910645,4.506999969482422,4.468999862670898,4.486999988555908,0.0,99.66999816894531,99.91000366210938,99.63999938964844,99.75,0.0,19.510000228881836,19.850000381469727,17.59000015258789,17.68000030517578,0.0
2026-06-15,80.38999938964844,80.86000061035156,80.38999938964844,80.73999786376953,5000.0,751.8499755859375,756.6799926757812,751.760009765625,754.8300170898438,60176400.0,738.0999755859375,744.760009765625,737.3800048828125,744.0,46710200.0,190.3699951171875,192.0800018310547,189.75,191.7899932861328,13097800.0,4.454999923706055,4.4730000495910645,4.440999984741211,4.468999862670898,0.0,99.54000091552734,99.70999908447266,99.37999725341797,99.62999725341797,0.0,16.780000686645508,16.850000381469727,15.979999542236328,16.200000762939453,0.0
2026-06-16,81.01000213623047,81.01000213623047,79.16999816894531,79.16999816894531,4800.0,754.5499877929688,755.4400024414062,749.8800048828125,750.3300170898438,67093100.0,742.25,744.219970703125,729.6400146484375,729.8599853515625,45348700.0,191.22999572753906,192.25,186.42999267578125,186.44000244140625,10077200.0,4.442999839782715,4.459000110626221,4.420000076293945,4.427999973297119,0.0,99.63999938964844,99.79000091552734,99.45999908447266,99.54000091552734,0.0,16.200000762939453,16.440000534057617,15.770000457763672,16.40999984741211,0.0
2026-06-17,79.88999938964844,80.11000061035156,78.8499984741211,78.89800262451172,5700.0,751.2899780273438,752.1500244140625,739.219970703125,740.9600219726562,85945200.0,735.1900024414062,735.6799926757812,720.8499755859375,722.510009765625,51669300.0,189.00999450683594,189.99000549316406,185.3000030517578,185.8000030517578,14396100.0,4.442999839782715,4.479000091552734,4.426000118255615,4.4629998207092285,0.0,99.5199966430664,100.56999969482422,99.48999786376953,100.08999633789062,0.0,16.079999923706055,18.84000015258789,16.020000457763672,18.440000534057617,0.0
2026-06-18,81.0,81.05999755859375,80.68000030517578,80.91100311279297,3100.0,747.760009765625,748.22998046875,743.8599853515625,746.739990234375,80875700.0,737.2000122070312,741.8200073242188,732.510009765625,740.6199951171875,50154600.0,190.4199981689453,192.0,189.3800048828125,191.44000244140625,12101600.0,4.453000068664551,4.453000068664551,4.420000076293945,4.451000213623047,0.0,100.33999633789062,100.91999816894531,100.20999908447266,100.8499984741211,0.0,17.229999542236328,17.600000381469727,16.350000381469727,16.399999618530273,0.0
2026-06-22,81.93000030517578,81.93000030517578,81.06999969482422,81.5009994506836,4400.0,747.7000122070312,750.1799926757812,743.1300048828125,744.3900146484375,46628100.0,742.02001953125,745.4500122070312,734.3900146484375,737.9500122070312,43518600.0,192.9499969482422,194.3000030517578,190.86000061035156,192.14999389648438,11313000.0,4.494999885559082,4.514999866485596,4.480999946594238,4.508999824523926,0.0,100.83999633789062,101.08000183105469,100.76000213623047,101.0199966430664,0.0,17.479999542236328,17.920000076293945,16.489999771118164,17.280000686645508,0.0
2026-06-23,78.4800033569336,79.31999969482422,78.4800033569336,78.73200225830078,6100.0,733.8099975585938,739.6300048828125,732.2999877929688,733.5800170898438,66846800.0,715.739990234375,723.6099853515625,712.1099853515625,713.6500244140625,53354200.0,184.67999267578125,187.25,183.6999969482422,184.19000244140625,14633600.0,4.486999988555908,4.497000217437744,4.4770002365112305,4.493000030517578,0.0,101.01000213623047,101.43000030517578,100.94999694824219,101.41000366210938,0.0,19.670000076293945,20.540000915527344,18.610000610351562,19.489999771118164,0.0
2026-06-24,79.0,79.0,77.69000244140625,78.44000244140625,7800.0,735.1699829101562,739.9500122070312,730.8400268554688,733.239990234375,57439500.0,715.3699951171875,719.9299926757812,704.4500122070312,710.6199951171875,52480400.0,184.07000732421875,185.66000366210938,180.7899932861328,183.0500030517578,12323700.0,4.453000068664551,4.454999923706055,4.3979997634887695,4.4019999504089355,0.0,101.37000274658203,101.80000305175781,101.36000061035156,101.61000061035156,0.0,19.1299991607666,20.34000015258789,18.040000915527344,18.6299991607666,0.0
2026-06-25,80.75,80.75,79.31999969482422,80.08100128173828,8500.0,738.9099731445312,739.3699951171875,729.5999755859375,734.2999877929688,53934400.0,725.9000244140625,726.8300170898438,705.2999877929688,716.3800048828125,49668000.0,188.14999389648438,188.41000366210938,180.3800048828125,184.57000732421875,13218200.0,4.4120001792907715,4.414000034332275,4.36299991607666,4.392000198364258,0.0,101.5999984741211,101.75,101.30999755859375,101.43000030517578,0.0,18.110000610351562,19.950000762939453,17.719999313354492,18.889999389648438,0.0
2026-06-26,79.20999908447266,79.2300033569336,78.6050033569336,78.6050033569336,1900.0,728.9500122070312,736.530029296875,716.5800170898438,728.989990234375,71034000.0,707.1300048828125,715.5599975585938,702.8099975585938,706.52001953125,47081800.0,181.0,183.11000061035156,179.75999450683594,181.11000061035156,13433900.0,4.388000011444092,4.409999847412109,4.367000102996826,4.372000217437744,0.0,101.5,101.56999969482422,101.05000305175781,101.36000061035156,0.0,19.700000762939453,20.719999313354492,18.200000762939453,18.40999984741211,0.0
2026-06-29,79.19999694824219,80.44000244140625,78.58000183105469,80.43699645996094,6500.0,736.530029296875,741.5599975585938,732.0900268554688,741.0,58035200.0,713.989990234375,724.5800170898438,705.1699829101562,724.0800170898438,44939100.0,183.1199951171875,185.66000366210938,178.6699981689453,185.41000366210938,11857000.0,4.377999782562256,4.389999866485596,4.367000102996826,4.374000072479248,0.0,101.37000274658203,101.38999938964844,101.06999969482422,101.11000061035156,0.0,18.600000381469727,19.450000762939453,17.489999771118164,17.649999618530273,0.0
2026-06-30,81.5,82.3550033569336,81.5,82.26200103759766,5500.0,741.2899780273438,748.02001953125,740.8900146484375,746.77001953125,55626000.0,724.1799926757812,737.6199951171875,723.9099731445312,736.4000244140625,42121800.0,185.75999450683594,190.94000244140625,185.60000610351562,190.52000427246094,10729900.0,4.392000198364258,4.421999931335449,4.388000011444092,4.418000221252441,0.0,101.12000274658203,101.43000030517578,101.05000305175781,101.19000244140625,0.0,17.540000915527344,17.75,16.270000457763672,16.450000762939453,0.0
2026-07-01,80.66000366210938,80.83000183105469,80.08999633789062,80.13400268554688,3000.0,745.0,749.4400024414062,742.3800048828125,745.760009765625,47100900.0,729.1900024414062,731.9199829101562,724.5999755859375,725.1699829101562,40803800.0,186.8300018310547,187.97999572753906,185.3800048828125,185.6199951171875,9960300.0,4.482999801635742,4.500999927520752,4.456999778747559,4.474999904632568,0.0,101.22000122070312,101.5999984741211,101.19000244140625,101.38999938964844,0.0,17.110000610351562,17.299999237060547,15.970000267028809,16.59000015258789,0.0
2026-07-02,79.9000015258789,79.9000015258789,77.48999786376953,78.06199645996094,7500.0,747.4000244140625,751.3099975585938,740.030029296875,744.780029296875,57447800.0,725.5800170898438,730.8300170898438,707.5599975585938,712.5999755859375,50959800.0,185.49000549316406,187.3800048828125,178.72000122070312,180.58999633789062,14173100.0,4.502999782562256,4.505000114440918,4.453000068664551,4.485000133514404,0.0,101.4000015258789,101.43000030517578,100.55999755859375,100.86000061035156,0.0,17.049999237060547,17.209999084472656,15.789999961853027,16.149999618530273,0.0
2026-07-06,78.94000244140625,79.94000244140625,78.93000030517578,79.20999908447266,20416.0,748.739990234375,752.4000244140625,747.4099731445312,751.280029296875,42581021.0,719.7000122070312,726.0800170898438,718.469970703125,722.8200073242188,29416923.0,182.66000366210938,185.7100067138672,182.05499267578125,183.57000732421875,8692265.0,4.456999778747559,4.491000175476074,4.456999778747559,4.479000091552734,0.0,100.85700225830078,101.1449966430664,100.82599639892578,100.86499786376953,0.0,16.399999618530273,16.5,15.5600004196167,15.569999694824219,0.0
